PT,Author,BA,BE,GP,AF,BF,CA,Title,Journal,SE,BS,LA,Document_Type,CT,CY,CL,SP,HO,DE,ID,Abstract,C1,C3,RP,EM,RI,OI,FU,FP,FX,CR,NR,TC,Z9,U1,U2,PU,PI,PA,SN,EI,BN,J9,JI,PD,Year,VL,IS,PN,SU,SI,MA,BP,EP,AR,DOI,DL,D2,EA,PG,WC,WE,SC,GA,PM,OA,HC,HP,DA,UT
J,"Alvarez, F",,,,"Alvarez, Fernando",,,Robert E. Lucas Jr.: Supreme among Macroeconomists as a Bird Who Saw Further than Others,JOURNAL OF POLITICAL ECONOMY,,,English,Article,,,,,,,RATIONAL-EXPECTATIONS; INVESTMENT; SECURITIES; MODEL,,"[Alvarez, Fernando] Univ Chicago, Chicago, IL 60637 USA",University of Chicago,"Alvarez, F (corresponding author), Univ Chicago, Chicago, IL 60637 USA.",,,,,,,"[Anonymous], 1969, The Optimum Quantity of Money and Other Essays; ARROW KJ, 1964, REV ECON STUD, V31, P91, DOI 10.2307/2296188; BARRO RJ, 1977, AM ECON REV, V67, P101; BREEDEN DT, 1979, J FINANC ECON, V7, P265, DOI 10.1016/0304-405X(79)90016-3; Christiano LJ, 1999, HBK ECON, V15, P65; Debreu Gerald., 1959, THEORY VALUE; FAMA EF, 1970, J FINANC, V25, P383, DOI 10.2307/2325486; FRIEDMAN M, 1968, AM ECON REV, V58, P1; HANSEN LP, 1982, ECONOMETRICA, V50, P1029, DOI 10.2307/1912775; HARRISON JM, 1979, J ECON THEORY, V20, P381, DOI 10.1016/0022-0531(79)90043-7; LeRoy S.F., 1973, INT ECON REV, V14, P436, DOI [10.2307/2525932, DOI 10.2307/2525932]; LUCAS RE, 1971, ECONOMETRICA, V39, P659, DOI 10.2307/1909571; LUCAS RE, 1976, CARN ROCH CONF SERIE, V1, P19, DOI 10.1016/S0167-2231(76)80003-6; LUCAS RE, 1973, AM ECON REV, V63, P326; Lucas RE, 1996, J POLIT ECON, V104, P661, DOI 10.1086/262037; MEHRA R, 1985, J MONETARY ECON, V15, P145, DOI 10.1016/0304-3932(85)90061-3; MUTH JF, 1961, ECONOMETRICA, V29, P315, DOI 10.2307/1909635; PRESCOTT EC, 1980, ECONOMETRICA, V48, P1365, DOI 10.2307/1912812; SARGENT TJ, 1975, J POLIT ECON, V83, P241, DOI 10.1086/260321; Stokey Nancy., 1989, RECURSIVE METHODS EC, DOI DOI 10.2307/J.CTVJNRT76; WALLACE N, 1992, J MONETARY ECON, V30, P433, DOI 10.1016/0304-3932(92)90005-M",21,0,0,2,7,UNIV CHICAGO PRESS,CHICAGO,"1427 E 60TH ST, CHICAGO, IL 60637-2954 USA",0022-3808,1537-534X,,J POLIT ECON,J. Polit. Econ.,NOV 1,2025,133,11,,,,,3418,3430,,10.1086/737998,http://dx.doi.org/10.1086/737998,,NOV 2025,13,Economics,Social Science Citation Index (SSCI),Business & Economics,9BW7H,,,,,2026-07-15,WOS:001575740000001
J,"Gennaioli, N; Tabellini, G",,,,"Gennaioli, Nicola; Tabellini, Guido",,,"Reply to: Comments on ""Presidential Address: Identity Politics""",ECONOMETRICA,,,English,Letter,,,,,,,,,"[Gennaioli, Nicola] Univ Bocconi, Dept Finance, Milan, Italy; [Gennaioli, Nicola; Tabellini, Guido] Univ Bocconi, IGIER, Milan, Italy; [Tabellini, Guido] Univ Bocconi, Dept Econ, Milan, Italy; [Tabellini, Guido] CEPR, London, England; [Tabellini, Guido] CESifo, Munich, Germany",Bocconi University; Bocconi University; Bocconi University; Centre for Economic Policy Research - UK; Leibniz Association; Ifo Institut,"Gennaioli, N (corresponding author), Univ Bocconi, Dept Finance, Milan, Italy.; Gennaioli, N (corresponding author), Univ Bocconi, IGIER, Milan, Italy.",nicola.gennaioli@unibocconi.it; guido.tabellini@unibocconi.it,"Tabellini, Guido/MVW-2711-2025; Gennaioli, Nicola/MTD-0982-2025",,,,,"Alesina A, 2020, AEA PAP P, V110, P324, DOI 10.1257/pandp.20201072; Besley T, 2023, Q J ECON, V138, P1863, DOI 10.1093/qje/qjad006; Bonica Adam., 2025, The Electoral Consequences of Ideological Persuasion: Evidence From a Within-Precinct Analysis of US Elections; Bordalo P, 2016, Q J ECON, V131, P1753, DOI 10.1093/qje/qjw029; Flynn DJ, 2017, POLIT PSYCHOL, V38, P127, DOI 10.1111/pops.12394; Hall AB, 2015, AM POLIT SCI REV, V109, P18, DOI 10.1017/S0003055414000641; Kahan DM, 2015, POLIT PSYCHOL, V36, P1, DOI 10.1111/pops.12244; Levy G, 2019, ANNU REV ECON, V11, P303, DOI 10.1146/annurev-economics-080218-030343; Persson Torsten, 2021, HDB HIST EC, P463, DOI [10.1016/B978-0-12-815874-6.00023-X, DOI 10.1016/B978-0-12-815874-6.00023-X]",9,0,0,4,5,WILEY,HOBOKEN,"111 RIVER ST, HOBOKEN 07030-5774, NJ USA",0012-9682,1468-0262,,ECONOMETRICA,Econometrica,NOV,2025,93,6,,,,,1977,1980,,10.3982/ECTA24596,http://dx.doi.org/10.3982/ECTA24596,,,4,"Economics; Mathematics, Interdisciplinary Applications; Social Sciences, Mathematical Methods; Statistics & Probability",Science Citation Index Expanded (SCI-EXPANDED); Social Science Citation Index (SSCI),Business & Economics; Mathematics; Mathematical Methods In Social Sciences,K9253,,hybrid,,,2026-07-15,WOS:001629045000007
J,[Anonymous],,,,[Anonymous],,,"In Memoriam: Robert E. Lucas Jr. (September 15, 1937-May 15, 2023)",JOURNAL OF POLITICAL ECONOMY,,,English,Biographical-Item,,,,,,,,,,,,,,,,,,"[Anonymous], 2023, MEMORIAM ROBERT LUCA",1,0,0,1,4,UNIV CHICAGO PRESS,CHICAGO,"1427 E 60TH ST, CHICAGO, IL 60637-2954 USA",0022-3808,1537-534X,,J POLIT ECON,J. Polit. Econ.,NOV 1,2025,133,11,,,,,3389,3389,,10.1086/738004,http://dx.doi.org/10.1086/738004,,NOV 2025,1,Economics,Social Science Citation Index (SSCI),Business & Economics,9BW7H,,Bronze,,,2026-07-15,WOS:001574145100001
J,"Beraja, M; Hurst, E; Ospina, J",,,,"Beraja, Martin; Hurst, Erik; Ospina, Juan",,,"The Aggregate Implications of Regional Business Cycles (vol 87, pg 1789, 2019)",ECONOMETRICA,,,English,Correction,,,,,,,,,"[Beraja, Martin] MIT, Dept Econ, Cambridge, MA 02139 USA; [Hurst, Erik] Univ Chicago, Booth Sch Business, Chicago, IL USA; [Ospina, Juan] Banco Republ, Bogota, Colombia",Massachusetts Institute of Technology (MIT); University of Chicago; Banco de la Republica Colombia,"Beraja, M (corresponding author), MIT, Dept Econ, Cambridge, MA 02139 USA.",maberaja@mit.edu; erik.hurst@chicagobooth.edu; jospinte@banrep.gov.co,"Beraja, Martin/OOL-5927-2025; Hurst, Erik/W-4996-2019","Beraja, Martin/0009-0009-7999-5760; ",,,,"[Anonymous], 2019, The Aggregate Implications of Regional Business Cycles, V87",1,0,0,0,4,WILEY,HOBOKEN,"111 RIVER ST, HOBOKEN 07030-5774, NJ USA",0012-9682,1468-0262,,ECONOMETRICA,Econometrica,SEP,2025,93,5,,,,,1,14,,10.3982/ECTA23148,http://dx.doi.org/10.3982/ECTA23148,,,14,"Economics; Mathematics, Interdisciplinary Applications; Social Sciences, Mathematical Methods; Statistics & Probability",Science Citation Index Expanded (SCI-EXPANDED); Social Science Citation Index (SSCI),Business & Economics; Mathematics; Mathematical Methods In Social Sciences,7OE8P,,,,,2026-07-15,WOS:001575691600004
J,"Bhalotra, S; Britto, DGC; Pinotti, P; Sampaio, B",,,,"Bhalotra, Sonia; Britto, Diogo G. C.; Pinotti, Paolo; Sampaio, Breno",,,"Job Displacement, Unemployment Benefits and Domestic Violence (Jul, rdaf004, 2025)",REVIEW OF ECONOMIC STUDIES,,,English,Correction,,,,,,,,,,,,,"pinotti, paolo/MTF-5931-2025",,,,,"Bhalotra S, 2025, REV ECON STUD, V92, P3649, DOI 10.1093/restud/rdaf004",1,0,0,8,18,OXFORD UNIV PRESS,OXFORD,"GREAT CLARENDON ST, OXFORD OX2 6DP, ENGLAND",0034-6527,1467-937X,,REV ECON STUD,Rev. Econ. Stud.,NOV,2025,92,6,,,,,4194,4194,,10.1093/restud/rdaf060,http://dx.doi.org/10.1093/restud/rdaf060,,JUL 2025,1,Economics,Social Science Citation Index (SSCI),Business & Economics,9NF3W,,hybrid,,,2026-07-15,WOS:001538490000001
J,"Arellano, M; Bonhomme, S; Suarez, SB; Schumann, M; Shi, XX; Tripathi, G",,,,"Arellano, Manuel; Bonhomme, Stephane; Suarez, Sofia Borodich; Schumann, Martin; Shi, Xiaoxia; Tripathi, Gautam",,,"ROBUST PRIORS IN NONLINEAR PANEL DATA MODELS (vol 77, pg 489, 2009)",ECONOMETRICA,,,English,Correction,,,,,,,,,"[Arellano, Manuel] CEMFI, Madrid, Spain; [Bonhomme, Stephane] Univ Chicago, Kenneth C Griffin Dept Econ, Chicago, IL USA; [Suarez, Sofia Borodich; Tripathi, Gautam] Univ Luxembourg, Dept Econ & Management, Esch Sur Alzette, Luxembourg; [Schumann, Martin] Maastricht Univ, Dept Quantitat Econ, Maastricht, Netherlands; [Shi, Xiaoxia] Univ Wisconsin, Dept Econ, Madison, WI USA",University of Chicago; University of Luxembourg; Maastricht University; University of Wisconsin System; University of Wisconsin Madison,"Arellano, M (corresponding author), CEMFI, Madrid, Spain.",arellano@cemfi.es; sbonhomme@uchicago.edu; sofia.borodichsuarez@uni.lu; m.schumann@maastrichtuniversity.nl; xshi@ssc.wisc.edu; gautam.tripathi@uni.lu,"Schumann, Martin/JQI-1408-2023","Schumann, Martin/0000-0001-7900-5821; Tripathi, Gautam/0000-0002-6757-0652",,,,"Arellano M, 2009, ECONOMETRICA, V77, P489, DOI 10.3982/ECTA6895; Arellano M, 2025, ECONOMETRICA, V93, P1, DOI 10.3982/ECTA23441",2,1,1,7,27,WILEY,HOBOKEN,"111 RIVER ST, HOBOKEN 07030-5774, NJ USA",0012-9682,1468-0262,,ECONOMETRICA,Econometrica,JUL,2025,93,4,,,,,1,3,,10.3982/ECTA23441,http://dx.doi.org/10.3982/ECTA23441,,,3,"Economics; Mathematics, Interdisciplinary Applications; Social Sciences, Mathematical Methods; Statistics & Probability",Science Citation Index Expanded (SCI-EXPANDED); Social Science Citation Index (SSCI),Business & Economics; Mathematics; Mathematical Methods In Social Sciences,5YG4X,,,,,2026-07-15,WOS:001547202800001
J,"Chernozhukov, V; Demirer, M; Duflo, E; Fernández-Val, I",,,,"Chernozhukov, Victor; Demirer, Mert; Duflo, Esther; Fernandez-Val, Ivan",,,"REPLY TO: Comments on ""Fisher-Schultz Lecture: Generic Machine Learning Inference on Heterogeneous Treatment Effects in Randomized Experiments, With an Application to Immunization in India""",ECONOMETRICA,,,English,Letter,,,,,,,,,"[Chernozhukov, Victor; Duflo, Esther] MIT, Dept Econ, Cambridge, MA 02139 USA; [Chernozhukov, Victor] MIT, Ctr Stat & Data Sci, Cambridge, MA 02139 USA; [Demirer, Mert] MIT, Sloan Sch Management, Cambridge, MA 02142 USA; [Fernandez-Val, Ivan] Boston Univ, Dept Econ, Boston, MA 02215 USA",Massachusetts Institute of Technology (MIT); Massachusetts Institute of Technology (MIT); Massachusetts Institute of Technology (MIT); Boston University,"Duflo, E (corresponding author), MIT, Dept Econ, Cambridge, MA 02139 USA.",vchern@mit.edu; mdemirer@mit.edu; eduflo@mit.edu; ivanf@bu.edu,"Fernandez-Val, Ivan/G-3455-2016",,3ie,3ie,"This paper was delivered (virtually) by Esther Duflo at the Fisher-Schultz Lecture of the Econometric Society World Congress, 2020. We thank three anonymous referees, Susan Athey, Moshe Buchinsky, Denis Chetverikov, Carlos Cineli, Matt Hong, Stella Hong, Steven Lehrer, Siyi Luo, Max Kasy, Sylvia Klosin, Susan Murphy, Whitney Newey, Patrick Power, Victor Quintas-Martinez, Suhas Vijaykumar, and seminar participants at ASSA 2018, Barcelona GSE Summer Forum 2019, Brazilian Econometric Society Meeting 2019, BU, Lancaster, NBER summer institute 2018, NYU, UCLA, Whitney Newey's Contributions to Econometrics conference, and York for valuable comments. Anirudh Sankar provided us with excellent research assistance. We gratefully acknowledge research support from the National Science Foundation, AFD, USAID, and 3ie. An R package that implements the methods in this paper, GenericML, is available on GitHub at https://github.com/mwelz/GenericML. Funding Statement: Open Access funding enabled and organized by MIT Hybrid 2025. WOA Institution: Massachusetts Institute of Technology. Consortia Name: MIT Hybrid 2025.r No Statement Availabler No Statement Availabler No Statement Available","Imai Kosuke., 2024, Comment on 'Generic Machine Learning Inference on Heterogenous Treatment Effects in Randomized Experiments, With an Application to Immunization in India'; Li Michael Lingzhi., 2023, evalITR: Evaluating Individualized Treatment Rules; Luedtke AR, 2016, ANN STAT, V44, P713, DOI 10.1214/15-AOS1384; Wager S, 2024, Arxiv, DOI [arXiv:2405.05534, 10.48550/arXiv.2405.05534, DOI 10.48550/ARXIV.2405.05534]",4,0,1,6,15,WILEY,HOBOKEN,"111 RIVER ST, HOBOKEN 07030-5774, NJ USA",0012-9682,1468-0262,,ECONOMETRICA,Econometrica,JUL,2025,93,4,,,,,1177,1181,,10.3982/ECTA23706,http://dx.doi.org/10.3982/ECTA23706,,,5,"Economics; Mathematics, Interdisciplinary Applications; Social Sciences, Mathematical Methods; Statistics & Probability",Science Citation Index Expanded (SCI-EXPANDED); Social Science Citation Index (SSCI),Business & Economics; Mathematics; Mathematical Methods In Social Sciences,5YG4X,,,,,2026-07-15,WOS:001547202800006
J,"Fernández-Villaverde, J; Hurtado, S; Nuño, G",,,,"Fernandez-Villaverde, Jesus; Hurtado, Samuel; Nuno, Galo",,,"FINANCIAL FRICTIONS AND THE WEALTH DISTRIBUTION (vol 91, pg 869, 2023)",ECONOMETRICA,,,English,Correction,,,,,,,,,"[Fernandez-Villaverde, Jesus] Univ Penn, Dept Econ, Philadelphia, PA 19104 USA; [Fernandez-Villaverde, Jesus] NBER, Cambridge, MA 02138 USA; [Fernandez-Villaverde, Jesus] CEPR, London, England; [Hurtado, Samuel; Nuno, Galo] Banco Espana, Madrid, Spain",University of Pennsylvania; National Bureau of Economic Research; Centre for Economic Policy Research - UK; Banco de Espana,"Fernández-Villaverde, J (corresponding author), Univ Penn, Dept Econ, Philadelphia, PA 19104 USA.; Fernández-Villaverde, J (corresponding author), NBER, Cambridge, MA 02138 USA.; Fernández-Villaverde, J (corresponding author), CEPR, London, England.",jesusfv@econ.upenn.edu; samuel.hurtado@bde.es; galo.nuno@bde.es,,,,,,"[Anonymous], 2023, FINANCIAL FRICTIONS AND THE WEALTH DISTRIBUTION, V91, P869",1,0,0,2,7,WILEY,HOBOKEN,"111 RIVER ST, HOBOKEN 07030-5774, NJ USA",0012-9682,1468-0262,,ECONOMETRICA,Econometrica,JUL,2025,93,4,,,,,1491,1496,,10.3982/ECTA22259,http://dx.doi.org/10.3982/ECTA22259,,,6,"Economics; Mathematics, Interdisciplinary Applications; Social Sciences, Mathematical Methods; Statistics & Probability",Science Citation Index Expanded (SCI-EXPANDED); Social Science Citation Index (SSCI),Business & Economics; Mathematics; Mathematical Methods In Social Sciences,5YG4X,,,,,2026-07-15,WOS:001547202800009
J,"Bekaert, C",,,,"Bekaert, Cherry",,,REPORT OF INDEPENDENT AUDITOR,AMERICAN ECONOMIC REVIEW,,,English,Article,,,,,,,,,"[Bekaert, Cherry] Amer Econ Assoc, Nashville, TN 37203 USA",,"Bekaert, C (corresponding author), Amer Econ Assoc, Nashville, TN 37203 USA.",,,,,,,,0,0,0,0,0,AMER ECONOMIC ASSOC,NASHVILLE,"2014 BROADWAY, STE 305, NASHVILLE, TN 37203 USA",0002-8282,1944-7981,,AM ECON REV,Am. Econ. Rev.,JUN,2025,115,6,,,,,2093,2109,,10.1257/aer.115.6.2093,http://dx.doi.org/10.1257/aer.115.6.2093,,,17,Economics,Social Science Citation Index (SSCI),Business & Economics,FW2UK,,,,,2026-07-15,WOS:001728901000001
J,"Johnson, S",,,,"Johnson, Simon",,,Nobel Lecture: The Institutional Origins of Shared Prosperity,AMERICAN ECONOMIC REVIEW,,,English,Article,,,,,,,COLONIAL ORIGINS; LEGACY; POPULATION; EDUCATION; AMERICA; REFORM; INCOME,,"[Johnson, Simon] MIT Sloan, Cambridge, MA 02142 USA; [Johnson, Simon] NBER, Cambridge, MA 02138 USA; [Johnson, Simon] CEPR, London, England",Massachusetts Institute of Technology (MIT); National Bureau of Economic Research; Centre for Economic Policy Research - UK,"Johnson, S (corresponding author), MIT Sloan, Cambridge, MA 02142 USA.; Johnson, S (corresponding author), NBER, Cambridge, MA 02138 USA.; Johnson, S (corresponding author), CEPR, London, England.",sjohnson@mit.edu,,,,,,"Acemoglu D, 2002, Q J ECON, V117, P1231, DOI 10.1162/003355302320935025; Acemoglu D, 2001, AM ECON REV, V91, P1369, DOI 10.1257/aer.91.5.1369; Acemoglu D, 2003, J MONETARY ECON, V50, P49, DOI 10.1016/S0304-3932(02)00208-8; Acemoglu D, 2005, AM ECON REV, V95, P546, DOI 10.1257/0002828054201305; Acemoglu D, 2005, AM ECON REV, V95, P44, DOI 10.1257/000282805774669916; Acemoglu D, 2005, J POLIT ECON, V113, P949, DOI 10.1086/432166; Acemoglu D, 2005, HANDB ECON, V22, P385; Acemoglu D., 2001, NBER Working Paper 8460; Acemoglu D., [No title captured]; Acemoglu D., 2023, Power and Progress, Our 1000-Year Struggle Over Technology and Prosperity; Acemoglu D, 2008, BROOKINGS PAP ECO AC, P351; Acemoglu D, 2008, AM ECON REV, V98, P808, DOI 10.1257/aer.98.3.808; Acemoglu D, 2007, J POLIT ECON, V115, P925, DOI 10.1086/529000; Acemoglu D, 2020, REV ECON STUD, V87, P1565, DOI 10.1093/restud/rdz042; Acemoglu D, 2016, J FINANC ECON, V121, P368, DOI 10.1016/j.jfineco.2015.10.001; Acemoglu D, 2012, AM ECON REV, V102, P3077, DOI 10.1257/aer.102.6.3077; Acemoglu D, 2011, AM ECON REV, V101, P3286, DOI 10.1257/aer.101.7.3286; Acemoglu D, 2009, J MONETARY ECON, V56, P1043, DOI 10.1016/j.jmoneco.2009.10.002; Acemoglu D, 2009, J FINANC, V64, P1251, DOI 10.1111/j.1540-6261.2009.01464.x; Acemoglu Daron, 2011, NBER Working Paper 16966; Acemoglu Daron, 2017, Foreign Affairs; Acemoglu Daron, 2007, Replication Data for: ""Disease and Development: The Effect of Life Expectancy on Economic Growth.""; Acemoglu Daron, 2023, MIT Policy Memo, p2023/09; Acemoglu Daron, 2025, American Economic Review, V115; Acemoglu Daron, 2012, The Colonial Origins of Comparative Development: An Empirical Investigation: Reply, DOI [10.3886/E112564V1, DOI 10.3886/E112564V1]; Althoff L, 2024, Q J ECON, V139, P2279, DOI 10.1093/qje/qjae023; Andrews I, 2019, ANNU REV ECON, V11, P727, DOI 10.1146/annurev-economics-080218-025643; [Anonymous], 1909, A Century of Population Growth in the United States: From the First Census of the United States to the Twelfth, 1790-1900, P132; [Anonymous], 2007, NBER Working Paper 13120; [Anonymous], 2024, World Development Indicators | DataBank; Assurance Magazine, 1852, Assurance Magazine, V2, P166; Bairoch Paul., 1982, J EUROPEAN EC HIST, V11, P269; Banerjee A, 2005, AM ECON REV, V95, P1190, DOI 10.1257/0002828054825574; Beckert Sven., 2014, EMPIRE COTTON GLOBAL; Bertocchi G, 2012, J COMP ECON, V40, P581, DOI 10.1016/j.jce.2012.04.001; Boese VA, 2019, INT AREA STUD REV, V22, P95, DOI 10.1177/2233865918815571; Bolt Jutta, 2024, DataverseNL; Bolt J, 2025, J ECON SURV, V39, P631, DOI 10.1111/joes.12618; Bruce-Chwatt Leonard Jan, 1980, Health in Tropical Africa during the Colonial Period; Cha Myung Soo., 2022, HIST STAT KOREA; Collins W.J., 2006, Handbook of the Economics of Education, V1, P107, DOI DOI 10.1016/S1574-0692(06)01003-8; Coppedge Michael, 2024, V-Dem; Coppedge Michael, 2024, V-Dem Codebook v14. Varieties of Democracy (V-Dem) Project; Coppedge Michael, 2024, PREPRINT, DOI [10.2139/ssrn.4782726, DOI 10.2139/SSRN.4782726]; Crosby AlfredW., 2003, COLUMBIAN EXCHANGE B, DOI DOI 10.1017/CBO9780511805554; Curtin P.D., 1964, IMAGE AFRICA BRIT ID; Curtin P.D., 1998, DIS EMPIRE HLTH EURO; Curtin P.D., 1961, Journal of British Studies, V1, P94, DOI [https://doi.org/10.1086/385437, DOI 10.1086/385437, 10.1086/385437]; Curtin Philip., 1995, African History from Earliest Times to Independence, V2nd; Curtin PhilipD., 1989, DEATH MIGRATION EURO; Dell M, 2010, ECONOMETRICA, V78, P1863, DOI 10.3982/ECTA8121; DENEVAN WM, 1992, ANN ASSOC AM GEOGR, V82, P369, DOI 10.1111/j.1467-8306.1992.tb01965.x; Derenoncourt E, 2023, J ECON PERSPECT, V37, P71, DOI 10.1257/jep.37.4.71; Derenoncourt E, 2023, Q J ECON, DOI 10.1093/qje/qjad044; Diamond Jared., 1999, Guns, Germs, and Steel: The Fates of Human Society; Doolan DL, 2009, CLIN MICROBIOL REV, V22, P13, DOI 10.1128/CMR.00025-08; Gunadi C, 2019, RES ECON, V73, P339, DOI 10.1016/j.rie.2019.10.004; Gutierrez Hector, 1987, Annales de Demographie Historique, V21, P29; Harrison Mark., 2002, Climates and Constitution: Health, Race, Environment and British Imperialism in India 1600-1850; International Country Risk Guide (ICRG) Researchers, 2013, HarvardDataverse, V7; Iyer L, 2010, REV ECON STAT, V92, P693, DOI 10.1162/REST_a_00023; Iyer Lakshmi, 2024, IZA Discussion Paper 17051; Johnson Simon, 2025, Data and Code for: ""Nobel Lecture: The Institutional Origins of Shared Prosperity."", DOI [10.3886/E228862V1, DOI 10.3886/E228862V1]; Johnson Simon., 2010, 13 BANKERS WALL STRE; Koch A, 2019, QUATERNARY SCI REV, V207, P13, DOI 10.1016/j.quascirev.2018.12.004; McCullough David., 2004, The Path between the Seas: The Creation of the Panama Canal, 1870-1914; McNeill W.H., 1976, PLAGUES PEOPLES, V1st; Milner GR, 2010, AM ANTIQUITY, V75, P707, DOI 10.7183/0002-7316.75.4.707; Mokyr Joel., 2016, A Culture of Growth: The Origins of the Modern Economy, DOI [10.2307/j.ctt1wf4dft, DOI 10.2307/J.CTT1WF4DFT]; Nunn N, 2008, Q J ECON, V123, P139, DOI 10.1162/qjec.2008.123.1.139; O'Fallon BD, 2011, P NATL ACAD SCI USA, V108, P20444, DOI 10.1073/pnas.1112563108; Oldstone M.B., 2010, Viruses, Plagues, History: Past, Present, and Future; Olea JLM, 2013, J BUS ECON STAT, V31, P358, DOI 10.1080/00401706.2013.806694; Pritchett L, 1997, J ECON PERSPECT, V11, P3, DOI 10.1257/jep.11.3.3; Rose L, 2022, ECON POLIT-OXFORD, V34, P142, DOI 10.1111/ecpo.12190; TATTERSALL I., 2008, The World from Beginnings to 4000 BCE; Thornton Russell., 1990, AM INDIAN HOLOCAUST; Transparency International, 2024, Corruption perception index 2023; Tulloch A.M., 1847, Journal of the Statistical Society of London, V10, P252; World Bank, 2024, World Bank Governance & Documents | The Pandemic Fund",80,0,0,2,10,AMER ECONOMIC ASSOC,NASHVILLE,"2014 BROADWAY, STE 305, NASHVILLE, TN 37203 USA",0002-8282,1944-7981,,AM ECON REV,Am. Econ. Rev.,JUN,2025,115,6,,,,,1749,1786,,10.1257/aer.115.6.1749,http://dx.doi.org/10.1257/aer.115.6.1749,,,38,Economics,Social Science Citation Index (SSCI),Business & Economics,3WX1O,,,,,2026-07-15,WOS:001510946900002
J,"La Ferrara, E",,,,"La Ferrara, Eliana",,,THE ECONOMETRIC SOCIETY 2024 ANNUAL REPORT OF THE PRESIDENT,ECONOMETRICA,,,English,Article,,,,,,,,,,,,,,,,,,,0,0,0,0,6,WILEY,HOBOKEN,"111 RIVER ST, HOBOKEN 07030-5774, NJ USA",0012-9682,1468-0262,,ECONOMETRICA,Econometrica,MAY,2025,93,3,,,,,1105,1119,,10.3982/ECTA933PRES,http://dx.doi.org/10.3982/ECTA933PRES,,,15,"Economics; Mathematics, Interdisciplinary Applications; Social Sciences, Mathematical Methods; Statistics & Probability",Science Citation Index Expanded (SCI-EXPANDED); Social Science Citation Index (SSCI),Business & Economics; Mathematics; Mathematical Methods In Social Sciences,3PR9X,,,,,2026-07-15,WOS:001506053200011
J,"Maskin, E; Saari, DG",,,,"Maskin, E.; Saari, D. G.",,,"Borda's Rule and Arrow's Independence Condition (vol 133, pg 385, 2025)",JOURNAL OF POLITICAL ECONOMY,,,English,Correction,,,,,,,,,,,,,,,,,,"Maskin E, 2025, J POLIT ECON, V133, P385, DOI 10.1086/732892; Saari DG, 2019, PUBLIC CHOICE, V179, P133, DOI 10.1007/s11127-018-0531-7",2,0,0,0,1,UNIV CHICAGO PRESS,CHICAGO,"1427 E 60TH ST, CHICAGO, IL 60637-2954 USA",0022-3808,1537-534X,,J POLIT ECON,J. Polit. Econ.,MAY 1,2025,133,5,,,,,1703,1703,,10.1086/735672,http://dx.doi.org/10.1086/735672,,MAY 2025,1,Economics,Social Science Citation Index (SSCI),Business & Economics,2EU4K,,,,,2026-07-15,WOS:001458781000001
J,European Summer Meeting,,,,European Summer Meeting,,,The Econometric Society Annual Reports Report of the Secretary,ECONOMETRICA,,,English,Article,,,,,,,,,,,,,,,,,,,0,0,0,0,7,WILEY,HOBOKEN,"111 RIVER ST, HOBOKEN 07030-5774, NJ USA",0012-9682,1468-0262,,ECONOMETRICA,Econometrica,JAN,2025,93,1,,,,,303,318,,10.3982/ECTA931SEC,http://dx.doi.org/10.3982/ECTA931SEC,,,16,"Economics; Mathematics, Interdisciplinary Applications; Social Sciences, Mathematical Methods; Statistics & Probability",Science Citation Index Expanded (SCI-EXPANDED); Social Science Citation Index (SSCI),Business & Economics; Mathematics; Mathematical Methods In Social Sciences,U7V0I,,,,,2026-07-15,WOS:001413810900009
J,"Lipman, B",,,,"Lipman, Barton",,,The Econometric Society Annual Reports Report of the Treasurer,ECONOMETRICA,,,English,Article,,,,,,,,,,,,,,,,,,"[Anonymous], would like to thank Executive Director Lyn Hogan for her contributions to preparing this report.n2Total current assets include cash, investments, receivables, publication inventory, and other current assets.n1""Other admin"" contains office expenses, merchant services, bank charges, interest and penalties, staff travel.2By the end of the year, regional revenues and expenses or ""pass through"" income and expenses are reconciled with each meetingorganizer less 4.5% of credit card processing and banking fees and other incurred expenses.3The $20,000 annual World Congress contribution is set aside",1,0,0,1,5,WILEY,HOBOKEN,"111 RIVER ST, HOBOKEN 07030-5774, NJ USA",0012-9682,1468-0262,,ECONOMETRICA,Econometrica,JAN,2025,93,1,,,,,319,331,,10.3982/ECTA931TREAS,http://dx.doi.org/10.3982/ECTA931TREAS,,,13,"Economics; Mathematics, Interdisciplinary Applications; Social Sciences, Mathematical Methods; Statistics & Probability",Science Citation Index Expanded (SCI-EXPANDED); Social Science Citation Index (SSCI),Business & Economics; Mathematics; Mathematical Methods In Social Sciences,U7V0I,,,,,2026-07-15,WOS:001413810900001
J,"Carneiro, P; Loken, K; Salvanes, KG",,,,"Carneiro, Pedro; Loken, Katrine; Salvanes, Kjell G.",,,"Still Flying: Reply to ""Not a Flying Start after All?"" by Lillebø et al.",JOURNAL OF POLITICAL ECONOMY,,,English,Article,,,,,,,MATERNITY LEAVE,,"[Carneiro, Pedro] UCL, Inst Fiscal Studies, Ctr Microdata Methods & Pract, London, England; [Carneiro, Pedro; Loken, Katrine; Salvanes, Kjell G.] Norwegian Sch Econ, Ctr Expt Res Fairness Inequal & Rat, Bergen, Norway",University of London; London School Economics & Political Science; University College London; Norwegian School of Economics (NHH),"Carneiro, P (corresponding author), UCL, Inst Fiscal Studies, Ctr Microdata Methods & Pract, London, England.; Carneiro, P (corresponding author), Norwegian Sch Econ, Ctr Expt Res Fairness Inequal & Rat, Bergen, Norway.",,,,,,,"[Anonymous], 2010, 5362 I LAB EC; Bütikofer A, 2021, AM ECON J-ECON POLIC, V13, P67, DOI 10.1257/pol.20190022; Carneiro P, 2015, J POLIT ECON, V123, P365, DOI 10.1086/679627; Carneiro Pedro, 2008, FLYING START MATERNI; Lillebo O., 2024, JPE, V132, pXXX; NOU (Norges Offentlige Utredninger), 1996, 199613 NOU; Schwartz Mariel, 2021, SPILLOVER EFFECTS MA; Statistics Norway, 1991, INTERNAL NOTE NO 911",8,1,1,0,3,UNIV CHICAGO PRESS,CHICAGO,"1427 E 60TH ST, CHICAGO, IL 60637-2954 USA",0022-3808,1537-534X,,J POLIT ECON,J. Polit. Econ.,DEC 1,2024,132,12,,,,,4213,4222,,10.1086/732220,http://dx.doi.org/10.1086/732220,,DEC 2024,10,Economics,Social Science Citation Index (SSCI),Business & Economics,O7Y2W,,Green Submitted,,,2026-07-15,WOS:001341675200001
J,[Anonymous],,,,[Anonymous],,,"Vintage-Specific Driving Restrictions (vol 87, pg 1646, 2020)",REVIEW OF ECONOMIC STUDIES,,,English,Correction,,,,,,,,,,,,,,,,,,"Barahona N, 2020, REV ECON STUD, V87, P1646, DOI 10.1093/restud/rdz031",1,0,0,0,5,OXFORD UNIV PRESS,OXFORD,"GREAT CLARENDON ST, OXFORD OX2 6DP, ENGLAND",0034-6527,1467-937X,,REV ECON STUD,Rev. Econ. Stud.,NOV 8,2023,90,6,,,,,3343,3343,,10.1093/restud/rdad076,http://dx.doi.org/10.1093/restud/rdad076,,AUG 2023,1,Economics,Social Science Citation Index (SSCI),Business & Economics,CS2Q0,,Bronze,,,2026-07-15,WOS:001049626400001
J,"Kjelsrud, A; Kotsadam, A; Rogeberg, O",,,,"Kjelsrud, Anders; Kotsadam, Andreas; Rogeberg, Ole",,,Cooperative Property Rights and Development: Evidence from Land Reform in El Salvador: A Comment,JOURNAL OF POLITICAL ECONOMY,,,English,Article,,,,,,,,,"[Kjelsrud, Anders] Oslo Metropolitan Univ, Oslo Business Sch, Oslo, Norway; [Kotsadam, Andreas; Rogeberg, Ole] Frisch Ctr, Oslo, Norway",Oslo Metropolitan University (OsloMet),"Kjelsrud, A (corresponding author), Oslo Metropolitan Univ, Oslo Business Sch, Oslo, Norway.",,"Rogeberg, Ole/AGP-0153-2022",,,,,"Boberg-Fazlic N, 2022, J DEV ECON, V155, DOI 10.1016/j.jdeveco.2021.102813; Montero, 2019, VOXDEV 0429; Montero E, 2022, J POLIT ECON, V130, P48, DOI 10.1086/717042; Montero Eduardo, 2017, DEV IMPACT BLOG; Rao M, 2023, J ECON BEHAV ORGAN, V212, P708, DOI 10.1016/j.jebo.2023.06.002",5,2,3,2,25,UNIV CHICAGO PRESS,CHICAGO,"1427 E 60TH ST, CHICAGO, IL 60637-2954 USA",0022-3808,1537-534X,,J POLIT ECON,J. Polit. Econ.,AUG 1,2023,131,8,,,,,2276,2285,,10.1086/725235,http://dx.doi.org/10.1086/725235,,AUG 2023,10,Economics,Social Science Citation Index (SSCI),Business & Economics,P6TO5,,Green Submitted,,,2026-07-15,WOS:001024494800001
J,"Montero, E",,,,"Montero, Eduardo",,,"Cooperative Property Rights and Development: Evidence from Land Reform in El Salvador (vol 131, 10.1086/717042, 2023 )",JOURNAL OF POLITICAL ECONOMY,,,English,Correction,,,,,,,,,"[Montero, Eduardo] Univ Chicago, Chicago, IL 60637 USA",University of Chicago,"Montero, E (corresponding author), Univ Chicago, Chicago, IL 60637 USA.",,,,,,,"Kjelsrud Anders, 2023, JPE, V131, pXXX; Montero E, 2022, J POLIT ECON, V130, P48, DOI 10.1086/717042",2,1,2,0,9,UNIV CHICAGO PRESS,CHICAGO,"1427 E 60TH ST, CHICAGO, IL 60637-2954 USA",0022-3808,1537-534X,,J POLIT ECON,J. Polit. Econ.,AUG 1,2023,131,8,,,,,2286,2287,,10.1086/725234,http://dx.doi.org/10.1086/725234,,AUG 2023,2,Economics,Social Science Citation Index (SSCI),Business & Economics,P6TO5,,,,,2026-07-15,WOS:001024558500001
J,"Mogstad, M",,,,"Mogstad, Magne",,,"Inference for Ranks with Applications to Mobility across Neighbourhoods and Academic Achievement across Countries (Jan, rdad006, 2023)",REVIEW OF ECONOMIC STUDIES,,,English,Correction,,,,,,,,,,,,,,,,,,"Mogstad M, 2024, REV ECON STUD, V91, P476, DOI 10.1093/restud/rdad006",1,0,0,0,9,OXFORD UNIV PRESS,OXFORD,"GREAT CLARENDON ST, OXFORD OX2 6DP, ENGLAND",0034-6527,1467-937X,,REV ECON STUD,Rev. Econ. Stud.,JAN 12,2024,91,1,,,,,595,595,rdad074,10.1093/restud/rdad074,http://dx.doi.org/10.1093/restud/rdad074,,JUL 2023,1,Economics,Social Science Citation Index (SSCI),Business & Economics,IR7X3,,Bronze,,,2026-07-15,WOS:001035397000001
J,"Matray, A; Boissel, C",,,,"Matray, Adrien; Boissel, Charles",,,"RETRACTION: Dividend Taxes and the Allocation of Capital (vol 113. pg. 2048, 2023) (Retraction of Vol 113, Pg 2048, 2023)",AMERICAN ECONOMIC REVIEW,,,English,Retraction,,,,,,,,,,,,amatray@princeton.edu,,,,,,"[Anonymous], 2015, Yagan, DOI [10.3886/E152002V1, DOI 10.3886/E152002V1]; Bach L, 2023, AM ECON REV, V113, P2048, DOI 10.1257/aer.20221432; Boissel C, 2022, AM ECON REV, V112, P2884, DOI 10.1257/aer.20210369",3,0,0,1,16,AMER ECONOMIC ASSOC,NASHVILLE,"2014 BROADWAY, STE 305, NASHVILLE, TN 37203 USA",0002-8282,1944-7981,,AM ECON REV,Am. Econ. Rev.,JUL,2023,113,7,,,,,2053,2054,,10.1257/aer.113.7.2053,http://dx.doi.org/10.1257/aer.113.7.2053,,,2,Economics,Social Science Citation Index (SSCI),Business & Economics,N0HL0,,,,,2026-07-15,WOS:001033929200010
J,[Anonymous],,,,[Anonymous],,,"Correction: regarding Article History dates for articles on journal Review of Economic Studies (vol 1, yr 2023)",REVIEW OF ECONOMIC STUDIES,,,English,Correction,,,,,,,,,,,,,,,,,,,0,0,3,1,8,OXFORD UNIV PRESS,OXFORD,"GREAT CLARENDON ST, OXFORD OX2 6DP, ENGLAND",0034-6527,1467-937X,,REV ECON STUD,Rev. Econ. Stud.,SEP 5,2023,90,5,,,,,2674,2674,,10.1093/restud/rdad056,http://dx.doi.org/10.1093/restud/rdad056,,MAY 2023,1,Economics,Social Science Citation Index (SSCI),Business & Economics,AD8R1,,"Green Submitted, hybrid",,,2026-07-15,WOS:001116620600014
J,"Berger, D; Dew-Becker, I; Giglio, S",,,,"Berger, David; Dew-Becker, Ian; Giglio, Stefano",,,"Uncertainty Shocks as Second-Moment News Shocks (vol 87, pg 40, 2020)",REVIEW OF ECONOMIC STUDIES,,,English,Correction,,,,,,,,,,,,,,,,,,"Berger D, 2020, REV ECON STUD, V87, P40, DOI 10.1093/restud/rdz010",1,0,0,2,15,OXFORD UNIV PRESS,OXFORD,"GREAT CLARENDON ST, OXFORD OX2 6DP, ENGLAND",0034-6527,1467-937X,,REV ECON STUD,Rev. Econ. Stud.,JUL 5,2023,90,4,,,,,2084,2084,,10.1093/restud/rdad050,http://dx.doi.org/10.1093/restud/rdad050,,MAY 2023,1,Economics,Social Science Citation Index (SSCI),Business & Economics,S0QU0,,Bronze,,,2026-07-15,WOS:000986695500001
J,"Citanna, A; Gottlieb, D; Siconolfi, P; Zhang, XT",,,,"Citanna, Alex; Gottlieb, Daniel; Siconolfi, Paolo; Zhang, Xingtan",,,"Long-Term Contracting With Time-Inconsistent Agents (vol 89, pg 793, 2021)",ECONOMETRICA,,,English,Correction,,,,,,,,,"[Citanna, Alex] NYU Abu Dhabi, Div Social Sci, Abu Dhabi, U Arab Emirates; [Gottlieb, Daniel] London Sch Econ, Dept Management, London, England; [Siconolfi, Paolo] Columbia Univ, Grad Sch Business, New York, NY USA; [Zhang, Xingtan] Univ Colorado Boulder, Leeds Sch Business, Boulder, CO USA",New York University; New York University Abu Dhabi; University of London; London School Economics & Political Science; Columbia University; University of Colorado System; University of Colorado Boulder,"Citanna, A (corresponding author), NYU Abu Dhabi, Div Social Sci, Abu Dhabi, U Arab Emirates.",ac6609@nyu.edu; d.gottlieb@lse.ac.uk; ps17@gsb.columbia.edu; xingtan.zhang@colorado.edu,"Zhang, Xingtan/AAE-4971-2021; Gottlieb, Daniel/MSW-5438-2025","Gottlieb, Daniel/0000-0002-0555-6185",,,,"Gottlieb D, 2021, ECONOMETRICA, V89, P793, DOI 10.3982/ECTA17126",1,0,0,0,10,WILEY,HOBOKEN,"111 RIVER ST, HOBOKEN 07030-5774, NJ USA",0012-9682,1468-0262,,ECONOMETRICA,Econometrica,MAY,2023,91,3,,,,,25,30,,10.3982/ECTA21301,http://dx.doi.org/10.3982/ECTA21301,,,6,"Economics; Mathematics, Interdisciplinary Applications; Social Sciences, Mathematical Methods; Statistics & Probability",Science Citation Index Expanded (SCI-EXPANDED); Social Science Citation Index (SSCI),Business & Economics; Mathematics; Mathematical Methods In Social Sciences,G4QQ5,,hybrid,,,2026-07-15,WOS:000989023700002
J,"Enikolopov, R; Makarin, A; Petrova, M",,,,"Enikolopov, Ruben; Makarin, Alexey; Petrova, Maria",,,"SOCIAL MEDIA AND PROTEST PARTICIPATION: EVIDENCE FROM RUSSIA (vol 88, pg 1479, 2020)",ECONOMETRICA,,,English,Correction,,,,,,,,,"[Enikolopov, Ruben; Petrova, Maria] Univ Pompeu Fabra, Barcelona Inst Polit Econ & Governance, Barcelona Sch Econ, New Econ Sch, Moscow, Russia; [Makarin, Alexey] Einaudi Inst Econ & Finance EIEF, Sloan Sch Management, Cambridge, MA 02142 USA",New Economic School,"Enikolopov, R (corresponding author), Univ Pompeu Fabra, Barcelona Inst Polit Econ & Governance, Barcelona Sch Econ, New Econ Sch, Moscow, Russia.",ruben.enikolopov@upf.edu; makarin@mit.edu; maria.petrova@upf.edu,"/L-2921-2014; Enikolopov, Ruben/N-7403-2013; Makarin, Alexey/HLW-7598-2023",,,,,"Enikolopov Ruben, 2020, Econometrica, V88, P1479, DOI 10.3982/ECTA14281; Enikolopov R, 2023, ECONOMETRICA, V91, P1, DOI 10.3982/ECTA20824; FARRAR DE, 1967, REV ECON STAT, V49, P92, DOI 10.2307/1937887; Finlay K, 2009, STATA J, V9, P398, DOI 10.1177/1536867X0900900304; Olea JLM, 2013, J BUS ECON STAT, V31, P358, DOI 10.1080/00401706.2013.806694",5,2,2,0,21,WILEY,HOBOKEN,"111 RIVER ST, HOBOKEN 07030-5774, NJ USA",0012-9682,1468-0262,,ECONOMETRICA,Econometrica,MAY,2023,91,3,,,,,1,24,,10.3982/ECTA20824,http://dx.doi.org/10.3982/ECTA20824,,,24,"Economics; Mathematics, Interdisciplinary Applications; Social Sciences, Mathematical Methods; Statistics & Probability",Science Citation Index Expanded (SCI-EXPANDED); Social Science Citation Index (SSCI),Business & Economics; Mathematics; Mathematical Methods In Social Sciences,G4QQ5,,hybrid,,,2026-07-15,WOS:000989023700001
J,"Frahm, G; Hartmann, L",,,,"Frahm, Gabriel; Hartmann, Lorenz",,,"Savage's P3 is Redundant (vol 88, pg 203, 2020)",ECONOMETRICA,,,English,Correction,,,,,,,,,"[Frahm, Gabriel] Helmut Schmidt Univ, Hamburg, Germany; [Hartmann, Lorenz] Univ Basel, Basel, Switzerland",Helmut Schmidt University; University of Basel,"Frahm, G (corresponding author), Helmut Schmidt Univ, Hamburg, Germany.",frahm@hsu-hh.de; lorenz.hartmann@unibas.ch,"; Hartmann, Lorenz/AAT-4827-2021","Frahm, Gabriel/0000-0001-7507-730X; Hartmann, Lorenz/0000-0003-1796-8264",,,,"Hartmann L, 2020, ECONOMETRICA, V88, P203, DOI 10.3982/ECTA17428; Savage J.L., 1954, FDN STAT",2,3,3,0,6,WILEY,HOBOKEN,"111 RIVER ST, HOBOKEN 07030-5774, NJ USA",0012-9682,1468-0262,,ECONOMETRICA,Econometrica,MAY,2023,91,3,,,,,33,33,,10.3982/ECTA21641,http://dx.doi.org/10.3982/ECTA21641,,,1,"Economics; Mathematics, Interdisciplinary Applications; Social Sciences, Mathematical Methods; Statistics & Probability",Science Citation Index Expanded (SCI-EXPANDED); Social Science Citation Index (SSCI),Business & Economics; Mathematics; Mathematical Methods In Social Sciences,G4QQ5,,hybrid,,,2026-07-15,WOS:000989023700004
J,"Vayanos, D; Vila, JL",,,,"Vayanos, Dimitri; Vila, Jean-Luc",,,"A PREFERRED-HABITAT MODEL OF THE TERM STRUCTURE OF INTEREST RATES (vol 89, pg 77, 2021)",ECONOMETRICA,,,English,Correction,,,,,,,,,"[Vayanos, Dimitri] London Sch Econ, Dept Finance, CEPR, London, England; [Vayanos, Dimitri] NBER, Cambridge, MA 02138 USA; [Vila, Jean-Luc] Capula Investment Management, London, England",University of London; London School Economics & Political Science; Centre for Economic Policy Research - UK; National Bureau of Economic Research,"Vayanos, D (corresponding author), London Sch Econ, Dept Finance, CEPR, London, England.; Vayanos, D (corresponding author), NBER, Cambridge, MA 02138 USA.",d.vayanos@lse.ac.uk; JVila@capulaglobal.com,"Vayanos, Dimitri/AAW-9373-2021","Vayanos, Dimitri/0000-0002-0944-4914",,,,"Vayanos D, 2021, ECONOMETRICA, V89, P77, DOI 10.3982/ECTA17440",1,0,1,1,10,WILEY,HOBOKEN,"111 RIVER ST, HOBOKEN 07030-5774, NJ USA",0012-9682,1468-0262,,ECONOMETRICA,Econometrica,MAY,2023,91,3,,,,,31,32,,10.3982/ECTA21596,http://dx.doi.org/10.3982/ECTA21596,,,2,"Economics; Mathematics, Interdisciplinary Applications; Social Sciences, Mathematical Methods; Statistics & Probability",Science Citation Index Expanded (SCI-EXPANDED); Social Science Citation Index (SSCI),Business & Economics; Mathematics; Mathematical Methods In Social Sciences,G4QQ5,,hybrid,,,2026-07-15,WOS:000989023700003
J,[Anonymous],,,,[Anonymous],,,JPE Turnaround Times,JOURNAL OF POLITICAL ECONOMY,,,English,Article,,,,,,,,,,,,,,,,,,,0,0,0,0,5,UNIV CHICAGO PRESS,CHICAGO,"1427 E 60TH ST, CHICAGO, IL 60637-2954 USA",0022-3808,1537-534X,,J POLIT ECON,J. Polit. Econ.,MAY 1,2023,131,5,,,,,1383,1383,,10.1086/725723,http://dx.doi.org/10.1086/725723,,,1,Economics,Social Science Citation Index (SSCI),Business & Economics,T8VK4,,,,,2026-07-15,WOS:001080705400009
J,"Nagy, DK",,,,"Nagy, David Krisztian",,,"Hinterlands, City Formation and Growth: Evidence from the U.S. Westward Expansion (JAN, rdad008, 2023)",REVIEW OF ECONOMIC STUDIES,,,English,Correction,,,,,,,,,,,,,"Nagy, David/A-6644-2017",,,,,"Nagy D, 2023, REV ECON STUD, V90, P3238, DOI 10.1093/restud/rdad008",1,2,4,5,38,OXFORD UNIV PRESS,OXFORD,"GREAT CLARENDON ST, OXFORD OX2 6DP, ENGLAND",0034-6527,1467-937X,,REV ECON STUD,Rev. Econ. Stud.,JUL 5,2023,90,4,,,,,2083,2083,,10.1093/restud/rdad049,http://dx.doi.org/10.1093/restud/rdad049,,APR 2023,1,Economics,Social Science Citation Index (SSCI),Business & Economics,S0QU0,,Bronze,,,2026-07-15,WOS:000983254400001
J,[Anonymous],,,,[Anonymous],,,JPE Turnaround Times,JOURNAL OF POLITICAL ECONOMY,,,English,Article,,,,,,,,,,,,,,,,,,,0,0,0,0,0,UNIV CHICAGO PRESS,CHICAGO,"1427 E 60TH ST, CHICAGO, IL 60637-2954 USA",0022-3808,1537-534X,,J POLIT ECON,J. Polit. Econ.,APR 1,2023,131,4,,,,,1108,1108,,,,,,1,Economics,Social Science Citation Index (SSCI),Business & Economics,9HE2E,,,,,2026-07-15,WOS:001606256100007
J,[Anonymous],,,,[Anonymous],,,"RETRACTION: Growing up in a Recession (Retraction of Vol 81, Pg 787, 2014)",REVIEW OF ECONOMIC STUDIES,,,English,Retraction,,,,,,,,,,,,,,,,,,"2014, REV EC STUDIES, V81, P787",1,0,0,1,19,OXFORD UNIV PRESS,OXFORD,"GREAT CLARENDON ST, OXFORD OX2 6DP, ENGLAND",0034-6527,1467-937X,,REV ECON STUD,Rev. Econ. Stud.,MAR 6,2023,90,2,,,,,1009,1009,,10.1093/restud/rdac085,http://dx.doi.org/10.1093/restud/rdac085,,JAN 2023,1,Economics,Social Science Citation Index (SSCI),Business & Economics,9S1JS,,Bronze,,,2026-07-15,WOS:000911767300001
J,"Gu, JY; Koenker, R",,,,"Gu, Jiaying; Koenker, Roger",,,"Reply to: Comments on ""Invidious Comparisons: Ranking and Selection as Compound Decisions """,ECONOMETRICA,,,English,Article,,,,,,,,,"[Gu, Jiaying] Univ Toronto, Dept Econ, Toronto, ON, Canada; [Koenker, Roger] UCL, Dept Econ, London, England",University of Toronto; University of London; University College London,"Gu, JY (corresponding author), Univ Toronto, Dept Econ, Toronto, ON, Canada.",jiaying.gu@utoronto.ca; r.koenker@ucl.ac.uk,,,,,,"Chetty R, 2018, Q J ECON, V133, P1107, DOI 10.1093/qje/qjy007; Chetty RajFriedman., 2018, OPPORTUNITY ATLAS MA, DOI [DOI 10.3386/W25147, 10.3386/w25147]; Gu JY, 2016, INT STAT REV, V84, P224, DOI 10.1111/insr.12098; HANNAN JF, 1955, ANN MATH STAT, V26, P37, DOI 10.1214/aoms/1177728591; LECAM L, 1990, INT STAT REV, V58, P153; Mogstad Magne., 2020, PREPRINT; Robbins Herbert, 1951, P 2 BERK S MATH STAT; Robbins Herbert., 1990, COMMUNICATION; SAMUEL E, 1965, J ROY STAT SOC B, V27, P238",9,0,0,0,8,WILEY,HOBOKEN,"111 RIVER ST, HOBOKEN 07030-5774, NJ USA",0012-9682,1468-0262,,ECONOMETRICA,Econometrica,JAN,2023,91,1,,,,,61,66,,10.3982/ECTA20537,http://dx.doi.org/10.3982/ECTA20537,,,6,"Economics; Mathematics, Interdisciplinary Applications; Social Sciences, Mathematical Methods; Statistics & Probability",Science Citation Index Expanded (SCI-EXPANDED); Social Science Citation Index (SSCI),Business & Economics; Mathematics; Mathematical Methods In Social Sciences,D3EP9,,,,,2026-07-15,WOS:000967592600005
J,"Hirano, K",,,,"Hirano, Keisuke",,,"A COMMENT ON: ""Invidious Comparisons: Ranking and Selection as Compound Decisions"" by Jiaying Gu and Roger Koenker",ECONOMETRICA,,,English,Article,,,,,,,TREATMENT CHOICE; ASYMPTOTICS,,"[Hirano, Keisuke] Penn State Univ, Dept Econ, State Coll, PA 16801 USA",Pennsylvania Commonwealth System of Higher Education (PCSHE); Pennsylvania State University; Pennsylvania State University - University Park,"Hirano, K (corresponding author), Penn State Univ, Dept Econ, State Coll, PA 16801 USA.",kuh237@psu.edu,,,,,,"Athey S, 2021, ECONOMETRICA, V89, P133, DOI 10.3982/ECTA15732; Berger J.O., 1985, STAT DECISION THEORY, Vsecond, DOI DOI 10.1007/978-1-4757-4286-2; Chamberlain G., 2011, OXFORD HDB BAYESIAN, P11; Dehejia RH, 2005, J ECONOMETRICS, V125, P141, DOI 10.1016/j.jeconom.2004.04.006; Ferguson T.S., 1967, MATH STAT DECISION T; Hirano K, 2009, ECONOMETRICA, V77, P1683, DOI 10.3982/ECTA6630; Hirano Keisuke., 2016, JPN ECON REV, V67, P33; Kitagawa T, 2018, ECONOMETRICA, V86, P591, DOI 10.3982/ECTA13288; LeCam L., 1972, P 6 BERKELEY S MATH, V1, P245; Manski CF, 2004, ECONOMETRICA, V72, P1221, DOI 10.1111/j.1468-0262.2004.00530.x; Manski CF, 2021, ECONOMETRICA, V89, P2827, DOI 10.3982/ECTA17985; Savage L.J., 1972, FDN STAT; Stoye J, 2009, J ECONOMETRICS, V151, P70, DOI 10.1016/j.jeconom.2009.02.013; Tetenov A, 2012, J ECONOMETRICS, V166, P157, DOI 10.1016/j.jeconom.2011.06.013; VANDERVAART A, 1991, INT STAT REV, V59, P97, DOI 10.2307/1403577; WALD ABRAHAM, 1950",16,0,0,0,4,WILEY,HOBOKEN,"111 RIVER ST, HOBOKEN 07030-5774, NJ USA",0012-9682,1468-0262,,ECONOMETRICA,Econometrica,JAN,2023,91,1,,,,,43,46,,10.3982/ECTA20364,http://dx.doi.org/10.3982/ECTA20364,,,4,"Economics; Mathematics, Interdisciplinary Applications; Social Sciences, Mathematical Methods; Statistics & Probability",Science Citation Index Expanded (SCI-EXPANDED); Social Science Citation Index (SSCI),Business & Economics; Mathematics; Mathematical Methods In Social Sciences,D3EP9,,Green Submitted,,,2026-07-15,WOS:000967592600002
J,"Kline, P",,,,"Kline, Patrick",,,"A Comment on: ""Invidious Comparisons: Ranking and Selection as Compound Decisions"" by Jiaying Gu and Roger Koenker",ECONOMETRICA,,,English,Article,,,,,,,FALSE DISCOVERY RATE,,"[Kline, Patrick] Univ Calif Berkeley, Dept Econ, Berkeley, CA 94720 USA; [Kline, Patrick] NBER, Cambridge, MA 02138 USA",University of California System; University of California Berkeley; National Bureau of Economic Research,"Kline, P (corresponding author), Univ Calif Berkeley, Dept Econ, Berkeley, CA 94720 USA.; Kline, P (corresponding author), NBER, Cambridge, MA 02138 USA.",pkline@econ.berkeley.edu,,,,,,"ANSCOMBE FJ, 1948, BIOMETRIKA, V35, P246, DOI 10.1093/biomet/35.3-4.246; Avivi H, 2021, AEA PAP P, V111, P43, DOI 10.1257/pandp.20211079; BARTLETT MS, 1947, BIOMETRICS, V3, P39, DOI 10.2307/3001536; Efron B, 2004, J AM STAT ASSOC, V99, P96, DOI 10.1198/016214504000000089; Efron B, 2016, BIOMETRIKA, V103, P1, DOI 10.1093/biomet/asv068; Fisher RA, 1922, J R STAT SOC, V85, P87, DOI 10.2307/2340521; Genovese C, 2002, J ROY STAT SOC B, V64, P499, DOI 10.1111/1467-9868.00347; Gu Jiaying., Invidious comparisons: Ranking and selection as compound decisions; Kline P, 2021, ECONOMETRICA, V89, P765, DOI 10.3982/ECTA17489; Kline PatrickM., 2021, Systemic discrimination among large US employers; Koenker Roger., 2020, EMPIRICAL BAYES CONF; Manski CF, 2021, ECONOMETRICA, V89, P2827, DOI 10.3982/ECTA17985; Maxwell Nan., 2013, USING ADM DATA ADDRE; Nunley JM, 2015, BE J ECON ANAL POLI, V15, P1093, DOI 10.1515/bejeap-2014-0082; Storey JD, 2003, ANN STAT, V31, P2013, DOI 10.1214/aos/1074290335",15,0,0,0,6,WILEY,HOBOKEN,"111 RIVER ST, HOBOKEN 07030-5774, NJ USA",0012-9682,1468-0262,,ECONOMETRICA,Econometrica,JAN,2023,91,1,,,,,47,52,,10.3982/ECTA20322,http://dx.doi.org/10.3982/ECTA20322,,,6,"Economics; Mathematics, Interdisciplinary Applications; Social Sciences, Mathematical Methods; Statistics & Probability",Science Citation Index Expanded (SCI-EXPANDED); Social Science Citation Index (SSCI),Business & Economics; Mathematics; Mathematical Methods In Social Sciences,D3EP9,,,,,2026-07-15,WOS:000967592600003
J,"Mogstad, M; Romano, JP; Shaikh, AM; Wilhelm, D",,,,"Mogstad, Magne; Romano, Joseph P.; Shaikh, Azeem M.; Wilhelm, Daniel",,,"A COMMENT ON: ""Invidious Comparisons: Ranking and Selection as Compound Decisions"" by Jiaying Gu and Roger Koenker",ECONOMETRICA,,,English,Article,,,,,,,FALSE DISCOVERY RATE; IMPACTS; NEIGHBORHOODS; BOOTSTRAP,,"[Mogstad, Magne] Univ Chicago, Dept Econ, Chicago, IL 60637 USA; [Mogstad, Magne] NBER, Cambridge, MA 02138 USA; [Romano, Joseph P.] Stanford Univ, Dept Stat & Econ, Stanford, CA 94305 USA; [Shaikh, Azeem M.] Stanford Univ, Dept Stat & Econ, Stanford, CA 94305 USA; [Wilhelm, Daniel] UCL, Dept Econ, London, England",University of Chicago; National Bureau of Economic Research; Stanford University; Stanford University; University of London; University College London,"Mogstad, M (corresponding author), Univ Chicago, Dept Econ, Chicago, IL 60637 USA.; Mogstad, M (corresponding author), NBER, Cambridge, MA 02138 USA.",magne.mogstad@gmail.com; romano@stanford.edu; amshaikh@uchicago.edu; d.wilhelm@ucl.ac.uk,,"Romano, Joseph/0000-0002-9685-8372; Wilhelm, Daniel/0000-0002-5158-4953","National Science Foundation [MMS-1949845, SES-1530661]; European Research Council [852332]; European Research Council (ERC) [852332] Funding Source: European Research Council (ERC)",National Science Foundation(National Science Foundation (NSF)); European Research Council(European Research Council (ERC)); European Research Council (ERC)(European Research Council (ERC)),"The second author acknowledges support from the National Science Foundation (MMS-1949845). The third author acknowledges support from the National Science Foundation (SES-1530661). The fourth author acknowledges support from the European Research Council (Starting Grant No. 852332). We thank Jiaying Gu and Roger Koenker for applying their procedures to the data set in Section 5. We also thank Yuehao Bai, Max Tabord-Meehan, and Andres Santos for helpful comments.","Basu Pallavi., 2021, EMPIRICAL BAYES CONT; Capps Kriston, 2020, NBER Working Paper 26164; Chetty R, 2018, Q J ECON, V133, P1107, DOI 10.1093/qje/qjy007; Chetty R, 2018, Q J ECON, V133, P1163, DOI 10.1093/qje/qjy006; Chetty R, 2014, Q J ECON, V129, P1553, DOI 10.1093/qje/qju022; Chetty R, 2014, AM ECON REV, V104, P2593, DOI 10.1257/aer.104.9.2593; Chetty R, 2014, AM ECON REV, V104, P2633, DOI 10.1257/aer.104.9.2633; Chetty RajFriedman., 2018, OPPORTUNITY ATLAS MA, DOI [DOI 10.3386/W25147, 10.3386/w25147]; Genovese C, 2002, J ROY STAT SOC B, V64, P499, DOI 10.1111/1467-9868.00347; Gu Jiaying., 2021, INVIDIOUS COMP RANKI; Guo WG, 2014, ANN STAT, V42, P1070, DOI 10.1214/14-AOS1214; Hall P, 2009, ANN STAT, V37, P3929, DOI 10.1214/09-AOS699; Hanushek EA, 2011, ECON EDUC REV, V30, P466, DOI 10.1016/j.econedurev.2010.12.006; Lehmann EL, 2005, ANN STAT, V33, P1138, DOI 10.1214/009053605000000084; Mogstad Magne, 2020, 1020 CTR MICR METH P; Romano JP, 2008, ECONOMET THEOR, V24, P404, DOI 10.1017/S0266466608080171; Romano JP, 2007, ANN STAT, V35, P1378, DOI 10.1214/009053606000001622; Romano JP, 2006, ANN STAT, V34, P1850, DOI 10.1214/009053606000000461; Romano JP, 2008, TEST-SPAIN, V17, P417, DOI 10.1007/s11749-008-0126-6; Romano JosephP., 2006, Optimality, P33; Shaikh A., 2021, NBER Working Paper No. 29519",21,0,0,0,6,WILEY,HOBOKEN,"111 RIVER ST, HOBOKEN 07030-5774, NJ USA",0012-9682,1468-0262,,ECONOMETRICA,Econometrica,JAN,2023,91,1,,,,,53,60,,10.3982/ECTA20460,http://dx.doi.org/10.3982/ECTA20460,,,8,"Economics; Mathematics, Interdisciplinary Applications; Social Sciences, Mathematical Methods; Statistics & Probability",Science Citation Index Expanded (SCI-EXPANDED); Social Science Citation Index (SSCI),Business & Economics; Mathematics; Mathematical Methods In Social Sciences,D3EP9,,,,,2026-07-15,WOS:000967592600004
J,"Ewerhart, C; Reny, PJ",,,,"Ewerhart, Christian; Reny, Philip J.",,,"CORRIGENDUM TO ""ON THE EXISTENCE OF PURE AND MIXEDSTRATEGY NASH EQUILIBRIUM IN DISCONTINUOUS GAMES""",ECONOMETRICA,,,English,Correction,,,,,,,,,"[Ewerhart, Christian] Univ Zurich, Dept Econ, Zurich, Switzerland; [Reny, Philip J.] Univ Chicago, Dept Econ, Chicago, IL USA",University of Zurich; University of Chicago,"Ewerhart, C (corresponding author), Univ Zurich, Dept Econ, Zurich, Switzerland.",christian.ewerhart@econ.uzh.ch; preny@uchicago.edu,,"Ewerhart, Christian/0000-0003-3285-1099",,,,"Ewerhart Christian., 2022, DIAGONAL PAYOF UNPUB; Plan Asaf., 2022, J ECON THEORY; Reny PhilipJ., 1996, LOCAL PAYOFF S UNPUB; Reny PJ, 1999, ECONOMETRICA, V67, P1029, DOI 10.1111/1468-0262.00069",4,0,0,0,9,WILEY,HOBOKEN,"111 RIVER ST, HOBOKEN 07030-5774, NJ USA",0012-9682,1468-0262,,ECONOMETRICA,Econometrica,NOV,2022,90,6,,,,,O1,O2,,10.3982/ECTA20900,http://dx.doi.org/10.3982/ECTA20900,,,2,"Economics; Mathematics, Interdisciplinary Applications; Social Sciences, Mathematical Methods; Statistics & Probability",Science Citation Index Expanded (SCI-EXPANDED); Social Science Citation Index (SSCI),Business & Economics; Mathematics; Mathematical Methods In Social Sciences,6L5OB,,Green Submitted,,,2026-07-15,WOS:000888233800001
J,[Anonymous],,,,[Anonymous],,,JPE Turnaround Times,JOURNAL OF POLITICAL ECONOMY,,,English,Article,,,,,,,,,,,,,,,,,,,0,0,0,0,7,UNIV CHICAGO PRESS,CHICAGO,"1427 E 60TH ST, CHICAGO, IL 60637-2954 USA",0022-3808,1537-534X,,J POLIT ECON,J. Polit. Econ.,NOV 1,2022,130,11,,,,,3024,3024,,10.1086/722926,http://dx.doi.org/10.1086/722926,,,1,Economics,Social Science Citation Index (SSCI),Business & Economics,6I2PT,,,,,2026-07-15,WOS:000885973100009
J,[Anonymous],,,,[Anonymous],,,Recent Referees,JOURNAL OF POLITICAL ECONOMY,,,English,Article,,,,,,,,,,,,,,,,,,,0,0,0,0,5,UNIV CHICAGO PRESS,CHICAGO,"1427 E 60TH ST, CHICAGO, IL 60637-2954 USA",0022-3808,1537-534X,,J POLIT ECON,J. Polit. Econ.,NOV 1,2022,130,11,,,,,,,,10.1086/723188,http://dx.doi.org/10.1086/723188,,,1,Economics,Social Science Citation Index (SSCI),Business & Economics,6I2PT,,,,,2026-07-15,WOS:000885973100002
J,"Kaur, S; Kremer, M; Mullainathan, S",,,,"Kaur, Supreet; Kremer, Michael; Mullainathan, Sendhil",,,"Self-Control at Work (vol 123, pg 1274, 2015)",JOURNAL OF POLITICAL ECONOMY,,,English,Correction,,,,,,,,,"[Kaur, Supreet] Univ Calif Berkeley, Berkeley, CA 94720 USA; [Kremer, Michael; Mullainathan, Sendhil] Univ Chicago, Chicago, IL 60637 USA",University of California System; University of California Berkeley; University of Chicago,"Kaur, S (corresponding author), Univ Calif Berkeley, Berkeley, CA 94720 USA.",,"Mullainathan, Sendhil/OHR-8549-2025","Mullainathan, Sendhil/0000-0001-8508-4052",,,,"ALCHIAN AA, 1972, AM ECON REV, V62, P777; CHEUNG SNS, 1983, J LAW ECON, V26, P1, DOI 10.1086/467023; Jensen Michael C., 1998, COORDINATION CONTROL; Kaur S, 2015, J POLIT ECON, V123, P1227, DOI 10.1086/683822",4,0,0,0,8,UNIV CHICAGO PRESS,CHICAGO,"1427 E 60TH ST, CHICAGO, IL 60637-2954 USA",0022-3808,1537-534X,,J POLIT ECON,J. Polit. Econ.,AUG,2022,130,8,,,,,2223,2224,,10.1086/721271,http://dx.doi.org/10.1086/721271,,,2,Economics,Social Science Citation Index (SSCI),Business & Economics,4D8GC,,,,,2026-07-15,WOS:000847376100009
J,"Beach, B; Brown, R; Ferrie, J; Saavedra, M; Thomas, D",,,,"Beach, Brian; Brown, Ryan; Ferrie, Joseph; Saavedra, Martin; Thomas, Duncan",,,Reevaluating the Long-Term Impact of In Utero Exposure to the 1918 Influenza Pandemic,JOURNAL OF POLITICAL ECONOMY,,,English,Article,,,,,,,,,"[Beach, Brian] Vanderbilt Univ, Nashville, TN 37235 USA; [Beach, Brian; Ferrie, Joseph; Thomas, Duncan] Natl Bur Econ Res, Cambridge, MA 02138 USA; [Brown, Ryan] Univ Colorado Denver, Denver, CO USA; [Ferrie, Joseph] Northwestern Univ, Evanston, IL USA; [Saavedra, Martin] Oberlin Coll, Oberlin, OH USA; [Thomas, Duncan] Duke Univ, Natl Bur Econ Res, Durham, NC USA",Vanderbilt University; National Bureau of Economic Research; University of Colorado System; University of Colorado Anschutz; University of Colorado Denver; Children's Hospital Colorado; Northwestern University; University System of Ohio; Oberlin College; National Bureau of Economic Research; Duke University,"Beach, B (corresponding author), Vanderbilt Univ, Nashville, TN 37235 USA.; Beach, B (corresponding author), Natl Bur Econ Res, Cambridge, MA 02138 USA.",,"Ferrie, Joseph/N-9544-2014; Saavedra, Martin/LFU-0554-2024; Beach, Brian/AAB-8359-2022","Ferrie, Joseph/0000-0002-7261-3610; Saavedra, Martin/0009-0004-4323-2378; Brown, Ryan/0000-0001-6202-2668",National Institute for Child Health and Human Development [R01HD052762]; National Institute on Aging [R01AG031266],National Institute for Child Health and Human Development(United States Department of Health & Human ServicesNational Institutes of Health (NIH) - USANIH Eunice Kennedy Shriver National Institute of Child Health & Human Development (NICHD)); National Institute on Aging(United States Department of Health & Human ServicesNational Institutes of Health (NIH) - USANIH National Institute on Aging (NIA)),Thomas acknowledges funding from the National Institute for Child Health and Human Development (R01HD052762)and the National Institute on Aging (R01AG031266).,"A'Hearn B, 2009, J ECON HIST, V69, P783, DOI 10.1017/S0022050709001120; Abramitzky R, 2021, J ECON LIT, V59, P865, DOI 10.1257/jel.20201599; Almond D, 2006, J POLIT ECON, V114, P672, DOI 10.1086/507154; Ayers, 1919, WAR GERMANY STAT SUM; Bailey, 2020, J ECON LIT, V58; BARKER DJP, 1990, BMJ-BRIT MED J, V301, P1111, DOI 10.1136/bmj.301.6761.1111; Beach B, 2016, J ECON HIST, V76, P41, DOI 10.1017/S0022050716000413; Beach Brian, J EC LIT, V60, P4184; Beach Brian, 24725 NBER; Boberg-Fazlica N, 2021, ECON HUM BIOL, V43, DOI 10.1016/j.ehb.2021.101020; Brown, 569 BREAD; Brown R, 2020, DEMOGRAPHY, V57, P1459, DOI 10.1007/s13524-020-00876-6; Bureau of the Census, 1920, MORT STAT 1918 19 AN; Bureau of the Census, 1919, MORT STAT 1917 18 AN; Bureau of the Census, 1921, MORT STAT 1919 20 AN; Chandra S, 2018, AM J EPIDEMIOL, V187, P2585, DOI 10.1093/aje/kwy153; Clay K, 2018, J ECON HIST, V78, P1179, DOI 10.1017/S002205071800058X; COALE AJ, 1955, J AM STAT ASSOC, V50, P16, DOI 10.2307/2281097; Goeken Ronald, 2017, 20171 MINN POP CTR; Heckman JJ, 2006, SCIENCE, V312, P1900, DOI 10.1126/science.1128898; HOCHBERG Y, 1988, BIOMETRIKA, V75, P800, DOI 10.1093/biomet/75.4.800; Isen Adam, 2017, JPE, V125; Kitchens Carl T., 2020, 27530 NBER; Long J, 2013, AM ECON REV, V103, P1109, DOI 10.1257/aer.103.4.1109; Mamelund SE, 2004, POPULATION-PARIS, V59, P269, DOI 10.2307/3654955; Mansour H, 2012, J DEV ECON, V99, P190, DOI 10.1016/j.jdeveco.2011.12.005; MYERS RJ, 1954, J AM STAT ASSOC, V49, P826, DOI 10.2307/2281542; Nudd, 2004, YESTERDAYS, V24, P3441; Parman J, 2015, EXPLOR ECON HIST, V58, P22, DOI 10.1016/j.eeh.2015.07.002; Roseboom T, 2006, EARLY HUM DEV, V82, P485, DOI 10.1016/j.earlhumdev.2006.07.001; Rotwein, 1945, JPE, V53, P23457; Ruggles Steven, 2021, IPUMS ANCESTRY FULL; Sanders Nicholas J., 2012, J HUM RESOUR, V47, P82650; Thomas Duncan, 2010, PEOPLE POLITICS GLOB, P35583; US PHS (Public Health Service), 1947, VITAL STAT RATES US; Vandenbroucke G, 2014, AM ECON J-MACROECON, V6, P108, DOI 10.1257/mac.6.2.108; Vollmer Sebastian, 2017, 242 COR RES CTR",37,33,37,0,23,UNIV CHICAGO PRESS,CHICAGO,"1427 E 60TH ST, CHICAGO, IL 60637-2954 USA",0022-3808,1537-534X,,J POLIT ECON,J. Polit. Econ.,JUL,2022,130,7,,,,,1963,1990,,10.1086/719757,http://dx.doi.org/10.1086/719757,,JUL 2022,28,Economics,Social Science Citation Index (SSCI),Business & Economics,3T4SR,37846350,Green Submitted,,,2026-07-15,WOS:000803823200001
J,"Chaney, T",,,,"Chaney, Thomas",,,The Gravity Equation in International Trade: A Response,JOURNAL OF POLITICAL ECONOMY,,,English,Article; Early Access,,,,,,,,,"[Chaney, Thomas] Sci Po, Paris, France",Institut d'Etudes Politiques Paris (Sciences Po),"Chaney, T (corresponding author), Sci Po, Paris, France.",,"Chaney, Thomas/MHQ-9857-2025",,,,,"Axtell RL, 2001, SCIENCE, V293, P1818, DOI 10.1126/science.1062081; Chaney T, 2018, J POLIT ECON, V126, P150, DOI 10.1086/694292; Dewitte Ruben, 2022, J POLIT ECON, V130, pXXXXXX",3,0,2,1,27,UNIV CHICAGO PRESS,CHICAGO,"1427 E 60TH ST, CHICAGO, IL 60637-2954 USA",0022-3808,1537-534X,,J POLIT ECON,J. Polit. Econ.,2022 MAY 1,2022,,,,,,,,,,10.1086/718914,http://dx.doi.org/10.1086/718914,,MAY 2022,7,Economics,Social Science Citation Index (SSCI),Business & Economics,0X3KH,,,,,2026-07-15,WOS:000789609100001
J,"Dewitte, R",,,,"Dewitte, Ruben",,,The Gravity Equation in International Trade: A Note,JOURNAL OF POLITICAL ECONOMY,,,English,Article,,,,,,,WELFARE,,"[Dewitte, Ruben] Univ Ghent, Ghent, Belgium",Ghent University,"Dewitte, R (corresponding author), Univ Ghent, Ghent, Belgium.",,"Dewitte, Ruben/KCK-8841-2024",,,,,"Bas M, 2017, J INT ECON, V108, P1, DOI 10.1016/j.jinteco.2017.05.001; Chaney T, 2018, J POLIT ECON, V126, P150, DOI 10.1086/694292; Chaney Thomas, 2022, JPE, V130, pXXX; Freund C, 2015, REV ECON STAT, V97, P1023, DOI 10.1162/REST_a_00511; Gabaix X, 1999, Q J ECON, V114, P739, DOI 10.1162/003355399556133; Head K, 2014, AM ECON REV, V104, P310, DOI 10.1257/aer.104.5.310; Melitz MJ, 2015, AM ECON REV, V105, P1105, DOI 10.1257/aer.20130351; Steindl J., 1965, RANDOM PROCESSES GRO; Yotov YV, 2012, ECON LETT, V117, P794, DOI 10.1016/j.econlet.2012.08.032",9,4,5,3,32,UNIV CHICAGO PRESS,CHICAGO,"1427 E 60TH ST, CHICAGO, IL 60637-2954 USA",0022-3808,1537-534X,,J POLIT ECON,J. Polit. Econ.,MAY 1,2022,130,5,,,,,1412,1418,,10.1086/718917,http://dx.doi.org/10.1086/718917,,MAY 2022,7,Economics,Social Science Citation Index (SSCI),Business & Economics,2D4LT,,Green Submitted,,,2026-07-15,WOS:000789609100003
J,"Asriyan, V; Laeven, L; Martín, A",,,,"Asriyan, Vladimir; Laeven, Luc; Martin, Alberto",,,"Collateral Booms and Information Depletion (vol 89, pg 1, 2021)",REVIEW OF ECONOMIC STUDIES,,,English,Correction,,,,,,,,,,,,,"Asriyan, Vladimir/AAA-5485-2019","Asriyan, Vladimir/0000-0001-8110-4933",,,,"Asriyan V, 2022, REV ECON STUD, V89, P517, DOI 10.1093/restud/rdab046",1,1,1,0,12,OXFORD UNIV PRESS,OXFORD,"GREAT CLARENDON ST, OXFORD OX2 6DP, ENGLAND",0034-6527,1467-937X,,REV ECON STUD,Rev. Econ. Stud.,MAR 6,2022,89,2,,,,,1039,1039,,10.1093/restud/rdab083,http://dx.doi.org/10.1093/restud/rdab083,,,1,Economics,Social Science Citation Index (SSCI),Business & Economics,ZO1GP,,Bronze,,,2026-07-15,WOS:000765475800017
J,"Fanelli, S; Straub, L",,,,"Fanelli, S.; Straub, Ludwig",,,"A Theory of Foreign Exchange Interventions (vol 88, pg 2857, 2021)",REVIEW OF ECONOMIC STUDIES,,,English,Correction,,,,,,,,,,,,,,,,,,"Fanelli S, 2021, REV ECON STUD, V88, P2857, DOI 10.1093/restud/rdab013",1,0,0,1,9,OXFORD UNIV PRESS,OXFORD,"GREAT CLARENDON ST, OXFORD OX2 6DP, ENGLAND",0034-6527,1467-937X,,REV ECON STUD,Rev. Econ. Stud.,MAR 6,2022,89,2,,,,,1038,1038,,10.1093/restud/rdab076,http://dx.doi.org/10.1093/restud/rdab076,,DEC 2021,1,Economics,Social Science Citation Index (SSCI),Business & Economics,ZO1GP,,Bronze,,,2026-07-15,WOS:000764627300001
J,"Gourinchas, PO; Werning, I",,,,"Gourinchas, Pierre-Olivier; Werning, Ivan",,,In Memoriam Emmanuel Farhi,REVIEW OF ECONOMIC STUDIES,,,English,Biographical-Item,,,,,,,,,"[Gourinchas, Pierre-Olivier] Univ Calif Berkeley, Berkeley, CA 94720 USA; [Werning, Ivan] MIT, Cambridge, MA 02139 USA",University of California System; University of California Berkeley; Massachusetts Institute of Technology (MIT),"Gourinchas, PO (corresponding author), Univ Calif Berkeley, Berkeley, CA 94720 USA.",,,,,,,"FARHI E, PUBLICATION LIST",1,0,0,0,4,OXFORD UNIV PRESS,OXFORD,"GREAT CLARENDON ST, OXFORD OX2 6DP, ENGLAND",0034-6527,1467-937X,,REV ECON STUD,Rev. Econ. Stud.,NOV,2021,88,6,,,,,2567,2569,,10.1093/restud/rdab068,http://dx.doi.org/10.1093/restud/rdab068,,NOV 2021,3,Economics,Social Science Citation Index (SSCI),Business & Economics,XL9EA,,,,,2026-07-15,WOS:000728441400001
J,"Chari, A; Liu, EM; Wang, SY; Wang, YX",,,,"Chari, Amalavoyal; Liu, Elaine M.; Wang, Shing-Yi; Wang, Yongxiang",,,"Property Rights, Land Misallocation, and Agricultural Efficiency in China (vol 88, pg 1831, 2021)",REVIEW OF ECONOMIC STUDIES,,,English,Correction,,,,,,,,,,,,,"Wang, Yongxiang/HGB-4562-2022; Wang, Shingyi/PNG-8740-2026","Wang, Yongxiang/0009-0005-3172-9077; ",,,,"Chari A, 2021, REV ECON STUD, V88, P1831, DOI 10.1093/restud/rdaa072",1,1,2,10,101,OXFORD UNIV PRESS,OXFORD,"GREAT CLARENDON ST, OXFORD OX2 6DP, ENGLAND",0034-6527,1467-937X,,REV ECON STUD,Rev. Econ. Stud.,JAN,2022,89,1,,,,,515,515,,10.1093/restud/rdab067,http://dx.doi.org/10.1093/restud/rdab067,,OCT 2021,1,Economics,Social Science Citation Index (SSCI),Business & Economics,YL7JR,,Bronze,,,2026-07-15,WOS:000746064900016
J,"Donovan, K",,,,"Donovan, Kevin",,,"The Equilibrium Impact of Agricultural Risk on Intermediate Inputs and Aggregate Productivity (vol 88, pg 2275, 2020)",REVIEW OF ECONOMIC STUDIES,,,English,Correction,,,,,,,,,,,,,,,,,,"Donovan K, 2021, REV ECON STUD, V88, P2275, DOI 10.1093/restud/rdaa084",1,0,0,0,32,OXFORD UNIV PRESS,OXFORD,"GREAT CLARENDON ST, OXFORD OX2 6DP, ENGLAND",0034-6527,1467-937X,,REV ECON STUD,Rev. Econ. Stud.,OCT,2021,88,5,,,,,2565,2565,,10.1093/restud/rdab023,http://dx.doi.org/10.1093/restud/rdab023,,JUL 2021,1,Economics,Social Science Citation Index (SSCI),Business & Economics,WL7NA,,Bronze,,,2026-07-15,WOS:000710586800017
J,"Eeckhout, J; Kircher, P; Lafuente, C; Macci, G",,,,"Eeckhout, Jan; Kircher, Philipp; Lafuente, Cristina; Macci, Gabriele",,,"ASSORTATIVE MATCHING WITH LARGE FIRMS (vol 86, pg 85, 2018)",ECONOMETRICA,,,English,Correction,,,,,,,,,"[Eeckhout, Jan] UPF ICREA GSE, Dept Econ, Barcelona, Spain; [Kircher, Philipp; Lafuente, Cristina; Macci, Gabriele] European Univ Inst, Dept Econ, Fiesole, Italy; [Kircher, Philipp] Univ Edinburgh, Sch Econ, Edinburgh, Midlothian, Scotland",ICREA; European University Institute; University of Edinburgh,"Eeckhout, J (corresponding author), UPF ICREA GSE, Dept Econ, Barcelona, Spain.",jan.eeckhout@upf.edu; philipp.kircher@gmail.com; Cristina.Lafuente@eui.eu; gabriele.macci@eui.eu,"/A-3981-2008; Lafuente, Cristina/HKF-3652-2023","Lafuente, Cristina/0000-0001-6808-2696; Macci, Gabriele/0009-0007-7992-1118",,,,"Adamopoulos T, 2014, AM ECON REV, V104, P1667, DOI 10.1257/aer.104.6.1667; Eeckhout J, 2018, ECONOMETRICA, V86, P85, DOI 10.3982/ECTA14450",2,0,0,0,6,WILEY,HOBOKEN,"111 RIVER ST, HOBOKEN 07030-5774, NJ USA",0012-9682,1468-0262,,ECONOMETRICA,Econometrica,JUL,2021,89,4,,,,,O11,O14,,10.3982/ECTA18054,http://dx.doi.org/10.3982/ECTA18054,,,4,"Economics; Mathematics, Interdisciplinary Applications; Social Sciences, Mathematical Methods; Statistics & Probability",Science Citation Index Expanded (SCI-EXPANDED); Social Science Citation Index (SSCI),Business & Economics; Mathematics; Mathematical Methods In Social Sciences,TR4TW,,,,,2026-07-15,WOS:000678959600004
J,"Bonatti, A; Cisternas, G",,,,"Bonatti, Alessandro; Cisternas, Gonzalo",,,"Consumer Scores and Price Discrimination (vol 87, pg 750, 2020)",REVIEW OF ECONOMIC STUDIES,,,English,Correction,,,,,,,,,,,,,,,,,,"Bonatti A, 2020, REV ECON STUD, V87, P750, DOI 10.1093/restud/rdz046",1,0,0,0,12,OXFORD UNIV PRESS,OXFORD,"GREAT CLARENDON ST, OXFORD OX2 6DP, ENGLAND",0034-6527,1467-937X,,REV ECON STUD,Rev. Econ. Stud.,OCT,2021,88,5,,,,,2564,2564,,10.1093/restud/rdab024,http://dx.doi.org/10.1093/restud/rdab024,,JUN 2021,1,Economics,Social Science Citation Index (SSCI),Business & Economics,WL7NA,,,,,2026-07-15,WOS:000710586800016
J,"Azar, J; Vives, X",,,,"Azar, Jose; Vives, Xavier",,,"REPLY TO: Comments on ""General Equilibrium Oligopoly and Ownership Structure""",ECONOMETRICA,,,English,Article,,,,,,,COMMON OWNERSHIP,,"[Azar, Jose] Univ Navarra, Sch Econ & Business, Navarra, Spain; [Azar, Jose; Vives, Xavier] IESE Business Sch, Dept Econ, Barcelona, Spain",University of Navarra; University of Navarra; IESE Business School,"Azar, J (corresponding author), Univ Navarra, Sch Econ & Business, Navarra, Spain.; Azar, J (corresponding author), IESE Business Sch, Dept Econ, Barcelona, Spain.",jazar@iese.edu; xvives@iese.edu,"Vives, Xavier/B-1597-2013; Azar, Jose/MSY-3908-2025","Vives, Xavier/0000-0001-9110-9850; Azar, Jose/0000-0002-1639-2067",,,,"Azar J., 2018, CEPR Discussion Paper 13000; Azar J, 2020, U CHICAGO LAW REV, V87, P263; Azar J, 2019, AEA PAP P, V109, P322, DOI 10.1257/pandp.20191066; Berger D.W., 2019, NBER Working Paper; De Loecker J, 2020, Q J ECON, V135, P561, DOI 10.1093/qje/qjz041; DIXIT AK, 1977, AM ECON REV, V67, P297; Vives X, 2000, CORPORATE GOVERNANCE, P1; Vives X, 2008, J IND ECON, V56, P419, DOI 10.1111/j.1467-6451.2008.00356.x",8,1,2,0,29,WILEY,HOBOKEN,"111 RIVER ST, HOBOKEN 07030-5774, NJ USA",0012-9682,1468-0262,,ECONOMETRICA,Econometrica,MAY,2021,89,3,,,,,1061,1063,,10.3982/ECTA18868,http://dx.doi.org/10.3982/ECTA18868,,,3,"Economics; Mathematics, Interdisciplinary Applications; Social Sciences, Mathematical Methods; Statistics & Probability",Science Citation Index Expanded (SCI-EXPANDED); Social Science Citation Index (SSCI),Business & Economics; Mathematics; Mathematical Methods In Social Sciences,SB2VA,,,,,2026-07-15,WOS:000649857500004
J,"Eeckhout, J",,,,"Eeckhout, Jan",,,"A COMMENT ON: ""General Equilibrium Oligopoly and Ownership Structure"" by Jose Azar and Xavier Vives",ECONOMETRICA,,,English,Article,,,,,,,MARKET; TRADE; RISE,,"[Eeckhout, Jan] UPF Barcelona, Barcelona, Spain; [Eeckhout, Jan] CREi, GSE, ICREA, Barcelona, Spain",Pompeu Fabra University; Centre de Recerca en Economia Internacional (CREI); Barcelona School of Economics; ICREA,"Eeckhout, J (corresponding author), UPF Barcelona, Barcelona, Spain.; Eeckhout, J (corresponding author), CREi, GSE, ICREA, Barcelona, Spain.",jan.eeckhout@upf.edu,/A-3981-2008,,,,,"Atkeson A, 2008, AM ECON REV, V98, P1998, DOI 10.1257/aer.98.5.1998; Autor D, 2020, Q J ECON, V135, P645, DOI 10.1093/qje/qjaa004; Azar J., 2011, PRINCETON REPORT; Azar J, 2018, J FINANC, V73, P1513, DOI 10.1111/jofi.12698; Bresnahan TimothyF., 1986, INT J IND ORGAN, V4, P155, DOI DOI 10.1016/0167-7187(86)90028-7; De Loecker J, 2020, Q J ECON, V135, P561, DOI 10.1093/qje/qjz041; Edgeworth F.Y., 1881, MATH PSYCHICS ESSAY, V10; Eeckhout J., 2020, NBER Macroeconomics Annual 2020, V35; Melitz MJ, 2008, REV ECON STUD, V75, P295, DOI 10.1111/j.1467-937X.2007.00463.x; Mongey S., 2019, CHICAGO REPORT; Mongey S., 2018, REPORT; Rotemberg J., 1984, Discussion paper; RUBINSTEIN A., 1983, Discussion paper; Warren L., 2020, DISCUSSION PAPER UPF",14,0,0,0,15,WILEY,HOBOKEN,"111 RIVER ST, HOBOKEN 07030-5774, NJ USA",0012-9682,1468-0262,,ECONOMETRICA,Econometrica,MAY,2021,89,3,,,,,1049,1053,,10.3982/ECTA18810,http://dx.doi.org/10.3982/ECTA18810,,,5,"Economics; Mathematics, Interdisciplinary Applications; Social Sciences, Mathematical Methods; Statistics & Probability",Science Citation Index Expanded (SCI-EXPANDED); Social Science Citation Index (SSCI),Business & Economics; Mathematics; Mathematical Methods In Social Sciences,SB2VA,,,,,2026-07-15,WOS:000649857500002
J,"Milgrom, P",,,,"Milgrom, Paul",,,Auction Research Evolving: Theorems and Market Designs,AMERICAN ECONOMIC REVIEW,,,English,Article,,,,,,,ASCENDING PRICES,,"[Milgrom, Paul] Stanford Grad Sch Business, Stanford, CA 94305 USA; [Milgrom, Paul] Stanford Inst Econ Policy Res, Stanford, CA 94305 USA",Stanford University; Stanford University,"Milgrom, P (corresponding author), Stanford Grad Sch Business, Stanford, CA 94305 USA.; Milgrom, P (corresponding author), Stanford Inst Econ Policy Res, Stanford, CA 94305 USA.",,"Milgrom, Paul/AAF-3285-2019","Milgrom, Paul/0000-0002-1919-4138",,,,"Arnosti N, 2016, AM ECON REV, V106, P2852, DOI 10.1257/aer.20141198; Ausubel L.M., 2006, HDB SPECTRUM AUCTION, P120; Ausubel LawrenceM., 2006, Combinatorial Auctions, DOI DOI 10.7551/MITPRESS/9780262033428.003.0002; Bichler Martin, 2020, TAMING THE COMMUNICA; Bulow J, 2017, Handbook of spectrum auction design, P689; COASE RH, 1959, J LAW ECON, V2, P1, DOI 10.1086/466549; Day R., 2013, HDB MARKET DESIGN, P282, DOI DOI 10.1093/ACPROF:OSO/9780199570515.003.0012; Day R, 2008, INT J GAME THEORY, V36, P393, DOI 10.1007/s00182-007-0100-7; Eilat Assaf, 2011, THE CAF AUCTION DESI; FAMA EF, 1970, J FINANC, V25, P383, DOI 10.2307/2325486; GALE D, 1962, AM MATH MON, V69, P9, DOI 10.2307/2312726; GLOSTEN LR, 1985, J FINANC ECON, V14, P71, DOI 10.1016/0304-405X(85)90044-3; GROSSMAN SJ, 1980, AM ECON REV, V70, P393; Hatfield JW, 2005, AM ECON REV, V95, P913, DOI 10.1257/0002828054825466; Kagel JH, 2014, GAME ECON BEHAV, V85, P210, DOI 10.1016/j.geb.2014.02.006; Kagel JH, 2010, AM ECON J-MICROECON, V2, P160, DOI 10.1257/mic.2.3.160; KELSO AS, 1982, ECONOMETRICA, V50, P1483, DOI 10.2307/1913392; KYLE AS, 1985, ECONOMETRICA, V53, P1315, DOI 10.2307/1913210; Leyton-Brown K, 2017, P NATL ACAD SCI USA, V114, P7202, DOI 10.1073/pnas.1701997114; Leyton-Brown Kevin, 2020, INCENTIVE AUCTION DE; Li SW, 2017, AM ECON REV, V107, P3257, DOI 10.1257/aer.20160425; MILGROM P, 1982, J ECON THEORY, V26, P17, DOI 10.1016/0022-0531(82)90046-1; Milgrom P, 2000, J POLIT ECON, V108, P245, DOI 10.1086/262118; Milgrom P, 2002, ECONOMETRICA, V70, P583, DOI 10.1111/1468-0262.00296; Milgrom P, 2020, J POLIT ECON, V128, P1, DOI 10.1086/704074; Milgrom P, 2009, AM ECON J-MICROECON, V1, P95, DOI 10.1257/mic.1.2.95; MILGROM PR, 1982, ECONOMETRICA, V50, P1089, DOI 10.2307/1911865; MILGROM PR, 1979, ECONOMETRICA, V47, P679, DOI 10.2307/1910414; MYERSON RB, 1981, MATH OPER RES, V6, P58, DOI 10.1287/moor.6.1.58; Ortega-Reichert A., 1968, Models for competitive bidding under uncertainty; VICKREY W, 1961, J FINANC, V16, P8, DOI 10.2307/2977633; Vickrey W., 1962, Recent Advances in Games Theory, P15; WILSON R, 1979, Q J ECON, V93, P675, DOI 10.2307/1884475; WILSON R, 1977, REV ECON STUD, V44, P511, DOI 10.2307/2296904",34,21,34,2,39,AMER ECONOMIC ASSOC,NASHVILLE,"2014 BROADWAY, STE 305, NASHVILLE, TN 37203 USA",0002-8282,1944-7981,,AM ECON REV,Am. Econ. Rev.,MAY,2021,111,5,,,,,1383,1405,,10.1257/aer.111.5.1383,http://dx.doi.org/10.1257/aer.111.5.1383,,,23,Economics,Social Science Citation Index (SSCI),Business & Economics,RU3YW,,,,,2026-07-15,WOS:000645085600002
J,"Philippon, T",,,,"Philippon, Thomas",,,"A COMMENT ON: ""General Equilibrium Oligopoly and Ownership Structure"" by Jose Azar and Xavier Vives",ECONOMETRICA,,,English,Article,,,,,,,,,"[Philippon, Thomas] NYU, Stern Sch Business, New York, NY 10003 USA",New York University,"Philippon, T (corresponding author), NYU, Stern Sch Business, New York, NY 10003 USA.",tphilipp@stern.nyu.edu,,,,,,"Azar J, 2018, J FINANC, V73, P1513, DOI 10.1111/jofi.12698; BOLTON P, 1990, AM ECON REV, V80, P93; CHEVALIER JA, 1995, AM ECON REV, V85, P415; COASE RH, 1960, J LAW ECON, V3, P1, DOI 10.1086/466560; Gutiérrez G, 2017, BROOKINGS PAP ECO AC, P89; Lowry M.B., 2020, DOES COMMON OWNWESHI; MacKay P, 2005, REV FINANC STUD, V18, P1433, DOI 10.1093/rfs/hhi032; MODIGLIANI F, 1958, AM ECON REV, V48, P261; MYERS SC, 1977, J FINANC ECON, V5, P147, DOI 10.1016/0304-405X(77)90015-0; Philippon T., 2018, AEA PAP P; PHILLIPS GM, 1995, J FINANC ECON, V37, P189, DOI 10.1016/0304-405X(94)00785-Y; Schmalz M., 2016, COWLES FDN DISCUSSIO; Vives X, 2020, GEN EQUILIBRIUM OLIG; Waldock K, 2020, Working Paper",14,0,0,0,9,WILEY,HOBOKEN,"111 RIVER ST, HOBOKEN 07030-5774, NJ USA",0012-9682,1468-0262,,ECONOMETRICA,Econometrica,MAY,2021,89,3,,,,,1055,1059,,10.3982/ECTA18862,http://dx.doi.org/10.3982/ECTA18862,,,5,"Economics; Mathematics, Interdisciplinary Applications; Social Sciences, Mathematical Methods; Statistics & Probability",Science Citation Index Expanded (SCI-EXPANDED); Social Science Citation Index (SSCI),Business & Economics; Mathematics; Mathematical Methods In Social Sciences,SB2VA,,,,,2026-07-15,WOS:000649857500003
J,"Wilson, RB",,,,"Wilson, Robert B.",,,STRATEGIC ANALYSIS OF AUCTIONS,ECONOMETRICA,,,English,Article,,,,,,,EQUILIBRIUM; MARKET; INFORMATION; EFFICIENCY,,"[Wilson, Robert B.] Stanford Univ, Grad Sch Business, Stanford, CA 94305 USA",Stanford University,"Wilson, RB (corresponding author), Stanford Univ, Grad Sch Business, Stanford, CA 94305 USA.",rwilson@stanford.edu,,,,,,"AKERLOF GA, 1970, Q J ECON, V84, P488, DOI 10.2307/1879431; [Anonymous], 2004, EXPLORER AM ASS PETR; Avery C, 1998, REV ECON STUD, V65, P185, DOI 10.1111/1467-937X.00041; Bohm-Bawerk E.V., 1888, The positive theory of capital, V1888; CAPEN EC, 1971, J PETROL TECHNOL, V23, P641, DOI 10.2118/2993-PA; Cassidy Rr., 1967, Auctions Auctioneering; CHAO HP, 1987, AM ECON REV, V77, P899; Christenson C., 1967, STRATEGIC ASPECTS CO; CRAMTON P, 1987, ECONOMETRICA, V55, P615, DOI 10.2307/1913602; Cramton P., 2013, APPLICANT AUCTIONS I; CRAMTON PC, 1992, REV ECON STUD, V59, P205, DOI 10.2307/2297934; Du S., 2012, ESSAYS GAME THEORY; Du SZ, 2017, REV ECON STUD, V84, P1606, DOI 10.1093/restud/rdx006; Duffie D, 2017, REV FINANC STUD, V30, P1095, DOI 10.1093/rfs/hhw112; Glycopantis D, 2005, STUD ECON THEORY, V19, P1, DOI 10.1007/b138401; Govindan S, 2012, ECONOMETRICA, V80, P1639, DOI 10.3982/ECTA9579; Govindan S, 2009, ECONOMETRICA, V77, P1, DOI 10.3982/ECTA6956; GUL F, 1986, J ECON THEORY, V39, P155, DOI 10.1016/0022-0531(86)90024-4; Hayek FA, 1945, AM ECON REV, V35, P519; Hortaçsu A, 2010, J POLIT ECON, V118, P833, DOI 10.1086/657948; HURWICZ L, 1973, AM ECON REV, V63, P1; KLEMPERER PD, 1989, ECONOMETRICA, V57, P1243, DOI 10.2307/1913707; KREPS DM, 1982, J ECON THEORY, V27, P245, DOI 10.1016/0022-0531(82)90029-1; KREPS DM, 1982, ECONOMETRICA, V50, P863, DOI 10.2307/1912767; KREPS DM, 1982, J ECON THEORY, V27, P253, DOI 10.1016/0022-0531(82)90030-8; McAdams D, 2006, REV ECON STUD, V73, P1039, DOI 10.1111/j.1467-937X.2006.00407.x; Milgrom P, 2021, AM ECON REV, V111; Milgrom P.R, 1979, STRUCTURE INFORM COM; MILGROM PR, 1982, ECONOMETRICA, V50, P1089, DOI 10.2307/1911865; MILGROM PR, 1979, ECONOMETRICA, V47, P679, DOI 10.2307/1910414; MIRRLEES JA, 1971, REV ECON STUD, V38, P175, DOI 10.2307/2296779; MYERSON RB, 1981, MATH OPER RES, V6, P58, DOI 10.1287/moor.6.1.58; Ortega-Reichert A., 1967, THESIS STANFORD U; Pesendorfer W, 1997, ECONOMETRICA, V65, P1247, DOI 10.2307/2171736; Reny PJ, 2006, ECONOMETRICA, V74, P1231, DOI 10.1111/j.1468-0262.2006.00703.x; ROTHSCHILD M, 1976, Q J ECON, V90, P629, DOI 10.2307/1885326; RUBINSTEIN A, 1982, ECONOMETRICA, V50, P97, DOI 10.2307/1912531; SPENCE M, 1973, Q J ECON, V87, P355, DOI 10.2307/1882010; Stark R.M., 1983, AUCTIONS BIDDING CON, P363; VICKREY W, 1961, J FINANC, V16, P8, DOI 10.2307/2977633; WILSON R, 1985, ECONOMETRICA, V53, P1101, DOI 10.2307/1911013; Wilson R, 1998, ECON THEOR, V12, P433, DOI 10.1007/s001990050229; WILSON R, 1979, Q J ECON, V93, P675, DOI 10.2307/1884475; WILSON R, 1977, REV ECON STUD, V44, P511, DOI 10.2307/2296904; WILSON R, 1993, SFI S SCI C, V14, P125; WILSON R, 1978, ECONOMETRICA, V46, P807, DOI 10.2307/1909750; WILSON R, 1978, ECONOMETRICA, V46, P577, DOI 10.2307/1914233; WILSON R, 1978, ECONOMETRICA, V46, P87, DOI 10.2307/1913647; Wilson R, 2002, ECONOMETRICA, V70, P1299, DOI 10.1111/1468-0262.00334; WILSON R, 1989, ECONOMETRICA, V57, P1, DOI 10.2307/1912571; Wilson R., 2021, LARGE AUCTIONS; Wilson R., 1987, Arrow and the Ascent of Modern Economic Theory, P375; Wilson R., 1985, ISSUES CONT MICROECO, P169; Wilson R.B., 1993, NONLINEAR PRICING; WILSON RB, 1969, MANAGE SCI, V15, P446, DOI 10.1287/mnsc.15.7.446; Wilson R, 2008, OPER RES, V56, P369, DOI 10.1287/opre.1070.0421; Wilson Robert., 1987, ADV EC THEORY 5 WORL, P33, DOI DOI 10.1017/CCOL0521340446.002; Wilson RobertButler., 1996, Handbook of Computational Economics, V1, P253, DOI [10.1016/S1574-0021(96)01007-6, DOI 10.1016/S1574-0021(96)01007-6]; Zhu H., 2013, EXPOSTEQUILIBRIA DOU",59,6,6,1,44,WILEY,HOBOKEN,"111 RIVER ST, HOBOKEN 07030-5774, NJ USA",0012-9682,1468-0262,,ECONOMETRICA,Econometrica,MAR,2021,89,2,,,,,555,561,,10.3982/ECTA19347,http://dx.doi.org/10.3982/ECTA19347,,,7,"Economics; Mathematics, Interdisciplinary Applications; Social Sciences, Mathematical Methods; Statistics & Probability",Science Citation Index Expanded (SCI-EXPANDED); Social Science Citation Index (SSCI),Business & Economics; Mathematics; Mathematical Methods In Social Sciences,QZ9JY,,hybrid,,,2026-07-15,WOS:000631036300001
J,"Ashlagi, I; Kanoria, Y; Leshno, JD",,,,"Ashlagi, Itai; Kanoria, Yash; Leshno, Jacob D.",,,"Unbalanced Random Matching Markets: The Stark Effect of Competition (vol 125, 10.1086/689869, 2017)",JOURNAL OF POLITICAL ECONOMY,,,English,Correction,,,,,,,,,"[Ashlagi, Itai] Stanford Univ, Stanford, CA 94305 USA; [Kanoria, Yash] Columbia Univ, New York, NY 10027 USA; [Leshno, Jacob D.] Univ Chicago, Chicago, IL 60637 USA",Stanford University; Columbia University; University of Chicago,"Ashlagi, I (corresponding author), Stanford Univ, Stanford, CA 94305 USA.",,"; Leshno, Jacob/KLE-0611-2024","Kanoria, Yash/0000-0002-7221-357X; ",,,,"Ashlagi I, 2017, J POLIT ECON, V125, P69, DOI 10.1086/689869",1,0,0,1,5,UNIV CHICAGO PRESS,CHICAGO,"1427 E 60TH ST, CHICAGO, IL 60637-2954 USA",0022-3808,1537-534X,,J POLIT ECON,J. Polit. Econ.,FEB 1,2021,129,2,,,,,646,646,,10.1086/712589,http://dx.doi.org/10.1086/712589,,FEB 2021,1,Economics,Social Science Citation Index (SSCI),Business & Economics,QC5JL,,,,,2026-07-15,WOS:000601219400002
J,"Oprea, R",,,,"Oprea, Ryan",,,"What Makes a Rule Complex? (vol 110, pg 3913, 2020)",AMERICAN ECONOMIC REVIEW,,,English,Correction,,,,,,,,,"[Oprea, Ryan] Univ Calif Santa Barbara, Dept Econ, Santa Barbara, CA 93106 USA",University of California System; University of California Santa Barbara,"Oprea, R (corresponding author), Univ Calif Santa Barbara, Dept Econ, Santa Barbara, CA 93106 USA.",roprea@gmail.com,,,,,,"Oprea R, 2020, AM ECON REV, V110, P3913, DOI 10.1257/aer.20191717",1,0,0,1,11,AMER ECONOMIC ASSOC,NASHVILLE,"2014 BROADWAY, STE 305, NASHVILLE, TN 37203 USA",0002-8282,1944-7981,,AM ECON REV,Am. Econ. Rev.,FEB,2021,111,2,,,,,755,755,,10.1257/aer.111.2.755,http://dx.doi.org/10.1257/aer.111.2.755,,,1,Economics,Social Science Citation Index (SSCI),Business & Economics,QB4JR,,,,,2026-07-15,WOS:000614107200011
J,"Chiappori, PA; Oreffice, S; Quintana-Domeque, C",,,,"Chiappori, Pierre-Andre; Oreffice, Sonia; Quintana-Domeque, Climent",,,"Fatter Attraction: Anthropometric and Socioeconomic Matching on the Marriage Market (vol 120, pg 659, 2012)",JOURNAL OF POLITICAL ECONOMY,,,English,Correction,,,,,,,,,"[Chiappori, Pierre-Andre] Columbia Univ, New York, NY 10027 USA; [Oreffice, Sonia; Quintana-Domeque, Climent] Univ Exeter, Exeter, Devon, England; [Oreffice, Sonia; Quintana-Domeque, Climent] Inst Lab Econ, Bonn, Germany",Columbia University; University of Exeter; IZA Institute Labor Economics,"Chiappori, PA (corresponding author), Columbia Univ, New York, NY 10027 USA.",,"Oreffice, Sonia/N-8993-2016",,,,,"[Anonymous], 2017, WORKING PAPER; Chiappori PA, 2015, J ECONOMETRICS, V188, P22, DOI 10.1016/j.jeconom.2015.01.001; Chiappori PA, 2012, J POLIT ECON, V120, P659, DOI 10.1086/667941",3,1,2,2,20,UNIV CHICAGO PRESS,CHICAGO,"1427 E 60TH ST, CHICAGO, IL 60637-2954 USA",0022-3808,1537-534X,,J POLIT ECON,J. Polit. Econ.,DEC 1,2020,128,12,,,,,4673,4675,,10.1086/710838,http://dx.doi.org/10.1086/710838,,DEC 2020,3,Economics,Social Science Citation Index (SSCI),Business & Economics,OZ8TS,,Green Submitted,,,2026-07-15,WOS:000581089400001
J,"Chen, Y; Kesten, O",,,,"Chen, Yan; Kesten, Onur",,,"Chinese College Admissions and School Choice Reforms: A Theoretical Analysis (vol 125, pg 99, 2017)",JOURNAL OF POLITICAL ECONOMY,,,English,Correction,,,,,,,,,"[Chen, Yan] Univ Michigan, Ann Arbor, MI 48109 USA; [Chen, Yan] Tsinghua Univ, Beijing, Peoples R China; [Kesten, Onur] Univ Sydney, Sydney, NSW, Australia",University of Michigan System; University of Michigan; Tsinghua University; University of Sydney,"Chen, Y (corresponding author), Univ Michigan, Ann Arbor, MI 48109 USA.; Chen, Y (corresponding author), Tsinghua Univ, Beijing, Peoples R China.",,"Chen, Yan/MXK-0203-2025",,,,,"Chen Y, 2017, J POLIT ECON, V125, P99, DOI 10.1086/689773",1,0,0,5,34,UNIV CHICAGO PRESS,CHICAGO,"1427 E 60TH ST, CHICAGO, IL 60637-2954 USA",0022-3808,1537-534X,,J POLIT ECON,J. Polit. Econ.,NOV,2020,128,11,,,,,4384,4384,,10.1086/710554,http://dx.doi.org/10.1086/710554,,NOV 2020,1,Economics,Social Science Citation Index (SSCI),Business & Economics,PQ1NT,,,,,2026-07-15,WOS:000575814600001
J,"Durlauf, SN; Heckman, JJ",,,,"Durlauf, Steven N.; Heckman, James J.",,,An Empirical Analysis of Racial Differences in Police Use of Force: A Comment,JOURNAL OF POLITICAL ECONOMY,,,English,Article,,,,,,,,,"[Durlauf, Steven N.; Heckman, James J.] Univ Chicago, Chicago, IL 60637 USA",University of Chicago,"Durlauf, SN (corresponding author), Univ Chicago, Chicago, IL 60637 USA.",,/H-4965-2016,,,,,"Brock WA, 2012, J ECONOMETRICS, V166, P66, DOI 10.1016/j.jeconom.2011.06.006; Fryer RG, 2019, J POLIT ECON, V127, P1210, DOI 10.1086/701423; Heckman JamesJ., 1993, Clear and Convincing Evidence: Measurement of Discrimination in America, P187; Heckman JJ, 1998, J ECON PERSPECT, V12, P101, DOI 10.1257/jep.12.2.101; Knox D, 2020, AM POLIT SCI REV, V114, P619, DOI 10.1017/S0003055420000039; Schneider Anne L., 1977, PORTLAND OR FORWARD",6,27,38,0,16,UNIV CHICAGO PRESS,CHICAGO,"1427 E 60TH ST, CHICAGO, IL 60637-2954 USA",0022-3808,1537-534X,,J POLIT ECON,J. Polit. Econ.,OCT 1,2020,128,10,,,,,3998,4002,,10.1086/710976,http://dx.doi.org/10.1086/710976,,OCT 2020,5,Economics,Social Science Citation Index (SSCI),Business & Economics,OC4TV,,,,,2026-07-15,WOS:000566955400001
J,"Babus, A; Kondor, P; Wang, YL",,,,"Babus, Ana; Kondor, Peter; Wang, Yilin",,,"TRADING AND INFORMATION DIFFUSION IN OVER-THE-COUNTER MARKETS (vol 86, pg 1727, 2018)",ECONOMETRICA,,,English,Correction,,,,,,,,,"[Babus, Ana] Washington Univ, Dept Econ, St Louis, MO 14263 USA; [Kondor, Peter] London Sch Econ, Dept Finance, London, England; [Wang, Yilin] Univ Calif Los Angeles, Dept Econ, Los Angeles, CA 90024 USA",Washington University (WUSTL); University of London; London School Economics & Political Science; University of California System; University of California Los Angeles,"Babus, A (corresponding author), Washington Univ, Dept Econ, St Louis, MO 14263 USA.",anababus@wustl.edu; p.kondor@lse.ac.uk; wangyilin@g.ucla.edu,"; Wang, Yilin/MSX-2886-2025; Babus, Ana/KBC-9742-2024","Kondor, Peter/0000-0001-9797-9291; ",,,,"Atkeson AG, 2015, ECONOMETRICA, V83, P2231, DOI 10.3982/ECTA11477; Babus A., 2020, ECONOMETRICA S, V88, DOI [10.3982/ECTA17318, DOI 10.3982/ECTA17318]; Babus A, 2018, ECONOMETRICA, V86, P1727, DOI 10.3982/ECTA12043",3,0,0,0,16,WILEY,HOBOKEN,"111 RIVER ST, HOBOKEN 07030-5774, NJ USA",0012-9682,1468-0262,,ECONOMETRICA,Econometrica,SEP,2020,88,5,,,,,2221,2228,,10.3982/ECTA17318,http://dx.doi.org/10.3982/ECTA17318,,,8,"Economics; Mathematics, Interdisciplinary Applications; Social Sciences, Mathematical Methods; Statistics & Probability",Science Citation Index Expanded (SCI-EXPANDED); Social Science Citation Index (SSCI),Business & Economics; Mathematics; Mathematical Methods In Social Sciences,NS9CC,,,,,2026-07-15,WOS:000572551700014
J,"Banerjee, AV",,,,"Banerjee, Abhijit Vinayak",,,Field Experiments and the Practice of Economics,AMERICAN ECONOMIC REVIEW,,,English,Article,,,,,,,INEQUALITY; MODEL,,"[Banerjee, Abhijit Vinayak] MIT, Dept Econ, Cambridge, MA 02139 USA",Massachusetts Institute of Technology (MIT),"Banerjee, AV (corresponding author), MIT, Dept Econ, Cambridge, MA 02139 USA.",banerjee@mit.edu,,,,,,"Abhijit Banerjee, 2016, LONG TERM IMPA UNPUB; Abhijit Banerjee, 2020, DOES POVERTY C UNPUB; Abhijit Banerjee, 2016, 20422 NBER; Andreoni J, 2019, J PUBLIC ECON THEORY, V21, P812, DOI 10.1111/jpet.12322; Angrist JD, 2010, J ECON PERSPECT, V24, P3, DOI 10.1257/jep.24.2.3; [Anonymous], 2010, NBER Working Paper, DOI [DOI 10.3386/W15973, 10.3386/w15973]; [Anonymous], 1989, WALL STREET J; Attanasio OP, 2012, REV ECON STUD, V79, P37, DOI 10.1093/restud/rdr015; Bandiera O, 2017, Q J ECON, V132, P811, DOI 10.1093/qje/qjx003; Banerjee A.V., 2019, Good economics for hard times: Better answers to our biggest problems; Banerjee A, 2015, SCIENCE, V348, DOI 10.1126/science.1260799; Banerjee A, 2013, SCIENCE, V341, P363, DOI 10.1126/science.1236498; Banerjee Abhijit, 2016, MAINSTREAMING UNPUB; Banerjee Abhijit, [No title captured]; Banerjee Abhijit, 2019, NBER Working Paper No. 26224; Banerjee Abhijit, 2004, WHAT DO BANKS UNPUB; Banerjee AV, 2017, WORLD BANK RES OBSER, V32, P155, DOI 10.1093/wbro/lkx002; Banerjee AV, 2009, WHAT WORKS IN DEVELOPMENT: THINKING BIG AND THINKING SMALL, P207; BANERJEE AV, 1992, Q J ECON, V107, P797, DOI 10.2307/2118364; BANERJEE AV, 1993, J POLIT ECON, V101, P274, DOI 10.1086/261876; Banerjee AV, 2003, J ECON GROWTH, V8, P267, DOI 10.1023/A:1026205114860; BANERJEE AV, 1993, REV ECON STUD, V60, P309, DOI 10.2307/2298059; Becker GaryS., 1981, A Treatise on the Family, DOI DOI 10.4159/9780674020665; BENJAMIN D, 1992, ECONOMETRICA, V60, P287, DOI 10.2307/2951598; Clare Balboni, 2019, WHY DO PEOPLE UNPUB; DASGUPTA P, 1986, ECON J, V96, P1011, DOI 10.2307/2233171; Duflo E., 2011, Poor economics; Duflo E, 2013, Q J ECON, V128, P1499, DOI 10.1093/qje/qjt024; Duflo E, 2012, AM ECON REV, V102, P1241, DOI 10.1257/aer.102.4.1241; Duflo Esther, 2019, REC BANK SWED PRIZ E; GALOR O, 1993, REV ECON STUD, V60, P35, DOI 10.2307/2297811; Gandelman Nestor, 2014, 2014005B FED RES BAN; Karlan D, 2009, ECONOMETRICA, V77, P1993, DOI 10.3982/ECTA5781; Leibenstein Harvey., 1957, EC BACKWARDNESS EC G; Meager R, 2019, AM ECON J-APPL ECON, V11, P57, DOI 10.1257/app.20170299; Mullainathan S., 2013, Scarcity: Why Having Too Little Means So Much; Todd PE, 2010, ANNU REV ECON, V2, P21, DOI 10.1146/annurev.economics.102308.124345; Todd Petra E., 2006, 06022 PIER",38,26,33,2,84,AMER ECONOMIC ASSOC,NASHVILLE,"2014 BROADWAY, STE 305, NASHVILLE, TN 37203 USA",0002-8282,1944-7981,,AM ECON REV,Am. Econ. Rev.,JUL,2020,110,7,,,,,1937,1951,,10.1257/aer.110.7.1937,http://dx.doi.org/10.1257/aer.110.7.1937,,,15,Economics,Social Science Citation Index (SSCI),Business & Economics,MF7AJ,,,,,2026-07-15,WOS:000545490300001
J,"Duflo, E",,,,"Duflo, Esther",,,Field Experiments and the Practice of Policy,AMERICAN ECONOMIC REVIEW,,,English,Article,,,,,,,MICROFINANCE EVIDENCE; RANDOMIZED EVALUATION; MICROCREDIT EVIDENCE; IMPACTS; EDUCATION; PROGRAMS,,"[Duflo, Esther] MIT, Dept Econ, Cambridge, MA 02139 USA",Massachusetts Institute of Technology (MIT),"Duflo, E (corresponding author), MIT, Dept Econ, Cambridge, MA 02139 USA.",eduflo@mit.edu,,,Marshall Family Foundation; Hewlett Foundation; International Initiative of Impact Evaluation; Institut Veolia Environment; DFID; AFD; Australian Government; National Science Foundation; Government of Haryana; Regional Centers for Learning on Evaluation and Results; ICICI corporation; World Bank; Alfred P. Sloan Foundation; John D. and Catherine T. MacArthur Foundation; Sustainability Science Program (SSP); Harvard Environmental Economics Program; Center for Energy and Environmental Policy Research (CEEPR); International Initiative for Impact Evaluation (3ie); International Growth Centre (IGC); Vanguard Charitable Endowment Program; Spandana; J-PAL; Agence Francaise de Developpement; Trust Fund for Environmentally and Socially Sustainable Development (TFESSD); DIME initiative at the World Bank,Marshall Family Foundation; Hewlett Foundation; International Initiative of Impact Evaluation; Institut Veolia Environment; DFID; AFD; Australian Government(Australian Government); National Science Foundation(National Science Foundation (NSF)); Government of Haryana; Regional Centers for Learning on Evaluation and Results; ICICI corporation; World Bank(The World Bank India); Alfred P. Sloan Foundation(Alfred P. Sloan Foundation); John D. and Catherine T. MacArthur Foundation; Sustainability Science Program (SSP); Harvard Environmental Economics Program(Harvard University); Center for Energy and Environmental Policy Research (CEEPR); International Initiative for Impact Evaluation (3ie); International Growth Centre (IGC); Vanguard Charitable Endowment Program; Spandana; J-PAL; Agence Francaise de Developpement; Trust Fund for Environmentally and Socially Sustainable Development (TFESSD); DIME initiative at the World Bank,"Funding Organizations (Including the Key Staff Who Interacted with Us): Amrita Ahuja (Marshall Family Foundation); Dana Schmidt (Hewlett Foundation), Smita Singh (Hewlett Foundation), Lynn Murphy (Hewlett Foundation), Ward Heneveld (Hewlett Foundation); International Initiative of Impact Evaluation; Institut Veolia Environment, DFID, The AFD, The Australian Government, the National Science Foundation, the Government of Haryana, the Regional Centers for Learning on Evaluation and Results, the ICICI corporation, the World Bank, the Alfred P. Sloan Foundation, and the John D. and Catherine T. MacArthur Foundation, the Sustainability Science Program (SSP), the Harvard Environmental Economics Program, the Center for Energy and Environmental Policy Research (CEEPR), the International Initiative for Impact Evaluation (3ie), the International Growth Centre (IGC), The Vanguard Charitable Endowment Program, Spandana, -J-PAL, Agence Francaise de Developpement, Trust Fund for Environmentally and Socially Sustainable Development (TFESSD) and the DIME initiative at the World Bank.","Abhijit Banerjee, 2019, 26346 NBER; Angelucci M, 2015, AM ECON J-APPL ECON, V7, P151, DOI 10.1257/app.20130537; [Anonymous], 2013, ECONOMIST; ASER Centre, 2015, ANN STAT ED REP RUR; Attanasio O, 2015, AM ECON J-APPL ECON, V7, P90, DOI 10.1257/app.20130489; Augsburg B, 2015, AM ECON J-APPL ECON, V7, P183, DOI 10.1257/app.20130272; Banerjee A, 2018, J POLIT ECON, V126, P451, DOI 10.1086/696226; Banerjee A, 2017, J ECON PERSPECT, V31, P73, DOI 10.1257/jep.31.4.73; Banerjee A, 2015, AM ECON J-APPL ECON, V7, P22, DOI 10.1257/app.20130533; Banerjee Abhijit, 2019, NOB PRIZ LECT; Banerjee AV, 2007, Q J ECON, V122, P1235, DOI 10.1162/qjec.122.3.1235; Banerjee AV, 2010, AM ECON J-ECON POLIC, V2, P1, DOI 10.1257/pol.2.1.1; Banerjee AbhijitV., 2011, POOR EC RADICAL RETH; Banerjee AbhijitV., 2007, MAKING AID WORK; BANERJEE AV, 1993, J POLIT ECON, V101, P274, DOI 10.1086/261876; Banerji Rukmini, 2020, WORLD DEV, V127; Banerji Rukmini, 2019, IDEAS FOR INDIA; Crépon B, 2015, AM ECON J-APPL ECON, V7, P123, DOI 10.1257/app.20130535; Deaton A, 2018, SOC SCI MED, V210, P2, DOI 10.1016/j.socscimed.2017.12.005; Duflo E, 2018, ECONOMETRICA, V86, P2123, DOI 10.3982/ECTA12876; Duflo E, 2017, AM ECON REV, V107, P1, DOI 10.1257/aer.p20171153; Duflo E, 2013, Q J ECON, V128, P1499, DOI 10.1093/qje/qjt024; Duflo E, 2011, AM ECON REV, V101, P1739, DOI 10.1257/aer.101.5.1739; Field E, 2013, AM ECON REV, V103, P2196, DOI 10.1257/aer.103.6.2196; Field E, 2012, PLOS ONE, V7, DOI 10.1371/journal.pone.0045679; Giné X, 2014, J DEV ECON, V107, P65, DOI 10.1016/j.jdeveco.2013.11.003; Glewwe P, 2009, AM ECON J-APPL ECON, V1, P112, DOI 10.1257/app.1.1.112; Innovations for Poverty Action, 2018, EV TEACH COMM ASS IN; Kapur Avani, 2010, I STUDY READ INDIA B; Karlan D, 2011, SCIENCE, V332, P1278, DOI 10.1126/science.1200138; Meager R, 2019, AM ECON J-APPL ECON, V11, P57, DOI 10.1257/app.20170299; Meager Rachael, 2018, AGGREGATING DI UNPUB; Muralidharan K, 2017, J ECON PERSPECT, V31, P103, DOI 10.1257/jep.31.4.103; Pritchett Lant, 2013, CGD Working Paper 336; Reshmaan Hussain, 2016, TARGETING HIGH ABILI; Sharma P., 2010, TEACHERS PERCEPTION; Smith Matthew, 2017, YOUGOV          0216; Tarozzi A, 2015, AM ECON J-APPL ECON, V7, P54, DOI 10.1257/app.20130475",38,42,53,2,81,AMER ECONOMIC ASSOC,NASHVILLE,"2014 BROADWAY, STE 305, NASHVILLE, TN 37203 USA",0002-8282,1944-7981,,AM ECON REV,Am. Econ. Rev.,JUL,2020,110,7,,,,,1952,1973,,10.1257/aer.110.7.1952,http://dx.doi.org/10.1257/aer.110.7.1952,,,22,Economics,Social Science Citation Index (SSCI),Business & Economics,MF7AJ,,,,,2026-07-15,WOS:000545490300002
J,"Bandiera, O; Hansen, S; Prat, A; Sadun, R",,,,"Bandiera, Oriana; Hansen, Stephen; Prat, Andrea; Sadun, Raffaella",,,"CEO Behavior and Firm Performance (vol 128, pg 1325, 2020)",JOURNAL OF POLITICAL ECONOMY,,,English,Correction,,,,,,,,,,,,,"Sadun, Raffaella/KIG-0676-2024",,,,,"Bandiera O, 2020, J POLIT ECON, V128, P1325, DOI 10.1086/705331",1,1,1,2,23,UNIV CHICAGO PRESS,CHICAGO,"1427 E 60TH ST, CHICAGO, IL 60637-2954 USA",0022-3808,1537-534X,,J POLIT ECON,J. Polit. Econ.,MAY 1,2020,128,5,,,,,2017,2017,,10.1086/709252,http://dx.doi.org/10.1086/709252,,,1,Economics,Social Science Citation Index (SSCI),Business & Economics,NM7HA,,Bronze,,,2026-07-15,WOS:000568264300012
J,"Haggag, K",,,,"Haggag, K.",,,"Withdrawn as Duplicate: Attribution Bias in Consumer Choice (vol 86, pg 2136, 2019)",REVIEW OF ECONOMIC STUDIES,,,English,Correction,,,,,,,,,,,,,,,,,,"Haggag K, 2019, REV ECON STUD, V86, P2136, DOI 10.1093/restud/rdy054",1,0,1,1,9,OXFORD UNIV PRESS,OXFORD,"GREAT CLARENDON ST, OXFORD OX2 6DP, ENGLAND",0034-6527,1467-937X,,REV ECON STUD,Rev. Econ. Stud.,MAR,2020,87,2,,,,,E1,E1,,10.1093/restud/rdy057,http://dx.doi.org/10.1093/restud/rdy057,,,1,Economics,Social Science Citation Index (SSCI),Business & Economics,KS8JQ,,,,,2026-07-15,WOS:000518553300001
J,"Cederlöf, J; Fredriksson, P; Nekoei, A; Seim, D",,,,"Cederlof, Jonas; Fredriksson, Peter; Nekoei, Arash; Seim, David",,,"Mandatory Notice of Layoff, Job Search, and Efficiency",QUARTERLY JOURNAL OF ECONOMICS,,,English,Article,,,,,,,UNEMPLOYMENT BENEFITS; ADVANCE NOTICE; DURATION,,"[Cederlof, Jonas] Inst Evaluat Labour Market & Educ Policy, Uppsala, Sweden; Uppsala Univ, Uppsala, Sweden; Stockholm Univ, Inst Int Econ Studies IIES, Stockholm, Sweden; Stockholm Univ, Stockholm, Sweden",Uppsala University; Stockholm University; Stockholm University,"Cederlöf, J (corresponding author), Inst Evaluat Labour Market & Educ Policy, Uppsala, Sweden.",,,,Forte; Handelsbanken; Riksbankens Jubileumsfond,Forte(Swedish Research Council for Health Working Life & Welfare (Forte)); Handelsbanken; Riksbankens Jubileumsfond,"We thank Konrad Burchardi, Raj Chetty, Caroline Johansson, Kurt Mitman, Matthew Notowidigdo, Miika Paeaellysaho, Benjamin Schoefer, Jesse Shapiro, Josef Sigur & eth;sson, Daphne Skandalis, three anonymous referees, and seminar participants at ASSA Meetings 2024 and 2018, NBER Summer Institute 2020, Aarhus University, CEPR conferences in 2018 and 2022, CREST, Labor Economics Work- shop 2018, Nordic Summer Institute in Labor Economics 2018, the 10th Nordic Register Data and Economic Modeling Meeting, the UCLS annual conference, the FAIR Midway Conference , Central Bank of Denmark, SKILS conference 2023, University of Oxford, University of Galway, and the University of Copenhagen for constructive comments. Per Lindberg, Fabian Sinn, and Quan Cheng Xie provided excellent research assistance. Fredriksson acknowledges funding from Forte, Handelsbanken, and Riksbankens Jubileumsfond.","ADDISON JT, 1994, J ECON PERSPECT, V8, P181, DOI 10.1257/jep.8.1.181; [Anonymous], 2019, OECD Employment Outlook 2019: the Future of Work; BAILY MN, 1978, J PUBLIC ECON, V10, P379, DOI 10.1016/0047-2727(78)90053-1; Blanchard OJ, 2008, J EUR ECON ASSOC, V6, P45, DOI 10.1162/JEEA.2008.6.1.45; BLAU DM, 1990, J POLIT ECON, V98, P637, DOI 10.1086/261698; BURGESS PL, 1992, J LABOR ECON, V10, P258, DOI 10.1086/298287; Calonico S, 2014, ECONOMETRICA, V82, P2295, DOI 10.3982/ECTA11757; Card D, 2007, Q J ECON, V122, P1511, DOI 10.1162/qjec.2007.122.4.1511; Cederlof Jonas, 2021, CESifo Working Paper No. 9208, DOI DOI 10.7910/DVN/JC9K31; Chetty R, 2006, J PUBLIC ECON, V90, P1879, DOI 10.1016/j.jpubeco.2006.01.004; Eriksson S, 2014, AM ECON REV, V104, P1014, DOI 10.1257/aer.104.3.1014; Faberman RJ, 2022, ECONOMETRICA, V90, P1743, DOI 10.3982/ECTA18582; Hobijn B, 2009, ECON LETT, V104, P107, DOI 10.1016/j.econlet.2009.04.013; Inoue A, 2010, REV ECON STAT, V92, P557, DOI 10.1162/REST_a_00011; JACOBSON LS, 1993, AM ECON REV, V83, P685; Jakob Alfitian, 2022, HIDDEN COSTS DISMISS, DOI [10.2139/ssrn.4292097, DOI 10.2139/SSRN.4292097]; Jonas Cederlof, 2024, 20242 IFAU, P2; JONES SRG, 1995, J LABOR ECON, V13, P599, DOI 10.1086/298386; Kolsrud J, 2018, AM ECON REV, V108, P985, DOI 10.1257/aer.20160816; Kroft K, 2013, Q J ECON, V128, P1123, DOI 10.1093/qje/qjt015; Krueger A., 2002, Handbook of Public Economics, V4, P2327, DOI [DOI 10.1016/S1573-4420(02)80012-X.27, 10.1016/S1573-4420(02)80012-X, DOI 10.1016/S1573-4420(02)80012-X]; KUHN P, 1992, J LABOR ECON, V10, P117, DOI 10.1086/298281; Kuhn P, 2021, J LABOR ECON, V39, P461, DOI 10.1086/710359; Lachowska M, 2020, AM ECON REV, V110, P3231, DOI 10.1257/aer20180652; Lalive R, 2007, AM ECON REV, V97, P108, DOI 10.1257/aer.97.2.108; LAZEAR EP, 1990, Q J ECON, V105, P699, DOI 10.2307/2937895; Marinescu I, 2021, Q J ECON, V136, P887, DOI 10.1093/qje/qjaa037; Nekoei A, 2017, AM ECON REV, V107, P527, DOI 10.1257/aer.20150528; Pissarides CA, 2001, LABOUR ECON, V8, P131, DOI 10.1016/S0927-5371(01)00032-X; Public Employment Service, 2024, STATISTIK VARSEL; RUHM CJ, 1994, J LABOR ECON, V12, P1, DOI 10.1086/298341; RUHM CJ, 1992, J LABOR ECON, V10, P1, DOI 10.1086/298276; Schmieder JF, 2016, AM ECON REV, V106, P739, DOI 10.1257/aer.20141566; Spinnewijn J, 2015, J EUR ECON ASSOC, V13, P130, DOI 10.1111/jeea.12099; Statistics Sweden, 2024, RAMS REGISTERBASERAD; Statistics Sweden, 2024, ARBETSKRAFTSUNDERSOK; Statistics Sweden, 2024, FORETAGENS EKONOMI; Statistics Sweden, 2024, LONESTRUKTURSTATISTI; Statistik om Lever, 2024, Gallvagar och Gallblasa; Statsministeriet, 2019, Learning from data, P1; Tomer Ifergane, 2022, TIME SAY GOODBYE MAC",41,4,4,2,27,OXFORD UNIV PRESS INC,CARY,"JOURNALS DEPT, 2001 EVANS RD, CARY, NC 27513 USA",0033-5533,1531-4650,,Q J ECON,Q. J. Econ.,OCT 30,2024,140,1,,,,,585,633,,10.1093/qje/qjae029,http://dx.doi.org/10.1093/qje/qjae029,,OCT 2024,49,Economics,Social Science Citation Index (SSCI),Business & Economics,R8Y7O,,"Green Submitted, hybrid",,,2026-07-15,WOS:001345936400001
J,"Agranov, M; Gillen, B; Persitz, D",,,,"Agranov, Marina; Gillen, Benjamin; Persitz, Dotan",,,"A Comment on ""Testing Models of Social Learning on Networks: Evidence From Two Experiments""",ECONOMETRICA,,,English,Article,,,,,,,,,"[Agranov, Marina] CALTECH, Div Humanities & Social Sci, Pasadena, CA 91125 USA; [Agranov, Marina] NBER, Cambridge, MA 02138 USA; [Gillen, Benjamin] Claremont McKenna Coll, Robert Day Sch Econ & Finance, Claremont, CA USA; [Persitz, Dotan] Tel Aviv Univ, Coller Sch Management, Tel Aviv, Israel",California Institute of Technology; National Bureau of Economic Research; Claremont Colleges; Claremont McKenna College; Claremont Graduate University; Tel Aviv University,"Agranov, M (corresponding author), CALTECH, Div Humanities & Social Sci, Pasadena, CA 91125 USA.; Agranov, M (corresponding author), NBER, Cambridge, MA 02138 USA.",magranov@hss.caltech.edu; Benjamin.Gillen@claremontmckenna.edu; persitzd@post.tau.ac.il,,"Persitz, Dotan/0000-0001-6376-9907",,,,"BLACKWELL D, 1953, ANN MATH STAT, V24, P265, DOI 10.1214/aoms/1177729032; Chandrasekhar AG, 2020, ECONOMETRICA, V88, P1, DOI 10.3982/ECTA14407; Green J.R., 1978, 2 REPRESENTATIONS IN",3,0,0,3,20,WILEY,HOBOKEN,"111 RIVER ST, HOBOKEN 07030-5774, NJ USA",0012-9682,1468-0262,,ECONOMETRICA,Econometrica,SEP,2024,92,5,,,,,1,6,,10.3982/ECTA22442,http://dx.doi.org/10.3982/ECTA22442,,,6,"Economics; Mathematics, Interdisciplinary Applications; Social Sciences, Mathematical Methods; Statistics & Probability",Science Citation Index Expanded (SCI-EXPANDED); Social Science Citation Index (SSCI),Business & Economics; Mathematics; Mathematical Methods In Social Sciences,H3Q8N,,,,,2026-07-15,WOS:001322627800005
J,"Jagadeesan, R; Vocke, K",,,,"Jagadeesan, Ravi; Vocke, Karolina",,,"Stability in Large Markets (Jan, rdae008, 2024)",REVIEW OF ECONOMIC STUDIES,,,English,Correction,,,,,,,,,,,,,,,,,,"Jagadeesan R, 2024, REV ECON STUD, V91, P3532, DOI 10.1093/restud/rdae008",1,0,0,0,9,OXFORD UNIV PRESS,OXFORD,"GREAT CLARENDON ST, OXFORD OX2 6DP, ENGLAND",0034-6527,1467-937X,,REV ECON STUD,Rev. Econ. Stud.,AUG 19,2024,91,6,,,,,3712,3712,,10.1093/restud/rdae078,http://dx.doi.org/10.1093/restud/rdae078,,AUG 2024,1,Economics,Social Science Citation Index (SSCI),Business & Economics,L3G6K,,Bronze,,,2026-07-15,WOS:001293646800001
J,"Almås, I; Attanasio, O; Jervis, P",,,,"Almas, Ingvild; Attanasio, Orazio; Jervis, Pamela",,,"Reply to: Comment on ""Presidential Address: Economics and Measurement: New Measures to Model Decision Making""",ECONOMETRICA,,,English,Article,,,,,,,,,"[Almas, Ingvild] Stockholm Univ, Inst Int Econ, Stockholm, Sweden; [Almas, Ingvild] Norwegian Sch Econ, Bergen, Norway; [Attanasio, Orazio] Yale Univ, Dept Econ, New Haven, CT 06520 USA; [Attanasio, Orazio] Norwegian Sch Econ, Dept Econ, Bergen, Norway; [Attanasio, Orazio] NBER, Cambridge, MA 02138 USA; [Jervis, Pamela] Univ Chile, Dept Ind Engn, Santiago, Chile; [Jervis, Pamela] Inst Res Market Imperfect & Publ Policy, Santiago, Chile; [Jervis, Pamela] Inst Fiscal Studies, London, England; [Jervis, Pamela] Ctr Res Inclus Educ, Graz, Austria",Stockholm University; Norwegian School of Economics (NHH); Yale University; Norwegian School of Economics (NHH); National Bureau of Economic Research; Universidad de Chile; University of London; London School Economics & Political Science,"Attanasio, O (corresponding author), Yale Univ, Dept Econ, New Haven, CT 06520 USA.; Attanasio, O (corresponding author), Norwegian Sch Econ, Dept Econ, Bergen, Norway.; Attanasio, O (corresponding author), NBER, Cambridge, MA 02138 USA.",ingvild.almas@iies.su.se; orazio.attanasio@yale.edu; pjervisr@uchile.cl,"Almås, Ingvild/KYP-2713-2024","Almås, Ingvild/0000-0002-6340-1384",,,,"Acemoglu D, 2011, HBK ECON, V4, P1043, DOI [10.1182/blood-2016-08-672246, 10.1016/S0169-7218(11)02410-5]; Deming DJ, 2017, Q J ECON, V132, P1593, DOI 10.1093/qje/qjx022; Heckman James J., 2023, Econometric Causality: The Central Role of Thought Experiments",3,0,0,0,11,WILEY,HOBOKEN,"111 RIVER ST, HOBOKEN 07030-5774, NJ USA",0012-9682,1468-0262,,ECONOMETRICA,Econometrica,JUL,2024,92,4,,,,,991,993,,10.3982/ECTA22811,http://dx.doi.org/10.3982/ECTA22811,,,3,"Economics; Mathematics, Interdisciplinary Applications; Social Sciences, Mathematical Methods; Statistics & Probability",Science Citation Index Expanded (SCI-EXPANDED); Social Science Citation Index (SSCI),Business & Economics; Mathematics; Mathematical Methods In Social Sciences,A6V8C,,,,,2026-07-15,WOS:001283903600010
J,"Caplin, A",,,,"Caplin, Andrew",,,"A Comment on: ""Presidential Address: Economics and Measurement: New Measures to Model Decision Making"" by Ingvild Almås, Orazio Attanasio, and Pamela Jervis",ECONOMETRICA,,,English,Article,,,,,,,RATIONAL INATTENTION; PREFERENCE,,"[Caplin, Andrew] NYU, Dept Econ, New York, NY 10012 USA",New York University,"Caplin, A (corresponding author), NYU, Dept Econ, New York, NY 10012 USA.",andrew.caplin@nyu.edu,,,,,,"Almås I, 2024, ECONOMETRICA, V92, P947, DOI 10.3982/ECTA21528; Almlund M, 2011, HBK ECON, V4, P1; Andersen HY, 2021, J EUR ECON ASSOC, V19, P403, DOI 10.1093/jeea/jvz083; Caplin A, 2015, AM ECON REV, V105, P2183, DOI 10.1257/aer.20140117; Caplin Andrew, 2024, J. Econ. Lit.; Caplin Andrew., 2023, Subjective Earnings Risk; Caplin Andrew., 2023, Rationalizable Learning , (No. w30873); Currie J, 2017, J LABOR ECON, V35, P1, DOI 10.1086/687848; Delavande A, 2008, PUBLIC OPIN QUART, V72, P866, DOI 10.1093/poq/nfn062; Deming David J., 2021, The Growing Importance of DecisionMaking on the Job; Dominitz J, 1997, J AM STAT ASSOC, V92, P855, DOI 10.2307/2965550; Gregory Viktoria., 2021, The Alpha Beta Gamma of the Labor Market; Guvenen F, 2021, ECONOMETRICA, V89, P2303, DOI 10.3982/ECTA14603; Hartmann Ida., 2022, Working Paper 25; JACOBSON LS, 1993, AM ECON REV, V83, P685; Jovanovic B., 1994, Learning By Doing and the Choice of Technology; Kosar Gizem., 2023, Federal Reserve Bank of New York. Staff Report 1056; Mackowiak B, 2023, J ECON LIT, V61, P226, DOI 10.1257/jel.20211524; Manski CF, 2004, ECONOMETRICA, V72, P1329, DOI 10.1111/j.1468-0262.2004.00537.x; Menzio G, 2016, REV ECON DYNAM, V19, P38, DOI 10.1016/j.red.2015.03.002; Sims CA, 2003, J MONETARY ECON, V50, P665, DOI 10.1016/S0304-3932(03)00029-1; TOPEL RH, 1992, Q J ECON, V107, P439, DOI 10.2307/2118478; Wang Tao., 2023, Perceived versus Calibrated Income Risks in Heterogeneous-agent Consumption Models""; Weidmann Ben, 2021, Econometrica, V89, P2637, DOI 10.3982/ECTA18461; Wiswall M, 2018, Q J ECON, V133, P457, DOI 10.1093/qje/qjx035",25,0,0,0,11,WILEY,HOBOKEN,"111 RIVER ST, HOBOKEN 07030-5774, NJ USA",0012-9682,1468-0262,,ECONOMETRICA,Econometrica,JUL,2024,92,4,,,,,979,985,,10.3982/ECTA22780,http://dx.doi.org/10.3982/ECTA22780,,,7,"Economics; Mathematics, Interdisciplinary Applications; Social Sciences, Mathematical Methods; Statistics & Probability",Science Citation Index Expanded (SCI-EXPANDED); Social Science Citation Index (SSCI),Business & Economics; Mathematics; Mathematical Methods In Social Sciences,A6V8C,,,,,2026-07-15,WOS:001283903600013
J,"Goldin, C",,,,"Goldin, Claudia",,,Nobel Lecture: An Evolving Economic Force,AMERICAN ECONOMIC REVIEW,,,English,Article,,,,,,,WORLD-WAR-II; WOMENS EMPLOYMENT; MARRIED-WOMEN; GENDER-GAP; LIFE-CYCLE; PARTICIPATION; EVOLUTION; CHILDREN,,"[Goldin, Claudia] Harvard Univ, Henry Lee Prof Econ, Cambridge, MA 02138 USA; [Goldin, Claudia] Harvard Univ, Lee & Ezpeleta Professorship Arts & Sci, Cambridge, MA 02138 USA",Harvard University; Harvard University,"Goldin, C (corresponding author), Harvard Univ, Henry Lee Prof Econ, Cambridge, MA 02138 USA.; Goldin, C (corresponding author), Harvard Univ, Lee & Ezpeleta Professorship Arts & Sci, Cambridge, MA 02138 USA.",cgoldin@harvard.edu,,,,,"Acknowledgments: This is an expanded version of my 2023 Nobel Lecture in Economic Sciences. I am honored to have been depicted, by Johan Jarnestad and the Royal Swedish Academy of Sciences, as a detective. But I could never have been an effective detective, without the help of others. I thank Gary Becker, Ester Boserup, Richard Easterlin, and Jacob Mincer for providing big ideas in their writings and in discussions with me. I am grateful to my co-authors (Marianne Bertrand, Sari Kerr, Ilyana Kuziemko, Joshua Mitchell, Claudia Olivetti, and Cecilia Rouse) and other researchers of gender economics (especially Francine Blau and Elyce Rotella) , for providing evidence, stories, and history. There have been many research assistants, thanked in the papers referenced here. Dev Patel has been part of virtually all my projects ever since he was my research assistant in 2017. Anna Esenther and Shu Yang Wei provided last minute help. I thank them both. Larry Katz is in all categories and is irreplaceable.","Angelov N, 2016, J LABOR ECON, V34, P545, DOI 10.1086/684851; Bertrand M, 2020, AEA PAP P, V110, P1, DOI 10.1257/pandp.20201126; Bertrand M, 2010, AM ECON J-APPL ECON, V2, P228, DOI 10.1257/app.2.3.228; Blau FD, 2007, J LABOR ECON, V25, P393, DOI 10.1086/513416; Blau FD, 2017, J ECON LIT, V55, P789, DOI 10.1257/jel.20160995; Bolotnyy V, 2022, J LABOR ECON, V40, P283, DOI 10.1086/715835; Boserup Ester., 2007, WOMANS ROLE EC DEV; Chinhui Juhn, 2016, RSF-RUS SAGE J SOC S, V2, P237, DOI [10.7758/rsf.2016.2.4.09, 10.7758/rsf.2016.2.4.09, DOI 10.7758/RSF.2016.2.4.09]; Cortés P, 2023, J ECON LIT, V61, P1359, DOI 10.1257/jel.20221549; Durand J.D., 1975, The labor force in economic development; Fernández R, 2013, AM ECON REV, V103, P472, DOI 10.1257/aer.103.1.472; Fogel RobertWilliam., 2013, Political Arithmetic: Simon Kuznets and the Empirical Tradition in Economics; Fogli A, 2011, ECONOMETRICA, V79, P1103, DOI 10.3982/ECTA7767; GOLDIN C, 1986, J INTERDISCIPL HIST, V16, P375, DOI 10.2307/204496; GOLDIN C, 1989, J LABOR ECON, V7, P20, DOI 10.1086/298197; Goldin C, 2002, J POLIT ECON, V110, P730, DOI 10.1086/340778; Goldin C., 2018, Women working longer: Increased employment at older ages, P11; Goldin C., 1995, INVESTMENT WOMENS HU, P61, DOI [10.3386/w4707, DOI 10.3386/W4707]; Goldin C., 2008, RACE ED TECHNOLOGY; Goldin C., 2023, 31762 NBER; GOLDIN CD, 1991, AM ECON REV, V81, P741; Goldin C, 2022, BROOKINGS PAP ECO AC, P65; Goldin C, 2006, AM ECON REV, V96, P1, DOI 10.1257/000282806777212350; Goldin C, 2006, J ECON PERSPECT, V20, P133, DOI 10.1257/jep.20.4.133; Goldin C, 2017, J ECON PERSPECT, V31, P161, DOI 10.1257/jep.31.1.161; Goldin C, 2016, J LABOR ECON, V34, P705, DOI 10.1086/685505; Goldin C, 2014, AM ECON REV, V104, P1091, DOI 10.1257/aer.104.4.1091; Goldin C, 2013, AM ECON REV, V103, P257, DOI 10.1257/aer.103.3.257; Goldin Claudia, Review of Economic Dynamics and Control; Goldin Claudia., 2014, Human Capital and History, P313, DOI DOI 10.7208/CHICAGO/9780226163925.003.0010; Goldin Claudia., 1990, UNDERSTANDING GENDER; Goldin Claudia., 2021, Career Family: Women's Century-Long Journey Toward Equity; Heath R, 2018, The Oxford Handbook of Women and the Economy, P345; Juhn C, 2017, J ECON PERSPECT, V31, P183, DOI 10.1257/jep.31.1.183; Kleven H, 2019, AM ECON J-APPL ECON, V11, P181, DOI 10.1257/app.20180010; Kleven H, 2019, AEA PAP P, V109, P122, DOI 10.1257/pandp.20191078; Mammen K, 2000, J ECON PERSPECT, V14, P141, DOI 10.1257/jep.14.4.141; Mincer J., 1962, ASPECTS LABORECONOMI, P63, DOI DOI 10.1016/S1574-0692(06)01007-5; Ngai L. Rachel, 2024, Structural Transformation over 150 Years of Women's and Men's Work; Olivetti C., 2014, FEMALE LABOR FORCE L, P161; Rosovsky Henry, Favorites of Fortune: Technology, Growth, and Economic Development since the Industrial Revolution, P511; Rotz D, 2016, J HUM RESOUR, V51, P961, DOI 10.3368/jhr.51.4.0214-6224R",42,25,34,4,51,AMER ECONOMIC ASSOC,NASHVILLE,"2014 BROADWAY, STE 305, NASHVILLE, TN 37203 USA",0002-8282,1944-7981,,AM ECON REV,Am. Econ. Rev.,JUN,2024,114,6,,,,,1515,1539,,10.1257/aer.114.6.1515,http://dx.doi.org/10.1257/aer.114.6.1515,,,25,Economics,Social Science Citation Index (SSCI),Business & Economics,UP4H9,,,,,2026-07-15,WOS:001249243600001
J,"Deb, S; Eeckhout, J; Patel, A; Warren, L",,,,"Deb, Shubhdeep; Eeckhout, Jan; Patel, Aseem; Warren, Lawrence",,,"Reply to: Comments on ""Walras-Bowley Lecture: Market Power and Wage Inequality""",ECONOMETRICA,,,English,Letter,,,,,,,,,"[Deb, Shubhdeep] UPF Barcelona, Dept Econ, Barcelona, Spain; [Eeckhout, Jan] UPF Barcelona, Barcelona, Spain; [Eeckhout, Jan] ICREA BSE CREI, Barcelona, Spain; [Patel, Aseem] Univ Essex, Dept Econ, Colchester, England; [Warren, Lawrence] US Census Bur, Suitland, MD USA",Pompeu Fabra University; Pompeu Fabra University; University of Essex,"Eeckhout, J (corresponding author), UPF Barcelona, Barcelona, Spain.; Eeckhout, J (corresponding author), ICREA BSE CREI, Barcelona, Spain.",shubhdeep.deb@upf.edu; jan.eeckhout@upf.edu; aseem.patel@essex.ac.uk; lawrence.fujio.warren@census.gov,/A-3981-2008,,,,,"Bao Renjie., 2022, Are Managers Paid for Market Power?; Bao Renjie., 2023, Killer Innovation: The Macroeconomic Implications of Strategic Investment That Affects Market Structure; Bárány ZL, 2021, REV ECON DYNAM, V39, P304, DOI 10.1016/j.red.2020.07.007; De Loecker Jan., 2021, Quantifying Market Power and Business Dynamism in the Macroeconomy; De Ridder M, 2024, AM ECON REV, V114, P199, DOI 10.1257/aer.20201079; Deb S, 2022, J EUR ECON ASSOC, V20, P2181, DOI 10.1093/jeea/jvac060; Deb Shubhdeep., 2023, How Market Structure Shapes Entrepreneurship and Inequality; Gutierrez Agustin., 2022, Labor Market Power and the Pro-Competitive Gains From Trade; Hsieh CT, 2009, Q J ECON, V124, P1403, DOI 10.1162/qjec.2009.124.4.1403; Jarosch G, 2024, REV ECON STUD, V91, P3569, DOI 10.1093/restud/rdae004; Kaplan Greg., 2022, Markups, Labor Market Inequality and the Nature of Work; Krusell P, 2000, ECONOMETRICA, V68, P1029, DOI 10.1111/1468-0262.00150; Nimczik Jan Sebastian., 2020, Job Mobility Networks and Data-Driven Labor Markets; Olmstead-Rumsey Jane., 2023, Market Concentration and the Productivity Slowdown; Patel Aseem., 2021, The Role of Firms in Shaping Job Polarization; Van Reenen John., 2023, Econometrica; Violante Gianluca., 2023, Econometrica",17,0,0,1,1,WILEY,HOBOKEN,"111 RIVER ST, HOBOKEN 07030-5774, NJ USA",0012-9682,1468-0262,,ECONOMETRICA,Econometrica,MAY,2024,92,3,,,,,647,650,,10.3982/ECTA22384,http://dx.doi.org/10.3982/ECTA22384,,,4,"Economics; Mathematics, Interdisciplinary Applications; Social Sciences, Mathematical Methods; Statistics & Probability",Science Citation Index Expanded (SCI-EXPANDED); Social Science Citation Index (SSCI),Business & Economics; Mathematics; Mathematical Methods In Social Sciences,DD1ZR,,Green Submitted,,,2026-07-15,WOS:001680627600001
J,"Blundell, R; Green, DA; Jin, WC",,,,"Blundell, Richard; Green, David A.; Jin, Wenchao",,,"The U.K. as a Technological Follower: Higher Education Expansion and the College Wage Premium (vol 89, pg 142, 2022)",REVIEW OF ECONOMIC STUDIES,,,English,Correction,,,,,,,,,,,,,"Blundell, Richard/C-1552-2008","Blundell, Richard/0000-0003-1588-2299",,,,"Blundell R, 2022, REV ECON STUD, V89, P142, DOI 10.1093/restud/rdab034",1,1,1,1,19,OXFORD UNIV PRESS,OXFORD,"GREAT CLARENDON ST, OXFORD OX2 6DP, ENGLAND",0034-6527,1467-937X,,REV ECON STUD,Rev. Econ. Stud.,APR 5,2024,91,4,,,,,2538,2541,,10.1093/restud/rdae029,http://dx.doi.org/10.1093/restud/rdae029,,APR 2024,4,Economics,Social Science Citation Index (SSCI),Business & Economics,XN1M0,,"Green Submitted, hybrid",,,2026-07-15,WOS:001197445100001
J,"Asriyan, V; Vanasco, V",,,,"Asriyan, Vladimir; Vanasco, Victoria",,,"Security Design in Non-Exclusive Markets with Asymmetric Information (vol 91, pg 690, 2024)",REVIEW OF ECONOMIC STUDIES,,,English,Correction,,,,,,,,,,,,,/AAA-5485-2019; /A-5191-2019,,Spanish Ministry of Economy and Competitiveness [CEX2019-000915-S]; Generalitat de Catalunya [2017-SGR-1393]; Spanish State Research Agency; European Social Fund [RYC2019-027607-I/AEI]; European Research Council [948432]; European Research Council (ERC) [948432] Funding Source: European Research Council (ERC),Spanish Ministry of Economy and Competitiveness(Spanish Government); Generalitat de Catalunya(Generalitat de Catalunya); Spanish State Research Agency(Spanish Government); European Social Fund(European Social Fund (ESF)); European Research Council(European Research Council (ERC)); European Research Council (ERC)(European Research Council (ERC)),"Asriyan and Vanasco acknowledge financial support from the Spanish Ministry of Economy and Competitiveness, through the Severo Ochoa Programme for Centres of Excel-lence in R&D (CEX2019-000915-S) and from the Generalitat de Catalunya, through CERCA and SGR Programme (2017-SGR-1393). Asriyan acknowledges financial support from the Spanish State Research Agency and the European Social Fund (RYC2019-027607-I/AEI/10.13039/501100011033). Vanasco acknowledges financial support from the European Research Council under the European Union's Horizon 2020 research and innovation program(INFOMAK - 948432).""","Asriyan V, 2024, REV ECON STUD, V91, P690, DOI 10.1093/restud/rdad038",1,0,0,0,7,OXFORD UNIV PRESS,OXFORD,"GREAT CLARENDON ST, OXFORD OX2 6DP, ENGLAND",0034-6527,1467-937X,,REV ECON STUD,Rev. Econ. Stud.,APR 3,2024,91,4,,,,,2542,2542,,10.1093/restud/rdae034,http://dx.doi.org/10.1093/restud/rdae034,,APR 2024,1,Economics,Social Science Citation Index (SSCI),Business & Economics,XN1M6,,hybrid,,,2026-07-15,WOS:001196105200001
J,"Bertola, G; Guiso, L; Pistaferri, L",,,,"Bertola, Giuseppe; Guiso, Luigi; Pistaferri, Luigi",,,"Uncertainty and Consumer Durables Adjustment (vol 72, pg 973, 2005)",REVIEW OF ECONOMIC STUDIES,,,English,Correction,,,,,,,,,"[Bertola, Giuseppe] Univ Turin, Turin, Italy; [Bertola, Giuseppe; Guiso, Luigi; Pistaferri, Luigi] CEPR, London, England; [Bertola, Giuseppe] CESifo, Munich, Germany; [Guiso, Luigi] EIEF, Rome, Italy; [Pistaferri, Luigi] Stanford Univ, Stanford, CA USA; [Pistaferri, Luigi] SIEPR, Stanford, CA USA; [Pistaferri, Luigi] NBER, Cambridge, MA USA",University of Turin; Centre for Economic Policy Research - UK; Leibniz Association; Ifo Institut; Stanford University; National Bureau of Economic Research,"Bertola, G (corresponding author), Univ Turin, Turin, Italy.; Bertola, G (corresponding author), CEPR, London, England.; Bertola, G (corresponding author), CESifo, Munich, Germany.",giuseppe.bertola@unito.it,"guiso, luigi/A-8394-2015",,,,,"Bertola G, 2005, REV ECON STUD, V72, P973, DOI 10.1111/0034-6527.00358",1,0,0,0,13,OXFORD UNIV PRESS,OXFORD,"GREAT CLARENDON ST, OXFORD OX2 6DP, ENGLAND",0034-6527,1467-937X,,REV ECON STUD,Rev. Econ. Stud.,APR 1,2024,91,4,,,,,2543,2544,,10.1093/restud/rdae030,http://dx.doi.org/10.1093/restud/rdae030,,APR 2024,2,Economics,Social Science Citation Index (SSCI),Business & Economics,XN1L2,,Bronze,,,2026-07-15,WOS:001194607200001
J,"Herkenhoff, K; Phillips, G; Cohen-Cole, E",,,,"Herkenhoff, Kyle; Phillips, Gordon; Cohen-Cole, Ethan",,,"How Credit Constraints Impact Job Finding Rates, Sorting, and Aggregate Output (Nov, rdad104, 2023)",REVIEW OF ECONOMIC STUDIES,,,English,Correction,,,,,,,,,,,,,"Phillips, Gordon/E-4636-2011",,,,,"Herkenhoff K, 2023, REV ECON STUD, V91, P2832, DOI 10.1093/restud/rdad104",1,0,0,0,19,OXFORD UNIV PRESS,OXFORD,"GREAT CLARENDON ST, OXFORD OX2 6DP, ENGLAND",0034-6527,1467-937X,,REV ECON STUD,Rev. Econ. Stud.,FEB 15,2024,91,5,,,,,3116,3116,,10.1093/restud/rdae014,http://dx.doi.org/10.1093/restud/rdae014,,FEB 2024,1,Economics,Social Science Citation Index (SSCI),Business & Economics,E6P5A,,Bronze,,,2026-07-15,WOS:001168902500001
J,"Grant, S; Liu, SL; Yang, JN",,,,"Grant, Simon; Liu, Sh. L.; Yang, Jingni",,,"A Comment on: ""Expected Uncertain Utility""",ECONOMETRICA,,,English,Article,,,,,,,,,"[Grant, Simon] Australian Natl Univ, Res Sch Econ, Canberra, Australia; [Liu, Sh. L.] Peking Univ, Beijing, Peoples R China; [Yang, Jingni] Univ Sydney, Sch Econ, Sydney, Australia",Australian National University; Peking University; University of Sydney,"Grant, S (corresponding author), Australian Natl Univ, Res Sch Econ, Canberra, Australia.",simon.grant@anu.edu.au; shliu.research@gmail.com; jingni.yang@sydney.edu.au,,"Yang, Jingni/0000-0003-0126-6137",,,,"Arrow K. J., 1974, ESSAYS THEORY RISK B, V121; GORMAN WM, 1968, REV ECON STUD, V35, P367, DOI 10.2307/2296766; Gul F, 2014, ECONOMETRICA, V82, P1, DOI 10.3982/ECTA9188; Savage J.L., 1954, FDN STAT",4,1,1,2,51,WILEY,HOBOKEN,"111 RIVER ST, HOBOKEN 07030-5774, NJ USA",0012-9682,1468-0262,,ECONOMETRICA,Econometrica,JAN,2024,92,1,,,,,247,256,,10.3982/ECTA21843,http://dx.doi.org/10.3982/ECTA21843,,,10,"Economics; Mathematics, Interdisciplinary Applications; Social Sciences, Mathematical Methods; Statistics & Probability",Science Citation Index Expanded (SCI-EXPANDED); Social Science Citation Index (SSCI),Business & Economics; Mathematics; Mathematical Methods In Social Sciences,GP3R2,,,,,2026-07-15,WOS:001153837400009
J,"Bresnahan, T",,,,"Bresnahan, Tim",,,"A Comment on: ""Presidential Address: Demand-Side Constraints in Development. The Role of Market Size, Trade, and (In)Equality"" by Pinelopi Koujianou Goldberg and Tristan Reed",ECONOMETRICA,,,English,Article,,,,,,,,,"[Bresnahan, Tim] Stanford Univ, Dept Econ, Stanford, CA 94305 USA; [Bresnahan, Tim] NBER, Cambridge, MA 02138 USA",Stanford University; National Bureau of Economic Research,"Bresnahan, T (corresponding author), Stanford Univ, Dept Econ, Stanford, CA 94305 USA.; Bresnahan, T (corresponding author), NBER, Cambridge, MA 02138 USA.",tbres@stanford.edu,,,,,,"BRESNAHAN TF, 1991, J POLIT ECON, V99, P977, DOI 10.1086/261786",1,0,0,0,6,WILEY,HOBOKEN,"111 RIVER ST, HOBOKEN 07030-5774, NJ USA",0012-9682,1468-0262,,ECONOMETRICA,Econometrica,NOV,2023,91,6,,,,,1951,1953,,10.3982/ECTA22218,http://dx.doi.org/10.3982/ECTA22218,,,3,"Economics; Mathematics, Interdisciplinary Applications; Social Sciences, Mathematical Methods; Statistics & Probability",Science Citation Index Expanded (SCI-EXPANDED); Social Science Citation Index (SSCI),Business & Economics; Mathematics; Mathematical Methods In Social Sciences,KH9E0,,,,,2026-07-15,WOS:001179178700021
J,"Bustos, P",,,,"Bustos, Paula",,,"A Comment on: ""Presidential Address: Demand-Side Constraints in Development: The Role of Market Size, Trade, and (In)Equality"" by Pinelopi Koujianou Goldberg and Tristan Reed",ECONOMETRICA,,,English,Article,,,,,,,AGRICULTURAL PRODUCTIVITY; LIBERALIZATION; INEQUALITY; IMPACT,,"[Bustos, Paula] CEMFI, Madrid, Spain; [Bustos, Paula] ICREA, Barcelona, Spain; [Bustos, Paula] IPEG, Cranberry Township, PA 16066 USA; [Bustos, Paula] UPF, Barcelona, Spain",ICREA; Pompeu Fabra University,"Bustos, P (corresponding author), CEMFI, Madrid, Spain.; Bustos, P (corresponding author), ICREA, Barcelona, Spain.; Bustos, P (corresponding author), IPEG, Cranberry Township, PA 16066 USA.; Bustos, P (corresponding author), UPF, Barcelona, Spain.",paula.bustos@upf.edu,"Bustos, Paula/B-5062-2013","Bustos, Paula/0000-0003-4517-1260",Horizon 2020,Horizon 2020(Horizon 2020),No Statement Available,"Alfaro-Ureña A, 2022, Q J ECON, V137, P1495, DOI 10.1093/qje/qjac006; Atkin D, 2017, Q J ECON, V132, P551, DOI 10.1093/qje/qjx002; Aw BY, 2011, AM ECON REV, V101, P1312, DOI 10.1257/aer.101.4.1312; Barros R, 2010, DECLINING INEQUALITY IN LATIN AMERICA: A DECADE OF PROGRESS, P134; Bartelme D G., 2021, The textbook case for industrial policy: Theory meets data; Bustos P, 2016, AM ECON REV, V106, P1320, DOI 10.1257/aer.20131061; Bustos P, 2011, AM ECON REV, V101, P304, DOI 10.1257/aer.101.1.304; Bustos Paula., 2022, Industrialization Without Innovation; Choi Jaredo., 2023, National Bureau of Economic Research Working Paper No. 29263; CORDEN WM, 1982, ECON J, V92, P825, DOI 10.2307/2232670; Engbom N, 2022, AM ECON REV, V112, P3803, DOI 10.1257/aer.20181506; Ferraz Claudio, 2015, National Bureau of Economic Research Working Paper No. 21219; GOLDBERG P.K., 2004, Brookings Trade Forum,, Globalization, Poverty, and Inequality, P223; Gollin D, 2002, AM ECON REV, V92, P160, DOI 10.1257/000282802320189177; Helpman E., 1985, MARKET STRUCTURE FOR; Juhász R, 2018, AM ECON REV, V108, P3339, DOI 10.1257/aer.20151730; Kalouptsidi M, 2018, REV ECON STUD, V85, P1111, DOI 10.1093/restud/rdx050; Kongsamut P, 2001, REV ECON STUD, V68, P869, DOI 10.1111/1467-937X.00193; Lileeva A, 2010, Q J ECON, V125, P1051, DOI 10.1162/qjec.2010.125.3.1051; MATSUYAMA K, 1992, J ECON THEORY, V58, P317, DOI 10.1016/0022-0531(92)90057-O; McCaig B, 2018, AM ECON REV, V108, P1899, DOI 10.1257/aer.20141096; MURPHY KM, 1989, Q J ECON, V104, P537, DOI 10.2307/2937810; Topalova P, 2010, AM ECON J-APPL ECON, V2, P1, DOI 10.1257/app.2.4.1; Verhoogen EA, 2008, Q J ECON, V123, P489, DOI 10.1162/qjec.2008.123.2.489",24,1,1,2,10,WILEY,HOBOKEN,"111 RIVER ST, HOBOKEN 07030-5774, NJ USA",0012-9682,1468-0262,,ECONOMETRICA,Econometrica,NOV,2023,91,6,,,,,1955,1958,,10.3982/ECTA22318,http://dx.doi.org/10.3982/ECTA22318,,,4,"Economics; Mathematics, Interdisciplinary Applications; Social Sciences, Mathematical Methods; Statistics & Probability",Science Citation Index Expanded (SCI-EXPANDED); Social Science Citation Index (SSCI),Business & Economics; Mathematics; Mathematical Methods In Social Sciences,KH9E0,,,,,2026-07-15,WOS:001179178700003
J,"Goldberg, PK; Reed, T",,,,"Goldberg, Pinelopi Koujianou; Reed, Tristan",,,"Comments on ""Presidential Address: Demand-Side Constraints in Development. The Role of Market Size, Trade, and (In)Equality""",ECONOMETRICA,,,English,Article,,,,,,,,,"[Goldberg, Pinelopi Koujianou] Yale Univ, Dept Econ, BREAD, CEPR, New Haven, CT 06520 USA; [Goldberg, Pinelopi Koujianou] NBER, New Haven, CT 06520 USA; [Reed, Tristan] World Bank Dev Res Grp, Washington, DC USA",Center for Economic & Policy Research (CEPR); Yale University; National Bureau of Economic Research; The World Bank,"Goldberg, PK (corresponding author), Yale Univ, Dept Econ, BREAD, CEPR, New Haven, CT 06520 USA.; Goldberg, PK (corresponding author), NBER, New Haven, CT 06520 USA.",penny.goldberg@yale.edu; treed@worldbank.org,"Goldberg, Pinelopi/QAW-1790-2026",,,,,"Atkin David., 2022, Globalization and the Ladder of Development: Pushed to the Top or Held at the Bottom?; Atkin DavidDave Donaldson., 2015, WHOS GETTING GLOBALI; Fajgelbaum PD, 2020, Q J ECON, V135, P1, DOI 10.1093/qje/qjz036; Fajgelbaum Pablo D., 2023, American Economic Review: Insights; Fan Tianyu., 2023, Econometrica, V91; Iimi Atsushi, 2018, Policy Research Working Paper 8488",6,0,0,1,5,WILEY,HOBOKEN,"111 RIVER ST, HOBOKEN 07030-5774, NJ USA",0012-9682,1468-0262,,ECONOMETRICA,Econometrica,NOV,2023,91,6,,,,,1963,1967,,10.3982/ECTA22251,http://dx.doi.org/10.3982/ECTA22251,,,5,"Economics; Mathematics, Interdisciplinary Applications; Social Sciences, Mathematical Methods; Statistics & Probability",Science Citation Index Expanded (SCI-EXPANDED); Social Science Citation Index (SSCI),Business & Economics; Mathematics; Mathematical Methods In Social Sciences,KH9E0,,,,,2026-07-15,WOS:001179178700011
J,"Rodrik, D",,,,"Rodrik, Dani",,,"A Comment on: ""Presidential Address: Demand-Side Constraints in Development: The Role of Market Size, Trade, and (In)Equality,"" by Pinelopi Koujianou Goldberg and Tristan Reed",ECONOMETRICA,,,English,Article,,,,,,,,,"[Rodrik, Dani] Harvard Univ, John F Kennedy Sch Govt, Cambridge, MA 02138 USA",Harvard University,"Rodrik, D (corresponding author), Harvard Univ, John F Kennedy Sch Govt, Cambridge, MA 02138 USA.",dani_rodrik@hks.harvard.edu,,,,,,"Diao X., 2021, Africa's manufacturing puzzle: Evidence from tanzanian and ethiopian firms, DOI 10.3386/w28344; Diao X., 2019, Palgrave handbook of development economics, P281, DOI [DOI 10.1007/978-3-030-14000-7_9, 10.1007/978-3-030-14000-7_9]; Fentanes Oscar., 2023, paper; Kremer Michael., 2021, Converging to Convergence; Patel Dev., 2021, The New Era of Unconditional Convergence",5,0,0,0,4,WILEY,HOBOKEN,"111 RIVER ST, HOBOKEN 07030-5774, NJ USA",0012-9682,1468-0262,,ECONOMETRICA,Econometrica,NOV,2023,91,6,,,,,1959,1962,,10.3982/ECTA22088,http://dx.doi.org/10.3982/ECTA22088,,,4,"Economics; Mathematics, Interdisciplinary Applications; Social Sciences, Mathematical Methods; Statistics & Probability",Science Citation Index Expanded (SCI-EXPANDED); Social Science Citation Index (SSCI),Business & Economics; Mathematics; Mathematical Methods In Social Sciences,KH9E0,,,,,2026-07-15,WOS:001179178700009
J,[Anonymous],,,,[Anonymous],,,Forthcoming Papers,ECONOMETRICA,,,English,Article,,,,,,,,,,,,,,,,,,,0,0,0,1,5,WILEY,HOBOKEN,"111 RIVER ST, HOBOKEN 07030-5774, NJ USA",0012-9682,1468-0262,,ECONOMETRICA,Econometrica,NOV,2023,91,6,,,,,2463,2463,,10.3982/ECTA916FORTH,http://dx.doi.org/10.3982/ECTA916FORTH,,,1,"Economics; Mathematics, Interdisciplinary Applications; Social Sciences, Mathematical Methods; Statistics & Probability",Science Citation Index Expanded (SCI-EXPANDED); Social Science Citation Index (SSCI),Business & Economics; Mathematics; Mathematical Methods In Social Sciences,KH9E0,,,,,2026-07-15,WOS:001179178700020
J,"Giuliano, P; Nunn, N",,,,"Giuliano, Paola; Nunn, Nathan",,,"Understanding Cultural Persistence and Change (vol 88, pg 1541, 2021)",REVIEW OF ECONOMIC STUDIES,,,English,Correction,,,,,,,,,,,,,/J-3159-2013,,,,,"Giuliano P, 2021, REV ECON STUD, V88, P1541, DOI 10.1093/restud/rdaa074",1,0,1,0,23,OXFORD UNIV PRESS,OXFORD,"GREAT CLARENDON ST, OXFORD OX2 6DP, ENGLAND",0034-6527,1467-937X,,REV ECON STUD,Rev. Econ. Stud.,JAN 12,2024,91,1,,,,,597,597,,10.1093/restud/rdad097,http://dx.doi.org/10.1093/restud/rdad097,,OCT 2023,1,Economics,Social Science Citation Index (SSCI),Business & Economics,IR7X3,,hybrid,,,2026-07-15,WOS:001082924000001
J,[Anonymous],,,,[Anonymous],,,"Unemployment Insurance in Macroeconomic Stabilization (vol 90, pg 2439, 2023)",REVIEW OF ECONOMIC STUDIES,,,English,Article,,,,,,,,,,,,,,,,,,"Kekre R, 2023, REV ECON STUD, V90, P2439, DOI 10.1093/restud/rdac080",1,0,0,0,14,OXFORD UNIV PRESS,OXFORD,"GREAT CLARENDON ST, OXFORD OX2 6DP, ENGLAND",0034-6527,1467-937X,,REV ECON STUD,Rev. Econ. Stud.,JAN 12,2024,91,1,,,,,596,596,,10.1093/restud/rdad092,http://dx.doi.org/10.1093/restud/rdad092,,OCT 2023,1,Economics,Social Science Citation Index (SSCI),Business & Economics,HW7U7,,Bronze,,,2026-07-15,WOS:001154621900001
J,"Diamond, DW",,,,"Diamond, Douglas W.",,,Nobel Lecture: Financial Intermediaries and Financial Crises,JOURNAL OF POLITICAL ECONOMY,,,English,Article,,,,,,,BANK RUNS; DEPOSIT INSURANCE; AGENCY COSTS; DEBT; LIQUIDITY; CONTRACTS; MATURITY; MONEY; MODEL,,"[Diamond, Douglas W.] Univ Chicago, Chicago, IL 60637 USA; [Diamond, Douglas W.] Natl Bur Econ Res, Cambridge, MA 02138 USA",University of Chicago; National Bureau of Economic Research,"Diamond, DW (corresponding author), Univ Chicago, Chicago, IL 60637 USA.; Diamond, DW (corresponding author), Natl Bur Econ Res, Cambridge, MA 02138 USA.",,"Diamond, Douglas/KHZ-3251-2024","Diamond, Douglas/0000-0002-1625-502X",,,,"Allen F, 2004, ECONOMETRICA, V72, P1023, DOI 10.1111/j.1468-0262.2004.00525.x; [Anonymous], 2008, M SCHOL GLOB MARK FO; BALTENSPERGER E, 1980, J MONETARY ECON, V6, P1, DOI 10.1016/0304-3932(80)90016-1; BENSTON GJ, 1976, J FINANC, V31, P215, DOI 10.2307/2326596; BERNANKE B, 1989, AM ECON REV, V79, P14; BERNANKE BS, 1983, AM ECON REV, V73, P257; Black F., 1975, Journal of Financial Economics, V2, P323, DOI [10.1016/0304-405X(75)90008-2, DOI 10.1016/0304-405X(75)90008-2]; BRYANT J, 1980, J BANK FINANC, V4, P335, DOI 10.1016/0378-4266(80)90012-6; CALOMIRIS CW, 1991, AM ECON REV, V81, P497; Capra Frank, 2019, ITS WONDERFUL LIFE; CASS D, 1983, J POLIT ECON, V91, P193, DOI 10.1086/261139; Cooper R, 1998, J MONETARY ECON, V41, P27, DOI 10.1016/S0304-3932(97)00070-6; Davila E., 2023, Journal of Political Economy, V131, P1676; DeMarzo PM, 2005, REV FINANC STUD, V18, P1, DOI 10.1093/rfs/hhi008; Diamond DW, 2016, HBK ECON, P2263, DOI 10.1016/bs.hesmac.2016.03.011; Diamond D.W., 1996, FEDERAL RESERVE BANK, V82, P51, DOI DOI 10.2307/2297430; Diamond D.W., 2007, FEDERAL RESERVE BANK, V93, P189; Diamond DW, 2014, J FINANC, V69, P719, DOI 10.1111/jofi.12118; Diamond DW, 2012, J POLIT ECON, V120, P552, DOI 10.1086/666669; Diamond DW, 2011, Q J ECON, V126, P557, DOI 10.1093/qje/qjr012; Diamond Douglas W., 1980, THESIS YALE U; Diamond DW, 2000, J FINANC, V55, P2431, DOI 10.1111/0022-1082.00296; DIAMOND DW, 1984, REV ECON STUD, V51, P393, DOI 10.2307/2297430; Diamond DW, 2006, AM ECON REV, V96, P30, DOI 10.1257/000282806776157759; Diamond DW, 2005, J FINANC, V60, P615, DOI 10.1111/j.1540-6261.2005.00741.x; Diamond DW, 2004, J FINANC, V59, P1447, DOI 10.1111/j.1540-6261.2004.00669.x; DIAMOND DW, 1991, Q J ECON, V106, P709, DOI 10.2307/2937924; DIAMOND DW, 1991, J POLIT ECON, V99, P689, DOI 10.1086/261775; DIAMOND DW, 1993, J FINANC ECON, V33, P341, DOI 10.1016/0304-405X(93)90011-Y; DIAMOND DW, 1986, J BUS, V59, P55, DOI 10.1086/296314; DIAMOND DW, 1983, J POLIT ECON, V91, P401, DOI 10.1086/261155; Diamond DW, 2001, J POLIT ECON, V109, P287, DOI 10.1086/319552; Diamond DW, 1997, J POLIT ECON, V105, P928, DOI 10.1086/262099; Dybvig Philip H., 2023, JPE, V131, pXXX; Edgeworth F.Y., 1888, Journal of the Royal Statistical Society, V51, P113; Fama E.F., 1972, THEORY FINANCE; Friedman M., 1971, A monetary history of the United States, 1867-1960; Friedman M., 1962, Friedman v Barret; Ex parte Friedman; Goldstein I, 2005, J FINANC, V60, P1293, DOI 10.1111/j.1540-6261.2005.00762.x; HART O, 1994, Q J ECON, V109, P841, DOI 10.2307/2118350; Holmstrom B, 1998, J POLIT ECON, V106, P1, DOI 10.1086/250001; Holmstrom B, 1997, Q J ECON, V112, P663, DOI 10.1162/003355397555316; JENSEN MC, 1976, J FINANC ECON, V3, P305, DOI 10.1016/0304-405X(76)90026-X; Kiyotaki N, 1997, J POLIT ECON, V105, P211, DOI 10.1086/262072; MODIGLIANI F, 1958, AM ECON REV, V48, P261; Morris S, 2001, NBER MACROECON ANN, V15, P139; ROSS SA, 1973, AM ECON REV, V63, P134; Samuelson Paul., 1970, Economics, V8th; Schmidt L, 2016, AM ECON REV, V106, P2625, DOI 10.1257/aer.20140678; TOWNSEND RM, 1979, J ECON THEORY, V21, P265, DOI 10.1016/0022-0531(79)90031-0",50,5,8,3,32,UNIV CHICAGO PRESS,CHICAGO,"1427 E 60TH ST, CHICAGO, IL 60637-2954 USA",0022-3808,1537-534X,,J POLIT ECON,J. Polit. Econ.,OCT 1,2023,131,10,,,,,2597,2622,,10.1086/725793,http://dx.doi.org/10.1086/725793,,OCT 2023,26,Economics,Social Science Citation Index (SSCI),Business & Economics,W8NC3,,,,,2026-07-15,WOS:001067090100002
J,"Dybvig, PH",,,,"Dybvig, Philip H.",,,Nobel Lecture: Multiple Equilibria,JOURNAL OF POLITICAL ECONOMY,,,English,Article,,,,,,,DEPOSIT INSURANCE; BANK RUNS; DEMAND; MARKET,,"[Dybvig, Philip H.] Washington Univ, St Louis, MO 63130 USA",Washington University (WUSTL),"Dybvig, PH (corresponding author), Washington Univ, St Louis, MO 63130 USA.",,,"Dybvig, Philip Phil/0009-0002-9281-8741",,,,"AKERLOF GA, 1970, Q J ECON, V84, P488, DOI 10.2307/1879431; [Anonymous], 1980, 546 YAL U COWL FDN; Bell J.S., 1964, PHYSICS, V1, P195; BERNANKE BS, 1983, AM ECON REV, V73, P257; BERNHEIM BD, 1984, ECONOMETRICA, V52, P1007, DOI 10.2307/1911196; Burdett K, 1998, INT ECON REV, V39, P257, DOI 10.2307/2527292; CASS D, 1983, J POLIT ECON, V91, P193, DOI 10.1086/261139; Committee for the Prize in Economic Sciences in Memory of Alfred Nobel, 2022, FINANCIAL INTERMEDIA; Diamond D.W., 2007, FEDERAL RESERVE BANK, V93, P189; DIAMOND DW, 1984, REV ECON STUD, V51, P393, DOI 10.2307/2297430; DIAMOND DW, 1986, J BUS, V59, P55, DOI 10.1086/296314; DIAMOND DW, 1983, J POLIT ECON, V91, P401, DOI 10.1086/261155; Dybvig P., 1983, Does it Pay to Maintain a Reputation?; DYBVIG PH, 1983, J PUBLIC ECON, V20, P231, DOI 10.1016/0047-2727(83)90012-9; Dybvig Philip H., 2023, NOBEL PRIZES 2022; Dybvig Philip H., 1979, MICROFOUNDATIONS WAG; Einstein A, 1935, PHYS REV, V47, P0777, DOI 10.1103/PhysRev.47.777; Farmer REA, 2013, ECON J, V123, P317, DOI 10.1111/ecoj.12028; Farmer REA, 2012, ECON J, V122, P155, DOI 10.1111/j.1468-0297.2011.02474.x; Farmer REA, 2008, INT J ECON THEORY, V4, P77, DOI 10.1111/j.1742-7363.2007.00069.x; HART OD, 1975, J ECON THEORY, V11, P418, DOI 10.1016/0022-0531(75)90028-9; Iyer R, 2016, J FINANC, V71, P2687, DOI 10.1111/jofi.12424; Iyer R, 2012, AM ECON REV, V102, P1414, DOI 10.1257/aer.102.4.1414; Keynes JM, 1937, Q J ECON, V51, P209, DOI 10.2307/1882087; MARTIN C, IN PRESS; PEARCE DG, 1984, ECONOMETRICA, V52, P1029, DOI 10.2307/1911197; Prescott Edward Simpson, 2010, EC Q FEDERAL RESERVE, V96, P1; ROHLFS J, 1974, BELL J ECON, V5, P16, DOI 10.2307/3003090; SONNENSCHEIN H, 1973, J ECON THEORY, V6, P345, DOI 10.1016/0022-0531(73)90066-5; SONNENSCHEIN H, 1972, ECONOMETRICA, V40, P549, DOI 10.2307/1913184; Wallace Neil., 1996, Q REV, P3; Wallace Neil., 1988, Federal Reserve Bank of Minneapolis Quarterly Review, V12, P3; Wallace Neil., 1990, Federal Reserve Bank of Minneapolis Quarterly Review, V14, P11; Weinstein J, 2007, ECONOMETRICA, V75, P365, DOI 10.1111/j.1468-0262.2006.00751.x",34,2,5,0,12,UNIV CHICAGO PRESS,CHICAGO,"1427 E 60TH ST, CHICAGO, IL 60637-2954 USA",0022-3808,1537-534X,,J POLIT ECON,J. Polit. Econ.,OCT 1,2023,131,10,,,,,2623,2644,,10.1086/725792,http://dx.doi.org/10.1086/725792,,OCT 2023,22,Economics,Social Science Citation Index (SSCI),Business & Economics,W8NC3,,,,,2026-07-15,WOS:001074097500001
J,"Coimbra, N; Rey, H",,,,"Coimbra, Nuno; Rey, Helene",,,"Financial Cycles with Heterogeneous Intermediaries (Apr, 10.1093/restud/rdad093,2023)",REVIEW OF ECONOMIC STUDIES,,,English,Correction,,,,,,,,,,,,,"Rey, Helene/E-5094-2013",,,,,"Coimbra N, 2024, REV ECON STUD, V91, P817, DOI 10.1093/restud/rdad039",1,0,0,1,11,OXFORD UNIV PRESS,OXFORD,"GREAT CLARENDON ST, OXFORD OX2 6DP, ENGLAND",0034-6527,1467-937X,,REV ECON STUD,Rev. Econ. Stud.,MAR 6,2024,91,2,,,,,1200,1200,,10.1093/restud/rdad093,http://dx.doi.org/10.1093/restud/rdad093,,SEP 2023,1,Economics,Social Science Citation Index (SSCI),Business & Economics,JR6O8,,hybrid,,,2026-07-15,WOS:001168962800001
