Term,Weighted_Frequency,Source
企业,4280,普通词
市场,1995,普通词
数字,1357,普通词
风险,1345,普通词
政府,1328,普通词
技术,1236,普通词
金融,1141,普通词
治理,1067,普通词
资本,871,普通词
平台,869,普通词
改革,830,普通词
产业,774,普通词
转型,733,普通词
信息,711,普通词
网络,710,普通词
具有,709,普通词
收入,701,普通词
银行,693,普通词
投资,687,普通词
效率,666,普通词
社会,642,普通词
生产,617,普通词
体系,614,普通词
财政,588,普通词
能力,573,普通词
融资,570,普通词
高质量,559,普通词
成本,558,普通词
冲击,551,普通词
债务,545,普通词
劳动力,544,普通词
监管,543,普通词
贸易,539,普通词
现代化,531,普通词
存在,529,普通词
实证,524,普通词
环境,523,普通词
城市,514,普通词
价值,507,普通词
竞争,507,普通词
绿色,502,普通词
行为,492,普通词
过程,488,普通词
生产率,487,普通词
证据,482,普通词
税收,472,普通词
战略,463,普通词
高质量发展,463,复合短语
行业,459,普通词
需求,459,普通词
区域,452,普通词
数字经济,448,复合短语
消费,444,普通词
货币政策,444,普通词
地方政府,441,复合短语
异质性,438,普通词
逻辑,438,普通词
如何,436,普通词
数字化,429,普通词
资源,423,普通词
效果,411,普通词
程度,410,普通词
国际,409,普通词
经验,407,普通词
出口,406,普通词
目标,405,普通词
阶段,405,普通词
产品,400,普通词
利用,399,普通词
规模,397,普通词
激励,394,普通词
基础,385,普通词
社会主义,380,普通词
宏观,371,普通词
就业,367,普通词
组织,367,普通词
创业,366,普通词
优势,365,普通词
供应链,362,普通词
空间,360,普通词
产生,353,普通词
微观,353,普通词
供给,348,普通词
劳动,348,普通词
流动,345,普通词
分配,343,普通词
质量,342,普通词
资产,339,普通词
之间,337,普通词
对于,335,普通词
提出,333,普通词
约束,333,普通词
动态,330,普通词
选择,330,普通词
下降,329,普通词
优化,327,普通词
及其,327,普通词
因素,326,普通词
协同,320,普通词
实施,315,普通词
转移,315,普通词
交易,310,普通词
公司,309,普通词
系统,308,普通词
来自,307,普通词
双重,306,普通词
国内,305,普通词
驱动,305,普通词
制造业,301,普通词
科技,300,普通词
价格,299,普通词
导致,299,普通词
均衡,298,普通词
特色,298,普通词
有助于,294,普通词
部门,294,普通词
流动性,292,普通词
要素生产率,292,复合短语
农业,291,普通词
溢出,290,普通词
预期,290,普通词
作为,287,普通词
投资者,286,普通词
福利,286,普通词
层面,284,普通词
中国特色,281,复合短语
生产力,275,普通词
格局,274,普通词
升级,273,普通词
绩效,272,普通词
土地,271,普通词
方面,271,普通词
考察,270,普通词
这一,270,普通词
农村,268,普通词
差距,268,普通词
传统,267,普通词
关键,266,普通词
人力资本,264,普通词
企业创新,263,复合短语
相对,262,普通词
信贷,261,普通词
案例,261,普通词
投入,258,普通词
产出,253,普通词
服务,252,普通词
渠道,252,普通词
使用,251,普通词
持续,251,普通词
启示,248,普通词
价值链,247,普通词
统一,246,普通词
重大,240,普通词
完善,239,普通词
传导,238,普通词
知识,238,普通词
方式,234,普通词
进步,234,普通词
稳定,232,普通词
调整,232,普通词
跨境,231,普通词
融合,230,普通词
债券,227,普通词
替代,227,普通词
全国,226,普通词
共同富裕,226,普通词
带来,226,普通词
采用,226,普通词
实体,224,普通词
核心,222,普通词
研发,222,普通词
技能,221,普通词
改善,221,普通词
市场化,219,普通词
成为,218,普通词
主体,217,普通词
信用,214,普通词
一般,212,普通词
产业链,211,普通词
上市公司,210,普通词
循环,210,普通词
比较,210,普通词
进而,210,普通词
补贴,209,普通词
宏观经济,208,普通词
教育,208,普通词
决策,207,普通词
协调,207,普通词
全面,206,普通词
思想,206,普通词
保护,205,普通词
创造,204,普通词
工业,204,普通词
生态,203,普通词
结果表明,203,普通词
解释,203,普通词
领域,203,普通词
中国式,202,普通词
结构性,201,普通词
变革,199,普通词
定价,199,普通词
资源配置,198,复合短语与普通词
技术进步,197,复合短语
探索,196,普通词
电商,196,普通词
杠杆,195,普通词
结合,195,普通词
合作,194,普通词
意义,194,普通词
积极,194,普通词
人口,193,普通词
开放,193,普通词
深化,193,普通词
拓展,192,普通词
匹配,189,普通词
国有企业,189,普通词
学习,189,普通词
探讨,189,普通词
支持,189,普通词
产业结构,188,普通词
机构,188,普通词
现象,188,普通词
面临,188,普通词
农户,186,普通词
实体经济,185,复合短语
关联,184,普通词
安全,184,普通词
两个,183,普通词
人工智能,182,普通词
案例研究,182,复合短语
经营,182,普通词
上升,181,普通词
关注,181,普通词
数字化转型,181,复合短语
互联网,180,普通词
支付,180,普通词
缓解,180,普通词
股东,180,普通词
设计,180,普通词
增强,179,普通词
扩张,179,普通词
活动,179,普通词
系统性,179,普通词
理解,178,普通词
中国式现代化,176,复合短语
分析表明,176,普通词
公共,175,普通词
指标,175,普通词
扩大,174,普通词
金融风险,174,普通词
不确定性,172,普通词
乡村,172,普通词
识别,172,普通词
基金,171,普通词
更加,171,普通词
参考,170,普通词
具有重要,169,复合短语
增值税,169,普通词
支出,169,普通词
策略,169,普通词
发展格局,168,复合短语
减税,167,普通词
揭示,167,普通词
新质,167,普通词
新质生产力,167,复合短语
一定,164,普通词
全球价值链,164,复合短语
基础设施,164,普通词
新型,164,普通词
工具,163,普通词
历史,162,普通词
抑制,162,普通词
时期,162,普通词
自主,162,普通词
认知,162,普通词
建立,161,普通词
随着,161,普通词
中国共产党,160,普通词
政治经济学,160,普通词
最优,160,普通词
进入,159,普通词
复杂,158,普通词
引入,158,普通词
方向,158,普通词
一般均衡,157,复合短语
数字技术,157,复合短语
不断,156,普通词
量化,156,普通词
条件,155,普通词
溢价,155,普通词
经验证据,154,复合短语
任务,153,普通词
排放,153,普通词
并购,152,普通词
公共服务,151,普通词
实际,151,普通词
能源,151,普通词
以来,150,普通词
加强,150,普通词
溢出效应,149,复合短语
资本市场,149,复合短语
转变,149,普通词
现代,148,普通词
加快,147,普通词
工资,147,普通词
压力,146,普通词
机理,146,普通词
集聚,146,普通词
调控,145,普通词
组合,144,普通词
上述,143,普通词
其他,143,普通词
内在,143,普通词
担保,143,普通词
波动,143,普通词
货币,143,普通词
分工,142,普通词
互动,141,普通词
共享,141,普通词
平衡,141,普通词
技术创新,141,复合短语与普通词
收入分配,141,复合短语
利率,140,普通词
商业,140,普通词
重点,140,普通词
专利,139,普通词
发展阶段,139,复合短语
预算,139,普通词
中国特色社会主义,138,复合短语
分权,138,普通词
应对,138,普通词
服务业,138,普通词
特色社会主义,138,复合短语
统一市场,138,复合短语
保障,137,普通词
披露,137,普通词
更为,137,普通词
趋势,137,普通词
劳动力市场,136,复合短语
工作,136,普通词
数量,136,普通词
要求,136,普通词
韧性,136,普通词
中国企业,135,复合短语
健康,135,普通词
审慎,135,普通词
有利于,135,普通词
事实,134,普通词
强化,134,普通词
文化,134,普通词
潜在,134,普通词
经济高质量,134,复合短语
统筹,134,普通词
贷款,134,普通词
变迁,133,普通词
监督,133,普通词
坚持,132,普通词
弹性,132,普通词
测度,132,普通词
消费者,132,普通词
演进,132,普通词
贫困,132,普通词
丰富,131,普通词
呈现,131,普通词
扭曲,131,普通词
企业数字化,130,复合短语
体制,130,普通词
平等,130,普通词
生产网络,130,复合短语
实证检验,129,复合短语
收益,129,普通词
时间,129,普通词
政府债务,128,复合短语
是否,128,普通词
深度,128,普通词
融资平台,128,复合短语
赋能,128,普通词
份额,127,普通词
摩擦,127,普通词
调查,127,普通词
资金,127,普通词
共同,126,普通词
工程,126,普通词
更好,125,普通词
防范,125,普通词
实证研究,124,复合短语
测算,124,普通词
自然实验,124,普通词
规则,124,普通词
习近平,123,普通词
并且,123,普通词
损失,123,普通词
生育,123,普通词
边界,123,普通词
文本,122,普通词
突破,122,普通词
精准,122,普通词
利益,121,普通词
承担,121,普通词
经济高质量发展,121,复合短语
这种,121,普通词
内生,120,普通词
正向,120,普通词
范式,120,普通词
身份,120,普通词
转移支付,120,复合短语
征管,119,普通词
税负,119,普通词
缴费,119,普通词
使得,118,普通词
偏好,118,普通词
分解,118,普通词
强度,118,普通词
公平,117,普通词
参与,117,普通词
城乡,117,普通词
生态系统,117,普通词
运用,117,普通词
制造,116,普通词
居民,116,普通词
影子,116,普通词
标准,116,普通词
百年,116,普通词
发行,115,普通词
科学,115,普通词
纵向,115,普通词
倾向,114,普通词
地位,114,普通词
宏观审慎,114,复合短语
总体,114,普通词
情境,114,普通词
挑战,114,普通词
维度,114,普通词
马克思主义,114,普通词
规制,113,普通词
负担,113,普通词
金融发展,113,复合短语
一种,112,普通词
人民,112,普通词
财富,112,普通词
转换,112,普通词
受到,111,普通词
投入产出,111,复合短语与普通词
由于,111,普通词
综合,111,普通词
规律,111,普通词
过度,111,普通词
金融市场,111,普通词
分布,110,普通词
包含,110,普通词
疫情,110,普通词
融资约束,110,复合短语
中心,109,普通词
嵌入,109,普通词
全国统一,108,复合短语
引领,108,普通词
现有,108,普通词
考虑,108,普通词
评级,108,普通词
传染,107,普通词
功能,107,普通词
引导,107,普通词
代际,106,普通词
影子银行,106,复合短语
全国统一市场,105,复合短语
探究,105,普通词
机器人,105,普通词
现实,105,普通词
经济思想,105,复合短语
营商,105,普通词
角度,105,普通词
财政政策,105,普通词
造成,105,普通词
互补,104,普通词
偏向,104,普通词
地方政府债务,104,复合短语
支撑,104,普通词
税率,104,普通词
转化,104,普通词
出现,103,普通词
市场经济,103,复合短语与普通词
智能,103,普通词
汇率,103,普通词
获得,103,普通词
均衡模型,102,复合短语
增速,102,普通词
扶贫,102,普通词
本文利用,102,复合短语
理念,102,普通词
银行风险,102,复合短语
2019,101,普通词
债券市场,101,普通词
发生,101,普通词
成立,101,普通词
改变,101,普通词
概念,101,普通词
结果显示,101,普通词
营商环境,101,复合短语
解决,101,普通词
退税,101,普通词
GDP,100,普通词
劳动者,100,普通词
数字金融,100,复合短语
显示,100,普通词
核算,100,普通词
比较优势,100,复合短语
责任,100,普通词
进口,100,普通词
隐性,100,普通词
信息披露,99,复合短语
双循环,99,普通词
控制,99,普通词
比例,99,普通词
边际,99,普通词
博弈,98,普通词
原因,98,普通词
机器,98,普通词
社保,98,普通词
一带,97,普通词
一带一路,97,复合短语
一路,97,普通词
中央,97,普通词
最终,97,普通词
流转,97,普通词
群体,97,普通词
2020,96,普通词
加剧,96,普通词
困境,96,普通词
央行,96,普通词
平台企业,96,复合短语
引发,96,普通词
模拟,96,普通词
深入,96,普通词
主导,95,普通词
双重差分,95,复合短语
快速,95,普通词
更大,95,普通词
试点,95,普通词
领导,95,普通词
2017,94,普通词
包括,94,普通词
国家治理,94,复合短语
数字平台,94,复合短语
跨境电商,94,复合短语
分割,93,普通词
对称,93,普通词
有效性,93,普通词
美国,93,普通词
错配,93,普通词
产业政策,92,普通词
加速,92,普通词
如何影响,92,复合短语
指数,92,普通词
有限,92,普通词
没有,92,普通词
相比,92,普通词
职业,92,普通词
跨国,92,普通词
高水平,92,普通词
2018,91,普通词
中间品,91,普通词
关税,91,普通词
认为,91,普通词
上游,90,普通词
具体,90,普通词
内涵,90,普通词
工业化,90,普通词
注册,90,普通词
知识产权,90,普通词
类型,90,普通词
一般均衡模型,89,复合短语
动机,89,普通词
后发,89,普通词
增长率,89,普通词
情况,89,普通词
此基础,89,普通词
商业银行,88,普通词
得到,88,普通词
收入差距,88,复合短语
整合,88,普通词
较大,88,普通词
中介,87,普通词
事件,87,普通词
债务风险,87,复合短语
动力,87,普通词
包容性,87,普通词
所有制,87,普通词
追赶,87,普通词
项目,87,普通词
依赖,86,普通词
促进作用,86,普通词
农民,86,普通词
决定,86,普通词
在于,86,普通词
行政,86,普通词
风险承担,86,复合短语
个体,85,普通词
原则,85,普通词
导向,85,普通词
数字经济时代,85,复合短语
机会,85,普通词
机器学习,85,复合短语
经济波动,85,普通词
部分,85,普通词
革命,85,普通词
验证,85,普通词
2016,84,普通词
制定,84,普通词
对象,84,普通词
开展,84,普通词
进程,84,普通词
产权,83,普通词
刻画,83,普通词
势力,83,普通词
协调发展,83,复合短语
污染,83,普通词
上市,82,普通词
低碳,82,普通词
分别,82,普通词
力度,82,普通词
尤其,82,普通词
我们,82,普通词
省际,82,普通词
调节,82,普通词
道路,82,普通词
针对,82,普通词
一系列,81,普通词
促进企业,81,复合短语
充分,81,普通词
医疗,81,普通词
变动,81,普通词
呈现出,81,普通词
绿色创新,81,复合短语
获取,81,普通词
信任,80,普通词
养老,80,普通词
农地,80,普通词
学术,80,普通词
完全,80,普通词
演变,80,普通词
社会福利,80,复合短语与普通词
股权,80,普通词
行动,80,普通词
进行实证,80,复合短语
垄断,79,普通词
实证分析,79,复合短语
成长,79,普通词
房地产,79,普通词
核心技术,79,普通词
治理体系,79,复合短语
经济体,79,普通词
还是,79,普通词
降低企业,79,复合短语
业务,78,普通词
减排,78,普通词
化解,78,普通词
外溢,78,普通词
小微,78,普通词
挤出,78,普通词
科技创新,78,复合短语
联动,78,普通词
资源配置效率,78,复合短语
企业融资,77,复合短语
信息对称,77,复合短语
内容,77,普通词
外部性,77,普通词
平均,77,普通词
振兴,77,普通词
缩小,77,普通词
股票,77,普通词
财税,77,普通词
新兴,76,普通词
混合,76,普通词
系统性风险,76,复合短语
红利,76,普通词
经济社会,76,复合短语与普通词
股价,76,普通词
银行业,76,普通词
企业数字化转型,75,复合短语
出发,75,普通词
制造业企业,75,复合短语
差异化,75,普通词
强国,75,普通词
期限,75,普通词
沟通,75,普通词
演化,75,普通词
周期,74,普通词
宏观审慎政策,74,复合短语
审慎政策,74,复合短语
普惠,74,普通词
稳定性,74,普通词
算法,74,普通词
纳入,74,普通词
逐渐,74,普通词
优惠,73,普通词
借鉴,73,普通词
实验,73,普通词
状态,73,普通词
留抵,73,普通词
西方,73,普通词
2015,72,普通词
交通,72,普通词
创新驱动,72,复合短语
持股,72,普通词
相应,72,普通词
集中,72,普通词
高校,72,普通词
两种,71,普通词
分化,71,普通词
发展战略,71,复合短语
城镇化,71,普通词
成果,71,普通词
提升企业,71,复合短语
本文提出,71,复合短语
民营企业,71,普通词
特别,71,普通词
评价,71,普通词
转型升级,71,复合短语
面板,71,普通词
A股,70,普通词
依据,70,普通词
利润,70,普通词
国际化,70,普通词
属性,70,普通词
文明,70,普通词
脱贫,70,普通词
范围,70,普通词
下游,69,普通词
体制改革,69,普通词
信号,69,普通词
公司治理,69,复合短语
关于,69,普通词
制度逻辑,69,复合短语
来看,69,普通词
由此,69,普通词
电子商务,69,普通词
留抵退税,69,复合短语
积累,69,普通词
结构转型,69,复合短语
共创,68,普通词
前沿,68,普通词
合理,68,普通词
构成,68,普通词
自身,68,普通词
认识,68,普通词
运行,68,普通词
人类,67,普通词
借助,67,普通词
共建,67,普通词
减贫,67,普通词
反应,67,普通词
处于,67,普通词
处理,67,普通词
客户,67,普通词
建构,67,普通词
必须,67,普通词
扩展,67,普通词
政策启示,67,复合短语
突出,67,普通词
而言,67,普通词
说明,67,普通词
重构,67,普通词
金融科技,67,复合短语
一方面,66,普通词
为了,66,普通词
创新网络,66,复合短语
创新能力,66,普通词
反映,66,普通词
另一方面,66,普通词
国内循环,66,复合短语
大国,66,普通词
存量,66,普通词
引致,66,普通词
强调,66,普通词
微观企业,66,复合短语
政府市场,66,复合短语
数据库,66,普通词
根据,66,普通词
流量,66,普通词
独特,66,普通词
调查数据,66,复合短语
为例,65,普通词
企业绩效,65,复合短语
市场建设,65,复合短语
社会主义现代化,65,复合短语
规划,65,普通词
财政分权,65,复合短语
中小,64,普通词
企业出口,64,复合短语
力量,64,普通词
劳动收入,64,普通词
失衡,64,普通词
市场势力,64,复合短语
市场竞争,64,普通词
影响企业,64,复合短语
情绪,64,普通词
所得税,64,普通词
改革开放,64,普通词
数字创新,64,复合短语
权力,64,普通词
负债,64,普通词
近年来,64,普通词
重要意义,64,复合短语
ESG,63,普通词
一体化,63,普通词
中等,63,普通词
之一,63,普通词
人才,63,普通词
人民币,63,普通词
借贷,63,普通词
县域,63,普通词
契约,63,普通词
思路,63,普通词
政策效果,63,复合短语
有益,63,普通词
民生,63,普通词
治理能力,63,复合短语
环境规制,63,复合短语
生产要素,63,复合短语
省份,63,普通词
税收征管,63,复合短语
经济体制,63,复合短语与普通词
能否,63,普通词
设立,63,普通词
越高,63,普通词
举措,62,普通词
依然,62,普通词
助力,62,普通词
声誉,62,普通词
宏观调控,62,普通词
家族企业,62,普通词
日益,62,普通词
架构,62,普通词
概率,62,普通词
职能,62,普通词
聚焦,62,普通词
证实,62,普通词
费用,62,普通词
之后,61,普通词
产能,61,普通词
供应链金融,61,复合短语
取得,61,普通词
国际贸易,61,普通词
更强,61,普通词
梳理,61,普通词
状况,61,普通词
用户,61,普通词
矛盾,61,普通词
系统性金融风险,61,复合短语
经历,61,普通词
融资成本,61,复合短语
风险传染,61,复合短语
全球化,60,普通词
关键核心技术,60,复合短语
劳动生产率,60,普通词
后果,60,普通词
小微企业,60,复合短语
总结,60,普通词
明确,60,普通词
普惠金融,60,复合短语
社会主义市场经济,60,复合短语
税收优惠,60,复合短语
计划,60,普通词
首次,60,普通词
养老保险,59,普通词
区分,59,普通词
基层,59,普通词
广泛,59,普通词
异地,59,普通词
弱化,59,普通词
形式,59,普通词
搜寻,59,普通词
新能源,59,普通词
电力,59,普通词
管理学,59,普通词
绿色转型,59,复合短语
缺乏,59,普通词
自主创新,59,复合短语
语言,59,普通词
财政支出,59,普通词
重塑,59,普通词
中小企业,58,复合短语与普通词
保持,58,普通词
农场,58,普通词
加大,58,普通词
十四五,58,普通词
响应,58,普通词
来源,58,普通词
资本流动,58,复合短语
高技能,58,普通词
利差,57,普通词
削弱,57,普通词
团队,57,普通词
居民消费,57,普通词
开发区,57,普通词
指导,57,普通词
智能制造,57,复合短语
权益,57,普通词
策略性,57,普通词
纵向案例,57,复合短语
贸易成本,57,复合短语
达到,57,普通词
地理,56,普通词
成就,56,普通词
执行,56,普通词
禀赋,56,普通词
财务,56,普通词
逐步,56,普通词
马克思主义政治经济学,56,复合短语
2007,55,普通词
一致,55,普通词
上下游,55,普通词
倡议,55,普通词
各国,55,普通词
合法性,55,普通词
商品,55,普通词
均等化,55,普通词
学科,55,普通词
对外,55,普通词
带动,55,普通词
控股,55,普通词
更为明显,55,复合短语
激发,55,普通词
租金,55,普通词
负面,55,普通词
转向,55,普通词
采取,55,普通词
阐释,55,普通词
人均,54,普通词
企业数据,54,复合短语
典型,54,普通词
准确,54,普通词
媒体,54,普通词
干预,54,普通词
引起,54,普通词
意愿,54,普通词
感知,54,普通词
控制权,54,普通词
本文采用,54,复合短语
诉讼,54,普通词
避税,54,普通词
难以,54,普通词
IPO,53,普通词
中等收入,53,复合短语
为主,53,普通词
代表,53,普通词
会计,53,普通词
健全,53,普通词
公共债务,53,复合短语
区域经济,53,复合短语
历程,53,普通词
场景,53,普通词
影响因素,53,复合短语
持续发展,53,复合短语
提供参考,53,复合短语
智能化,53,普通词
本土,53,普通词
来自中国,53,复合短语
纵向案例研究,53,复合短语
2021,52,普通词
住房,52,普通词
供给结构性,52,复合短语
供给结构性改革,52,复合短语
共生,52,普通词
函数,52,普通词
区域协调,52,复合短语
存在显著,52,复合短语
安排,52,普通词
意味着,52,普通词
放大,52,普通词
本地,52,普通词
百分点,52,普通词
结构性改革,52,复合短语
规避,52,普通词
计算,52,普通词
负面影响,52,普通词
超过,52,普通词
跃迁,52,普通词
释放,52,普通词
防范化解,52,复合短语
限制,52,普通词
高度,52,普通词
2000,51,普通词
2014,51,普通词
以上,51,普通词
企业投资,51,复合短语
减弱,51,普通词
劳动收入份额,51,复合短语
员工,51,普通词
地方公共,51,复合短语
形态,51,普通词
提高企业,51,复合短语
数据资本,51,复合短语
构建发展格局,51,复合短语
环节,51,普通词
生活,51,普通词
省级,51,普通词
进行实证检验,51,复合短语
违约,51,普通词
通胀,51,普通词
重视,51,普通词
门槛,51,普通词
非国有,51,普通词
不利,50,普通词
严重,50,普通词
二元,50,普通词
产业创新,50,复合短语
传递,50,普通词
减税政策,50,复合短语
加速器,50,普通词
动能,50,普通词
商业信用,50,复合短语
支柱,50,普通词
智慧,50,普通词
流通,50,普通词
理论逻辑,50,复合短语
盈余,50,普通词
社会保险,50,普通词
管制,50,普通词
试验区,50,普通词
负债表,50,普通词
资产负债表,50,复合短语
距离,50,普通词
配置效率,50,复合短语
一带一路倡议,49,复合短语
一路倡议,49,复合短语
个人,49,普通词
乡村振兴,49,复合短语
交互,49,普通词
产业发展,49,复合短语
产品质量,49,普通词
促使,49,普通词
具有重要意义,49,复合短语
剩余,49,普通词
基本公共服务,49,复合短语
大量,49,普通词
提供有益,49,复合短语
政治,49,普通词
效能,49,普通词
活力,49,普通词
生产关系,49,普通词
生态文明,49,复合短语
税制,49,普通词
竞争力,49,普通词
统一市场建设,49,复合短语
负向,49,普通词
赶超,49,普通词
起到,49,普通词
2008,48,普通词
2013,48,普通词
价值创造,48,复合短语
保险,48,普通词
分担,48,普通词
分析师,48,普通词
区域协调发展,48,复合短语
发达国家,48,普通词
后发企业,48,复合短语
品牌,48,普通词
固定,48,普通词
地方公共债务,48,复合短语
培育,48,普通词
市场分割,48,复合短语
把握,48,普通词
挤出效应,48,复合短语
提供经验,48,复合短语
新冠,48,普通词
更高,48,普通词
海外,48,普通词
理论体系,48,普通词
生产性,48,普通词
目的,48,普通词
社会主义政治经济学,48,复合短语
社保缴费,48,复合短语
统计,48,普通词
越大,48,普通词
适度,48,普通词
销售,48,普通词
随机,48,普通词
价值共创,47,复合短语
企业研发,47,复合短语
企业要素,47,复合短语
十八,47,普通词
地方债务,47,复合短语
多元,47,普通词
开发,47,普通词
改进,47,普通词
深刻,47,普通词
生产效率,47,复合短语
私人,47,普通词
结构调整,47,复合短语与普通词
2010,46,普通词
企业如何,46,复合短语
创新活动,46,复合短语
制约,46,普通词
十四五时期,46,复合短语
危机,46,普通词
县级,46,普通词
双重差分模型,46,复合短语
围绕,46,普通词
垂直,46,普通词
工业企业,46,复合短语
数字金融发展,46,复合短语
数据实证,46,复合短语
替代弹性,46,复合短语
比重,46,普通词
环境治理,46,复合短语与普通词
碳中,46,普通词
精准扶贫,46,复合短语
群聚,46,普通词
较为,46,普通词
中国制造业,45,复合短语
以下,45,普通词
传承,45,普通词
划分,45,普通词
刚性,45,普通词
创新绩效,45,复合短语
发展理念,45,复合短语
多元化,45,普通词
家庭农场,45,复合短语
对外开放,45,普通词
差分法,45,普通词
已有,45,普通词
平台经济,45,复合短语
技术追赶,45,复合短语
期间,45,普通词
本质,45,普通词
福利效应,45,复合短语
金融监管,45,复合短语与普通词
银行风险承担,45,复合短语
高于,45,普通词
鸿沟,45,普通词
2009,44,普通词
一个包含,44,复合短语
世纪,44,普通词
共同体,44,普通词
前提,44,普通词
双重差分法,44,复合短语
回顾,44,普通词
地级市,44,普通词
多重,44,普通词
市场结构,44,复合短语
悖论,44,普通词
措施,44,普通词
曲线,44,普通词
特点,44,普通词
粮食,44,普通词
线上,44,普通词
缺口,44,普通词
背后,44,普通词
遵循,44,普通词
金融稳定,44,复合短语
锁定,44,普通词
隐性债务,44,复合短语
专业化,43,普通词
产业结构转型,43,复合短语
企业价值,43,复合短语
企业要素生产率,43,复合短语
具有显著,43,复合短语
农产品,43,普通词
大变局,43,普通词
对冲,43,普通词
展开,43,普通词
年间,43,普通词
户籍,43,普通词
房价,43,普通词
扩散,43,普通词
报告,43,普通词
收益率,43,普通词
数字经济发展,43,复合短语
治理机制,43,复合短语
特色社会主义政治经济学,43,复合短语
空气污染,43,普通词
联系,43,普通词
规范,43,普通词
角色,43,普通词
适应,43,普通词
途径,43,普通词
量化空间,43,复合短语
金融摩擦,43,复合短语
难题,43,普通词
雇佣,43,普通词
一定程度,42,复合短语
下调,42,普通词
两类,42,普通词
中华民族,42,普通词
人口老龄化,42,普通词
企业生产率,42,复合短语
企业绿色,42,复合短语
低收入,42,普通词
公共数据,42,普通词
兼论,42,普通词
分享,42,普通词
剖析,42,普通词
努力,42,普通词
可持续性,42,普通词
国民经济,42,普通词
寿命,42,普通词
工业机器人,42,复合短语
工资溢价,42,复合短语
市场主体,42,普通词
微观数据,42,复合短语
潜力,42,普通词
理论实证,42,复合短语
生产链,42,普通词
生命周期,42,普通词
知识体系,42,复合短语
研发投入,42,复合短语
融入,42,普通词
采购,42,普通词
金融危机,42,普通词
伟大,41,普通词
债务扩张,41,复合短语
创新型,41,普通词
利润率,41,普通词
回报率,41,普通词
国有,41,普通词
土地流转,41,复合短语
塑造,41,普通词
增长目标,41,复合短语
多样化,41,普通词
宏观政策,41,普通词
市场化改革,41,复合短语
影响及其,41,复合短语
手段,41,普通词
收入平等,41,复合短语
政策组合,41,复合短语
满足,41,普通词
社会保障,41,普通词
空间分布,41,复合短语
粘性,41,普通词
经济周期,41,普通词
语言模型,41,复合短语
贸易协定,41,普通词
跨越,41,普通词
迭代,41,普通词
降费,41,普通词
集团,41,普通词
非正式,41,普通词
马克思,41,普通词
2011,40,普通词
一直,40,普通词
中间,40,普通词
为此,40,普通词
习近平经济,40,复合短语
习近平经济思想,40,复合短语
伴随,40,普通词
供需,40,普通词
农业生产,40,复合短语
凸显,40,普通词
创新性,40,普通词
制度改革,40,复合短语
区域间,40,普通词
单一,40,普通词
同业,40,普通词
国企,40,普通词
国内国际,40,复合短语
增加值,40,普通词
审核,40,普通词
布局,40,普通词
情形,40,普通词
才能,40,普通词
打破,40,普通词
投债,40,普通词
提供经验证据,40,复合短语
收集,40,普通词
方案,40,普通词
机构投资者,40,复合短语
正式,40,普通词
泡沫,40,普通词
激励机制,40,普通词
知识溢出,40,复合短语
社会网络,40,复合短语
秩序,40,普通词
立足,40,普通词
西部,40,普通词
设施,40,普通词
非农,40,普通词
高管,40,普通词
专项,39,普通词
乘数,39,普通词
产业链供应链,39,复合短语
人工智能技术,39,复合短语
企业数字,39,复合短语
企业税收,39,复合短语
传导机制,39,复合短语
具有一定,39,复合短语
判断,39,普通词
动态能力,39,复合短语
包容,39,普通词
十八以来,39,复合短语
协同效应,39,普通词
发达,39,普通词
城市化,39,普通词
壁垒,39,普通词
大规模,39,普通词
失业,39,普通词
异质性分析,39,复合短语
征收,39,普通词
性质,39,普通词
成功,39,普通词
文本分析,39,复合短语
权利,39,普通词
构造,39,普通词
消除,39,普通词
深度融合,39,复合短语
真实,39,普通词
社会资本,39,复合短语
经济后果,39,复合短语
自由化,39,普通词
议题,39,普通词
重要性,39,普通词
金融机构,39,普通词
金融资产,39,普通词
高效,39,普通词
2012,38,普通词
之间关系,38,复合短语
之间存在,38,复合短语
交通基础设施,38,复合短语
产业结构升级,38,复合短语
代理,38,普通词
企业通过,38,复合短语
信贷约束,38,复合短语
共建一带,38,复合短语
共建一带一路,38,复合短语
刺激,38,普通词
多种,38,普通词
大幅,38,普通词
套利,38,普通词
宋代,38,普通词
技能劳动力,38,复合短语
投融资,38,普通词
效率提升,38,复合短语
数据资产,38,复合短语
无法,38,普通词
气候,38,普通词
盈利,38,普通词
相互,38,普通词
研究对象,38,复合短语
精神,38,普通词
经济社会发展,38,复合短语
经济运行,38,普通词
网络结构,38,普通词
落地,38,普通词
补偿,38,普通词
转嫁,38,普通词
遵从,38,普通词
重要启示,38,复合短语
金融系统,38,复合短语
银行信贷,38,普通词
预期寿命,38,复合短语
DSGE,37,普通词
之谜,37,普通词
产业体系,37,复合短语
传统经济,37,复合短语
估算,37,普通词
假说,37,普通词
做出,37,普通词
克服,37,普通词
公开,37,普通词
兼顾,37,普通词
分析显示,37,复合短语
发展具有,37,复合短语
商业模式,37,普通词
回应,37,普通词
国家级,37,普通词
外资,37,普通词
市场关系,37,复合短语
操纵,37,普通词
政策不确定性,37,复合短语
数据驱动,37,复合短语
普遍,37,普通词
本文认为,37,复合短语
治理效应,37,复合短语
环保,37,普通词
相结合,37,普通词
竞争优势,37,复合短语
老龄化,37,普通词
考核,37,普通词
董事,37,普通词
衡量,37,普通词
退休,37,普通词
阻碍,37,普通词
面对,37,普通词
2022,36,普通词
东部,36,普通词
主义,36,普通词
交叉,36,普通词
交易成本,36,普通词
产品创新,36,复合短语
充分发挥,36,普通词
农民工,36,普通词
制度环境,36,复合短语
加入,36,普通词
合并,36,普通词
增收,36,普通词
实现共同富裕,36,复合短语
总书记,36,普通词
总量,36,普通词
成效,36,普通词
技术标准,36,普通词
拥有,36,普通词
指出,36,普通词
文章,36,普通词
方法论,36,普通词
有所,36,普通词
有效市场,36,复合短语
相较,36,普通词
研发补贴,36,复合短语
财政收入,36,普通词
较强,36,普通词
重组,36,普通词
金融创新,36,复合短语
间接税,36,普通词
颠覆性,36,普通词
产品市场,35,复合短语
冲突,35,普通词
分成,35,普通词
创新产出,35,复合短语
协同创新,35,复合短语
参数,35,普通词
发展过程,35,复合短语
取决于,35,普通词
因果,35,普通词
国债,35,普通词
城市群,35,普通词
市场监管,35,普通词
年龄,35,普通词
异常,35,普通词
报酬,35,普通词
控股股东,35,复合短语
政策参考,35,复合短语
政策实施,35,复合短语
新一轮,35,普通词
暴露,35,普通词
最大,35,普通词
有关,35,普通词
条款,35,普通词
极端,35,普通词
标准化,35,普通词
混合所有制,35,复合短语
生育政策,35,复合短语
电商平台,35,复合短语
社会责任,35,复合短语
纳税,35,普通词
自我,35,普通词
薪酬,35,普通词
补贴政策,35,复合短语
越强,35,普通词
重新,35,普通词
陷阱,35,普通词
TFP,34,普通词
上涨,34,普通词
业绩,34,普通词
中国工业,34,复合短语
企业技术,34,复合短语
位置,34,普通词
创新生态系统,34,复合短语
制度性,34,普通词
加快构建,34,复合短语
劳动供给,34,复合短语
含义,34,普通词
外部冲击,34,复合短语
始终,34,普通词
完成,34,普通词
客观,34,普通词
尝试,34,普通词
市场经济体制,34,复合短语
技术溢出,34,复合短语
折旧,34,普通词
政府隐性,34,复合短语
新增,34,普通词
本文使用,34,复合短语
构建一个包含,34,复合短语
模糊,34,普通词
流出,34,普通词
畅通,34,普通词
界定,34,普通词
竞争性,34,普通词
经济转型,34,复合短语
绿色发展,34,复合短语
至关重要,34,普通词
节能,34,普通词
落实,34,普通词
行为影响,34,复合短语
证明,34,普通词
质量提升,34,复合短语
贸易自由化,34,复合短语
重大工程,34,复合短语
量化交易,34,复合短语
隐私,34,普通词
一项,33,普通词
不同类型,33,复合短语
不是,33,普通词
不能,33,普通词
中国城市,33,复合短语
习近平总书记,33,复合短语
企业所得税,33,复合短语
企业融资约束,33,复合短语
供应商,33,普通词
信心,33,普通词
信用利差,33,复合短语
信用评级,33,复合短语
债券信用,33,复合短语
公共政策,33,普通词
公共数据开放,33,复合短语
协定,33,普通词
反垄断,33,普通词
发展中国家,33,普通词
发展安全,33,复合短语
城镇,33,普通词
学者,33,普通词
尾部,33,普通词
帮扶,33,普通词
常态,33,普通词
平台公司,33,复合短语
归纳,33,普通词
思维,33,普通词
拉动,33,普通词
支柱调控,33,复合短语
数值,33,普通词
数字基础设施,33,复合短语
新规,33,普通词
更加明显,33,复合短语
机遇,33,普通词
甚至,33,普通词
监管政策,33,复合短语
破解,33,普通词
科技成果,33,普通词
维护,33,普通词
自由贸易,33,普通词
融合发展,33,复合短语
试图,33,普通词
财政关系,33,复合短语
质押,33,普通词
贸易壁垒,33,普通词
贸易网络,33,复合短语
超额,33,普通词
运营,33,普通词
金融加速器,33,复合短语
DSGE模型,32,复合短语
代际传承,32,复合短语
企业债务,32,复合短语
企业层面,32,复合短语
企业生产,32,复合短语
农地流转,32,复合短语
利用率,32,普通词
劳动力流动,32,复合短语
厘清,32,普通词
双边,32,普通词
发挥作用,32,普通词
吸引,32,普通词
命运,32,普通词
和谐,32,普通词
国内外,32,普通词
地方政府隐性,32,复合短语
增进,32,普通词
微观证据,32,复合短语
挖掘,32,普通词
旅游,32,普通词
既有,32,普通词
替代效应,32,复合短语
有机,32,普通词
本文实证,32,复合短语
构建包含,32,复合短语
欠发达,32,普通词
正向影响,32,复合短语
正在,32,普通词
特性,32,普通词
现代化产业,32,复合短语
现代化产业体系,32,复合短语
现有研究,32,复合短语
现金,32,普通词
生产性服务业,32,复合短语
生产率增长,32,复合短语
盈余管理,32,复合短语
相似,32,普通词
破产,32,普通词
确定,32,普通词
社会治理,32,复合短语
竞合,32,普通词
补充,32,普通词
规模经济,32,复合短语
财政金融,32,复合短语与普通词
资源错配,32,复合短语
迅速,32,普通词
退出,32,普通词
集群,32,普通词
非对称,32,普通词
中国传统,31,复合短语
举国体制,31,普通词
义务教育,31,普通词
互联网平台,31,复合短语
产业数字化,31,复合短语
企业家,31,普通词
企业社会,31,复合短语
依托,31,普通词
公共服务均等化,31,复合短语
出口企业,31,复合短语
出口贸易,31,普通词
分散,31,普通词
创新行为,31,复合短语
动态一般,31,复合短语
动态一般均衡,31,复合短语
合约,31,普通词
多维,31,普通词
子女,31,普通词
宏观经济治理,31,复合短语
尾部风险,31,复合短语
市场一体化,31,复合短语
幅度,31,普通词
延迟,31,普通词
开始,31,普通词
归宿,31,普通词
当地,31,普通词
战略性,31,普通词
据此,31,普通词
排序,31,普通词
政府市场关系,31,复合短语
政府监管,31,复合短语
波动性,31,普通词
渐进式,31,普通词
特殊,31,普通词
理性,31,普通词
绿色治理,31,复合短语
财会,31,普通词
货币政策传导,31,复合短语
走向,31,普通词
迁移,31,普通词
遏制,31,普通词
重要原因,31,复合短语
金融服务,31,普通词
风险溢价,31,复合短语
高铁,31,普通词
PPI,30,普通词
一是,30,普通词
三重,30,普通词
中央地方,30,复合短语
中性,30,普通词
主题,30,普通词
依然成立,30,复合短语
偏离,30,普通词
内需,30,普通词
减税激励,30,复合短语
减税降费,30,复合短语
创业者,30,普通词
初始,30,普通词
双向,30,普通词
反而,30,普通词
国内市场,30,复合短语
国家治理体系,30,复合短语
基础性,30,普通词
存款,30,普通词
容易,30,普通词
对比,30,普通词
并未,30,普通词
延伸,30,普通词
征程,30,普通词
政府财政,30,复合短语
政府隐性债务,30,复合短语
数字鸿沟,30,复合短语
民营,30,普通词
注册改革,30,复合短语
注意力,30,普通词
流动性创造,30,复合短语
渗透,30,普通词
物质,30,普通词
班列,30,普通词
生产力发展,30,复合短语
生产方式,30,普通词
着力,30,普通词
社会主义市场,30,复合短语
紧缩,30,普通词
组成部分,30,普通词
经济增速,30,复合短语
经济增长率,30,复合短语
肺炎,30,普通词
药品,30,普通词
落后,30,普通词
要素市场,30,复合短语
财政补贴,30,普通词
资产价格,30,复合短语
连接,30,普通词
通货膨胀,30,普通词
速度,30,普通词
银行竞争,30,复合短语
障碍,30,普通词
中国共产党领导,29,复合短语
中国劳动力,29,复合短语
主流,29,普通词
争议,29,普通词
二是,29,普通词
产生影响,29,复合短语
产能利用率,29,复合短语
企业劳动力,29,复合短语
低碳转型,29,复合短语
信息技术,29,复合短语与普通词
债券发行,29,复合短语
债务融资,29,复合短语
偏向技术,29,复合短语
内资,29,普通词
准备金,29,普通词
创新激励,29,复合短语
可变,29,普通词
各种,29,普通词
周期性,29,普通词
命运共同体,29,复合短语
回答,29,普通词
国内国际双循环,29,复合短语
国际双循环,29,复合短语
城乡融合,29,复合短语
基准,29,普通词
多样性,29,普通词
央行沟通,29,复合短语
委托,29,普通词
家庭消费,29,复合短语
平台市场,29,复合短语
年均,29,普通词
应该,29,普通词
形势,29,普通词
所有制改革,29,复合短语
技术互补,29,复合短语
技术革命,29,复合短语
折旧率,29,普通词
指标体系,29,普通词
政务,29,普通词
政府融资,29,复合短语
政策工具,29,复合短语
数字普惠,29,复合短语
有序,29,普通词
横向,29,普通词
流动性风险,29,复合短语
深化改革,29,普通词
然后,29,普通词
现代化道路,29,复合短语
生产率提升,29,复合短语
研究对于,29,复合短语
碳达峰,29,普通词
移动,29,普通词
稽查,29,普通词
符合,29,普通词
管理者,29,普通词
组织身份,29,复合短语
经过,29,普通词
网络效应,29,复合短语
脉络,29,普通词
董事会,29,普通词
融券,29,普通词
议价,29,普通词
财力,29,普通词
资本存量,29,复合短语
超越,29,普通词
趋同,29,普通词
跨界,29,普通词
较弱,29,普通词
过度投资,29,复合短语
递增,29,普通词
金融结构,29,复合短语
集体,29,普通词
非农就业,29,复合短语
高估,29,普通词
40,28,普通词
上市企业,28,复合短语
以来我国,28,复合短语
企业发展,28,复合短语
企业杠杆,28,复合短语
企业避税,28,复合短语
低于,28,普通词
体系建设,28,复合短语
使命,28,普通词
信息含量,28,复合短语
信用风险,28,普通词
健康发展,28,复合短语
制造企业,28,复合短语
券商,28,普通词
动因,28,普通词
劳动力需求,28,复合短语
区域政策,28,复合短语
参考价值,28,普通词
发展新质,28,复合短语
发展新质生产力,28,复合短语
发行人,28,普通词
只有,28,普通词
含量,28,普通词
哲学,28,普通词
国产,28,普通词
增大,28,普通词
大于,28,普通词
定位,28,普通词
定量,28,普通词
小康社会,28,普通词
层次,28,普通词
层级,28,普通词
居民收入,28,普通词
广义,28,普通词
度量,28,普通词
建成,28,普通词
异质,28,普通词
必然,28,普通词
态势,28,普通词
扩大内需,28,普通词
技术应用,28,复合短语
抑制作用,28,普通词
投服,28,普通词
政府竞争,28,复合短语
政策含义,28,复合短语
数值模拟,28,复合短语
数字普惠金融,28,复合短语
数据进行实证,28,复合短语
文明建设,28,复合短语
新型城镇化,28,复合短语
无形,28,普通词
机器人应用,28,复合短语
歧视,28,普通词
汽车,28,普通词
消费倾向,28,复合短语
混合所有制改革,28,复合短语
源于,28,普通词
生态文明建设,28,复合短语
生成,28,普通词
社交,28,普通词
社会主义经济,28,复合短语
科技成果转化,28,复合短语
积极财政政策,28,复合短语
经典,28,普通词
经济韧性,28,复合短语
结构优化,28,复合短语
继续,28,普通词
绿色金融,28,复合短语
股票市场,28,普通词
肺炎疫情,28,复合短语
裂变,28,普通词
观点,28,普通词
设定,28,普通词
财会监督,28,复合短语
贸易政策,28,复合短语
资产配置,28,复合短语
跃升,28,普通词
选取,28,普通词
银行流动性,28,复合短语
预算约束,28,复合短语
风险偏好,28,复合短语
高质量发展提供,28,复合短语
高速,28,普通词
一系列稳健性,27,复合短语
三个,27,普通词
中小股东,27,复合短语
人民中心,27,复合短语
以此,27,普通词
会计信息,27,普通词
体系治理,27,复合短语
供应链韧性,27,复合短语
便利,27,普通词
偏向技术进步,27,复合短语
共享价值,27,复合短语
具备,27,普通词
内生增长,27,复合短语
分支机构,27,普通词
切入点,27,普通词
加成,27,普通词
助推,27,普通词
劳动力供给,27,复合短语
医疗费用,27,复合短语
反馈,27,普通词
叠加,27,普通词
司法,27,普通词
同样,27,普通词
后者,27,普通词
吸收,27,普通词
国外,27,普通词
地方政府融资,27,复合短语
城乡居民,27,普通词
外生,27,普通词
外贸,27,普通词
大型,27,普通词
宏观杠杆,27,复合短语
对口,27,普通词
就业增长,27,复合短语
平台生态系统,27,复合短语
当代,27,普通词
影响力,27,普通词
所有权,27,普通词
攀升,27,普通词
收入群体,27,复合短语
改革开放以来,27,复合短语
效果研究,27,复合短语
数智,27,普通词
无形资本,27,复合短语
旨在,27,普通词
时代中国特色,27,复合短语
更为显著,27,复合短语
更好发挥,27,复合短语
本国,27,普通词
民族,27,普通词
治理结构,27,复合短语
沿线,27,普通词
沿线国家,27,复合短语
激励效应,27,复合短语
现代化国家,27,复合短语
理论依据,27,普通词
用地,27,普通词
确权,27,普通词
示范,27,普通词
社会主义市场经济体制,27,复合短语
社会保险缴费,27,复合短语
福利水平,27,复合短语
管理科学,27,普通词
粮食安全,27,普通词
经济循环,27,复合短语
给出,27,普通词
编排,27,普通词
能力现代化,27,复合短语
节点,27,普通词
虚拟,27,普通词
视角出发,27,复合短语
论证,27,普通词
贫困治理,27,复合短语
购买,27,普通词
资助,27,普通词
过去,27,普通词
适应性,27,普通词
配合,27,普通词
重要内容,27,复合短语
金融体系,27,普通词
阶段性,27,普通词
需求冲击,27,复合短语
非国有企业,27,复合短语
高新技术,27,普通词
20,26,普通词
中国上市公司,26,复合短语
中国化,26,普通词
中国资本,26,复合短语
为此本文,26,复合短语
主动,26,普通词
产生显著,26,复合短语
代表性,26,普通词
企业经营,26,复合短语
会议,26,普通词
偏差,26,普通词
公共卫生,26,普通词
减持,26,普通词
分层,26,普通词
创业企业,26,复合短语
前瞻性,26,普通词
劣势,26,普通词
医院,26,普通词
协议,26,普通词
单位,26,普通词
历史性,26,普通词
参与度,26,普通词
双重差分方法,26,复合短语
命题,26,普通词
固定资产,26,普通词
国产替代,26,复合短语
多个,26,普通词
存在明显,26,复合短语
完整,26,普通词
定义,26,普通词
崩盘,26,普通词
工业智能化,26,复合短语
快速发展,26,复合短语
成因,26,普通词
扶持,26,普通词
技术赶超,26,复合短语
支出效率,26,复合短语
放松,26,普通词
政策设计,26,复合短语
效应来自,26,复合短语
效率损失,26,复合短语
数据流动,26,复合短语
权衡,26,普通词
气候变化,26,普通词
治理现代化,26,复合短语
注重,26,普通词
活跃度,26,普通词
生育率,26,普通词
省际贸易,26,复合短语
研究来自,26,复合短语
福利损失,26,复合短语
科技平台,26,复合短语
第四,26,普通词
系数,26,普通词
经济政策不确定性,26,复合短语
股权质押,26,复合短语
良性,26,普通词
规模经营,26,普通词
计量,26,普通词
财政体制,26,复合短语
财政压力,26,复合短语
货币政策宏观,26,复合短语
资管,26,普通词
这个,26,普通词
追求,26,普通词
避免,26,普通词
重要组成部分,26,复合短语
金融安全,26,复合短语
银企,26,普通词
领先,26,普通词
30,25,普通词
A股上市公司,25,复合短语
不均,25,普通词
专精,25,普通词
专精特新,25,复合短语
中国工业企业,25,复合短语
中国情境,25,复合短语
中国经验,25,复合短语
二者,25,普通词
人力资本积累,25,复合短语
人类命运,25,复合短语
人类命运共同体,25,复合短语
代际收入,25,复合短语
以来中国,25,复合短语
企业进入,25,复合短语
企业进行,25,复合短语
优先,25,普通词
体系治理能力,25,复合短语
使用中国,25,复合短语
债务期限,25,复合短语
其他国家,25,复合短语
创新产业,25,复合短语
区域发展,25,复合短语
协同发展,25,复合短语
博弈模型,25,复合短语
各类,25,普通词
同业市场,25,复合短语
回流,25,普通词
在线,25,普通词
基本面,25,普通词
基础设施建设,25,复合短语
增值,25,普通词
复杂性,25,普通词
家族,25,普通词
宽松,25,普通词
对口支援,25,复合短语
市场化配置,25,复合短语
开放型,25,普通词
开放式,25,普通词
异象,25,普通词
微观层面,25,复合短语
必要,25,普通词
情景,25,普通词
战略投资者,25,复合短语
扎根,25,普通词
技能溢价,25,复合短语
提炼,25,普通词
撤县,25,普通词
支援,25,普通词
攻坚,25,普通词
政府支出,25,复合短语
政府融资平台,25,复合短语
政策企业,25,复合短语
政策冲击,25,复合短语
服务贸易,25,复合短语
未有,25,普通词
构建中国特色,25,复合短语
检查,25,普通词
欠发达地区,25,复合短语
治理体系治理,25,复合短语
治理能力现代化,25,复合短语
特定,25,普通词
特新,25,普通词
现有文献,25,复合短语
现行,25,普通词
现阶段,25,普通词
理论基础,25,复合短语
理论解释,25,复合短语
生产总值,25,普通词
瞄准,25,普通词
知识产权保护,25,复合短语
积极影响,25,复合短语
移民,25,普通词
税收遵从,25,复合短语
竞争企业,25,复合短语
结构变迁,25,复合短语
统筹发展,25,复合短语
维持,25,普通词
自由贸易试验区,25,复合短语
衔接,25,普通词
要素收入,25,复合短语
议价能力,25,复合短语
财政转移,25,复合短语
趋于,25,普通词
跨地区,25,普通词
跨境数据,25,复合短语
迈向,25,普通词
返贫,25,普通词
阐述,25,普通词
隐性担保,25,复合短语
预算监督,25,复合短语
风险防范,25,复合短语
鼓励,25,普通词
一系列稳健性检验,24,复合短语
三大,24,普通词
三权,24,普通词
三种,24,普通词
上市公司数据,24,复合短语
东部地区,24,复合短语
两大,24,普通词
中国A股,24,复合短语
中长期,24,普通词
主观,24,普通词
产业集群,24,复合短语
产学研,24,普通词
人民币国际化,24,复合短语
价值实现,24,复合短语
价值链分工,24,复合短语
伦理,24,普通词
偏误,24,普通词
公众,24,普通词
公共品,24,普通词
公共政策评估,24,复合短语
内在机理,24,复合短语
农业经营,24,复合短语
分配效应,24,复合短语
劳动投入,24,复合短语
劳动节约型,24,复合短语
区域贸易协定,24,复合短语
发放,24,普通词
发表,24,普通词
可变折旧率,24,复合短语
可能性,24,普通词
和谐共生,24,复合短语
回报,24,普通词
土地出让,24,普通词
基础研究,24,复合短语
处罚,24,普通词
外资企业,24,普通词
大城市,24,普通词
央地,24,普通词
奋斗目标,24,普通词
如何通过,24,复合短语
对称性,24,普通词
岗位,24,普通词
差异性,24,普通词
市场价值,24,复合短语
市场化程度,24,复合短语
市场政府,24,复合短语
年代,24,普通词
并存,24,普通词
房产,24,普通词
持续增长,24,普通词
指引,24,普通词
排放交易,24,复合短语
推动企业,24,复合短语
改革提供,24,复合短语
效益,24,普通词
新兴产业,24,普通词
新冠疫情,24,复合短语
新冠肺炎,24,复合短语
新型农业,24,复合短语
最低工资,24,普通词
有力,24,普通词
未有大变局,24,复合短语
未能,24,普通词
机理研究,24,复合短语
模型实证,24,复合短语
法定,24,普通词
法庭,24,普通词
活跃,24,普通词
物理,24,普通词
特色社会主义经济,24,复合短语
百年未有,24,复合短语
百年未有大变局,24,复合短语
确保,24,普通词
税收规避,24,复合短语
经济工作,24,复合短语
经济效率,24,复合短语
结构升级,24,复合短语
结构性货币政策,24,复合短语
绝对,24,普通词
老年,24,普通词
联合,24,普通词
节约型,24,普通词
衍生,24,普通词
补助,24,普通词
规模扩张,24,复合短语
解构,24,普通词
解析,24,普通词
论文,24,普通词
证券,24,普通词
诸多,24,普通词
货币政策宏观审慎,24,复合短语
费率,24,普通词
资本主义,24,普通词
超大规模,24,普通词
转型发展,24,复合短语
退休年龄,24,普通词
配套,24,普通词
银行资产,24,复合短语
额外,24,普通词
风险暴露,24,复合短语
RCEP,23,普通词
三权分置,23,复合短语
不利影响,23,复合短语
不可,23,普通词
不同阶段,23,复合短语
两个维度,23,复合短语
两者,23,普通词
中国出口,23,复合短语
中国政府,23,普通词
互补性,23,普通词
产业链风险,23,复合短语
人与自然,23,普通词
人口红利,23,复合短语
企业过度,23,复合短语
会计信息质量,23,复合短语
体系构建,23,复合短语
作出,23,普通词
作用机理,23,复合短语
债权人,23,普通词
全球创新网络,23,复合短语
具有重要启示,23,复合短语
养老金,23,普通词
内在逻辑,23,复合短语
分置,23,普通词
利用中国,23,复合短语
利益相关者,23,复合短语
劳动力技能,23,复合短语
劳动密集型,23,普通词
区间,23,普通词
医疗卫生,23,普通词
协作,23,普通词
协同治理,23,复合短语
发力,23,普通词
取消,23,普通词
可得性,23,普通词
因为,23,普通词
国内生产总值,23,复合短语
国民收入,23,普通词
国际市场,23,复合短语
国际比较,23,复合短语
地方财政,23,复合短语
基本公共服务均等化,23,复合短语
基础本文,23,复合短语
外卖,23,普通词
学界,23,普通词
家庭金融,23,复合短语
层面数据,23,复合短语
崩盘风险,23,复合短语
平滑,23,普通词
平稳,23,普通词
建设社会主义,23,复合短语
开启,23,普通词
开放式创新,23,复合短语
引进,23,普通词
或者,23,普通词
户籍制度,23,普通词
技术引进,23,普通词
损害,23,普通词
探索性,23,普通词
接入,23,普通词
推动经济高质量,23,复合短语
收入效应,23,复合短语
政策改革,23,复合短语
效应存在,23,复合短语
效率影响,23,复合短语
数据实证研究,23,复合短语
数据考察,23,复合短语
文化产业,23,普通词
最大化,23,普通词
模式选择,23,复合短语
法治,23,普通词
流入,23,普通词
流动人口,23,普通词
消费税,23,普通词
消费行为,23,普通词
环境目标,23,复合短语
现代化进程,23,复合短语
现实意义,23,普通词
电力市场,23,复合短语
相关者,23,普通词
研究范式,23,复合短语
确立,23,普通词
积极性,23,普通词
税收政策,23,普通词
税收调查,23,复合短语
管理科学工程,23,复合短语
纵向失衡,23,复合短语
结构失衡,23,复合短语
绩效影响,23,复合短语
缩短,23,普通词
而是,23,普通词
耦合,23,普通词
自然资源,23,普通词
自由,23,普通词
良好,23,普通词
要素市场化,23,复合短语
论述,23,普通词
调节作用,23,普通词
财政纵向,23,复合短语
财政纵向失衡,23,复合短语
贫困县,23,普通词
资源编排,23,复合短语
资管新规,23,复合短语
赋予,23,普通词
跨境数据流动,23,复合短语
转型经济,23,复合短语
进展,23,普通词
违约风险,23,复合短语
那么,23,普通词
重大问题,23,复合短语
重要因素,23,复合短语
重要途径,23,普通词
链主,23,普通词
非金融,23,普通词
颠覆性创新,23,复合短语
高技术,23,普通词
高频,23,普通词
鲜有,23,普通词
一国,22,普通词
三次,22,普通词
与非,22,普通词
专精特新企业,22,复合短语
中国传统经济,22,复合短语
中国共产党百年,22,复合短语
中等收入群体,22,复合短语
乐观,22,普通词
产业关联,22,复合短语
产业结构变迁,22,复合短语
产业转型,22,复合短语
企业产品,22,复合短语
企业并购,22,复合短语
企业组织,22,复合短语
传播,22,普通词
传统经济思想,22,复合短语
依赖于,22,普通词
具有明显,22,复合短语
创造性,22,普通词
县域经济,22,复合短语
县级政府,22,复合短语
发展道路,22,复合短语
土地政策,22,复合短语
地方政府竞争,22,复合短语
增值税留抵,22,复合短语
大小,22,普通词
如何实现,22,复合短语
它们,22,普通词
官员,22,普通词
定向,22,普通词
定量分析,22,普通词
实施效果,22,复合短语
实证检验研究,22,复合短语
实质,22,普通词
实际GDP,22,复合短语
审慎监管,22,复合短语
对外贸易,22,普通词
左右,22,普通词
市场认知,22,复合短语
帮助,22,普通词
建设社会主义现代化,22,复合短语
强制,22,普通词
影响存在,22,复合短语
影响更大,22,复合短语
征税,22,普通词
战略管理,22,复合短语
所在地,22,普通词
扶贫政策,22,复合短语
承诺,22,普通词
抑制效应,22,普通词
投资者保护,22,复合短语
披露质量,22,复合短语
拍卖,22,普通词
提供有益参考,22,复合短语
收缩,22,普通词
数字技术应用,22,复合短语
新冠肺炎疫情,22,复合短语
有益参考,22,复合短语
本文结合,22,复合短语
本文考察,22,复合短语
流动性资产,22,复合短语
激励政策,22,复合短语
特新企业,22,复合短语
环境保护,22,普通词
现代化建设,22,复合短语
理解中国,22,复合短语
理论支撑,22,复合短语
疫情冲击,22,复合短语
研发创新,22,复合短语
税收稽查,22,复合短语
第三产业,22,普通词
经济实体,22,复合短语
经济实体经济,22,复合短语
经济金融,22,复合短语
经验研究,22,复合短语
股价崩盘,22,复合短语
要素替代,22,复合短语
要素流动,22,复合短语
观念,22,普通词
财政可持续性,22,复合短语
财政转移支付,22,复合短语
财税政策,22,复合短语
货币政策银行,22,复合短语
资产泡沫,22,复合短语
越低,22,普通词
越来越,22,普通词
跨国并购,22,复合短语
输入,22,普通词
近代,22,普通词
风险冲击,22,复合短语
高水平对外开放,22,复合短语
CPI,21,普通词
专家,21,普通词
中国债券市场,21,复合短语
中国金融,21,复合短语
中央银行,21,普通词
中欧,21,普通词
为准,21,普通词
主要原因,21,复合短语
交易所,21,普通词
产业化,21,普通词
人们,21,普通词
企业成本,21,复合短语
企业社保,21,复合短语
企业过度投资,21,复合短语
企业集团,21,复合短语
优化营商,21,复合短语
优化营商环境,21,复合短语
会计信息质量随机,21,复合短语
估值,21,普通词
位于,21,普通词
债券信用利差,21,复合短语
储蓄,21,普通词
兑付,21,普通词
党中央,21,普通词
全球生产,21,复合短语
全球生产网络,21,复合短语
全面建设,21,复合短语
公有制,21,普通词
兴起,21,普通词
内在机制,21,复合短语
农业发展,21,复合短语
刚性兑付,21,复合短语
创业减贫,21,复合短语
创新战略,21,复合短语
动态随机,21,普通词
动态随机一般,21,复合短语
动态随机一般均衡,21,复合短语
劳动报酬,21,普通词
即兴,21,普通词
原理,21,普通词
参与者,21,普通词
及其作用,21,复合短语
双元,21,普通词
反思,21,普通词
合一,21,普通词
启示意义,21,复合短语
国内生产,21,复合短语
土地制度,21,复合短语
增值税留抵退税,21,复合短语
增量,21,普通词
复兴,21,普通词
实践启示,21,复合短语
家庭债务,21,复合短语
对应,21,普通词
尚未,21,普通词
工业用地,21,普通词
市场定价,21,复合短语
市场扭曲,21,复合短语
市场风险,21,复合短语
并非,21,普通词
弥补,21,普通词
强国建设,21,复合短语
往往,21,普通词
思考,21,普通词
性别,21,普通词
恢复,21,普通词
意义本文,21,复合短语
手工,21,普通词
承销商,21,普通词
技术进步方向,21,复合短语
抵押品,21,普通词
描述,21,普通词
敏感,21,普通词
救助,21,普通词
数字贸易,21,复合短语
新兴经济体,21,复合短语
有着,21,普通词
本文企业,21,复合短语
机会公平,21,复合短语
核心企业,21,复合短语
模型引入,21,复合短语
此基础本文,21,复合短语
法律,21,普通词
清洁,21,普通词
激励企业,21,复合短语
物流,21,普通词
独立,21,普通词
环境政策,21,复合短语
生产率企业,21,复合短语
用于,21,普通词
电商出口,21,复合短语
直接投资,21,复合短语
相对贫困,21,复合短语
相适应,21,普通词
社会主义制度,21,复合短语
社会主义现代化国家,21,复合短语
社会价值,21,复合短语
社会科学,21,普通词
社区,21,普通词
科技创新产业,21,复合短语
积极作用,21,复合短语
税基,21,普通词
空间配置,21,复合短语
管理层,21,普通词
细分,21,普通词
经济差距,21,复合短语
经营主体,21,复合短语
结合中国,21,复合短语
统筹发展安全,21,复合短语
缴费负担,21,复合短语
股价崩盘风险,21,复合短语
脱贫攻坚,21,复合短语
良性互动,21,复合短语
要素投入,21,复合短语
要素生产率增长,21,复合短语
负向影响,21,复合短语
货币政策银行风险,21,复合短语
质量随机,21,复合短语
质量随机检查,21,复合短语
资本投资,21,复合短语
资源联动,21,复合短语
跨境电商出口,21,复合短语
跨境资本,21,复合短语
转型过程,21,复合短语
载体,21,普通词
边界效应,21,复合短语
过剩,21,普通词
进步方向,21,复合短语
违规,21,普通词
适配,21,普通词
重述,21,普通词
金融强国,21,复合短语
针对性,21,普通词
链主企业,21,复合短语
长效,21,普通词
防控,21,普通词
随机检查,21,复合短语
集体经济,21,普通词
非正规,21,普通词
靶向,21,普通词
风险分担,21,复合短语
风险影响,21,复合短语
高端,21,普通词
高质量发展重要,21,复合短语
高质量发展阶段,21,复合短语
2004,20,普通词
GVC,20,普通词
上线,20,普通词
上述结论,20,复合短语
不会,20,普通词
中国绿色,20,复合短语
中国资本市场,20,复合短语
中欧班列,20,复合短语
互联,20,普通词
交易制度,20,复合短语
人群,20,普通词
企业投融资,20,复合短语
低估,20,普通词
信息优势,20,复合短语
全局,20,普通词
全面建成,20,复合短语
关键问题,20,普通词
具有重要政策,20,复合短语
具有重要理论,20,复合短语
农业经营主体,20,复合短语
制度安排,20,复合短语
前者,20,普通词
劳动报酬份额,20,复合短语
包容性创新,20,复合短语
区位,20,普通词
协商,20,普通词
历史逻辑,20,复合短语
双碳,20,普通词
发展具有重要,20,复合短语
同行,20,普通词
园区,20,普通词
国内贸易,20,普通词
地区层面,20,复合短语
均衡性,20,普通词
城市营商,20,复合短语
城市营商环境,20,复合短语
增值税税率,20,复合短语
增长核算,20,复合短语
奇迹,20,普通词
存在差异,20,复合短语
存续,20,普通词
学术界,20,普通词
实现高质量,20,复合短语
容量,20,普通词
对此,20,普通词
巩固,20,普通词
市场规模,20,复合短语
平台债务,20,复合短语
延长,20,普通词
影响实证,20,复合短语
思想理论,20,复合短语
战略选择,20,复合短语
抓手,20,普通词
投服中心,20,复合短语
招聘,20,普通词
接触,20,普通词
推动高质量,20,复合短语
推动高质量发展,20,复合短语
改增,20,普通词
政府债务扩张,20,复合短语
政府行为,20,复合短语
政府采购,20,复合短语
政策体系,20,复合短语
数实,20,普通词
数据交易,20,复合短语
整个,20,普通词
新型农业经营,20,复合短语
新能源汽车,20,复合短语
普惠金融发展,20,复合短语
更加显著,20,复合短语
有助于提升,20,复合短语
本土企业,20,复合短语
本文运用,20,复合短语
极大,20,普通词
案例分析,20,复合短语
正规,20,普通词
正面,20,普通词
消费品,20,普通词
源泉,20,普通词
潜在增速,20,复合短语
焦点,20,普通词
环境生态,20,复合短语
生产函数,20,复合短语
生育意愿,20,复合短语
申请,20,普通词
盈利能力,20,复合短语
相反,20,普通词
程度较高,20,普通词
空间一般,20,复合短语
空间一般均衡,20,复合短语
第二个,20,普通词
系统地,20,普通词
经济主体,20,复合短语
结构化,20,普通词
网络视角,20,复合短语
规模效应,20,复合短语
货币政策利率,20,复合短语
贫困家庭,20,普通词
贸易福利,20,复合短语
资本成本,20,复合短语
过程机制,20,复合短语
这是,20,普通词
逆向,20,普通词
通道,20,普通词
道德风险,20,普通词
遭遇,20,普通词
量化分析,20,复合短语
随后,20,普通词
隐性债务风险,20,复合短语
集中度,20,普通词
集约,20,普通词
需求结构,20,复合短语
静态,20,普通词
顶层,20,普通词
风险资本,20,复合短语
1998,19,普通词
2017中国,19,复合短语
FTA,19,普通词
一级,19,普通词
一致性,19,普通词
上游企业,19,复合短语
下属,19,普通词
不同发展阶段,19,复合短语
中介效应,19,复合短语
中华民族伟大,19,复合短语
中华民族伟大复兴,19,复合短语
中国区域,19,复合短语
中国式现代化道路,19,复合短语
中国成立,19,复合短语
中国自主,19,复合短语
为准自然实验,19,复合短语
事前,19,普通词
二十大,19,普通词
二级,19,普通词
产业融合,19,复合短语
产权制度,19,普通词
人与自然和谐,19,复合短语
人与自然和谐共生,19,复合短语
亿元,19,普通词
以后,19,普通词
价格粘性,19,复合短语
企业之间,19,复合短语
企业信贷,19,复合短语
企业内部,19,复合短语
企业实际,19,复合短语
企业社会责任,19,复合短语
企业高质量,19,复合短语
伟大复兴,19,复合短语
信息披露质量,19,复合短语
债务增长,19,复合短语
先进,19,普通词
内外,19,普通词
决定性,19,普通词
出口产品质量,19,复合短语
创新质量,19,复合短语
初步,19,普通词
劳动需求,19,复合短语
化石,19,普通词
卡脖子,19,普通词
发展方向,19,复合短语
发展质量,19,复合短语
合作社,19,普通词
后续,19,普通词
商家,19,普通词
国有资本,19,普通词
城乡融合发展,19,复合短语
城投,19,普通词
基尼系数,19,普通词
境外,19,普通词
复杂系统,19,复合短语
外溢效应,19,复合短语
外部环境,19,普通词
外部需求,19,复合短语
子公司,19,普通词
学术体系,19,复合短语
实现高质量发展,19,复合短语
实证考察,19,复合短语
家庭资产,19,复合短语
巨大,19,普通词
已有研究,19,复合短语
平衡发展,19,复合短语
建党,19,普通词
成员,19,普通词
成本加成,19,复合短语
成熟,19,普通词
抉择,19,普通词
推导,19,普通词
推断,19,普通词
提供理论依据,19,复合短语
放缓,19,普通词
政策制定,19,复合短语
政策模拟,19,复合短语
效应企业,19,复合短语
数字技术创新,19,复合短语
数字时代,19,复合短语
数字治理,19,复合短语
显著下降,19,复合短语
显著抑制,19,复合短语
更具,19,普通词
最新,19,普通词
机器人使用,19,复合短语
标准国际化,19,复合短语
治理模式,19,复合短语
渐进,19,普通词
特征事实,19,复合短语
监管机构,19,复合短语
省直管,19,普通词
社会经济,19,复合短语
空间溢出,19,复合短语
组态,19,普通词
经营绩效,19,复合短语
网络市场,19,复合短语
网络模型,19,复合短语
股权结构,19,普通词
融资平台债务,19,复合短语
行权,19,普通词
西方经济学,19,复合短语
观察,19,普通词
视为,19,普通词
视域,19,普通词
让利,19,普通词
评级机构,19,复合短语
财政改革,19,复合短语
账户,19,普通词
资本区域,19,复合短语
还会,19,普通词
这为,19,普通词
进出口,19,普通词
追踪调查,19,普通词
退市,19,普通词
退税政策,19,复合短语
透明度,19,普通词
重要举措,19,复合短语
金融改革,19,复合短语
鉴于,19,普通词
银税,19,普通词
银税互动,19,复合短语
集成,19,普通词
非常,19,普通词
非正式制度,19,复合短语
预警,19,普通词
风险本文,19,复合短语
高风险,19,普通词
100,18,普通词
2001,18,普通词
2035,18,普通词
70,18,普通词
下游企业,18,复合短语
下滑,18,普通词
下降趋势,18,复合短语
不利冲击,18,复合短语
业态,18,普通词
中国数字,18,复合短语
中国财政,18,复合短语
中央政府,18,普通词
中间产品,18,复合短语
主要矛盾,18,普通词
二级市场,18,复合短语
产值,18,普通词
企业自主,18,复合短语
企业面临,18,复合短语
倒逼,18,普通词
值得,18,普通词
党组织,18,普通词
全面建设社会主义,18,复合短语
共同股东,18,复合短语
共性,18,普通词
共演,18,普通词
共识,18,普通词
农机,18,普通词
切实,18,普通词
创新体系,18,复合短语
初级阶段,18,普通词
制度变迁,18,复合短语
前后,18,普通词
剩余控制权,18,复合短语
动员,18,普通词
区块,18,普通词
半导体,18,普通词
南北,18,普通词
及其作用机制,18,复合短语
双方,18,普通词
发展来自,18,复合短语
后发优势,18,普通词
向上,18,普通词
启发,18,普通词
囤积,18,普通词
国内生产网络,18,复合短语
在内,18,普通词
地区企业,18,复合短语
城市经济,18,复合短语
基础构建,18,复合短语
失业保险,18,复合短语
存在异质性,18,复合短语
存在显著差异,18,复合短语
孵化,18,普通词
宏观层面,18,复合短语
定价效率,18,复合短语
宽松货币政策,18,复合短语
密集度,18,普通词
寡头,18,普通词
尤为,18,普通词
履行,18,普通词
工业部门,18,普通词
工资水平,18,普通词
市场信息,18,复合短语
市场影响,18,复合短语
市场波动,18,复合短语
幸福,18,普通词
幸福感,18,普通词
广度,18,普通词
异质性检验,18,复合短语
影响具有,18,复合短语
征管企业,18,复合短语
忽视,18,普通词
情感,18,普通词
意见,18,普通词
我国企业,18,复合短语
所在,18,普通词
抑制企业,18,复合短语
持续性,18,普通词
提供政策启示,18,复合短语
搜寻成本,18,复合短语
收入份额,18,复合短语
收入增长,18,复合短语
政务服务,18,复合短语
政府作用,18,复合短语
政府债务风险,18,复合短语
政府政策,18,复合短语
政府财政关系,18,复合短语
政策有效性,18,复合短语
效果评估,18,复合短语
数字平台生态系统,18,复合短语
数据证据,18,复合短语
数量质量,18,复合短语
新创,18,普通词
新创企业,18,复合短语
新型举国体制,18,复合短语
替代性,18,普通词
本文首次,18,复合短语
核心技术突破,18,复合短语
比较分析,18,复合短语
污染企业,18,复合短语
涉及,18,普通词
深入研究,18,普通词
环境质量,18,普通词
现状,18,普通词
理论经验,18,复合短语
生产经营,18,复合短语
监测,18,普通词
监管部门,18,普通词
短视,18,普通词
研发强度,18,复合短语
社会学,18,普通词
简单,18,普通词
管控,18,普通词
绿色技术,18,复合短语
缺陷,18,普通词
网络地位,18,复合短语
股东诉讼,18,复合短语
膨胀,18,普通词
自然,18,普通词
营商环境生态,18,复合短语
调价,18,普通词
调节效应,18,复合短语
负责,18,普通词
财政部,18,普通词
责任制,18,普通词
贯彻,18,普通词
贸易规则,18,复合短语
资本结构,18,复合短语
路径依赖,18,复合短语
身份变革,18,复合短语
身份转换,18,复合短语
转型风险,18,复合短语
返贫风险,18,复合短语
适合,18,普通词
重要意义本文,18,复合短语
银行监管,18,复合短语
长度,18,普通词
间接出口,18,复合短语
高标准,18,普通词
2005,17,普通词
2016中国,17,复合短语
2019中国,17,复合短语
20世纪,17,复合短语
AI,17,普通词
下限,17,普通词
不利于,17,普通词
不同于,17,普通词
与此同时,17,普通词
中国进口,17,复合短语
中西部,17,普通词
事后,17,普通词
产业组织,17,复合短语
产业转型升级,17,复合短语
产能过剩,17,复合短语
人力资本投资,17,复合短语
人口迁移,17,普通词
付费,17,普通词
仿真,17,普通词
企业以及,17,复合短语
企业创新水平,17,复合短语
企业劳动,17,复合短语
企业实现,17,复合短语
企业战略,17,复合短语
企业持续,17,复合短语
企业数据库,17,复合短语
企业环境,17,复合短语
企业税负,17,复合短语
企业管理,17,复合短语
企业行为,17,复合短语
企业规模,17,复合短语
企业跨国,17,复合短语
优惠落地,17,复合短语
低保,17,普通词
体制机制,17,复合短语
何以,17,普通词
供给需求,17,复合短语
保证,17,普通词
公共服务供给,17,复合短语
再生产,17,普通词
农业农村,17,复合短语
农村金融,17,普通词
净利润,17,普通词
出让,17,普通词
分配政策,17,复合短语
创业团队,17,复合短语
创业投资,17,普通词
创业活跃度,17,复合短语
创新产业创新,17,复合短语
创新投入,17,复合短语
初期,17,普通词
制度优势,17,复合短语
制度创业,17,复合短语
动态博弈,17,复合短语
区内,17,普通词
卖家,17,普通词
卖空,17,普通词
厂商,17,普通词
双重视角,17,复合短语
发展目标,17,复合短语
取向,17,普通词
合作关系,17,复合短语
哲学社会科学,17,复合短语
国际标准,17,普通词
国际经济,17,复合短语
地缘,17,普通词
城市商业银行,17,复合短语
基层治理,17,复合短语
基数,17,普通词
境内,17,普通词
增加企业,17,复合短语
大部分,17,普通词
央行担保,17,复合短语
头部,17,普通词
如何影响企业,17,复合短语
存贷,17,普通词
学历,17,普通词
学理,17,普通词
宗族,17,普通词
实质性,17,普通词
实践探索,17,复合短语
对全,17,普通词
对全要素,17,复合短语
对全要素生产率,17,复合短语
对策,17,普通词
导致企业,17,复合短语
工商,17,普通词
工艺,17,普通词
工资差距,17,复合短语
差距扩大,17,复合短语
市场渗透,17,复合短语
年报,17,普通词
应用场景,17,复合短语
建模,17,普通词
异质性企业,17,复合短语
得以,17,普通词
技术范式,17,复合短语
技能劳动者,17,复合短语
投顾,17,普通词
报酬递增,17,复合短语
抽象,17,普通词
拓宽,17,普通词
持有,17,普通词
持股比例,17,复合短语
按照,17,普通词
推广,17,普通词
提供理论支撑,17,复合短语
提出一个,17,复合短语
支配,17,普通词
收入国家,17,复合短语
改革发展,17,复合短语
政府资助,17,复合短语
政策如何,17,复合短语
敞口,17,普通词
文本情绪,17,复合短语
新视角,17,普通词
显著正向,17,复合短语
最高,17,普通词
服务实体,17,复合短语
期内,17,普通词
枢纽,17,普通词
标识,17,普通词
模型考察,17,复合短语
治理效能,17,复合短语
消费者福利,17,复合短语
滞后,17,普通词
灵活,17,普通词
煤炭,17,普通词
物理风险,17,复合短语
相互促进,17,普通词
相容,17,普通词
相悖,17,普通词
碳汇,17,普通词
社会主义初级阶段,17,复合短语
私有,17,普通词
种植,17,普通词
科创,17,普通词
程度越高,17,复合短语
税务,17,普通词
税收负担,17,复合短语
空间均衡,17,复合短语
竞争政策,17,复合短语
系统化,17,普通词
组织结构,17,复合短语
组织身份变革,17,复合短语
经济地位,17,复合短语
经济基础,17,复合短语与普通词
经贸,17,普通词
结构转换,17,复合短语
继承,17,普通词
网络关联,17,复合短语
网络嵌入,17,复合短语
置换,17,普通词
老区,17,普通词
股东网络,17,复合短语
行业技术,17,复合短语
要素收入分配,17,复合短语
视角经验,17,复合短语
试点政策,17,复合短语
诱发,17,普通词
调控框架,17,复合短语
调研,17,普通词
财政制度,17,复合短语
资本技能,17,复合短语
起来,17,普通词
跟随,17,普通词
转让,17,普通词
边界地区,17,普通词
过度负债,17,复合短语
金额,17,普通词
链条,17,普通词
长寿,17,普通词
阈值,17,普通词
风险敞口,17,复合短语
风险溢出,17,复合短语
驱动发展,17,复合短语
2023,16,普通词
LP,16,普通词
RTA,16,普通词
一条,16,普通词
上限,16,普通词
不断提高,16,复合短语
与其,16,普通词
专项债券,16,复合短语
世代,16,普通词
两个方面,16,复合短语
两国,16,普通词
中国制造业企业,16,复合短语
中国劳动力市场,16,复合短语
中国社会,16,复合短语
乃至,16,普通词
之外,16,普通词
乘数效应,16,复合短语
习近平时代,16,复合短语
事业,16,普通词
事实分析,16,复合短语
二代,16,普通词
互联互通,16,普通词
产业升级,16,复合短语
产出水平,16,复合短语
产品出口,16,复合短语
人口流动,16,复合短语
人大,16,普通词
介入,16,普通词
以期,16,普通词
价格冲击,16,复合短语
企业技术创新,16,复合短语
企业生产效率,16,复合短语
企业社保缴费,16,复合短语
企业自主创新,16,复合短语
优于,16,普通词
供应链关系,16,复合短语
供求,16,普通词
依靠,16,普通词
信息化,16,普通词
信贷政策,16,普通词
借鉴意义,16,复合短语
全体,16,普通词
全体人民,16,复合短语
全国市场,16,复合短语
全国税收,16,复合短语
全国税收调查,16,复合短语
全球价值链分工,16,复合短语
公平竞争,16,普通词
共治,16,普通词
农业要素,16,复合短语
农村集体经济,16,复合短语
出口关系,16,复合短语
出口增长,16,复合短语
出口质量,16,复合短语
出台,16,普通词
分为,16,普通词
分担机制,16,复合短语
分离,16,普通词
创新主体,16,复合短语
创新模式选择,16,复合短语
前景,16,普通词
加速折旧,16,复合短语
动态过程,16,复合短语
劳动力转移,16,复合短语
劳动要素,16,复合短语
匹配效率,16,复合短语
医疗服务,16,复合短语
十九,16,普通词
历史经验,16,复合短语
发展历程,16,复合短语
发展经济学,16,普通词
发展规律,16,复合短语
发达地区,16,复合短语
后发国家,16,复合短语
商事,16,普通词
因子,16,普通词
国地税,16,普通词
国家战略,16,复合短语
国情,16,普通词
国民经济核算,16,复合短语
土地供给,16,复合短语
地方政府行为,16,复合短语
城乡收入,16,复合短语
城市发展,16,复合短语
城市规模,16,复合短语
城镇居民,16,普通词
基础设施投资,16,复合短语
基金投资,16,复合短语
增长动力,16,复合短语
外生冲击,16,复合短语
多年,16,普通词
失灵,16,普通词
学习方法,16,复合短语
学生,16,普通词
定价机制,16,复合短语
定制,16,普通词
实行,16,普通词
实践经验,16,复合短语与普通词
实践逻辑,16,复合短语
实际税负,16,复合短语
对外投资,16,复合短语
对接,16,普通词
少数民族,16,普通词
就业结构,16,普通词
局部,16,普通词
工业行业,16,复合短语
市场体系,16,复合短语
市场制度,16,复合短语
市场机制,16,普通词
市场环境,16,复合短语
市场资源配置,16,复合短语
市级,16,普通词
底层,16,普通词
建设现代化,16,复合短语
异地并购,16,复合短语
异质性影响,16,复合短语
当期,16,普通词
忽略,16,普通词
房地产市场,16,复合短语
扎根理论,16,复合短语
承担渠道,16,复合短语
技术差距,16,复合短语
技能劳动,16,复合短语
投机,16,普通词
投票,16,普通词
投资效率,16,复合短语
投资者情绪,16,复合短语
抵扣,16,普通词
抵押,16,普通词
提供启示,16,复合短语
提供证据,16,复合短语
政府补贴,16,复合短语
政策协同,16,复合短语
政策执行,16,复合短语
效果本文,16,复合短语
教育水平,16,复合短语
数字产业,16,复合短语
数字经济实体,16,复合短语
数据产权,16,复合短语
数据使用,16,复合短语
数据跨境,16,复合短语
数据运用,16,复合短语
整治,16,普通词
时代企业,16,复合短语
时变,16,普通词
显著改善,16,复合短语
更新,16,普通词
有效抑制,16,复合短语
服务实体经济,16,复合短语
本文尝试,16,复合短语
本文试图,16,复合短语
本身,16,普通词
机器学习方法,16,复合短语
权益资本,16,复合短语
权益资本成本,16,复合短语
极端风险,16,复合短语
核算框架,16,复合短语
森林,16,普通词
歧视性,16,普通词
民族地区,16,复合短语
油价,16,普通词
法院,16,普通词
流动影响,16,复合短语
消费者信息,16,复合短语
消费金融,16,复合短语
深远,16,普通词
特色社会主义市场经济,16,复合短语
特质,16,普通词
现代化强国,16,复合短语
生产率影响,16,复合短语
生命周期模型,16,复合短语
生态补偿,16,复合短语
留抵退税政策,16,复合短语
监管转型,16,复合短语
盯住,16,普通词
相同,16,普通词
短债,16,普通词
短债长用,16,复合短语
研究企业,16,复合短语
研究有助于,16,复合短语
程度影响,16,复合短语
税收收入,16,普通词
税收激励,16,复合短语
税收调查数据,16,复合短语
稳定器,16,普通词
突发,16,普通词
第三方,16,普通词
系统梳理,16,复合短语
累积,16,普通词
经济全球化,16,复合短语
给予,16,普通词
缴费基数,16,复合短语
网络企业,16,复合短语
网络关系,16,复合短语
耕地,16,普通词
能力提升,16,复合短语
脆弱性,16,普通词
自主创新能力,16,复合短语
董事长,16,普通词
装备,16,普通词
要素生产率提升,16,复合短语
规模扩大,16,复合短语
规范化,16,普通词
设区,16,普通词
话语,16,普通词
负面冲击,16,复合短语
贡献率,16,普通词
财政政策效果,16,复合短语
财政部会计信息,16,复合短语
财政部会计信息质量,16,复合短语
财税体制,16,复合短语
货币政策调控,16,复合短语
质量升级,16,复合短语
资本回报率,16,复合短语
资本要素,16,复合短语
越小,16,普通词
较差,16,普通词
边界污染,16,复合短语
过程发挥,16,复合短语
这一现象,16,复合短语
进入时代,16,复合短语
进而影响,16,复合短语
逻辑理论,16,复合短语
采用双重,16,复合短语
重要政策启示,16,复合短语
量化空间均衡,16,复合短语
金融高质量,16,复合短语
金融高质量发展,16,复合短语
银行流动性创造,16,复合短语
长用,16,普通词
问询,16,普通词
陷入,16,普通词
集聚效应,16,复合短语
需求转移,16,复合短语
预期形成,16,复合短语
风险承担渠道,16,复合短语
高时,16,普通词
高科技,16,普通词
高质量发展具有,16,复合短语
10,15,普通词
2030,15,普通词
三中全会,15,普通词
三是,15,普通词
三次产业,15,复合短语
上下游企业,15,复合短语
世界百年,15,复合短语
两个市场,15,复合短语
严格,15,普通词
中小银行,15,普通词
中期,15,普通词
中等收入陷阱,15,复合短语
举债,15,普通词
之一本文,15,复合短语
交叠,15,普通词
交易数据,15,复合短语
交流,15,普通词
产品开发,15,普通词
代际流动,15,复合短语
以往,15,普通词
企业信息,15,复合短语
企业创新网络,15,复合短语
企业异质性,15,复合短语
企业影响,15,复合短语
优质,15,普通词
住房需求,15,复合短语
供给冲击,15,复合短语
依赖型,15,普通词
侵蚀,15,普通词
保险制度,15,普通词
信息环境,15,复合短语
借款,15,普通词
偏低,15,普通词
做好,15,普通词
停滞,15,普通词
健康养老,15,复合短语
全球产业链,15,复合短语
全面建成小康社会,15,复合短语
公共资源,15,普通词
公路,15,普通词
关注度,15,普通词
关键本文,15,复合短语
关键核心技术突破,15,复合短语
具有中国,15,复合短语
具有中国特色,15,复合短语
内在要求,15,复合短语
农业税,15,普通词
农户增收,15,复合短语
农村集体,15,复合短语
决定性作用,15,复合短语
减负,15,普通词
出去,15,普通词
分析方法,15,普通词
分税制,15,普通词
创建,15,普通词
创新产业链,15,复合短语
创新型企业,15,复合短语
创新竞争,15,复合短语
创新驱动发展,15,复合短语
利率传导,15,复合短语
利率渠道,15,复合短语
利率调控,15,复合短语
制度设计,15,复合短语
劳动力成本,15,复合短语
劳动资本,15,复合短语
劳动雇佣,15,复合短语
化石能源,15,复合短语
化解地方,15,复合短语
匹配数据,15,复合短语
区别,15,普通词
区域流动,15,复合短语
升格,15,普通词
卫星,15,普通词
参加,15,普通词
参数估计,15,普通词
及时,15,普通词
双碳目标,15,复合短语
反倾销,15,普通词
发展思想,15,复合短语
发挥政府,15,复合短语
变化趋势,15,普通词
可能导致,15,复合短语
可转债,15,普通词
同志,15,普通词
商业化,15,普通词
商标,15,普通词
国家之间,15,复合短语
国有企业创新,15,复合短语
国资,15,普通词
国际货币,15,复合短语
土地财政,15,复合短语
在短期内,15,普通词
均会,15,普通词
城乡收入差距,15,复合短语
城市高质量,15,复合短语
城市高质量发展,15,复合短语
基于供应链,15,复合短语
基于量化,15,复合短语
增收效应,15,复合短语
复杂产品,15,复合短语
复杂系统管理,15,复合短语
外部市场,15,复合短语
大气污染,15,普通词
存续企业,15,复合短语
宏观经济效应,15,复合短语
宏观经济韧性,15,复合短语
实现经济高质量,15,复合短语
审视,15,普通词
密度,15,普通词
小康,15,普通词
少子,15,普通词
就业效应,15,复合短语
差距缩小,15,复合短语
市场交易,15,复合短语
市场反应,15,复合短语
常规,15,普通词
年来,15,普通词
底线,15,普通词
延迟退休,15,复合短语
建成小康社会,15,复合短语
强大,15,普通词
当下,15,普通词
影子银行监管,15,复合短语
很大,15,普通词
得出,15,普通词
得分,15,普通词
循环主体,15,复合短语
微观基础,15,复合短语
恶化,15,普通词
打造,15,普通词
技术水平,15,普通词
投资企业,15,复合短语
投资影响,15,复合短语
投资者利益,15,复合短语
抵消,15,普通词
持有人,15,普通词
接近,15,普通词
揭示中国,15,复合短语
撤县设区,15,复合短语
收入陷阱,15,复合短语
收敛,15,普通词
放管服,15,普通词
放管服改革,15,复合短语
政府支出效率,15,复合短语
政府职能,15,普通词
政策引导,15,复合短语
效率公平,15,复合短语
数字化变革,15,复合短语
数字化战略,15,复合短语
数据治理,15,复合短语
新思路,15,普通词
时代背景,15,普通词
显现,15,普通词
显著增强,15,复合短语
显著异质性,15,复合短语
更能,15,普通词
最小,15,普通词
有助于缓解,15,复合短语
有待,15,普通词
有效市场政府,15,复合短语
服务供给,15,复合短语
本文研究对于,15,复合短语
本文聚焦,15,复合短语
村庄,15,普通词
模型刻画,15,复合短语
模型系统,15,复合短语
民营经济,15,复合短语
没有显著,15,复合短语
激励相容,15,复合短语
现代化经济,15,复合短语
电价,15,普通词
目标实现,15,复合短语
相关性,15,普通词
短缺,15,普通词
破除,15,普通词
社会主义现代化强国,15,复合短语
社会养老,15,复合短语
科研人员,15,普通词
程度提高,15,复合短语
税制改革,15,复合短语
税收分成,15,复合短语
税收制度,15,普通词
立足于,15,普通词
筹资,15,普通词
简称,15,普通词
管理制度,15,普通词
系统管理,15,普通词
约束缓解,15,复合短语
组织学习,15,复合短语
经济集聚,15,复合短语
绩效基于,15,复合短语
网络外部性,15,复合短语
职业技能,15,普通词
脱实,15,普通词
营销,15,普通词
融资平台公司,15,复合短语
融资模式,15,复合短语
行业企业,15,复合短语
行为研究,15,复合短语
要素市场化配置,15,复合短语
要素生产率影响,15,复合短语
要素禀赋,15,复合短语
视野,15,普通词
计算一般,15,复合短语
计算一般均衡,15,复合短语
语调,15,普通词
财务重述,15,复合短语
财政金融协同,15,复合短语
货币政策冲击,15,复合短语
货币政策有效性,15,复合短语
跨区,15,普通词
跨部门,15,普通词
选择效应,15,复合短语
通信,15,普通词
通胀预期,15,复合短语
避险,15,普通词
重要渠道,15,复合短语
金融资源配置,15,复合短语
银行业竞争,15,复合短语
银行效率,15,复合短语
长效机制,15,普通词
问责,15,普通词
问题导向,15,复合短语
阐明,15,普通词
阶段企业,15,复合短语
集体行动,15,普通词
集权,15,普通词
非常规,15,普通词
驱动企业,15,复合短语
驱动力,15,普通词
驱动因素,15,复合短语
高速增长,15,复合短语
1992,14,普通词
2002,14,普通词
2006,14,普通词
2020中国,14,复合短语
DID,14,普通词
一百年,14,普通词
一级市场,14,复合短语
一般均衡分析,14,复合短语
上海,14,普通词
不仅有助于,14,复合短语
不同时期,14,复合短语
专业,14,普通词
世界百年未有,14,复合短语
两难,14,普通词
中国家庭金融,14,复合短语
中国管理学,14,复合短语
中国跨境,14,复合短语
中小投资者,14,复合短语
主张,14,普通词
主要集中,14,复合短语
习近平同志,14,复合短语
习近平时代中国,14,复合短语
二十,14,普通词
交易政策,14,复合短语
产业智能化,14,复合短语
产出缺口,14,复合短语
产品转换,14,复合短语
享受,14,普通词
人口转变,14,复合短语
人大预算,14,复合短语
人大预算监督,14,复合短语
人工智能时代,14,复合短语
人类文明,14,普通词
仍然成立,14,复合短语
以及企业,14,复合短语
价格歧视,14,复合短语
企业减税,14,复合短语
企业创新活动,14,复合短语
企业利润,14,复合短语
企业劳动力市场,14,复合短语
企业数字创新,14,复合短语
企业更为,14,复合短语
企业污染,14,复合短语
企业绿色创新,14,复合短语
企业融资成本,14,复合短语
优化配置,14,复合短语
低时,14,普通词
低碳经济,14,复合短语
体系提供,14,复合短语
作用效果,14,复合短语
促使企业,14,复合短语
促转,14,普通词
促进农户,14,复合短语
债券市场高质量,14,复合短语
债券市场高质量发展,14,复合短语
债券持有人,14,复合短语
债务压力,14,复合短语
债务置换,14,复合短语
全面深化改革,14,复合短语
公共卫生事件,14,复合短语
公共支出,14,复合短语
公告,14,普通词
关系治理,14,复合短语
具体而言,14,复合短语
养殖,14,普通词
兼具,14,普通词
内外部,14,普通词
农业农村现代化,14,复合短语
农户收入,14,复合短语
农村居民,14,普通词
农村现代化,14,复合短语
冲击影响,14,复合短语
决策参考,14,复合短语
减轻,14,普通词
出口产品,14,复合短语
分流,14,普通词
分配制度,14,普通词
创业板,14,普通词
创业活动,14,复合短语
创业研究,14,复合短语
创投,14,普通词
创新深度,14,复合短语
制度体系,14,复合短语
制度开放,14,复合短语
加征,14,普通词
包容性增长,14,复合短语
协同发力,14,复合短语
单元,14,普通词
即使,14,普通词
及其影响,14,复合短语
双层,14,普通词
受益,14,普通词
变化方向,14,复合短语
只能,14,普通词
可能存在,14,复合短语
同步,14,普通词
同质化,14,普通词
商业模式创新,14,复合短语
商户,14,普通词
四个,14,普通词
因地制宜,14,普通词
国际竞争,14,普通词
地区技术,14,复合短语
均衡分析,14,复合短语
均衡发展,14,复合短语
城市体系,14,复合短语
基于数字,14,复合短语
基于生产,14,复合短语
基于量化空间,14,复合短语
基石,14,普通词
增长动能,14,复合短语
壮大,14,普通词
外卖平台,14,复合短语
外汇储备,14,普通词
多期,14,普通词
头部企业,14,复合短语
如下,14,普通词
如何促进,14,复合短语
委托代理,14,复合短语
宏微观,14,普通词
宏观效应,14,复合短语
宏观数据,14,复合短语
宏观经济波动,14,复合短语
实施机制,14,复合短语
实现技术,14,复合短语
家庭教育,14,普通词
家庭金融调查,14,复合短语
小规模,14,普通词
就业选择,14,复合短语
局限性,14,普通词
展现,14,普通词
展示,14,普通词
工业企业数据,14,复合短语
工业企业数据库,14,复合短语
已经成为,14,复合短语
市场均衡,14,复合短语
市场垄断,14,复合短语
市场改革,14,复合短语
席位,14,普通词
建立一个,14,复合短语
建设全国,14,复合短语
建设全国统一,14,复合短语
怎样,14,普通词
总额,14,普通词
愈发,14,普通词
成为中国,14,复合短语
成功经验,14,普通词
成员国,14,普通词
成本下降,14,复合短语
成立进一步,14,复合短语
扎实,14,普通词
技术领域,14,复合短语
技能互补,14,复合短语
技能结构,14,复合短语
投资水平,14,复合短语
投资组合,14,复合短语
授权,14,普通词
提供微观,14,复合短语
提供政策参考,14,复合短语
支柱调控框架,14,复合短语
支行,14,普通词
收入不均,14,复合短语
收入水平,14,普通词
收费,14,普通词
政党,14,普通词
政府主导,14,复合短语
政府有效,14,复合短语
政府消费,14,复合短语
政府部门,14,普通词
政府预算,14,复合短语
效应及其,14,复合短语
效率基于,14,复合短语
效率改善,14,复合短语
效率来自,14,复合短语
敏感性,14,普通词
数字平台企业,14,复合短语
数字政府,14,复合短语
数据资本存量,14,复合短语
数智赋能,14,复合短语
时滞,14,普通词
明清,14,普通词
显性,14,普通词
有助于促进,14,复合短语
有效缓解,14,复合短语
本土化,14,普通词
本文创新性,14,复合短语
本文拓展,14,复合短语
本文理解,14,复合短语
构架,14,普通词
标志,14,普通词
校准,14,普通词
比率,14,普通词
治理作用,14,复合短语
治理路径,14,复合短语
深入推进,14,复合短语
深入理解,14,复合短语
满意度,14,普通词
热点,14,普通词
现代化理论,14,复合短语
现代经济,14,复合短语
现代财政,14,复合短语
现金流,14,普通词
理论内涵,14,复合短语
生产结构,14,复合短语
百年奋斗目标,14,复合短语
直播,14,普通词
相匹配,14,普通词
社会流动性,14,复合短语
社会组织,14,复合短语
社保基金,14,复合短语
离散,14,普通词
私有信息,14,复合短语
科创板,14,普通词
科技基础设施,14,复合短语
科技金融,14,复合短语
积分,14,普通词
移动互联网,14,复合短语
税收任务,14,复合短语
税收优惠落地,14,复合短语
税收竞争,14,复合短语
税费,14,普通词
筛选,14,普通词
签署,14,普通词
精准扶贫政策,14,复合短语
系统稳定,14,复合短语
紧密,14,普通词
约束企业,14,复合短语
纳税人,14,普通词
经济体系,14,复合短语
经济发展阶段,14,复合短语
经济增长目标,14,复合短语
经济核心,14,复合短语
经济深度,14,复合短语
经济深度融合,14,复合短语
结论依然,14,复合短语
结论依然成立,14,复合短语
结论对于,14,复合短语
绿色低碳,14,复合短语
绿色信贷,14,复合短语
缓解企业,14,复合短语
缴费下调,14,复合短语
网络研究,14,复合短语
股东利益,14,复合短语
股利,14,普通词
能效,14,普通词
能源转型,14,复合短语
自主知识,14,复合短语
自主知识体系,14,复合短语
自己,14,普通词
自立自强,14,普通词
范畴,14,普通词
薄弱,14,普通词
虚拟经济,14,复合短语
西部地区,14,复合短语
覆盖,14,普通词
负相关,14,普通词
财产,14,普通词
财富分配,14,复合短语
财政投入,14,普通词
财政货币政策,14,复合短语
货币市场,14,复合短语
贸易保护,14,复合短语
资产定价,14,复合短语
资本区域流动,14,复合短语
走出,14,普通词
跨国公司,14,普通词
边际效应,14,普通词
运作,14,普通词
运用双重,14,复合短语
进一步优化,14,复合短语
进城,14,普通词
进行实证分析,14,复合短语
递减,14,普通词
部门一般,14,复合短语
部门一般均衡,14,复合短语
重大科技,14,复合短语
重大科技基础设施,14,复合短语
重大风险,14,复合短语
重点领域,14,复合短语
量化空间一般,14,复合短语
金融科技平台,14,复合短语
金融调查,14,复合短语
银行市场,14,复合短语
限购,14,普通词
随迁,14,普通词
集约边际,14,复合短语
集聚经济,14,复合短语
非理性,14,普通词
非税,14,普通词
预期管理,14,复合短语
预测能力,14,复合短语
风险投资,14,普通词
马克思主义中国化,14,复合短语
驱动政策,14,复合短语
高新区,14,普通词
2003,13,普通词
20072019,13,复合短语
BoP,13,普通词
PPICPI,13,复合短语
一般性,13,普通词
三保,13,普通词
三线建设,13,普通词
上市公司年报,13,复合短语
下行,13,普通词
不同技能,13,复合短语
两型,13,普通词
两次,13,普通词
两种资源,13,复合短语
中华民族现代文明,13,复合短语
中国国内,13,复合短语
中国宏观经济,13,复合短语
中国经济高质量,13,复合短语
中间品需求,13,复合短语
主导逻辑,13,复合短语
主要源于,13,复合短语
举措本文,13,复合短语
之前,13,普通词
二十三中全会,13,复合短语
互联创新,13,复合短语
产业布局,13,普通词
产业集聚,13,复合短语
产品系统,13,复合短语
产品贸易,13,复合短语
人类社会,13,复合短语
以及如何,13,复合短语
价值提升,13,复合短语
价格弹性,13,复合短语
价格指数,13,普通词
企业人力资本,13,复合短语
企业供应链,13,复合短语
企业协同,13,复合短语
企业异地,13,复合短语
企业证据,13,复合短语
企业资本,13,复合短语
企业资源,13,复合短语
优待,13,普通词
传导渠道,13,复合短语
传染效应,13,复合短语
传统文化,13,复合短语
位数,13,普通词
体系重要,13,复合短语
作为一种,13,复合短语
信号效应,13,复合短语
信息处理,13,普通词
信贷资源,13,复合短语
修订,13,普通词
债券定价,13,复合短语
债务治理,13,复合短语
储蓄率,13,普通词
催生,13,普通词
僵尸,13,普通词
全新,13,普通词
全球供应链,13,复合短语
公用,13,普通词
共享发展,13,复合短语
共聚,13,普通词
关税冲击,13,复合短语
关联交易,13,复合短语
关联度,13,普通词
关联效应,13,复合短语
关键因素,13,普通词
内部收入,13,复合短语
农业现代化,13,复合短语
冲击企业,13,复合短语
减免,13,普通词
分歧,13,普通词
分配格局,13,复合短语
创新治理,13,复合短语
利润转移,13,复合短语
制度性交易成本,13,复合短语
加以,13,普通词
劳动密集型企业,13,复合短语
区县,13,普通词
十分,13,普通词
历史数据,13,普通词
双重目标,13,复合短语
反向,13,普通词
发行利差,13,复合短语
可行,13,普通词
合成,13,普通词
困难,13,普通词
国内循环主体,13,复合短语
国家级贫困县,13,复合短语
图式,13,普通词
地区技术互补,13,复合短语
场域,13,普通词
城市建设,13,复合短语
城镇职工,13,普通词
基于微观,13,复合短语
基于生产网络,13,复合短语
增值税收入,13,复合短语
增长收入,13,复合短语
增长速度,13,普通词
处在,13,普通词
复杂产品系统,13,复合短语
外汇,13,普通词
守门人,13,普通词
实力,13,普通词
实时,13,普通词
实际经济,13,复合短语
宣告,13,普通词
密集型,13,普通词
对于理解,13,复合短语
对外部,13,普通词
寻求,13,普通词
就业率,13,普通词
崛起,13,普通词
嵌入式,13,普通词
巡回,13,普通词
工业互联网,13,复合短语
工业机器人应用,13,复合短语
差别,13,普通词
市场力量,13,复合短语
平台创新,13,复合短语
平等影响,13,复合短语
应急,13,普通词
开放经济,13,复合短语
引擎,13,普通词
引领作用,13,复合短语
强于,13,普通词
微观机制,13,复合短语
必然要求,13,复合短语
必须坚持,13,复合短语
总需求,13,普通词
成分,13,普通词
成本上升,13,复合短语与普通词
成本弹性,13,复合短语
成本效应,13,复合短语
成本降低,13,复合短语
户籍身份,13,复合短语
扩招,13,普通词
技术优势,13,复合短语
技术经济,13,复合短语
技术赋能,13,复合短语
技能匹配,13,复合短语
折价,13,普通词
抚养,13,普通词
抛售,13,普通词
担保机构,13,复合短语
提供新思路,13,复合短语
提振,13,普通词
放开,13,普通词
政府治理,13,复合短语
政府补助,13,复合短语
政府通过,13,复合短语
政策协调,13,复合短语
政策目标,13,复合短语
效应具有,13,复合短语
数字化供应链,13,复合短语
数据作为,13,复合短语
数据资源,13,复合短语
文本信息,13,复合短语
新一代,13,普通词
新闻,13,普通词
无效,13,普通词
时期中国,13,复合短语
显著提升企业,13,复合短语
显著提高企业,13,复合短语
显著降低企业,13,复合短语
更是,13,普通词
有助于降低,13,复合短语
期限结构,13,复合短语
期限错配,13,复合短语
本文使用中国,13,复合短语
本文借助,13,复合短语
本文利用中国,13,复合短语
本文揭示,13,复合短语
本文构建包含,13,复合短语
机制在于,13,复合短语
标识概念,13,复合短语
检验依然,13,复合短语
模块,13,普通词
模型探究,13,复合短语
求职,13,普通词
没有明显,13,复合短语
治理实践,13,复合短语
流向,13,普通词
流量数据,13,复合短语
消费信贷,13,普通词
消费原则,13,复合短语
深入分析,13,普通词
混频,13,普通词
游戏,13,普通词
源自,13,普通词
溯源,13,普通词
演化过程,13,普通词
潜在增长率,13,复合短语
熊彼特,13,普通词
状态跃迁,13,复合短语
现代文明,13,普通词
现代财政制度,13,复合短语
现代财税,13,复合短语
现象本文,13,复合短语
理论支持,13,复合短语
生产力现代化,13,复合短语
生产率损失,13,复合短语
生产网络结构,13,复合短语
生态产品,13,复合短语
生源,13,普通词
监管套利,13,复合短语
目标约束,13,复合短语
省级政府,13,复合短语
着力点,13,普通词
短期信贷,13,普通词
短期内,13,普通词
研判,13,普通词
研究丰富,13,复合短语
研究数字,13,复合短语
研究理解,13,复合短语
破产法庭,13,复合短语
破坏,13,普通词
确实,13,普通词
碳中目标,13,复合短语
社会监督,13,复合短语
福祉,13,普通词
科技企业,13,复合短语
科技平台公司,13,复合短语
税收治理,13,复合短语
稳健性检验依然,13,复合短语
稳定器作用,13,复合短语
空间模型,13,复合短语
突变,13,普通词
竞争效应,13,复合短语
端的,13,普通词
管理决策,13,普通词
管理启示,13,复合短语
系统分析,13,普通词
经济快速,13,复合短语
经济改革,13,复合短语
经济结构转型,13,复合短语
经费,13,普通词
绩效评价,13,普通词
绿色债券,13,复合短语
缓释,13,普通词
联盟,13,普通词
联通,13,普通词
能源强度,13,复合短语
自我优待,13,复合短语
节能减排,13,复合短语
虚假,13,普通词
融资困境,13,复合短语
融资约束缓解,13,复合短语
行业出口,13,复合短语
行业技术进步,13,复合短语
行政保护,13,复合短语
行政边界,13,复合短语
要求本文,13,复合短语
规模性,13,普通词
规模较,13,普通词
视角探究,13,复合短语
视角经验证据,13,复合短语
解读,13,普通词
解释中国,13,复合短语
认知能力,13,复合短语
设市,13,普通词
证监会,13,普通词
试点地区,13,复合短语
话语体系,13,复合短语
负债结构,13,复合短语
财县,13,普通词
财政激励,13,复合短语
货币政策企业,13,复合短语
贸易合作,13,复合短语
资助社会,13,复合短语
资本形成,13,复合短语
资本收入,13,复合短语
资源能力,13,复合短语
转型影响,13,复合短语
过程模型,13,复合短语
过程理论,13,复合短语
进一步提高,13,普通词
违规行为,13,普通词
连带责任,13,普通词
追踪,13,普通词
通常,13,普通词
部类,13,普通词
金融开放,13,复合短语
金融系统稳定,13,复合短语
银行体系,13,复合短语
银行分支机构,13,复合短语
银行负债,13,复合短语
银行部门,13,复合短语
银行金融,13,复合短语
银行风险偏好,13,复合短语
链长,13,普通词
锚定,13,普通词
长期性,13,普通词
问卷调查,13,普通词
除了,13,普通词
难度,13,普通词
需求渠道,13,复合短语
革命老区,13,复合短语
领主,13,普通词
风险分散,13,复合短语
风险外溢,13,复合短语
风险治理,13,复合短语
高度重视,13,普通词
高技能劳动,13,复合短语
高新技术企业,13,复合短语
高校科技成果,13,复合短语
31,12,普通词
MD,12,普通词
PRI,12,普通词
上市公司样本,12,复合短语
上市公司证据,12,复合短语
上游行业,12,复合短语
不再,12,普通词
不断扩大,12,普通词
专利保护,12,复合短语
两个结合,12,复合短语
两大政策,12,复合短语
中国产业链,12,复合短语
中国实际,12,复合短语
中国特色管理学,12,复合短语
中国省际,12,复合短语
中国货币政策,12,复合短语
中国间接税,12,复合短语
中央转移,12,复合短语
中央转移支付,12,复合短语
中心发展,12,复合短语
中西部地区,12,复合短语
中证,12,普通词
中间投入,12,复合短语
主导权,12,普通词
买方,12,普通词
互补关系,12,复合短语
亟待,12,普通词
亟需,12,普通词
交叠模型,12,复合短语
交换,12,普通词
交易机制,12,复合短语
产业战略,12,复合短语
产品开发平台,12,复合短语
人力资本结构,12,复合短语
人力资本质量,12,复合短语
人员,12,普通词
人均GDP,12,复合短语
人民共同富裕,12,复合短语
任务属性,12,复合短语
企业创新影响,12,复合短语
企业协同创新,12,复合短语
企业商业,12,复合短语
企业成长,12,复合短语
企业政府,12,复合短语
企业用户,12,复合短语
企业研发投入,12,复合短语
企业选择,12,复合短语
众筹,12,普通词
优化企业,12,复合短语
会计监督,12,复合短语
传导效果,12,复合短语
估计量,12,普通词
但会,12,普通词
低价,12,普通词
作用更为,12,复合短语
使用双重,12,复合短语
使用效率,12,复合短语
供应,12,普通词
促进区域,12,复合短语
信用扭曲,12,复合短语
借贷市场,12,复合短语
债务结构,12,复合短语
党委书记,12,普通词
关系网络,12,复合短语
关联性,12,普通词
具有积极,12,复合短语
典型案例,12,复合短语
内资企业,12,复合短语
内部控制,12,复合短语
农业产业,12,普通词
农村土地,12,普通词
冠军,12,普通词
冲击国内,12,复合短语
决策影响,12,复合短语
决策过程,12,复合短语
凭借,12,普通词
出海,12,普通词
分配效率,12,复合短语
创意,12,普通词
创新企业,12,复合短语
创新信息,12,复合短语
创新案例,12,复合短语
创新案例研究,12,复合短语
创新激励政策,12,复合短语
创造力,12,普通词
到期,12,普通词
制造业发展,12,复合短语
加快构建中国,12,复合短语
加速折旧政策,12,复合短语
务工,12,普通词
动态变化,12,普通词
动态平衡,12,普通词
劳动力市场势力,12,复合短语
北向,12,普通词
医保,12,普通词
十八以来我国,12,复合短语
升级影响,12,复合短语
协调发展战略,12,复合短语
参照,12,普通词
双循环相互促进,12,复合短语
双重机器,12,复合短语
双重机器学习,12,复合短语
发债,12,普通词
发布,12,普通词
发明专利,12,普通词
各省,12,普通词
合同,12,普通词
合理性,12,普通词
同一,12,普通词
后期,12,普通词
后移,12,普通词
员工持股,12,复合短语
商业关系,12,复合短语
商会,12,普通词
国内经济,12,复合短语
国际循环,12,复合短语
国际投资,12,复合短语
国际竞争力,12,复合短语
地上,12,普通词
地方性,12,普通词
基于社会,12,复合短语
基建,12,普通词
基本经验,12,复合短语
基金收入,12,复合短语
增强型,12,普通词
复杂度,12,普通词
多维度,12,普通词
大力,12,普通词
大多,12,普通词
天气,12,普通词
奠定,12,普通词
始终坚持,12,复合短语
完全契约,12,复合短语
宏观审慎监管,12,复合短语
定理,12,普通词
实体经济发展,12,复合短语
实体经济效应,12,复合短语
客户供应商,12,复合短语
家庭资产配置,12,复合短语
宽带,12,普通词
宽带中国,12,复合短语
寿命延长,12,复合短语
小于,12,普通词
就是,12,普通词
币制,12,普通词
市场价格,12,复合短语
市场份额,12,普通词
市场企业,12,复合短语
市场冲击,12,复合短语
市场失灵,12,复合短语
市场活力,12,复合短语
市场需求,12,普通词
帮扶政策,12,复合短语
平台治理,12,复合短语
年限,12,普通词
建档,12,普通词
建设金融,12,复合短语
开放型经济,12,复合短语
引用,12,普通词
当代中国,12,复合短语
影响及其作用,12,复合短语
影响程度,12,复合短语
影响银行,12,复合短语
微观主体,12,复合短语
意义建构,12,复合短语
成本影响,12,复合短语
成立以来,12,复合短语
我国经济高质量,12,复合短语
我国金融,12,复合短语
战略变革,12,复合短语
战略联盟,12,复合短语
户籍制度改革,12,复合短语
房产税,12,普通词
技术发展,12,复合短语
技术变化,12,复合短语
技术外溢,12,复合短语
技术效率,12,复合短语
技术融合,12,复合短语
技术采用,12,复合短语
投入产出关系,12,复合短语
投资决策,12,普通词
投资者预期,12,复合短语
投资行为,12,复合短语
折旧政策,12,复合短语
据此本文,12,复合短语
探析,12,普通词
控制实验,12,复合短语
推行,12,普通词
提供借鉴,12,复合短语
提炼出,12,普通词
提高百分点,12,复合短语
改革重要,12,复合短语
放权,12,普通词
政府企业,12,复合短语
政府投资,12,复合短语
政府有效市场,12,复合短语
政策调整,12,复合短语
效应异质性,12,复合短语
效应技术,12,复合短语
效果明显,12,复合短语
效率提高,12,复合短语
数字化水平,12,复合短语
数字赋能,12,复合短语
数据平台,12,复合短语
数据收集,12,复合短语
数据结构,12,普通词
数据资本形成,12,复合短语
文本数据,12,复合短语
新一轮技术,12,复合短语
新兴市场,12,复合短语
新质生产力发展,12,复合短语
方面具有,12,复合短语
日本,12,普通词
时期我国,12,复合短语
显著上升,12,复合短语
显著促进作用,12,复合短语
普通,12,普通词
最优区分,12,复合短语
有效性研究,12,复合短语
服务化,12,普通词
机会主义,12,普通词
机制分析显示,12,复合短语
权益保护,12,复合短语
来源于,12,普通词
来说,12,普通词
极端天气,12,复合短语
构建双重,12,复合短语
构建双重差分,12,复合短语
构建国内,12,复合短语
根基,12,普通词
模型揭示,12,复合短语
母公司,12,普通词
民营企业融资,12,复合短语
污染排放,12,复合短语
沙县,12,普通词
治理企业,12,复合短语
波动溢出,12,复合短语
流动性囤积,12,复合短语
流动性约束,12,复合短语
测度方法,12,复合短语
海外技术,12,复合短语
消失,12,普通词
消费税征收,12,复合短语
涌现,12,普通词
深层,12,普通词
演变规律,12,复合短语
潜能,12,普通词
激励作用,12,复合短语
火力发电,12,普通词
父子,12,普通词
特色产业,12,普通词
特色管理学,12,复合短语
环境优化,12,复合短语
环节后移,12,复合短语
现代化重要,12,复合短语
现金流量,12,普通词
生产率效应,12,复合短语
由此产生,12,复合短语
电话会议,12,普通词
省会,12,普通词
省内,12,普通词
真正,12,普通词
知识搜寻,12,复合短语
研究方向,12,复合短语
碳税,12,普通词
碳达峰碳中,12,复合短语
社会主义基本,12,复合短语
神经网络,12,普通词
神经网络模型,12,复合短语
种粮,12,普通词
税负归宿,12,复合短语
稳妥,12,普通词
稳态,12,普通词
空间布局,12,普通词
空间溢出效应,12,复合短语
窗口,12,普通词
管户,12,普通词
簿记,12,普通词
类别,12,普通词
系统考察,12,复合短语
系统评估,12,复合短语
组合式,12,普通词
组织形式,12,复合短语
组织模式,12,复合短语
经济企业,12,复合短语
经济体企业,12,复合短语
经济体制改革,12,复合短语
经济发展质量,12,复合短语
经济数字,12,复合短语
经济治理,12,复合短语
经营投资,12,复合短语
经营者,12,普通词
绩效考核,12,普通词
缩小城乡,12,复合短语
网络全球,12,复合短语
网络治理,12,复合短语
聚集,12,普通词
股市,12,普通词
能源价格,12,普通词
自愿,12,普通词
自愿性,12,普通词
至关重要本文,12,复合短语
营商环境优化,12,复合短语
融入全球,12,复合短语
融资约束企业,12,复合短语
融资难,12,普通词
要素错配,12,复合短语
规模化,12,普通词
规模报酬,12,复合短语
规范性,12,普通词
视角考察,12,复合短语
设置,12,普通词
证据本文,12,复合短语
评估体系,12,复合短语
误差,12,普通词
财务风险,12,复合短语
财政国家,12,复合短语
财政支出结构,12,复合短语
财政部门,12,普通词
货币体系,12,复合短语
购房,12,普通词
购置税,12,普通词
贸易摩擦,12,复合短语
资本劳动,12,复合短语
资本密集型,12,普通词
资本理论,12,复合短语
资源依赖,12,复合短语
走势,12,普通词
跨期,12,普通词
这一效应,12,复合短语
这一结论,12,复合短语
进阶,12,普通词
连续,12,普通词
适用,12,普通词
通用,12,普通词
配额,12,普通词
采用中国,12,复合短语
量化空间模型,12,复合短语
金融学,12,普通词
银企距离,12,复合短语
银行资产负债表,12,复合短语
长期投资,12,普通词
长期风险,12,复合短语
防止,12,普通词
随机控制,12,复合短语
随机控制实验,12,复合短语
面积,12,普通词
顶层设计,12,复合短语
项目治理,12,复合短语
领导力,12,普通词
频率,12,普通词
风险管理,12,普通词
风险金融,12,复合短语
风险风险,12,复合短语
首次公开,12,复合短语
高校科技成果转化,12,复合短语
高龄,12,普通词
龙头企业,12,普通词
1995,11,普通词
2050,11,普通词
21,11,普通词
90,11,普通词
90年代,11,复合短语
A股市场,11,复合短语
CFPS,11,普通词
ICT,11,普通词
万美元,11,普通词
三期,11,普通词
下游行业,11,复合短语
世界各国,11,复合短语
两条,11,普通词
个性,11,普通词
中华人民共和国,11,普通词
中国人民,11,复合短语
中国农业,11,复合短语
中国国民经济,11,复合短语
中国学者,11,复合短语
中国独特,11,复合短语
中国现代化,11,复合短语
中国贫困,11,复合短语
中征,11,普通词
中游,11,普通词
习近平同志核心,11,复合短语
乡村治理,11,复合短语
二元结构,11,复合短语
交通运输,11,普通词
交错,11,普通词
产业政策竞争,11,复合短语
产业空间,11,复合短语
产业规模,11,复合短语
产业链供应链安全,11,复合短语
产出增长,11,复合短语
产品多元化,11,复合短语
产学研合作,11,复合短语
人力资本代际,11,复合短语
人居,11,普通词
人民中心发展,11,复合短语
什么,11,普通词
从事,11,普通词
代价,11,普通词
代际流动性,11,复合短语
价率,11,普通词
企业互联网,11,复合短语
企业产生,11,复合短语
企业全球,11,复合短语
企业创新产出,11,复合短语
企业创新绩效,11,复合短语
企业制度,11,复合短语
企业劳动生产率,11,复合短语
企业可以,11,复合短语
企业可能,11,复合短语
企业技术赶超,11,复合短语
企业数字技术,11,复合短语
企业自身,11,复合短语
优势后发优势,11,复合短语
传导效率,11,复合短语
传染网络,11,复合短语
作为自然实验,11,复合短语
供应链安全,11,复合短语
供应链溢出,11,复合短语
供方,11,普通词
依存,11,普通词
依次,11,普通词
侵占,11,普通词
促进共同富裕,11,复合短语
促进高质量,11,复合短语
信息溢出,11,复合短语
信息监管,11,复合短语
信息系统,11,普通词
信用融资,11,复合短语
债券信用评级,11,复合短语
债务管理,11,复合短语
债务规模,11,复合短语
债务负担,11,复合短语
储备,11,普通词
僵尸企业,11,复合短语
充足,11,普通词
入手,11,普通词
全体人民共同富裕,11,复合短语
公共债务扩张,11,复合短语
公司创投,11,复合短语
公司创新,11,复合短语
公园,11,普通词
共同富裕目标,11,复合短语
关系稳定性,11,复合短语
关键作用,11,普通词
典型事实,11,复合短语
内生增长理论,11,复合短语
内部治理,11,复合短语
冗余,11,普通词
农业生产效率,11,复合短语
农村劳动力,11,复合短语
农村基础设施,11,复合短语
农村社会,11,复合短语
农民创业,11,复合短语
冲击中国,11,复合短语
冲击经济,11,复合短语
准确把握,11,复合短语
减值,11,普通词
减缓,11,普通词
凯恩斯,11,普通词
出口规模,11,复合短语
出行,11,普通词
分布影响,11,复合短语
分散化,11,普通词
分析基础,11,复合短语
分配公平,11,复合短语
创新决策,11,复合短语
创造效应,11,复合短语
初次,11,普通词
前期,11,普通词
加征关税,11,复合短语
劳动节约型技术,11,复合短语
劳资,11,普通词
升学压力,11,普通词
协同机制,11,复合短语
厌恶,11,普通词
参保,11,普通词
双循环发展,11,复合短语
双循环发展格局,11,复合短语
双赢,11,普通词
双高,11,普通词
反垄断法,11,普通词
发展中国特色,11,复合短语
发展金融,11,复合短语
可达性,11,普通词
合伙,11,普通词
合伙协议,11,复合短语
合谋,11,普通词
同志核心,11,复合短语
同群,11,普通词
名义,11,普通词
后果研究,11,复合短语
商业信贷,11,复合短语
回弹,11,普通词
因素影响,11,复合短语
国家治理能力,11,复合短语
国有银行,11,普通词
国际双循环相互促进,11,复合短语
地块,11,普通词
均衡模型分析,11,复合短语
城乡差距,11,复合短语
城市层面,11,复合短语
基于复杂,11,复合短语
基础教育,11,普通词
增发,11,普通词
增速缺口,11,复合短语
增长收入分配,11,复合短语
外包,11,普通词
外流,11,普通词
外部经贸,11,复合短语
外部融资,11,复合短语
失业率,11,普通词
女性,11,普通词
存在一定,11,复合短语
存款保险制度,11,复合短语
季度,11,普通词
宏观税负,11,复合短语
宏观金融,11,复合短语
定向增发,11,复合短语
实证证据,11,复合短语
审计,11,普通词
家庭住房,11,复合短语
家庭追踪调查,11,复合短语
家族企业代际,11,复合短语
家族企业代际传承,11,复合短语
对冲效应,11,复合短语
导致经济,11,复合短语
小吃,11,普通词
就业目标,11,复合短语
工人,11,普通词
差序,11,普通词
差序格局,11,复合短语
市场化水平,11,复合短语
市场市场,11,复合短语
市场效率,11,复合短语
市场竞争程度,11,复合短语
市场表现,11,复合短语
平台市场化,11,复合短语
平台电商,11,复合短语
并购行为,11,复合短语
开发区升格,11,复合短语
开通,11,普通词
影响机理,11,复合短语
影响货币政策,11,复合短语
征收环节,11,复合短语
征收环节后移,11,复合短语
必要性,11,普通词
快速增长,11,普通词
态度,11,普通词
意义重大,11,复合短语
我国重大,11,复合短语
战略实施,11,复合短语
战略提供,11,复合短语
手册,11,普通词
扩展边际,11,复合短语
技术能力,11,复合短语
投入产出数据,11,复合短语
投入产出模型,11,复合短语
投入增加,11,复合短语
投入结构,11,复合短语
投资效应,11,复合短语
护理,11,普通词
报价,11,普通词
报表,11,普通词
抱团,11,普通词
拐点,11,普通词
持续推进,11,复合短语
掌握,11,普通词
排污,11,普通词
接受,11,普通词
接着,11,普通词
推动产业,11,复合短语
推进中国式,11,复合短语
推进国家治理,11,复合短语
提供一定,11,复合短语
摩擦异质性,11,复合短语
支出责任,11,复合短语
支持实体,11,复合短语
支持实体经济,11,复合短语
支持政策,11,复合短语
收入流动性,11,复合短语
改善企业,11,复合短语
政府债务治理,11,复合短语
政府债务融资,11,复合短语
政府激励,11,复合短语
政府资助社会,11,复合短语
政策选择,11,复合短语
效应收入,11,复合短语
教材,11,普通词
教育程度,11,复合短语
数字产品,11,复合短语
数字企业,11,复合短语
数字经济核心,11,复合短语
数据决策,11,复合短语
数据利用,11,复合短语
数据基础,11,复合短语
数据技术,11,复合短语
数智化,11,普通词
整合模式,11,复合短语
断点,11,普通词
新区,11,普通词
新型生产关系,11,复合短语
新形态,11,普通词
新格局,11,普通词
无论是,11,普通词
日益凸显,11,复合短语
时序,11,普通词
是因为,11,普通词
最为,11,普通词
最终需求,11,复合短语
有利,11,普通词
有助于企业,11,复合短语
有机结合,11,复合短语
有限合伙,11,复合短语
有限合伙协议,11,复合短语
服务业发展,11,复合短语
期望,11,普通词
本文丰富,11,复合短语
本文建立,11,复合短语
本文探讨,11,复合短语
机关,11,普通词
机制方面,11,复合短语
机械化,11,普通词
杀熟,11,普通词
构建企业,11,复合短语
构建全国,11,复合短语
校友,11,普通词
核心党中央,11,复合短语
检验依然成立,11,复合短语
模型利用,11,复合短语
正向溢出,11,复合短语
正规化,11,普通词
比较优势后发优势,11,复合短语
治理水平,11,复合短语
治理理论,11,复合短语
沿着,11,普通词
流转农村,11,复合短语
消费影响,11,复合短语
消费税征收环节,11,复合短语
涌入,11,普通词
深层次,11,普通词
清单,11,普通词
清晰,11,普通词
清末,11,普通词
渐进式创新,11,复合短语
演化路径,11,复合短语
演进过程,11,复合短语
潜在增速缺口,11,复合短语
潜在经济,11,复合短语
激进,11,普通词
物质资本,11,复合短语
特有,11,普通词
特殊性,11,普通词
独立性,11,普通词
环境整治,11,复合短语
环境污染,11,普通词
现实问题,11,复合短语
理念发展,11,复合短语
理论假说,11,复合短语
理论探索,11,复合短语
生产投入,11,复合短语
生产者,11,普通词
电商销售,11,复合短语
监督体系,11,复合短语
监管体系,11,复合短语
监管者,11,普通词
目的地,11,普通词
相对收入,11,复合短语
矫正,11,普通词
短板,11,普通词
研究揭示,11,复合短语
研讨会,11,普通词
社会主要矛盾,11,复合短语
社会公平,11,复合短语
社会化,11,普通词
社会各界,11,普通词
社会流动,11,复合短语
祖国,11,普通词
票号,11,普通词
福利分析,11,复合短语
离不开,11,普通词
种类,11,普通词
科技革命,11,复合短语
积极应对,11,复合短语
税制结构,11,复合短语
税率调整,11,复合短语
税负转嫁,11,复合短语
笨钱,11,普通词
管理学研究,11,复合短语
类似,11,普通词
系列,11,普通词
系统研究,11,复合短语
纳税信用,11,复合短语
线下,11,普通词
组织韧性,11,复合短语
经济产出,11,复合短语
经济学知识,11,复合短语
经济持续,11,复合短语
经济时代企业,11,复合短语
经济活动,11,复合短语
经济融合,11,复合短语
经营效率,11,复合短语
经过一系列,11,复合短语
经验分析,11,复合短语
经验证据政策,11,复合短语
结构性问题,11,复合短语
统一框架,11,复合短语
缔结,11,普通词
羊群,11,普通词
群众,11,普通词
群聚响应,11,复合短语
股权网络,11,复合短语
股票流动性,11,复合短语
背离,11,普通词
自上而下,11,普通词
自主权,11,普通词
致使,11,普通词
节约型技术,11,复合短语
获益,11,普通词
菲利普斯,11,普通词
菲利普斯曲线,11,复合短语
融资平台市场化,11,复合短语
行业发展,11,复合短语
行业地区,11,复合短语
行业层面,11,复合短语
行业竞争,11,复合短语
西学东渐,11,普通词
触发,11,普通词
认同,11,普通词
议题本文,11,复合短语
证据政策,11,复合短语
详细,11,普通词
财政收支,11,普通词
财政资金,11,普通词
质性,11,普通词
贸易利益,11,复合短语
贸易流量,11,复合短语
资本市场定价,11,复合短语
资本收入份额,11,复合短语
资本积累,11,普通词
资本边际,11,复合短语
走廊,11,普通词
起点,11,普通词
超大规模市场,11,复合短语
跨境资本流动,11,复合短语
践行,11,普通词
转型路径,11,复合短语
输出,11,普通词
辖区,11,普通词
过程研究,11,复合短语
这一问题,11,复合短语
进一步深化,11,复合短语
进行系统,11,复合短语
逃税,11,普通词
逐年,11,普通词
通胀率,11,普通词
造假,11,普通词
部门异质性,11,复合短语
酒店,11,普通词
重叠,11,普通词
重建,11,普通词
重点产业政策,11,复合短语
重要支撑,11,复合短语
重要途径本文,11,复合短语
金融体制,11,普通词
金融强国建设,11,复合短语
金融摩擦异质性,11,复合短语
金融网络,11,复合短语
银行负债结构,11,复合短语
银行贷款,11,复合短语与普通词
间接税税负,11,复合短语
陆海,11,普通词
降低银行,11,复合短语
随着数字,11,复合短语
隔代,11,普通词
非金融企业,11,复合短语
面向,11,普通词
顺利,11,普通词
预算管理,11,复合短语
预防性,11,普通词
领域研究,11,复合短语
频繁,11,普通词
风险传染网络,11,复合短语
风险提供,11,复合短语
驱动机制,11,复合短语
高学历,11,普通词
高技能劳动力,11,复合短语
高校创新,11,复合短语
高水平社会主义,11,复合短语
高水平社会主义市场,11,复合短语
高等教育,11,普通词
高质量创新,11,复合短语
高质量发展基于,11,复合短语
鲜明,11,普通词
15,10,普通词
19,10,普通词
1997,10,普通词
21世纪,10,复合短语
AAA,10,普通词
FTA缔结,10,复合短语
GDP核算,10,复合短语
TFP增长率,10,复合短语
WTO,10,普通词
al,10,普通词
et,10,普通词
etal,10,复合短语
一准,10,普通词
一准自然实验,10,复合短语
一般贸易,10,复合短语
三者,10,普通词
上升趋势,10,复合短语
不变,10,普通词
不同历史,10,复合短语
不确定性企业,10,复合短语
专利数据,10,复合短语
专利申请,10,普通词
世代交叠,10,复合短语
世纪90,10,复合短语
世纪90年代,10,复合短语
两个市场两种,10,复合短语
两个角度,10,复合短语
个人信息,10,普通词
中介作用,10,复合短语
中国产业,10,复合短语
中国区域经济,10,复合短语
中国宏观经济韧性,10,复合短语
中国家庭追踪调查,10,复合短语
中国工业化,10,复合短语
中国开放型,10,复合短语
中国式现代化理论,10,复合短语
中国自主经济学,10,复合短语
中央地方政府,10,复合短语
中小企业融资,10,复合短语
中间品投入,10,复合短语
中间品需求渠道,10,复合短语
为何,10,普通词
主要因素,10,复合短语
之下,10,普通词
之中,10,普通词
事业单位,10,普通词
二十大报告,10,复合短语
互联网政务,10,复合短语
互联网政务服务,10,复合短语
互补效应,10,复合短语
亚洲,10,普通词
产业创新深度,10,复合短语
产业基础,10,复合短语
产业链供应链韧性,10,复合短语
产权制度改革,10,复合短语
产生重要,10,复合短语
产生重要影响,10,复合短语
产量,10,普通词
人力资本空间,10,复合短语
人口发展,10,复合短语
人民币汇率,10,复合短语
仅仅,10,普通词
价值生产,10,复合短语
价值链国际,10,复合短语
价格管制,10,复合短语
企业主要,10,复合短语
企业产能,10,复合短语
企业创新能力,10,复合短语
企业创新行为,10,复合短语
企业动态,10,普通词
企业如何实现,10,复合短语
企业客户,10,复合短语
企业对外,10,复合短语
企业就业,10,复合短语
企业微观,10,复合短语
企业智能,10,复合短语
企业智能制造,10,复合短语
企业更为明显,10,复合短语
企业盈余,10,复合短语
企业短债,10,复合短语
企业短债长用,10,复合短语
企业税收规避,10,复合短语
企业竞争,10,复合短语
企业纳税,10,复合短语
企业获得,10,复合短语
企业贷款,10,复合短语
企业预期,10,复合短语
企业高质量发展,10,复合短语
会员制,10,普通词
传导效应,10,复合短语
传输,10,普通词
位数回归,10,复合短语
低收入群体,10,复合短语
低碳发展,10,复合短语
依然稳健,10,复合短语
依附,10,普通词
促进企业创新,10,复合短语
促进消费,10,复合短语
促进资本,10,复合短语
信号作用,10,复合短语
信念,10,普通词
信息共享,10,复合短语
信息获取,10,复合短语
信息质量,10,复合短语
信贷市场,10,复合短语
信贷配置,10,复合短语
借贷约束,10,复合短语
债务企业,10,复合短语
倾向得分,10,复合短语
倾斜,10,普通词
偏好差异化,10,复合短语
做法,10,普通词
健康中国,10,复合短语
健康状况,10,普通词
儿童,10,普通词
允许,10,普通词
充分发展,10,复合短语
先行,10,普通词
党委书记董事长,10,复合短语
全局性,10,普通词
全球治理,10,复合短语
公共治理,10,复合短语
公开发行,10,复合短语
共同机构,10,复合短语
共存,10,普通词
共生现代化,10,复合短语
共赢,10,普通词
关注本文,10,复合短语
关联视角,10,复合短语
关键所在,10,普通词
关键环节,10,普通词
内生动力,10,复合短语
农业税改革,10,复合短语
农村贫困,10,复合短语
农村集体产权制度,10,复合短语
冲击本文,10,复合短语
决定因素,10,复合短语
准入,10,普通词
减半,10,普通词
减半征收,10,复合短语
几乎,10,普通词
出发构建,10,复合短语
出口影响,10,复合短语
分支机构数量,10,复合短语
分析实证,10,复合短语
创新包容,10,复合短语
创新活力,10,复合短语
创新深度融合,10,复合短语
创新突破,10,复合短语
创新组织,10,复合短语
创新过程,10,复合短语
初次分配,10,复合短语
初育,10,普通词
利率走廊,10,复合短语
利益侵占,10,复合短语
制定者,10,普通词
制度保障,10,复合短语
制度变革,10,复合短语
制造业上市公司,10,复合短语
制造业结构,10,复合短语
加快建设,10,复合短语
加快构建发展,10,复合短语
加深,10,普通词
动力机制,10,复合短语
动态性,10,普通词
助学,10,普通词
助学贷款,10,复合短语
劳动关系,10,复合短语
劳动者工资,10,复合短语
劳动过程,10,复合短语
化解重大,10,复合短语
化解金融风险,10,复合短语
区域经济增长,10,复合短语
医疗成本,10,复合短语
十四五时期我国,10,复合短语
单项,10,普通词
单项冠军,10,复合短语
卖方,10,普通词
南方,10,普通词
占有权,10,普通词
及其内在,10,复合短语
及其机制,10,复合短语
友岸,10,普通词
双循环相互促进发展,10,复合短语
双边市场,10,复合短语
发展关键,10,复合短语
发展动能,10,复合短语
发展态势,10,复合短语
发展数字,10,复合短语
发展方式,10,复合短语
发展脉络,10,复合短语
发展范式,10,复合短语
发行定价,10,复合短语
发起,10,普通词
发达经济体,10,复合短语
古典,10,普通词
可能产生,10,复合短语
可能带来,10,复合短语
合意,10,普通词
同志核心党中央,10,复合短语
吸纳,10,普通词
和谐共生现代化,10,复合短语
商事制度,10,复合短语
商事制度改革,10,复合短语
商品流通,10,普通词
因素本文,10,复合短语
固定资产加速,10,复合短语
固定资产加速折旧,10,复合短语
固定资产投资,10,复合短语
国库,10,普通词
国有企业改革,10,复合短语
国民,10,普通词
国民经济循环,10,复合短语
国际关系,10,复合短语
国际合作,10,复合短语
国际贸易区域,10,复合短语
土地市场,10,复合短语
在位,10,普通词
在校,10,普通词
地方债务风险,10,复合短语
城乡分割,10,复合短语
城乡居民收入,10,复合短语
城市公共服务,10,复合短语
培养,10,普通词
基于资源,10,复合短语
基本原理,10,普通词
增信,10,普通词
增强企业,10,复合短语
增效,10,普通词
增长产生,10,复合短语
增长来自,10,复合短语
外围,10,普通词
外来,10,普通词
大国博弈,10,复合短语
大幅提升,10,复合短语
夯实,10,普通词
如何应对,10,复合短语
威胁,10,普通词
媒体报道,10,普通词
存量流量,10,复合短语
完美,10,普通词
宏观经济治理体系,10,复合短语
宏观经济运行,10,复合短语
官员考核,10,复合短语
实体经济深度,10,复合短语
实体经济高质量,10,复合短语
实务,10,普通词
实地,10,普通词
实证方面,10,复合短语
实际经济增长,10,复合短语
实验室,10,普通词
审慎政策支柱,10,复合短语
家庭住房需求,10,复合短语
家庭金融资产,10,复合短语
密切相关,10,普通词
富裕,10,普通词
对于中国,10,复合短语
寻租,10,普通词
导航,10,普通词
就业矛盾,10,复合短语
嵌套,10,普通词
工业体系,10,普通词
工业革命,10,普通词
工时,10,普通词
工程管理,10,复合短语
差距影响,10,复合短语
市场两种,10,复合短语
市场两种资源,10,复合短语
市场可达性,10,复合短语
市场微观,10,复合短语
市场构建,10,复合短语
市场驱动,10,复合短语
干扰,10,普通词
平台平台,10,复合短语
平台数据,10,复合短语
平台监管,10,复合短语
平衡充分,10,复合短语
年度,10,普通词
序列,10,普通词
应对策略,10,复合短语
建党百年,10,复合短语
开创,10,普通词
开发区融资,10,复合短语
开拓,10,普通词
异性,10,普通词
异议,10,普通词
异质性效应,10,复合短语
引领企业,10,复合短语
强烈,10,普通词
影响企业创新,10,复合短语
影响来自,10,复合短语
征管效率,10,复合短语
得分匹配,10,复合短语
得益于,10,普通词
忧患,10,普通词
成就经验,10,复合短语
成立机制,10,复合短语
我国劳动力,10,复合短语
我国数字,10,复合短语
战略决策,10,普通词
战略目标,10,普通词
批判,10,普通词
技术出海,10,复合短语
技术扩散,10,复合短语
技术效应,10,复合短语
技术竞争,10,复合短语
技术进步偏向,10,复合短语
投入要素,10,复合短语
投融资期限,10,复合短语
投资者行为,10,复合短语
抵御,10,普通词
捕捉,10,普通词
探索创新,10,复合短语
探索性案例,10,复合短语
探索性案例研究,10,复合短语
控股股东股权,10,复合短语
提供思路,10,复合短语
提供理论支持,10,复合短语
提出基于,10,复合短语
提出政策,10,复合短语
提升政府,10,复合短语
提升社会福利,10,复合短语
提质,10,普通词
提高政府,10,复合短语
提高要素生产率,10,复合短语
搜集,10,普通词
撤点,10,普通词
操作,10,普通词
支付制度,10,复合短语
支出结构,10,复合短语
支持企业,10,复合短语
收入分配效应,10,复合短语
收支,10,普通词
改革促进,10,复合短语
改革证据,10,复合短语
政务服务平台,10,复合短语
政府会计,10,复合短语
政治经济学理论,10,复合短语
政策优化,10,复合短语
政策支柱,10,复合短语
政策支柱调控,10,复合短语
效力,10,普通词
效应市场,10,复合短语
效应相对,10,复合短语
效应越强,10,复合短语
效率本文,10,复合短语
效用,10,普通词
数字化战略变革,10,复合短语
数字化技术,10,复合短语
数字贸易规则,10,复合短语
数据价值链,10,复合短语
数据采用,10,复合短语
整体性,10,普通词
文旅,10,普通词
新一轮技术革命,10,复合短语
新型工业化,10,复合短语
新机制,10,普通词
新股,10,普通词
新闻报道,10,普通词
施策,10,普通词
时代化,10,普通词
时空,10,普通词
明显异质性,10,复合短语
是否影响,10,复合短语
显著促进企业,10,复合短语
显著正向影响,10,复合短语
显著高于,10,复合短语
更为突出,10,复合短语
更多地,10,普通词
最佳,10,普通词
最后本文提出,10,复合短语
有效途径,10,普通词
有效需求,10,复合短语
服务平台,10,复合短语
服务组织,10,复合短语
本文对于,10,复合短语
本文提出一个,10,复合短语
本文研究理解,10,复合短语
本文系统,10,复合短语
本文选取,10,复合短语
机会窗口,10,复合短语
机器人劳动力,10,复合短语
机构持股,10,复合短语
材料,10,普通词
来源国,10,普通词
构建全国统一,10,复合短语
样本期内,10,复合短语
核对,10,普通词
核算方法,10,复合短语
根源,10,普通词
模式变迁,10,复合短语
每个,10,普通词
民初,10,普通词
汇率预期,10,复合短语
治理效应研究,10,复合短语
治理来自,10,复合短语
注意,10,普通词
流动性冲击,10,复合短语
流程,10,普通词
消费结构,10,普通词
深化供给,10,复合短语
清末民初,10,复合短语
渐进式改革,10,复合短语
溢酬,10,普通词
潜在经济增长率,10,复合短语
激活,10,普通词
激烈,10,普通词
灵工,10,普通词
爆发,10,普通词
物价,10,普通词
牵引,10,普通词
现代化转型,10,复合短语
现实背景,10,复合短语
理论参考,10,复合短语
理论实证分析,10,复合短语
理论层面,10,复合短语
理论探讨,10,复合短语
生产模式,10,复合短语
留抵退税改革,10,复合短语
疫情防控,10,复合短语
疫苗,10,普通词
百年土地,10,复合短语
监管技术,10,复合短语
相互促进发展,10,复合短语
相对价格,10,复合短语
省直管财政,10,复合短语
着重,10,普通词
短视主义,10,复合短语
研发支出,10,复合短语
研究主题,10,复合短语
研究成果,10,普通词
研究领域,10,复合短语
碳全,10,普通词
社会主义经济思想,10,复合短语
社会保障制度,10,复合短语
社会发展,10,复合短语
社会最优,10,复合短语
社保基金收入,10,复合短语
社保缴费基数,10,复合短语
福建,10,普通词
私人关系,10,普通词
科学性,10,普通词
科研,10,普通词
税务部门,10,复合短语
税率下调,10,复合短语
稳定政策,10,复合短语
稳步,10,普通词
立足中国,10,复合短语
竞争对手,10,普通词
竞争行为,10,复合短语
竞价,10,普通词
第二个百年,10,复合短语
笼子,10,普通词
系统观念,10,复合短语
经济价值,10,复合短语
经济地理,10,复合短语
经济增长动能,10,复合短语
经济学知识体系,10,复合短语
经济环境,10,复合短语
经济现代化,10,复合短语
经济福利,10,复合短语
经营风险,10,普通词
经贸冲击,10,复合短语
经验启示,10,复合短语
结构化数据,10,复合短语
结构性就业,10,复合短语
结构性就业矛盾,10,复合短语
结构性矛盾,10,复合短语
统一分析,10,复合短语
综试区,10,普通词
绿色消费,10,复合短语
缓解企业融资,10,复合短语
网络借贷,10,复合短语
美好生活,10,普通词
联网,10,普通词
股东利益侵占,10,复合短语
股东股权,10,复合短语
股东股权质押,10,复合短语
股价高估,10,复合短语
背景如何,10,复合短语
能力研究,10,复合短语
脱贫农户,10,复合短语
自主经济学,10,复合短语
自给率,10,普通词
自贸,10,普通词
致富,10,普通词
范式变革,10,复合短语
获利,10,普通词
蕴含,10,普通词
融资融券,10,复合短语
行业要素,10,复合短语
行为理论,10,复合短语
补贴企业,10,复合短语
表决权,10,普通词
表征,10,普通词
裁量,10,普通词
要素配置效率,10,复合短语
规制政策,10,复合短语
规定,10,普通词
角度看,10,普通词
订单,10,普通词
识别策略,10,复合短语
调控体系,10,复合短语
负增长,10,普通词
财富分布,10,复合短语
财富平等,10,复合短语
货币政策财政政策,10,复合短语
货币流通,10,普通词
质权,10,普通词
贯通,10,普通词
贷款期限,10,复合短语
贸易出口,10,复合短语
贸易模型,10,复合短语
资产负债,10,普通词
资本化,10,普通词
资本技能互补,10,复合短语
资本配置,10,复合短语
资质,10,普通词
距离函数,10,复合短语
跨地区交易,10,复合短语
跨省,10,普通词
身份塑造,10,复合短语
转入,10,普通词
转型期,10,普通词
转型经济增长,10,复合短语
转移成本,10,复合短语
输入风险,10,复合短语
这一重要,10,复合短语
进入企业,10,复合短语
进步偏向,10,复合短语
进而促进,10,复合短语
进行实证研究,10,复合短语
述评,10,普通词
退税改革,10,复合短语
适度规模经营,10,复合短语
通过企业,10,复合短语
通过改善,10,复合短语
逻辑实践,10,复合短语
遭受,10,普通词
采用双重差分,10,复合短语
重点关注,10,复合短语
重要抓手,10,复合短语
重要经验,10,复合短语
重返,10,普通词
量化评估,10,复合短语
金融供给,10,复合短语
金融经济,10,复合短语
长远,10,普通词
随之,10,普通词
集体产权制度,10,复合短语
雇佣结构,10,复合短语
雇工,10,普通词
需求风险,10,复合短语
非标,10,普通词
非盈利,10,普通词
非线性网络,10,复合短语
非线性网络关联,10,复合短语
颠覆,10,普通词
风险指标,10,复合短语
风险缓释,10,复合短语
风险识别,10,复合短语
驱动经济,10,复合短语
驾驭,10,普通词
高碳,10,普通词
高维,10,普通词
高质量发展政策,10,复合短语
11,9,普通词
1978,9,普通词
2018中国,9,复合短语
20世纪90,9,复合短语
EPU,9,普通词
ETF,9,普通词
MPS,9,普通词
QR,9,普通词
SVAR,9,普通词
一个多,9,普通词
一体,9,普通词
一定启示,9,复合短语
一次,9,普通词
万家,9,普通词
上下游行业,9,复合短语
上升下降,9,复合短语
上游国企,9,复合短语
上述理论,9,复合短语
不动产,9,普通词
不同市场,9,复合短语
不同行业,9,复合短语
不断优化,9,复合短语
不断深化,9,复合短语
世代交叠模型,9,复合短语
个人所得税,9,普通词
中介模型,9,复合短语
中低收入,9,普通词
中华,9,普通词
中国之治,9,复合短语
中国产业结构,9,复合短语
中国共产党建党,9,复合短语
中国化时代化,9,复合短语
中国国情,9,普通词
中国地方政府,9,复合短语
中国实际GDP,9,复合短语
中国影子,9,复合短语
中国影子银行,9,复合短语
中国政府监管,9,复合短语
中国标准,9,复合短语
中国特色哲学,9,复合短语
中国经济波动,9,复合短语
中国行业,9,复合短语
中国贫困治理,9,复合短语
中小企业贷款,9,复合短语
中美,9,普通词
中西,9,普通词
中观,9,普通词
中部,9,普通词
主体国内,9,复合短语
主体国内国际,9,复合短语
主体货币,9,复合短语
主要来自,9,复合短语
之治,9,普通词
习近平生态,9,复合短语
习近平生态文明,9,复合短语
争论,9,普通词
事权,9,普通词
二次,9,普通词
五年,9,普通词
亟须,9,普通词
交互作用,9,普通词
交叉补贴,9,复合短语
产业变革,9,复合短语
产业技术,9,复合短语
产业链融合,9,复合短语
产品价格,9,普通词
产生影响本文,9,复合短语
人力资本升级,9,复合短语
人口结构,9,复合短语
人口规模,9,复合短语
人口负增长,9,复合短语
人居环境,9,复合短语
人数,9,普通词
人民群众,9,复合短语
今后,9,普通词
从根本上,9,普通词
从而产生,9,复合短语
他们,9,普通词
代理问题,9,复合短语
代码,9,普通词
代表人,9,普通词
以及政府,9,复合短语
价值影响,9,复合短语
价格上涨,9,普通词
企业ESG,9,复合短语
企业产能利用率,9,复合短语
企业具有,9,复合短语
企业减税激励,9,复合短语
企业增加,9,复合短语
企业实际税负,9,复合短语
企业提供,9,复合短语
企业绩效影响,9,复合短语
企业贸易,9,复合短语
企业逃税,9,复合短语
优势企业,9,复合短语
优化资源配置,9,复合短语
传导率,9,普通词
传染渠道,9,复合短语
传统商业,9,复合短语
传统金融,9,复合短语
低水平,9,普通词
低碳技术创新,9,复合短语
住房价格,9,普通词
体系学术,9,复合短语
作为中国,9,复合短语
作为生产,9,复合短语
供应链企业,9,复合短语
供给改革,9,复合短语
依然成立进一步,9,复合短语
依赖度,9,普通词
促成,9,普通词
促进产业结构,9,复合短语
促进国内,9,复合短语
促进就业,9,复合短语
信息透明度,9,复合短语
修正,9,普通词
倒逼效应,9,复合短语
充分利用,9,普通词
先发,9,普通词
党的领导,9,普通词
全球价值链国际,9,复合短语
公共品供给,9,复合短语
公共投资,9,复合短语
公共服务均衡性,9,复合短语
公益,9,普通词
共同富裕实现,9,复合短语
共建国家,9,复合短语
关乎,9,普通词
关键举措,9,复合短语
具有参考价值,9,复合短语
具有重要影响,9,复合短语
具有重要现实意义,9,复合短语
内外资,9,普通词
内部化,9,普通词
内部收入平等,9,复合短语
内部结构,9,普通词
农业增长,9,复合短语
农场土地,9,复合短语
农民土地,9,复合短语
农民收入,9,普通词
农田水利,9,普通词
冲击研究,9,复合短语
决策者,9,普通词
减贫理论,9,复合短语
出口能力,9,复合短语
出口退税,9,复合短语
分析数字,9,复合短语
分析法,9,普通词
分解方法,9,复合短语
分配机制,9,普通词
创新响应,9,复合短语
创新效率,9,复合短语
利息收入,9,普通词
制定提供,9,复合短语
制度基础,9,复合短语
制造业服务业,9,复合短语
制造业生产性,9,复合短语
制造业生产性服务业,9,复合短语
加剧企业,9,复合短语
加快发展,9,复合短语
加快推进,9,复合短语
加速器机制,9,复合短语
动态博弈模型,9,复合短语
动态演化,9,复合短语
劳动分工,9,复合短语
劳动力技能结构,9,复合短语
劳动力配置,9,复合短语
劳动增强型,9,复合短语
劳资收入,9,复合短语
势差,9,普通词
包容审慎,9,复合短语
包容性发展,9,复合短语
匠心,9,普通词
区制,9,普通词
区域异质性,9,复合短语
十四五时期中国,9,复合短语
协同演进,9,复合短语
占优,9,普通词
占据,9,普通词
卡脖子技术,9,复合短语
印证,9,普通词
历史唯物主义,9,普通词
原创性,9,普通词
原因在于,9,复合短语
原型,9,普通词
参考依据,9,复合短语
发展全面,9,复合短语
发展完善,9,复合短语
发展平衡,9,复合短语
发展方面,9,复合短语
发展理念发展,9,复合短语
发展阶段发展,9,复合短语
发挥政府作用,9,复合短语
发行债券,9,复合短语
受阻,9,普通词
受限,9,普通词
召开,9,普通词
可能引发,9,复合短语
可行性,9,普通词
可靠性,9,普通词
各级,9,普通词
呈现上升,9,复合短语
呈现显著,9,复合短语
周期性波动,9,复合短语
四大,9,普通词
因变量,9,普通词
困扰,9,普通词
固定观察点,9,复合短语
国内全球,9,复合短语
国内全球创新,9,复合短语
国内创新,9,复合短语
国强民富,9,普通词
国有企业民营企业,9,复合短语
国有经济,9,普通词
国际直接,9,复合短语
国际竞争优势,9,复合短语
在实践中,9,普通词
地区税收,9,复合短语
垂直管理,9,复合短语
垂直结构,9,复合短语
城市人口,9,复合短语
城市创业,9,复合短语
城市宏观,9,复合短语
基于2009,9,复合短语
基于信息,9,复合短语
基于全国,9,复合短语
基本特征,9,普通词
基础通过,9,复合短语
增值税税率下调,9,复合短语
增长环境质量,9,复合短语
处置,9,普通词
复杂网络,9,复合短语
外资银行,9,普通词
外需,9,普通词
多国,9,普通词
多重制度,9,复合短语
多重制度逻辑,9,复合短语
大力发展,9,普通词
大图,9,普通词
大学生,9,普通词
太湖,9,普通词
央地财政,9,复合短语
失效,9,普通词
奋斗,9,普通词
契合,9,普通词
奖惩,9,普通词
如何有效,9,复合短语
宅基地,9,普通词
安全性,9,普通词
安慰剂,9,普通词
宏观审慎管理,9,复合短语
定性,9,普通词
实体经济融合,9,复合短语
实现乡村,9,复合短语
审慎管理,9,复合短语
对此本文,9,复合短语
对策建议,9,复合短语
将会,9,普通词
小额,9,普通词
少子老龄化,9,复合短语
局面,9,普通词
层级制,9,普通词
居民福利,9,复合短语
山水,9,普通词
工业互联网平台,9,复合短语
工作任务,9,复合短语
工作会议,9,复合短语
差分模型实证,9,复合短语
市场优势,9,复合短语
市场发展,9,复合短语
市场秩序,9,普通词
市场经济条件,9,复合短语
市级政府,9,复合短语
带动作用,9,复合短语
带来影响,9,复合短语
平台网络,9,复合短语
并购绩效,9,复合短语
应有,9,普通词
延续,9,普通词
当今世界,9,普通词
形成过程,9,复合短语
影响更为,9,复合短语
征管力度,9,复合短语
循环主体国内,9,复合短语
循环国际,9,复合短语
微观视角,9,复合短语
微观调查,9,复合短语
心理,9,普通词
必然选择,9,普通词
情感信任,9,复合短语
成本促进,9,复合短语
成熟期,9,普通词
我国资本,9,复合短语
战略性新兴产业,9,复合短语
房地产价格,9,复合短语
所有者,9,普通词
扎实推进,9,复合短语
执法,9,普通词
承受,9,普通词
技术创新效应,9,复合短语
技术升级,9,普通词
技术进步经济,9,复合短语
投入产出关联,9,复合短语
投融资期限错配,9,复合短语
投资率,9,普通词
拓展分析,9,复合短语
持续上升,9,普通词
持续优化,9,复合短语
损失本文,9,复合短语
排放强度,9,复合短语
排除,9,普通词
探讨中国,9,复合短语
探讨数字,9,复合短语
推动产业结构,9,复合短语
推进中国式现代化,9,复合短语
推高,9,普通词
提供重要启示,9,复合短语
提出一种,9,复合短语
提出政策建议,9,复合短语
提出要求,9,复合短语
提质增效,9,复合短语
提高社会,9,复合短语
揭示企业,9,复合短语
搜寻匹配,9,复合短语
收入平等影响,9,复合短语
收益风险,9,复合短语
改革制度,9,复合短语
政府会计监督,9,复合短语
政府债务管理,9,复合短语
政府干预,9,复合短语
政府平台,9,复合短语
政府支持,9,复合短语
政府税收,9,复合短语
政府职能转变,9,复合短语
政策制定者,9,复合短语
政策区域,9,复合短语
政策措施,9,普通词
效应更为,9,复合短语
效应更加,9,复合短语
效应更强,9,复合短语
效应溢出,9,复合短语
效应溢出效应,9,复合短语
效果基于,9,复合短语
效果影响,9,复合短语
效率研究,9,复合短语
教育投入,9,复合短语
数字经济共同富裕,9,复合短语
数据信息,9,复合短语
数据共享,9,普通词
数据安全,9,普通词
数据实证分析,9,复合短语
数据测算,9,复合短语
数据规模,9,复合短语
整理,9,普通词
整顿,9,普通词
文明思想,9,复合短语
新一轮科技,9,复合短语
新一轮科技革命,9,复合短语
新兴经济体企业,9,复合短语
方向性,9,普通词
方式转型,9,复合短语
日落,9,普通词
更加突出,9,复合短语
更好服务,9,复合短语
替代关系,9,复合短语
有利于提高,9,复合短语
有利于降低,9,复合短语
有助于提高,9,复合短语
有助于理解,9,复合短语
有序发展,9,复合短语
有益启示,9,复合短语
服务机构,9,复合短语
本文理论实证,9,复合短语
本文针对,9,复合短语
机制改革,9,复合短语
权威,9,普通词
杜宾,9,普通词
杜宾模型,9,复合短语
构筑,9,普通词
标准化建设,9,复合短语
案例研究方法,9,复合短语
欧盟,9,普通词
正反馈,9,普通词
正向溢出效应,9,复合短语
正式制度,9,复合短语
正规信贷,9,复合短语
母亲,9,普通词
民企,9,普通词
民营经济高质量,9,复合短语
水电工程,9,普通词
汇率波动,9,复合短语
污染治理,9,复合短语
治理基于,9,复合短语
治理效果,9,复合短语
治理视角,9,复合短语
流动企业,9,复合短语
流动成本,9,复合短语
流域,9,普通词
消费升级,9,复合短语
消费类,9,普通词
涵盖,9,普通词
深入剖析,9,复合短语
深刻影响,9,普通词
深刻理解,9,普通词
深化供给结构性,9,复合短语
渠道及其,9,复合短语
潜在影响,9,复合短语
灾难,9,普通词
煤炭价格,9,复合短语
煤炭市场,9,普通词
父母,9,普通词
特色哲学,9,复合短语
特色哲学社会科学,9,复合短语
现代化经济体系,9,复合短语
现代市场经济,9,复合短语
现代税收,9,复合短语
理论价值,9,复合短语
理论创造,9,复合短语
理论指导,9,复合短语与普通词
理论逻辑实践,9,复合短语
理论马克思主义,9,复合短语
理顺,9,普通词
生产力生产关系,9,复合短语
生产率提高,9,复合短语
生产网络模型,9,复合短语
生态文明思想,9,复合短语
畅通国内,9,复合短语
百年大变局,9,复合短语
目标管理,9,复合短语
相互促进发展格局,9,复合短语
相克,9,普通词
相当,9,普通词
着眼于,9,普通词
督查,9,普通词
瞄准效率,9,复合短语
研究探索,9,复合短语
示范区,9,普通词
社会主义基本经济,9,复合短语
社会主义经济发展,9,复合短语
社会生态系统,9,复合短语
社群,9,普通词
禀赋结构,9,复合短语
科技信贷,9,复合短语
科技型,9,普通词
租赁,9,普通词
税收征管企业,9,复合短语
税收规避行为,9,复合短语
税负水平,9,复合短语
稳定影响,9,复合短语
空间杜宾,9,复合短语
空间杜宾模型,9,复合短语
空间集聚,9,复合短语
竞争加剧,9,复合短语
竞争机制,9,普通词
第二个百年奋斗目标,9,复合短语
第二个结合,9,复合短语
策略基于,9,复合短语
简并,9,普通词
管理体制改革,9,复合短语
管理体系,9,普通词
精准识别,9,复合短语
索洛,9,普通词
约束机制,9,复合短语
级差,9,普通词
级差地租,9,普通词
组合企业,9,复合短语
细分行业,9,复合短语
细化,9,普通词
经济共同富裕,9,复合短语
经济增长动力,9,复合短语
经济增长环境质量,9,复合短语
经济学说,9,普通词
经济形势,9,复合短语
经济快速发展,9,复合短语
经济思想理论,9,复合短语
经济技术,9,复合短语
经济模型,9,普通词
经济理论体系,9,复合短语
经济稳定,9,复合短语
经济组织,9,复合短语
经济结构失衡,9,复合短语
经济结构调整,9,复合短语
经营规模,9,普通词
经验事实,9,复合短语
结构性工具,9,复合短语
结算,9,普通词
统一分析框架,9,复合短语
统合,9,普通词
绩效之间,9,复合短语
绩效提升,9,复合短语
维系,9,普通词
绿色信贷政策,9,复合短语
绿色投资,9,复合短语
缓冲,9,普通词
编制,9,普通词
编排理论,9,复合短语
网络中心,9,复合短语
考察地方,9,复合短语
考察数字,9,复合短语
股东治理,9,复合短语
背景企业,9,复合短语
能力企业,9,复合短语
能力本文,9,复合短语
自主性,9,普通词
致远,9,普通词
范式创新,9,复合短语
虚假陈述,9,复合短语
行业产出,9,复合短语
行业以及,9,复合短语
行为偏误,9,复合短语
行为特征,9,复合短语
行稳,9,普通词
要素生产率企业,9,复合短语
要素生产率损失,9,复合短语
观察点,9,普通词
观测,9,普通词
规避行为,9,复合短语
视角探讨,9,复合短语
角度出发,9,复合短语
解决方案,9,普通词
解放,9,普通词
认可,9,普通词
设计提供,9,复合短语
评价体系,9,复合短语
试点企业,9,复合短语
调整成本,9,复合短语
谋划,9,普通词
财务绩效,9,复合短语
财富理论,9,复合短语
财政体制改革,9,复合短语
财政自主,9,复合短语
财政货币,9,复合短语
货币政策效果,9,复合短语
质量影响,9,复合短语
贫困人口,9,普通词
购物,9,普通词
贸易发展,9,复合短语
贸易开放,9,复合短语
资本替代,9,复合短语
资本深化,9,复合短语
资本经济,9,复合短语
资本经济增长,9,复合短语
资源整合,9,普通词
资源约束,9,复合短语
资源编排理论,9,复合短语
赋能政府,9,复合短语
赏罚,9,普通词
赡养,9,普通词
起步,9,普通词
跨境投资,9,复合短语
跨平台,9,普通词
路径分析,9,普通词
车辆,9,普通词
辨析,9,普通词
过程发挥重要,9,复合短语
运营管理,9,复合短语
运行机制,9,普通词
这样,9,普通词
进步经济,9,复合短语
进而降低,9,复合短语
适应能力,9,普通词
适当,9,普通词
逐笔,9,普通词
通过数字,9,复合短语
逻辑基于,9,复合短语
逻辑实践逻辑,9,复合短语
部门金融,9,复合短语
采用纵向,9,复合短语
采用纵向案例,9,复合短语
重复,9,普通词
重大成就,9,普通词
重大理论,9,复合短语
重点分析,9,复合短语
重要现实意义,9,复合短语
金融业,9,普通词
金融企业,9,复合短语
金融分权,9,复合短语
金融加速器机制,9,复合短语
金融政策,9,复合短语
金融绿色,9,复合短语
金融资产配置,9,复合短语
金融资源,9,复合短语
金融风险传染,9,复合短语
银行业发展,9,复合短语
销售数据,9,复合短语
门限,9,普通词
防范化解重大,9,复合短语
防范化解金融风险,9,复合短语
阶段发展,9,复合短语
陈述,9,普通词
降息,9,普通词
随着时间,9,复合短语
集体产权制度改革,9,复合短语
零工,9,普通词
零工经济,9,复合短语
需求增加,9,复合短语
霸权,9,普通词
非常规任务,9,复合短语
非粮化,9,普通词
非遗,9,普通词
面临重大,9,复合短语
顺应,9,普通词
预期寿命延长,9,复合短语
预期形成机制,9,复合短语
风险分析,9,复合短语
风险收益,9,复合短语
食品,9,普通词
驱动发展战略,9,复合短语
高技术产业,9,复合短语
1999,8,普通词
20102020,8,复合短语
2019A股,8,复合短语
A股上市,8,复合短语
CGE,8,普通词
CHIP,8,普通词
ESG投资,8,复合短语
ESG表现,8,复合短语
IPO价率,8,复合短语
SES,8,普通词
TPU,8,普通词
一新,8,普通词
一旦,8,普通词
一百年奋斗目标,8,复合短语
万家企业,8,复合短语
三方,8,普通词
上市公司研究,8,复合短语
上排,8,普通词
上游垄断,8,复合短语
上述效应,8,复合短语
下跌,8,普通词
下降幅度,8,复合短语
不同历史时期,8,复合短语
不同部门,8,复合短语
不断增强,8,复合短语
专利引用,8,复合短语
专用性,8,普通词
东道国,8,普通词
两个一百年,8,复合短语
两个一百年奋斗目标,8,复合短语
两期,8,普通词
严峻,8,普通词
中亚,8,普通词
中介机构,8,普通词
中关村,8,普通词
中国企业跨国,8,复合短语
中国共产党经济,8,复合短语
中国共产党领导中国,8,复合短语
中国宏观,8,复合短语
中国家庭资产,8,复合短语
中国技术,8,复合短语
中国新能源,8,复合短语
中国智慧,8,复合短语
中国海关,8,普通词
中国特色金融,8,复合短语
中国社会主义,8,复合短语
中国社会科学院,8,普通词
中国要素生产率,8,复合短语
中国跨境电商,8,复合短语
中国银行业,8,复合短语
中国高铁,8,复合短语
中央企业,8,复合短语
中间品质量,8,复合短语
主体参与,8,复合短语
主体多种,8,复合短语
主体货币调控,8,复合短语
主导作用,8,普通词
主导地位,8,普通词
主权,8,普通词
主线,8,普通词
乘法,8,普通词
买入,8,普通词
了解,8,普通词
予以,8,普通词
互动关系,8,普通词
产业分工,8,复合短语
产业协同,8,复合短语
产业竞争,8,复合短语
产业结构调整,8,复合短语
产品价值,8,复合短语
产品分工,8,复合短语
产权性质,8,复合短语
产生积极,8,复合短语
人力资本进步,8,复合短语
人口密度,8,普通词
人工智能创新,8,复合短语
人才供给,8,复合短语
什么样,8,普通词
以上城市,8,复合短语
以及由此,8,复合短语
以外,8,普通词
价值基于,8,复合短语
价值本文,8,复合短语
价值观,8,普通词
价值论,8,普通词
价格机制,8,复合短语
价格联动,8,复合短语
价格调整,8,普通词
任务内容,8,复合短语
份额变化,8,复合短语
份额影响,8,复合短语
企业上市,8,复合短语
企业专利,8,复合短语
企业信息披露,8,复合短语
企业创造,8,复合短语
企业利润率,8,复合短语
企业总体,8,复合短语
企业成本加成,8,复合短语
企业投融资期限,8,复合短语
企业研发强度,8,复合短语
企业突破,8,复合短语
企业裂变,8,复合短语
企业质量,8,复合短语
企业跨国并购,8,复合短语
企业跨地区,8,复合短语
企业转型升级,8,复合短语
企业边界,8,复合短语
企业逆向,8,复合短语
企业长期投资,8,复合短语
企业风险,8,复合短语
优化城市,8,复合短语
伙伴,8,普通词
会因,8,普通词
会计处理,8,复合短语
伟大实践,8,复合短语
传导路径,8,复合短语
传染机制,8,复合短语
低位,8,普通词
低保瞄准,8,复合短语
体系具有,8,复合短语
体系重要组成部分,8,复合短语
何种,8,普通词
作为数字,8,复合短语
作用更为明显,8,复合短语
作用更大,8,复合短语
作用更强,8,复合短语
使得企业,8,复合短语
使用双重差分法,8,复合短语
供应链重构,8,复合短语
供给抑制,8,复合短语
依赖理论,8,复合短语
便利性,8,普通词
促进国有企业,8,复合短语
促进社会,8,复合短语
促进要素生产率,8,复合短语
保护政策,8,复合短语
保障机制,8,普通词
信息传递,8,复合短语
信息对称问题,8,复合短语
倍增,8,普通词
债券发行利差,8,复合短语
债券市场证据,8,复合短语
债券融资,8,复合短语
债务重组,8,复合短语
倾向得分匹配,8,复合短语
充分释放,8,复合短语
党和国家,8,普通词
全球贸易,8,复合短语
全面小康,8,复合短语
全面深化,8,复合短语
全面领导,8,复合短语
公共事件,8,复合短语
公司信息,8,复合短语
公司内部,8,复合短语
公司财务,8,普通词
公正,8,普通词
共享经济,8,复合短语
共同富裕提供,8,复合短语
具体表现,8,普通词
具有启示,8,复合短语
具有较强,8,复合短语
典型特征,8,复合短语
养老保险缴费,8,复合短语
兼论中国,8,复合短语
内在联系,8,普通词
内层,8,普通词
农业生产模式,8,复合短语
农地流转农村,8,复合短语
农村公共,8,复合短语
冲击传导,8,复合短语
冲击导致,8,复合短语
减半征收政策,8,复合短语
减小,8,普通词
减贫效应,8,复合短语
减速,8,普通词
出口升级,8,复合短语
分工水平,8,复合短语
分析师报告,8,复合短语
分析机器,8,复合短语
分析机器学习,8,复合短语
分红,8,普通词
分配差距,8,复合短语
分配影响,8,复合短语
分配理论,8,复合短语
创业制度,8,复合短语
创制,8,普通词
创新产业链融合,8,复合短语
创新信息披露,8,复合短语
创新成果,8,复合短语
创新收益,8,复合短语
创新数量,8,复合短语
创新文本,8,复合短语
创新文本信息,8,复合短语
创新监管,8,复合短语
创新知识,8,复合短语
创新贷款,8,复合短语
创新资源,8,复合短语
创造价值,8,复合短语
初心,8,普通词
利率传导效率,8,复合短语
利率调控体系,8,复合短语
利用2007,8,复合短语
制度有效性,8,复合短语
制度选择,8,复合短语
制度逻辑理论,8,复合短语
制约因素,8,复合短语
制造业发展战略,8,复合短语
前沿热点,8,复合短语
加速器理论,8,复合短语
动态竞争,8,复合短语
动态调查,8,复合短语
动态量化,8,复合短语
动态量化空间,8,复合短语
劳务,8,普通词
劳动力动态,8,复合短语
劳动力市场垄断,8,复合短语
劳动力市场影响,8,复合短语
劳动力流出,8,复合短语
劳动力雇佣,8,复合短语
劳动者技能,8,复合短语
劳资收入分配,8,复合短语
化解地方债务,8,复合短语
北斗,8,普通词
匹配调查,8,复合短语
区域差距,8,复合短语
区域经济发展,8,复合短语
区域配置,8,复合短语
医生,8,普通词
医疗保险,8,普通词
协同视角,8,复合短语
协调配合,8,复合短语
单独,8,普通词
单纯,8,普通词
卫生,8,普通词
历史时期,8,复合短语
历经,8,普通词
压力政府,8,复合短语
压缩,8,普通词
县域经济发展,8,复合短语
及其内在机制,8,复合短语
及其形成,8,复合短语
及性,8,普通词
双边贸易,8,普通词
反之,8,普通词
发展产生,8,复合短语
发展企业,8,复合短语
发展多元,8,复合短语
发展提供有益,8,复合短语
发展来自中国,8,复合短语
发展核心,8,复合短语
发展潜能,8,复合短语
发展绩效,8,复合短语
发展至关重要,8,复合短语
发展规划,8,复合短语
发展资本,8,复合短语
发展重大,8,复合短语
发展重大问题,8,复合短语
发展高水平,8,复合短语
发行股票,8,普通词
另外,8,普通词
可信,8,普通词
可控,8,普通词
合作创新,8,复合短语
同行业,8,普通词
后发企业如何,8,复合短语
向量,8,普通词
向量回归,8,复合短语
呈现出明显,8,复合短语
周期调节,8,复合短语
和平,8,普通词
咖啡,8,普通词
商业信用融资,8,复合短语
回岸,8,普通词
因果关系,8,普通词
因果效应,8,复合短语
因素中国,8,复合短语
国企改革,8,普通词
国内价值链,8,复合短语
国内创新网络,8,复合短语
国内经济循环,8,复合短语
国家安全,8,复合短语
国家财政,8,复合短语
国有企业混合,8,复合短语
国有企业混合所有制,8,复合短语
国际油价,8,复合短语
国际生产,8,复合短语
国际直接投资,8,复合短语
土地出让收入,8,复合短语
地区产业,8,复合短语
地区创业,8,复合短语
地理格局,8,复合短语
均等,8,普通词
坚实,8,普通词
城市之间,8,复合短语
城市劳动力,8,复合短语
城投公司,8,复合短语
基于2007,8,复合短语
基于2008,8,复合短语
基于上市公司,8,复合短语
基于银行,8,复合短语
基数下限,8,复合短语
基本面信息,8,复合短语
增值税税收,8,复合短语
增强中国,8,复合短语
增长空间,8,复合短语
增长风险,8,复合短语
备受,8,普通词
复苏,8,普通词
外汇市场,8,普通词
外部企业,8,复合短语
多孩,8,普通词
多方,8,普通词
多方面,8,普通词
多时点,8,普通词
多维评估,8,复合短语
大国竞争,8,复合短语
央地财政关系,8,复合短语
失败,8,普通词
契机,8,普通词
如何构建,8,复合短语
媒体关注度,8,复合短语
学科体系,8,复合短语
安全水平,8,复合短语
安慰剂检验,8,复合短语
完备,8,普通词
宏观税负水平,8,复合短语
宏观经济政策,8,复合短语
宏观经济预测,8,复合短语
宏观调控政策,8,复合短语
定性比较,8,复合短语
定性比较分析,8,复合短语
实体部门,8,复合短语
实现社会主义,8,复合短语
实践意义,8,复合短语
实际国内,8,复合短语
实际国内生产总值,8,复合短语
实际税率,8,复合短语
家庭收入,8,普通词
家庭追踪调查CFPS,8,复合短语
密切,8,普通词
密集,8,普通词
对于税收,8,复合短语
对称问题,8,复合短语
导致资源,8,复合短语
尖峰,8,普通词
就业政策,8,复合短语
层面经验,8,复合短语
居住,8,普通词
属于,8,普通词
工厂,8,普通词
工程创新,8,复合短语
差异导致,8,复合短语
差距本文,8,复合短语
市场准入,8,普通词
市场化治理,8,复合短语
市场存在,8,复合短语
市场定价效率,8,复合短语
市场投资者,8,复合短语
市场效应,8,复合短语
市场监管治理,8,复合短语
市场竞争格局,8,复合短语
市场逻辑,8,复合短语
市场高质量,8,复合短语
市场高质量发展,8,复合短语
带头人,8,普通词
平台制造业,8,复合短语
平台组织,8,复合短语
平台跨界,8,复合短语
平台通过,8,复合短语
平抑,8,普通词
平稳运行,8,复合短语
年份,8,普通词
并校,8,普通词
并购企业,8,复合短语
广泛关注,8,复合短语
广泛应用,8,普通词
延付,8,普通词
建构中国,8,复合短语
建立健全,8,普通词
建立现代,8,复合短语
建设金融强国,8,复合短语
开征,8,普通词
开放平台,8,普通词
开辟,8,普通词
异地投资,8,复合短语
异质性视角,8,复合短语
张力,8,普通词
弥合,8,普通词
强弱,8,普通词
当今,8,普通词
当年,8,普通词
形成数字,8,复合短语
形成新质,8,复合短语
形成新质生产力,8,复合短语
彰显,8,普通词
影响呈现,8,复合短语
影响探讨,8,复合短语
影响收入,8,复合短语
影响行业,8,复合短语
影响随着,8,复合短语
征收政策,8,复合短语
循环经济,8,复合短语
微观企业数据,8,复合短语
微观经济,8,普通词
心理因素,8,普通词
必要条件,8,普通词
患者,8,普通词
情境企业,8,复合短语
愈加,8,普通词
成本收益,8,复合短语
成本本文,8,复合短语
成立本文,8,复合短语
我国实体,8,复合短语
战略意义,8,普通词
战略行为,8,复合短语
房价上涨,8,复合短语
所在城市,8,普通词
所得税率,8,普通词
扩容,8,普通词
扭曲导致,8,复合短语
扶持政策,8,复合短语
批发,8,普通词
承销,8,普通词
技术不确定性,8,复合短语
投入产出网络,8,复合短语
投资基于,8,复合短语
投资结构,8,复合短语
投资者权益,8,复合短语
担保预期,8,复合短语
担忧,8,普通词
招生,8,普通词
持续存在,8,复合短语
持股共同,8,复合短语
接班,8,普通词
推动绿色,8,复合短语
提供微观证据,8,复合短语
提供理论基础,8,复合短语
提供管理启示,8,复合短语
提供重要经验,8,复合短语
提升产业链,8,复合短语
提升要素生产率,8,复合短语
提取,8,普通词
援助,8,普通词
收入不确定性,8,复合短语
收入分配格局,8,复合短语
收入阶段,8,复合短语
收紧,8,普通词
改革创新,8,复合短语
改革开放以来中国,8,复合短语
改革效果,8,复合短语
改革研究,8,复合短语
改革经济,8,复合短语
改革自然实验,8,复合短语
改革转型,8,复合短语
政企,8,普通词
政府债券,8,复合短语
政府制定,8,复合短语
政府土地,8,复合短语
政府规模,8,复合短语
政府财政收入,8,复合短语
政策作为,8,复合短语
政策激励,8,复合短语
政策空间,8,复合短语
政策经验,8,复合短语
政策风险,8,复合短语
故事,8,普通词
效应研究来自,8,复合短语
效率促进,8,复合短语
效率影响研究,8,复合短语
效率降低,8,复合短语
救助政策,8,复合短语
教育年限,8,复合短语
教育支出,8,复合短语
散户,8,普通词
数字劳动,8,复合短语
数字化转型程度,8,复合短语
数字基础设施建设,8,复合短语
数字经济技术,8,复合短语
数学,8,普通词
数据杀熟,8,复合短语
数据要素价值,8,复合短语
数据运用双重,8,复合短语
数控机床,8,普通词
文件,8,普通词
文化遗产,8,普通词
文本分析机器,8,复合短语
断点回归,8,复合短语
新闻文本,8,复合短语
方向本文,8,复合短语
方面取得,8,复合短语
旅游产业,8,复合短语
日趋,8,普通词
早期,8,普通词
时长,8,普通词
时间维度,8,复合短语
明晰,8,普通词
是从,8,普通词
是否促进,8,复合短语
普查,8,普通词
更好实现,8,复合短语
最优宏观,8,复合短语
最小乘法,8,复合短语
最终形成,8,复合短语
有利于促进,8,复合短语
有利于提升,8,复合短语
有效税率,8,复合短语
有限理性,8,复合短语
期权,8,普通词
未来收益,8,复合短语
本位,8,普通词
本文围绕,8,复合短语
本文建立一个,8,复合短语
本文强调,8,复合短语
本文研究有助于,8,复合短语
本质特征,8,普通词
机制利用,8,复合短语
机制设计,8,复合短语
权重,8,普通词
束缚,8,普通词
杠杆分化,8,复合短语
来自中国上市公司,8,复合短语
来自小微,8,复合短语
构建人类,8,复合短语
构建人类命运,8,复合短语
构建国内循环,8,复合短语
构建自主,8,复合短语
构建高水平,8,复合短语
构建高水平社会主义,8,复合短语
核心问题,8,复合短语
案件,8,普通词
检验显示,8,复合短语
概念体系,8,复合短语
模型探讨,8,复合短语
模式国际,8,复合短语
模式转型,8,复合短语
正确认识,8,普通词
此时,8,普通词
比越,8,普通词
民众,8,普通词
民生支出,8,复合短语
民生福祉,8,复合短语
水平企业,8,复合短语
水平更高,8,复合短语
汇聚,8,普通词
没有显著影响,8,复合短语
治理主体,8,复合短语
治理方式,8,复合短语
治疗,8,普通词
法人,8,普通词
法庭设立,8,复合短语
活动空间,8,复合短语
活动空间分布,8,复合短语
流动性影响,8,复合短语
流动规律,8,复合短语
测度中国,8,复合短语
测度分析,8,复合短语
测度指标,8,复合短语
测量,8,普通词
海南,8,普通词
消费需求,8,复合短语
涓滴,8,普通词
深入探究,8,复合短语
清洁生产,8,复合短语
渠道传导,8,复合短语
渠道机制,8,复合短语
源头,8,普通词
演化机制,8,复合短语
潜在风险,8,复合短语
父辈,8,普通词
物质文化遗产,8,复合短语
特岗,8,普通词
特色金融,8,复合短语
独特性,8,普通词
现代化中国,8,复合短语
现代文化产业,8,复合短语
现代财税体制,8,复合短语
理论建构,8,复合短语
理论拓展,8,复合短语
瓶颈,8,普通词
生产原则,8,复合短语
生产型,8,普通词
生存,8,普通词
生态安全,8,复合短语
生育成本,8,复合短语
畅通国内循环,8,复合短语
界面,8,普通词
疏通,8,普通词
监督效果,8,复合短语
监管股东,8,复合短语
相机,8,普通词
着力推动,8,复合短语
知识生产,8,复合短语
研究兼论,8,复合短语
研究拓展,8,复合短语
研究政府,8,复合短语
研究结论对于,8,复合短语
研究者,8,普通词
研究范式研究,8,复合短语
研究认为,8,复合短语
碳中背景,8,复合短语
社会主义市场经济条件,8,复合短语
社会养老保险,8,复合短语
福利变化,8,复合短语
福利影响,8,复合短语
福利提升,8,复合短语
科技自立自强,8,复合短语
程度显著,8,复合短语
税制设计,8,复合短语
税收减免,8,复合短语
税率差异,8,复合短语
税率改革,8,复合短语
税率简并,8,复合短语
空间匹配,8,复合短语
突发公共,8,复合短语
突发公共卫生,8,复合短语
突发公共卫生事件,8,复合短语
竞争技术,8,复合短语
竞争环境,8,复合短语
竞争策略,8,复合短语
第二产业,8,普通词
策略性绿色,8,复合短语
策略性绿色创新,8,复合短语
管员,8,普通词
管理体制,8,普通词
管理改革,8,复合短语
精确,8,普通词
系统思维,8,复合短语
索取权,8,普通词
索洛悖论,8,复合短语
累进,8,普通词
繁荣,8,普通词
纳税贡献,8,复合短语
线上消费,8,复合短语
线索,8,普通词
经济创业,8,复合短语
经济包容性,8,复合短语
经济增长收入,8,复合短语
经济增长空间,8,复合短语
经济平衡,8,复合短语
经济稳定器,8,复合短语
经济部门,8,复合短语
经由,8,普通词
经验中国,8,复合短语
结构特征,8,普通词
结构货币政策,8,复合短语
结构金融,8,复合短语
统筹政府,8,复合短语
维权,8,普通词
综上,8,普通词
综合性,8,普通词
绿色技术进步,8,复合短语
缴费基数下限,8,复合短语
网络化,8,普通词
网络协同,8,复合短语
网络经济,8,复合短语
群聚现象,8,复合短语
考察中国,8,复合短语
聚合,8,普通词
股份制,8,普通词
胸怀,8,普通词
能力建设,8,复合短语
能够产生,8,复合短语
能源结构,8,复合短语
脆弱,8,普通词
脱钩,8,普通词
自主经济学知识,8,复合短语
自动,8,普通词
自动化,8,普通词
自发,8,普通词
自律性,8,普通词
自治区,8,普通词
自然实验采用,8,复合短语
自觉,8,普通词
至今,8,普通词
节约,8,普通词
范式研究,8,复合短语
药品费用,8,复合短语
营造,8,普通词
薪酬激励,8,复合短语
融券制度,8,复合短语
融资结构,8,复合短语
融资融券制度,8,复合短语
行为影响研究,8,复合短语
行为进行,8,复合短语
西南,8,普通词
要义,8,普通词
要素价值,8,复合短语
视角拓展,8,复合短语
视角揭示,8,复合短语
计量分析,8,复合短语
认定,8,普通词
评价理论,8,复合短语
评级担保,8,复合短语
评级膨胀,8,复合短语
诉求,8,普通词
词典,8,普通词
诠释,8,普通词
课题,8,普通词
调动,8,普通词
调控效果,8,复合短语
负担企业,8,复合短语
贡献度,8,普通词
财富创造,8,复合短语
财政压力政府,8,复合短语
财政性,8,普通词
财政扩张,8,复合短语
财政能力,8,复合短语
财税体制改革,8,复合短语
货币政策规则,8,复合短语
货币政策金融监管,8,复合短语
货币调控,8,复合短语
质性分析,8,复合短语
贫困户,8,普通词
购地,8,普通词
贯彻发展,8,复合短语
贯彻发展理念,8,复合短语
贯彻落实,8,普通词
贸易增长,8,复合短语
贸易政策冲击,8,复合短语
贸易部门,8,复合短语
资产流动性,8,复合短语
资料,8,普通词
资本循环,8,普通词
资本替代弹性,8,复合短语
资本空间,8,复合短语
资本资本,8,复合短语
资本配置效率,8,复合短语
资源依赖理论,8,复合短语
资源协同,8,复合短语
资源基础,8,复合短语
资金配置,8,复合短语
赋权,8,普通词
赔偿,8,普通词
超越追赶,8,复合短语
足够,8,普通词
跟踪,8,普通词
跨国企业,8,普通词
跨越中等,8,复合短语
跨越中等收入,8,复合短语
跨越式,8,普通词
车网,8,普通词
转变经济,8,复合短语
转型国家,8,复合短语
转型程度,8,复合短语
转弱,8,普通词
辐射,8,普通词
边际产出,8,复合短语
过程机理,8,复合短语
过程通过,8,复合短语
运用双重差分法,8,复合短语
返还,8,普通词
这种影响,8,复合短语
进入退出,8,复合短语
进而构建,8,复合短语
进行一系列,8,复合短语
进行测算,8,复合短语
远景,8,普通词
违法,8,普通词
追踪调查CFPS,8,复合短语
退税企业,8,复合短语
适宜,8,普通词
选择性,8,普通词
选择模型,8,复合短语
透明,8,普通词
逐渐成为,8,复合短语
通用目的,8,复合短语
通过技术,8,复合短语
逻辑分析,8,复合短语
逻辑理论逻辑,8,复合短语
逻辑通过,8,复合短语
道路中国,8,复合短语
遗产税,8,普通词
部署,8,普通词
部门技术,8,复合短语
重中之重,8,普通词
重在,8,普通词
重大战略,8,复合短语
重大突发,8,复合短语
重大突破,8,普通词
重心,8,普通词
重要价值,8,复合短语
重要参考,8,复合短语
重要基础,8,复合短语
重要手段,8,复合短语
量化研究,8,复合短语
金融供给结构性,8,复合短语
金融加速器理论,8,复合短语
金融周期,8,复合短语
金融支持,8,复合短语
鉴于本文,8,复合短语
银行业务,8,普通词
银行信贷行为,8,复合短语
银行分支机构数量,8,复合短语
银行发展,8,复合短语
银行异质性,8,复合短语
长期以来,8,普通词
长期停滞,8,复合短语
长期来看,8,复合短语
防范化解地方,8,复合短语
防范金融风险,8,复合短语
阶层,8,普通词
阶梯,8,普通词
阶段主要,8,复合短语
阶段性特征,8,复合短语
附加,8,普通词
降低债券,8,复合短语
随着中国,8,复合短语
隐藏,8,普通词
集团内部,8,复合短语
需求影响,8,复合短语
需求规模,8,复合短语
震慑,8,普通词
非金融上市公司,8,复合短语
面向未来,8,普通词
预期引导,8,复合短语
领导中国,8,复合短语
风格,8,普通词
风险具有,8,复合短语
风险定价,8,复合短语
风险测度,8,复合短语
风险特征,8,复合短语
风险能力,8,复合短语
风险资产,8,复合短语
飞轮,8,普通词
高位,8,普通词
高标准市场,8,复合短语
高标准市场体系,8,复合短语
高档,8,普通词
高水平安全,8,复合短语
高水平开放,8,复合短语
高碳排放,8,复合短语
高质量发展多元,8,复合短语
高质量发展来自,8,复合短语
高质量发展高水平,8,复合短语
高铁产业,8,复合短语
高频数据,8,复合短语
鲜有文献,8,复合短语
1990,7,普通词
19世纪,7,复合短语
20002017,7,复合短语
20002018,7,复合短语
20002019,7,复合短语
20072016,7,复合短语
20072018,7,复合短语
20092018,7,复合短语
20132019,7,复合短语
2013中国,7,复合短语
2015中国,7,复合短语
2018年间,7,复合短语
2019我国,7,复合短语
2020年间,7,复合短语
2024,7,普通词
2060,7,普通词
25,7,普通词
40多年,7,复合短语
50,7,普通词
Baumol,7,普通词
CFPS数据,7,复合短语
SNA,7,普通词
一业,7,普通词
一个统一,7,复合短语
一书,7,普通词
一县,7,普通词
一定参考价值,7,复合短语
一定政策,7,复合短语
一带一路沿线,7,复合短语
一类,7,普通词
一般规律,7,复合短语
一路沿线,7,复合短语
一路沿线国家,7,复合短语
万亿元,7,普通词
万条,7,普通词
三次产业增长,7,复合短语
三类,7,普通词
上升百分点,7,复合短语
上游供应商,7,复合短语
上线竞争,7,复合短语
上述关系,7,复合短语
下降导致,7,复合短语
下降本文,7,复合短语
不同程度,7,复合短语
不断提升,7,复合短语
专业化分工,7,复合短语
专业性,7,普通词
专业技能,7,普通词
专利审查,7,普通词
专用,7,普通词
世界其他,7,复合短语
世界杂志社,7,复合短语
业绩表现,7,复合短语
两个层面,7,复合短语
两家,7,普通词
两种效应,7,复合短语
中华优秀,7,复合短语
中华优秀传统,7,复合短语
中国上市,7,复合短语
中国专利,7,普通词
中国产业链风险,7,复合短语
中国企业创新,7,复合短语
中国农村,7,复合短语
中国劳动力动态,7,复合短语
中国外贸,7,复合短语
中国对外贸易,7,复合短语
中国式现代化视域,7,复合短语
中国微观,7,复合短语
中国成立以来,7,复合短语
中国投入产出,7,复合短语
中国方案,7,复合短语
中国本土,7,复合短语
中国本土企业,7,复合短语
中国消费,7,复合短语
中国经济学自主,7,复合短语
中国综合,7,复合短语
中国美国,7,复合短语
中国能源,7,复合短语
中国航天,7,普通词
中国试点,7,复合短语
中国风格,7,复合短语
中国高校,7,复合短语
中央财政,7,普通词
中小城市,7,普通词
中小投资者保护,7,复合短语
中心发展思想,7,复合短语
中心城市,7,复合短语
中游企业,7,复合短语
丰富发展,7,复合短语
主体地位,7,复合短语
主要经济体,7,复合短语
举国体制重大,7,复合短语
义务教育经费,7,复合短语
之道,7,普通词
乐观偏差,7,复合短语
事实本文,7,复合短语
事实模拟,7,复合短语
二职,7,普通词
互动结构,7,复合短语
互联网企业,7,复合短语
互联网时代,7,复合短语
交叉持股,7,复合短语
交易中心,7,普通词
交易量,7,普通词
产业增长,7,复合短语
产业层面,7,复合短语
产业转移,7,复合短语
产出弹性,7,复合短语
产出影响,7,复合短语
产生明显,7,复合短语
人力资本外部性,7,复合短语
人力资本形成,7,复合短语
人口经济,7,复合短语
从业者,7,普通词
从而更好,7,复合短语
代理成本,7,复合短语
以下简称,7,复合短语
以往研究,7,复合短语
以来习近平,7,复合短语
任务偏向,7,复合短语
任务本文,7,复合短语
份额下降,7,复合短语
企业为例,7,复合短语
企业产业链,7,复合短语
企业企业,7,复合短语
企业债券,7,普通词
企业债务期限,7,复合短语
企业减排,7,复合短语
企业创新理论,7,复合短语
企业合作,7,复合短语
企业员工,7,复合短语
企业国际,7,复合短语
企业国际市场,7,复合短语
企业并购行为,7,复合短语
企业开展,7,复合短语
企业形成,7,复合短语
企业扩大,7,复合短语
企业数字化供应链,7,复合短语
企业数量,7,复合短语
企业污染排放,7,复合短语
企业流动性,7,复合短语
企业税收优惠,7,复合短语
企业组织身份,7,复合短语
企业融资困境,7,复合短语
企业表现,7,复合短语
企业资产,7,复合短语
企业部门,7,复合短语
企业雇佣,7,复合短语
优势互补,7,普通词
优势效应,7,复合短语
优势本文,7,复合短语
优势演化,7,复合短语
优化创新,7,复合短语
优化地方,7,复合短语
优惠政策,7,普通词
优秀,7,普通词
优秀传统,7,复合短语
优秀传统文化,7,复合短语
低效,7,普通词
低质量,7,普通词
住宅,7,普通词
体现企业,7,复合短语
体系学术体系,7,复合短语
体系实现,7,复合短语
余额,7,普通词
作为研究,7,复合短语
作物,7,普通词
作用更加,7,复合短语
作用渠道,7,复合短语
供应链传导,7,复合短语
供应链网络,7,复合短语
供给影响,7,复合短语
供需结构,7,复合短语
促进农村,7,复合短语
促进出口,7,复合短语
促进区域协调,7,复合短语
促进实体,7,复合短语
促进实体经济,7,复合短语
促进数字,7,复合短语
促进经济高质量,7,复合短语
保留,7,普通词
保荐,7,普通词
保险金,7,普通词
保障性,7,普通词
保障金,7,普通词
信息成本,7,复合短语
信息收集,7,复合短语
信用管理制度,7,复合短语
信用违约,7,复合短语
信贷渠道,7,复合短语
信贷融资,7,复合短语
信贷规模,7,复合短语
债券投资者,7,复合短语
债务流动性,7,复合短语
债务资产,7,复合短语
债务问题,7,复合短语
债权,7,普通词
假定,7,普通词
偏狭,7,普通词
健康有序,7,复合短语
充分考虑,7,普通词
充分认识,7,普通词
先后,7,普通词
免征,7,普通词
全方位,7,普通词
全球范围,7,复合短语
全过程,7,普通词
全面发展,7,复合短语
公共债务企业,7,复合短语
公共性,7,普通词
公共数据开放数据,7,复合短语
公共服务均衡性及性,7,复合短语
公共秩序,7,普通词
公司价值,7,复合短语
公司债券,7,普通词
公司债券发行,7,复合短语
公司市场,7,复合短语
公平性,7,普通词
公式,7,普通词
共同富裕效应,7,复合短语
共同富裕过程,7,复合短语
共同影响,7,复合短语
关注焦点,7,复合短语
关键机制,7,复合短语
关键议题,7,复合短语
其他企业,7,复合短语
具有异质性,7,复合短语
养老保障,7,复合短语
养老模式,7,复合短语
内地,7,普通词
内生经济,7,复合短语
内生经济增长,7,复合短语
农业要素生产率,7,复合短语
农地租金,7,复合短语
农户增收效应,7,复合短语
农户收入增长,7,复合短语
农村公共治理,7,复合短语
农村固定,7,复合短语
农村固定观察点,7,复合短语
农村税费,7,普通词
农村税费改革,7,复合短语
冲击经济增长,7,复合短语
决议,7,普通词
准备,7,普通词
减少企业,7,复合短语
减税降费政策,7,复合短语
减贫效果,7,复合短语
分享经济,7,复合短语
分异,7,普通词
分权制度,7,复合短语
分权地方,7,复合短语
分权经济,7,复合短语
分析企业,7,复合短语
分析市场,7,复合短语
切入,7,普通词
刘易斯,7,普通词
创业影响,7,复合短语
创业资源,7,复合短语
创业过程,7,复合短语
创新之间,7,复合短语
创新出口,7,复合短语
创新数字化,7,复合短语
创新知识溢出,7,复合短语
初创,7,普通词
利得,7,普通词
利息,7,普通词
利率调整,7,复合短语
利用2000,7,复合短语
利用2010,7,复合短语
利用双重,7,复合短语
制约中国,7,复合短语
制造成本,7,复合短语
前提本文,7,复合短语
前沿技术,7,普通词
剧烈,7,普通词
加总,7,普通词
加重,7,普通词
动态发展,7,复合短语
动态响应,7,复合短语
动态效应,7,复合短语
动态调整,7,复合短语
动能转换,7,复合短语
劳动价值论,7,普通词
劳动力动态调查,7,复合短语
劳动力工资,7,复合短语
势能,7,普通词
包容审慎监管,7,复合短语
化对,7,普通词
化解地方政府,7,复合短语
化解系统性,7,复合短语
化解重大风险,7,复合短语
北京,7,普通词
区位选择,7,复合短语
区域发展战略,7,复合短语
区域均衡,7,复合短语
十年,7,普通词
升级影响研究,7,复合短语
升级提供,7,复合短语
升级数字,7,复合短语
协同作用,7,复合短语
单个,7,普通词
单产,7,普通词
危机事件,7,复合短语
历史进程,7,普通词
历史逻辑理论,7,复合短语
压低,7,普通词
原有,7,普通词
参与产业,7,复合短语
参与价值,7,复合短语
参与价值创造,7,复合短语
参与率,7,普通词
参与电商,7,复合短语
参考意义,7,复合短语
及其机制研究,7,复合短语
双轨,7,普通词
双轮,7,普通词
发展差距,7,复合短语
发展成果,7,复合短语
发展机遇,7,复合短语
发展环境,7,复合短语
发展要求,7,复合短语
发展趋势,7,普通词
发展逻辑,7,复合短语
发展面临,7,复合短语
发展高水平安全,7,复合短语
发生系统性,7,复合短语
发电,7,普通词
取舍,7,普通词
受制于,7,普通词
受援,7,普通词
变革机制,7,复合短语
变革过程,7,复合短语
另类,7,普通词
可以解释,7,复合短语
可及,7,普通词
可得性企业,7,复合短语
可得性企业创新,7,复合短语
可见,7,普通词
号文,7,普通词
各个,7,普通词
各级政府,7,复合短语
各自,7,普通词
各项,7,普通词
合力,7,普通词
合法化,7,普通词
合理增长,7,复合短语
合理配置,7,普通词
同步性,7,普通词
向上流动,7,复合短语
启发意义,7,复合短语
吸收能力,7,普通词
周边,7,普通词
哪些,7,普通词
商帮,7,普通词
四类,7,普通词
因果推断,7,复合短语
因素进行,7,复合短语
团队稳定性,7,复合短语
困境提供,7,复合短语
固定成本,7,普通词
国债市场,7,复合短语
国内循环国际,7,复合短语
国家产业,7,复合短语
国家统计局,7,普通词
国家能力,7,复合短语
国家自然科学基金,7,普通词
国有资产,7,普通词
国有资本投资,7,复合短语
国有资本投资运营,7,复合短语
国有部门,7,复合短语
国际标准采用,7,复合短语
土地产权,7,复合短语
地区产业结构,7,复合短语
地区排放,7,复合短语
地区竞争,7,复合短语
地区行业,7,复合短语
地带,7,普通词
地方国有企业,7,复合短语
地方政府土地,7,复合短语
地方政府财政,7,复合短语
地方激励,7,复合短语
地方财政压力,7,复合短语
均衡性及性,7,复合短语
均衡框架,7,复合短语
均衡理论,7,复合短语
坚持发展,7,复合短语
坚持马克思主义,7,复合短语
城市经济效率,7,复合短语
基于2016,7,复合短语
基于2017,7,复合短语
基于中央,7,复合短语
基于动态,7,复合短语
基于平台,7,复合短语
基于异质性,7,复合短语
基于部门,7,复合短语
基金业绩,7,复合短语
基金公司,7,复合短语
基金管理,7,复合短语
堵点,7,普通词
填补,7,普通词
增产,7,普通词
增长宏观,7,复合短语
增长机理,7,复合短语
增长目标管理,7,复合短语
处理效应,7,复合短语
复制,7,普通词
复杂多变,7,普通词
多层次,7,普通词
多边,7,普通词
大力推进,7,复合短语
大城市工资,7,复合短语
大城市工资溢价,7,复合短语
大局,7,普通词
天下,7,普通词
如何利用,7,复合短语
如何助力,7,复合短语
孕育,7,普通词
存在信息,7,复合短语
存在较大,7,复合短语
存在问题,7,复合短语
学习效应,7,复合短语
学习模型,7,复合短语
学科体系学术,7,复合短语
孪生,7,普通词
安全稳定,7,复合短语
完善社会主义,7,复合短语
宏观审慎评估,7,复合短语
宏观经济管理,7,复合短语
定量研究,7,复合短语
宝贵,7,普通词
实体经济投资,7,复合短语
实现中国式,7,复合短语
实现中国式现代化,7,复合短语
实现技术追赶,7,复合短语
实现高水平,7,复合短语
实证分析研究,7,复合短语
实证层面,7,复合短语
实践具有,7,复合短语
审慎评估,7,复合短语
家庭农场土地,7,复合短语
家庭经营,7,普通词
家族企业创新,7,复合短语
密码,7,普通词
富有,7,普通词
对于企业,7,复合短语
对于促进,7,复合短语
对于防范,7,复合短语
对外直接,7,复合短语
对外直接投资,7,复合短语
对外部冲击,7,复合短语
寻找,7,普通词
封锁,7,普通词
小微企业减税,7,复合短语
就业影响,7,复合短语
就业者,7,普通词
层面就业,7,复合短语
层面经验证据,7,复合短语
属地,7,普通词
履责,7,普通词
峰值,7,普通词
崭新,7,普通词
工业化进程,7,复合短语
工业发展,7,复合短语
工作报告,7,复合短语
工农业,7,普通词
工商注册,7,复合短语
差异化定价,7,复合短语
差法,7,普通词
已有文献,7,复合短语
市场地位,7,复合短语
市场摩擦,7,复合短语
市场收入,7,复合短语
市场稳定,7,复合短语
市场竞争结构,7,复合短语
市场约束,7,复合短语
市场结构设计,7,复合短语
市场设计,7,复合短语
市场资本,7,复合短语
市场进入,7,复合短语
市场金融,7,复合短语
市民化,7,普通词
帕累托,7,普通词
帮助企业,7,复合短语
平台债务增长,7,复合短语
平台发展,7,复合短语
平台如何,7,复合短语
平台建设,7,复合短语
平台经营者,7,复合短语
平台股权,7,复合短语
平均水平,7,普通词
平等效应,7,复合短语
平等程度,7,复合短语
平行,7,普通词
平行趋势,7,复合短语
平衡性,7,普通词
平衡面板,7,复合短语
平衡面板数据,7,复合短语
年前,7,普通词
年轻,7,普通词
并重,7,普通词
广度深度,7,复合短语
库兹涅,7,普通词
库存,7,普通词
应对人口老龄化,7,复合短语
应对措施,7,复合短语
应用企业,7,复合短语
底层逻辑,7,复合短语
延迟退休年龄,7,复合短语
建设中华民族,7,复合短语
建设现代化产业,7,复合短语
开放型经济学,7,复合短语
开放数据,7,复合短语
开放数据要素,7,复合短语
异质性分析显示,7,复合短语
异质性资产,7,复合短语
异质性资源,7,复合短语
引资,7,普通词
弹性生产,7,复合短语
弹性系数,7,普通词
当时,7,普通词
形成一种,7,复合短语
形成机理,7,复合短语
影响及其内在,7,复合短语
待遇,7,普通词
很大程度,7,复合短语
得到充分,7,复合短语
循环国际循环,7,复合短语
微观企业层面,7,复合短语
微观调查数据,7,复合短语
德国,7,普通词
思想实践,7,复合短语
总书记关于,7,复合短语
总结中国,7,复合短语
情境组织,7,复合短语
意见函,7,普通词
成为全球,7,复合短语
成为我国,7,复合短语
成本作用,7,复合短语
成本增加,7,普通词
成本提高,7,复合短语
成本需求,7,复合短语
我国人口,7,复合短语
我国区域,7,复合短语
我国实体经济,7,复合短语
我国资本市场,7,复合短语
战略任务,7,复合短语
截面,7,普通词
房贷,7,普通词
所谓,7,普通词
手工收集,7,复合短语
打开,7,普通词
打破刚性,7,复合短语
打破刚性兑付,7,复合短语
托底,7,普通词
扣非,7,普通词
扩大企业,7,复合短语
扮演,7,普通词
扶强,7,普通词
技术专业化,7,复合短语
技术数字,7,复合短语
技术研发,7,复合短语
技术选择,7,复合短语
技术驱动,7,复合短语
技能异质性,7,复合短语
把守,7,普通词
投入产出联系,7,复合短语
投入质量,7,复合短语
投资收益,7,普通词
投资活动,7,复合短语
投资激励,7,复合短语
投资规模,7,普通词
投资运营,7,复合短语
投资运营公司,7,复合短语
折价率,7,普通词
担保网络,7,复合短语
拼凑,7,普通词
持续下降,7,复合短语
指导意义,7,普通词
指标构建,7,复合短语
按劳分配,7,普通词
挑战本文,7,复合短语
挤占,7,普通词
捐赠,7,普通词
换手率,7,普通词
排放行业,7,复合短语
排放量,7,普通词
排斥,7,普通词
探索中国,7,复合短语
探索数字,7,复合短语
推出,7,普通词
推动农村,7,复合短语
推动力,7,普通词
推动数字,7,复合短语
推移,7,普通词
推进共同富裕,7,复合短语
推进高水平,7,复合短语
提供决策,7,复合短语
提供决策参考,7,复合短语
提供实证,7,复合短语
提供有益启示,7,复合短语
提供理论参考,7,复合短语
提供理论指导,7,复合短语
提出发展,7,复合短语
提前,7,普通词
提升城市,7,复合短语
提升资本,7,复合短语
提高劳动生产率,7,复合短语
摆脱,7,普通词
支付政策,7,复合短语
支持力度,7,复合短语
支撑作用,7,复合短语
支柱政策,7,复合短语
收入分配公平,7,复合短语
收入分配影响,7,复合短语
收购方,7,普通词
改善农村,7,复合短语
改造,7,普通词
改革企业,7,复合短语
改革开放以来我国,7,复合短语
改革提高,7,复合短语
改革政府,7,复合短语
改革背景,7,复合短语
政府中国,7,复合短语
政府产业,7,复合短语
政府角色,7,复合短语
政治经济学分析,7,复合短语
政社,7,普通词
政策企业投资,7,复合短语
政策保障,7,复合短语
政策具有,7,复合短语
政策制定提供,7,复合短语
政策如何影响,7,复合短语
政策存在,7,复合短语
政策对于,7,复合短语
政策性,7,普通词
政策意义,7,复合短语
政策效果评估,7,复合短语
政策福利,7,复合短语
效应作用机理,7,复合短语
效应内在,7,复合短语
效应动态,7,复合短语
效应大于,7,复合短语
效应实证,7,复合短语
效应生产率,7,复合短语
效应银行,7,复合短语
效率具有,7,复合短语
效率及其,7,复合短语
敏感度,7,普通词
教师,7,普通词
教育投资,7,复合短语
数字中国,7,复合短语
数字鸿沟数字,7,复合短语
数据企业,7,复合短语
数据匹配,7,复合短语
数据确权,7,复合短语
数据结合,7,复合短语
数据资本经济,7,复合短语
整合过程,7,复合短语
文化旅游,7,复合短语
文献对于,7,复合短语
断裂,7,普通词
方式实现,7,复合短语
方法识别,7,复合短语
方面研究,7,复合短语
旅游经济,7,复合短语
既有研究,7,复合短语
日益增长,7,普通词
时态,7,普通词
时段,7,普通词
明代,7,普通词
是否具有,7,复合短语
是否有利于,7,复合短语
显著弱化,7,复合短语
显著性,7,普通词
普及,7,普通词
普惠性,7,普通词
智能制造成本,7,复合短语
更好发挥政府,7,复合短语
更强本文,7,复合短语
最优政策,7,复合短语
最优转移,7,复合短语
最优转移支付,7,复合短语
最初,7,普通词
月度,7,普通词
有助于实现,7,复合短语
有助于我们,7,复合短语
有助于推动,7,复合短语
有助于深化,7,复合短语
有效传导,7,复合短语
有机统一,7,复合短语
有机衔接,7,复合短语
有着显著,7,复合短语
有鉴于此,7,普通词
服务业供给,7,复合短语
服务业供给抑制,7,复合短语
未来研究方向,7,复合短语
本地化,7,普通词
本文实证检验,7,复合短语
本文探究,7,复合短语
本文政策含义,7,复合短语
本文旨在,7,复合短语
本文有助于,7,复合短语
本文根据,7,复合短语
本文证实,7,复合短语
本文采用中国,7,复合短语
本文采用双重,7,复合短语
机会成本,7,普通词
机制及其,7,复合短语
机制导致,7,复合短语
机器人就业,7,复合短语
机遇挑战,7,复合短语
杂志社,7,普通词
杠杆效应,7,复合短语
杠杆水平,7,复合短语
杠杆监管,7,复合短语
条款异质性,7,复合短语
松散,7,普通词
构建完善,7,复合短语
构建数字,7,复合短语
柔性,7,普通词
样本期间,7,复合短语
根本性,7,普通词
格局提供,7,复合短语
格局理论,7,复合短语
框架利用,7,复合短语
概念界定,7,复合短语
概括,7,普通词
模型证明,7,复合短语
模型识别,7,复合短语
正向作用,7,复合短语
此基础进一步,7,复合短语
比较优势演化,7,复合短语
比较研究,7,复合短语
气候治理,7,复合短语
水平下降,7,复合短语
水平具有,7,复合短语
汇改,7,普通词
汇率变化,7,复合短语
污染行业,7,复合短语
治理中国,7,复合短语
治理创新,7,复合短语
治理基础,7,复合短语
治税,7,普通词
法定退休年龄,7,复合短语
注入,7,普通词
流入地,7,普通词
流转农业,7,复合短语
流转农业生产,7,复合短语
海关,7,普通词
消费信贷市场,7,复合短语
消费发放,7,复合短语
涉税,7,普通词
深入探讨,7,普通词
深刻变革,7,复合短语
深度创新,7,复合短语
湖北,7,普通词
溢价效应,7,复合短语
溢出效应本文,7,复合短语
满足人民,7,复合短语
滥用,7,普通词
演进理论,7,复合短语
激励企业创新,7,复合短语
激励改革,7,复合短语
激励效果,7,复合短语
灯光,7,普通词
灯光数据,7,复合短语
灵活性,7,普通词
特派办,7,普通词
特色金融发展,7,复合短语
独占,7,普通词
玉米,7,普通词
环境促进,7,复合短语
环境规制政策,7,复合短语
现代农业,7,普通词
现代化中国式,7,复合短语
现代化中国式现代化,7,复合短语
现代化征程,7,复合短语
现代化视域,7,复合短语
现阶段中国,7,复合短语
理念发展格局,7,复合短语
理解我国,7,复合短语
理论分析基础,7,复合短语
理论分析实证,7,复合短语
理论命题,7,复合短语
理论成果,7,复合短语
理论推导,7,复合短语
理论提出,7,复合短语
理论预期,7,复合短语
瑞幸,7,普通词
生产价值,7,复合短语
生产企业,7,复合短语
生产力发展水平,7,复合短语
生产力理论,7,复合短语
生产力要素,7,复合短语
生产活动,7,复合短语
生产消费,7,复合短语
生产率创新,7,复合短语
生产网络行业,7,复合短语
生产网络视角,7,复合短语
生产网络间接,7,复合短语
生态产品价值,7,复合短语
生态体系,7,复合短语
生态系统演进,7,复合短语
用工,7,普通词
用户注意力,7,复合短语
田野,7,普通词
电力系统,7,普通词
电力需求,7,复合短语
电子商务数字,7,复合短语
百年土地政策,7,复合短语
的确,7,普通词
皇后,7,普通词
益贫式,7,普通词
监督体系建设,7,复合短语
监管企业,7,复合短语
监管力度,7,复合短语
监管效果,7,复合短语
监管效能,7,复合短语
监管模式,7,复合短语
监管能力,7,复合短语
目标导向,7,复合短语
目标转换,7,复合短语
直辖市,7,普通词
相关信息,7,复合短语
相关部门,7,复合短语
相适应生产关系,7,复合短语
盾构,7,普通词
省际贸易流量,7,复合短语
知识外溢,7,复合短语
知识生产函数,7,复合短语
矩阵,7,普通词
短期风险,7,复合短语
研发补贴政策,7,复合短语
研究平台,7,复合短语
研究提出,7,复合短语
研究证实,7,复合短语
社会福利影响,7,复合短语
社会稳定,7,复合短语
福利分配,7,复合短语
离散选择,7,复合短语
离散选择模型,7,复合短语
私人实施,7,复合短语
私人实施机制,7,复合短语
科学认识,7,普通词
科技体制,7,普通词
科技型企业,7,复合短语
科技进步,7,普通词
积极探索,7,普通词
积极稳妥,7,复合短语
移动支付,7,复合短语
稀疏,7,普通词
程度上升,7,复合短语
程度企业,7,复合短语
税收归宿,7,复合短语
税收征管力度,7,复合短语
税种,7,普通词
税负公平,7,复合短语
稳定发展,7,复合短语
究竟,7,普通词
空间错配,7,复合短语
突出本文,7,复合短语
突破关键,7,复合短语
立场,7,普通词
竞争压力,7,复合短语
竞争战略,7,复合短语
竞争消费者,7,复合短语
竞价拍卖,7,复合短语
第一产业,7,普通词
第一次,7,普通词
等级,7,普通词
策略选择,7,复合短语
管理世界杂志社,7,复合短语
管理者认知,7,复合短语
管理能力,7,复合短语
系统风险,7,复合短语
紧缩货币政策,7,复合短语
纠正,7,普通词
约束视角,7,复合短语
组群,7,普通词
经济下行,7,复合短语
经济发达,7,复合短语
经济后果研究,7,复合短语
经济基本面,7,复合短语
经济增长产生,7,复合短语
经济学自主,7,复合短语
经济学自主知识,7,复合短语
经济性,7,普通词
经济持续发展,7,复合短语
经济排放,7,复合短语
经济稳定器作用,7,复合短语
经济融合发展,7,复合短语
经济规律,7,复合短语
经济转型发展,7,复合短语
经营活动,7,复合短语
结构技术,7,复合短语
结构设计,7,普通词
结构转型经济,7,复合短语
结构错配,7,复合短语
给定,7,普通词
绝对收入,7,复合短语
绝对贫困,7,复合短语
继而,7,普通词
绩效产生,7,复合短语
维护市场,7,复合短语
绿色低碳转型,7,复合短语
绿色创新行为,7,复合短语
绿色协调,7,复合短语
绿色协调发展,7,复合短语
绿色增长,7,复合短语
缓和,7,普通词
缴费负担企业,7,复合短语
缺失,7,普通词
网络促进,7,复合短语
网络行业,7,复合短语
网络间接,7,复合短语
网络间接出口,7,复合短语
美元,7,普通词
老年人,7,普通词
考察企业,7,复合短语
考量,7,普通词
职工,7,普通词
职工基本,7,普通词
联合国,7,普通词
股东行权,7,复合短语
股权投资,7,复合短语
股权激励,7,复合短语
股票未来,7,复合短语
背后机制,7,复合短语
能力影响,7,复合短语
能力提供,7,复合短语
能力较强,7,复合短语
能源系统,7,复合短语
自然实验基于,7,复合短语
自由主义,7,普通词
自由流动,7,复合短语
至少,7,普通词
良性循环,7,普通词
药品价格,7,复合短语
落后国家,7,复合短语
落户,7,普通词
蓬勃发展,7,普通词
融资担保,7,复合短语
融资规模,7,复合短语
融资难融资,7,复合短语
融通,7,普通词
行业异质性,7,复合短语
行业选择,7,复合短语
行为基于,7,复合短语
补贴创新,7,复合短语
表现更为,7,复合短语
西电东,7,普通词
要素价格,7,复合短语
规制企业,7,复合短语
规制合法性,7,复合短语
规模较大,7,复合短语
解释本文,7,复合短语
计划经济体制,7,复合短语
认为中国,7,复合短语
论断,7,普通词
证据支持,7,复合短语
识别数字,7,复合短语
误配,7,普通词
调查数据库,7,复合短语
调节机制,7,复合短语
贝叶斯,7,普通词
财会监督体系,7,复合短语
财政分权地方,7,复合短语
财政分权经济,7,复合短语
财政思想,7,复合短语
财政支出偏好,7,复合短语
财政治理,7,复合短语
货币创造,7,复合短语
货币制度,7,普通词
货币政策利率传导,7,复合短语
货币政策影响,7,复合短语
货币政策预期,7,复合短语
质效,7,普通词
质量水平,7,复合短语
质量阶梯,7,复合短语
贫困陷阱,7,复合短语
贬值,7,普通词
贷款利率,7,复合短语
贷款政策,7,复合短语
贷款数据,7,复合短语
贸易强国,7,复合短语
贸易数据,7,复合短语
资产风险,7,复合短语
资本偏向,7,复合短语
资本管制,7,复合短语
资本金,7,普通词
资源优化,7,复合短语
资源可得性,7,复合短语
资源拼凑,7,复合短语
资源禀赋,7,复合短语
资源配置效应,7,复合短语
资金占用,7,普通词
走向共同富裕,7,复合短语
超大,7,普通词
越多,7,普通词
跨地,7,普通词
跨境电子商务,7,复合短语
跨越式发展,7,复合短语
转型升级数字,7,复合短语
转型实现,7,复合短语
转型提供,7,复合短语
转移企业,7,复合短语
较为明显,7,复合短语
边缘,7,普通词
过程中国,7,复合短语
过程以及,7,复合短语
迎合,7,普通词
运营公司,7,复合短语
运行规律,7,复合短语
运转,7,普通词
运输,7,普通词
近期,7,普通词
这一影响,7,复合短语
这项,7,普通词
进一步分析显示,7,复合短语
进一步扩大,7,复合短语
进一步探讨,7,复合短语
进口贸易,7,复合短语
进步劳动力,7,复合短语
进而推动,7,复合短语
进而提升,7,复合短语
进而提高,7,复合短语
远景目标,7,复合短语
连续性,7,普通词
选优,7,普通词
选址,7,普通词
透视,7,普通词
递进,7,普通词
通过加强,7,复合短语
通过建立,7,复合短语
通过引入,7,复合短语
通过改变,7,复合短语
通过数值,7,复合短语
通过数值模拟,7,复合短语
通过调整,7,复合短语
逻辑基本,7,复合短语
逻辑框架,7,复合短语
逻辑视角,7,复合短语
遇到,7,普通词
邻近,7,普通词
配套政策,7,复合短语
配给,7,普通词
配置风险,7,复合短语
重大任务,7,复合短语
重要举措本文,7,复合短语
重要保障,7,复合短语
重要力量,7,复合短语
重要引擎,7,复合短语
重要来源,7,复合短语
重要角色,7,复合短语
金融发展水平,7,复合短语
金融市场稳定,7,复合短语
金融服务实体,7,复合短语
金融服务实体经济,7,复合短语
金融模式,7,复合短语
金融部门,7,普通词
针对不同,7,复合短语
银行企业,7,复合短语
银行竞争企业,7,复合短语
银行系统,7,复合短语
银行股东,7,复合短语
链接,7,普通词
销量,7,普通词
错误,7,普通词
长期均衡,7,复合短语
长期目标,7,复合短语
防范化解系统性,7,复合短语
降低信息,7,复合短语
降低居民,7,复合短语
降低融资,7,复合短语
降低贸易,7,复合短语
降费政策,7,复合短语
限购政策,7,复合短语
随机前沿,7,复合短语
隐性担保预期,7,复合短语
隔夜,7,普通词
难点,7,普通词
难题本文,7,复合短语
需求价格,7,复合短语
青年,7,普通词
面板数据实证,7,复合短语
预期转弱,7,复合短语
预测价值,7,复合短语
预算制度,7,复合短语
预算执行,7,复合短语
预计,7,普通词
预防,7,普通词
领军,7,普通词
领导经济,7,复合短语
风险上升,7,复合短语
风险信息,7,复合短语
风险影响因素,7,复合短语
风险预测,7,复合短语
驱动中国,7,复合短语
驱动作用,7,复合短语
驱动高质量,7,复合短语
验证理论,7,复合短语
高出,7,普通词
高技术产业发展,7,复合短语
高管薪酬,7,复合短语
高质量增长,7,复合短语
高转股,7,普通词
高速路,7,普通词
鲜有研究,7,复合短语
鸿沟数字,7,复合短语
16,6,普通词
1688,6,普通词
17,6,普通词
18,6,普通词
1991,6,普通词
20002016,6,复合短语
20132020,6,复合短语
20152017,6,复合短语
20162020,6,复合短语
20172019,6,复合短语
2017年间,6,复合短语
2019A股上市公司,6,复合短语
2019年间,6,复合短语
2020全国,6,复合短语
2021中国,6,复合短语
A股上市公司数据,6,复合短语
A股非金融,6,复合短语
CHFS,6,普通词
DiD,6,普通词
EM,6,普通词
FAST,6,普通词
FE,6,普通词
FTR,6,普通词
GDP比重,6,复合短语
GVC嵌入,6,复合短语
HME,6,普通词
NCA,6,普通词
OFDI,6,普通词
SVAR模型,6,复合短语
fsQCA,6,普通词
一个具有,6,复合短语
一个多部门,6,复合短语
一个异质性,6,复合短语
一切,6,普通词
一套,6,普通词
一定条件,6,复合短语
一带一路高质量,6,复合短语
一线,6,普通词
一线城市,6,复合短语
一般均衡框架,6,复合短语
一路高质量,6,复合短语
一路高质量发展,6,复合短语
万元,6,普通词
三中全会提出,6,复合短语
三策,6,普通词
三线建设地区,6,复合短语
三重压力,6,复合短语
上升幅度,6,普通词
上层建筑,6,普通词
下乡,6,普通词
下沉,6,普通词
下行压力,6,复合短语
下降主要,6,复合短语
不一致性,6,普通词
不仅丰富,6,复合短语
不对称性,6,普通词
不断下降,6,复合短语
不断发展,6,复合短语
不断推进,6,复合短语
不确定性冲击,6,复合短语
与时俱进,6,普通词
专利文本,6,复合短语
世界其他国家,6,复合短语
东北地区,6,普通词
两个重要,6,复合短语
两市,6,普通词
个人投资者,6,复合短语
个性化,6,普通词
中华人民共和国成立,6,复合短语
中华民族现代文明建设,6,复合短语
中国A股上市公司,6,复合短语
中国A股市场,6,复合短语
中国交通,6,复合短语
中国产业结构转型,6,复合短语
中国企业劳动力,6,复合短语
中国低碳,6,复合短语
中国债券市场证据,6,复合短语
中国共产党坚持,6,复合短语
中国具体,6,复合短语
中国城镇,6,复合短语
中国增值税,6,复合短语
中国式创新,6,复合短语
中国式现代化重要,6,复合短语
中国循环,6,复合短语
中国情景,6,复合短语
中国战略,6,复合短语
中国数字普惠,6,复合短语
中国数字经济,6,复合短语
中国数据资本,6,复合短语
中国现代化进程,6,复合短语
中国现实,6,复合短语
中国监管,6,复合短语
中国科技,6,复合短语
中国经济周期,6,复合短语
中国综合社会,6,复合短语
中国职业,6,复合短语
中国脱贫,6,复合短语
中国近代,6,复合短语
中央政府地方,6,复合短语
中小型,6,普通词
中性技术,6,复合短语
中性技术进步,6,复合短语
临时,6,普通词
临近,6,普通词
为什么,6,普通词
义务,6,普通词
之争,6,普通词
之变,6,普通词
之所以,6,普通词
之间存在显著,6,复合短语
之间收入,6,复合短语
之间矛盾,6,复合短语
之间经济,6,复合短语
乔家,6,普通词
习近平总书记关于,6,复合短语
乡村产业,6,复合短语
乡村全面,6,复合短语
乡村全面振兴,6,复合短语
乡村振兴战略,6,复合短语
事件冲击,6,复合短语
事件研究,6,复合短语
事实基础,6,复合短语
事实政策,6,复合短语
互相,6,普通词
互通,6,普通词
五年规划,6,复合短语
亟待解决,6,普通词
交互影响,6,复合短语
交易试点,6,复合短语
产业体系建设,6,复合短语
产业创新发展,6,复合短语
产业园,6,普通词
产业结构转型劳动生产率,6,复合短语
产业结构转型经济,6,复合短语
产业部门,6,普通词
产出率,6,普通词
产品价值实现,6,复合短语
产品服务,6,复合短语
产物,6,普通词
产生显著影响,6,复合短语
产生正向,6,复合短语
人力资本效应,6,复合短语
人力资本禀赋,6,复合短语
人力资源,6,普通词
人口增长,6,复合短语
人口空间,6,复合短语
人口长期,6,复合短语
人均产出,6,复合短语
人均消费,6,复合短语
人工智能如何,6,复合短语
人机,6,普通词
人民幸福,6,复合短语
人类文明新形态,6,复合短语
人类文明进步,6,复合短语
从中,6,普通词
付出,6,普通词
代理人,6,普通词
代理人模型,6,复合短语
代理变量,6,复合短语
代际传承家族,6,复合短语
以下政府,6,复合短语
以及投资者,6,复合短语
以地,6,普通词
价值链中国,6,复合短语
价值链增加值,6,复合短语
价值链生产,6,复合短语
价格扭曲,6,复合短语
价格效应,6,复合短语
价格渠道,6,复合短语
任务属性职业,6,复合短语
企业倾向,6,复合短语
企业出口产品,6,复合短语
企业劳动力需求,6,复合短语
企业发行,6,复合短语
企业商业信用,6,复合短语
企业商业模式,6,复合短语
企业国际竞争,6,复合短语
企业基于,6,复合短语
企业外部,6,复合短语
企业异地投资,6,复合短语
企业所在地,6,复合短语
企业技术追赶,6,复合短语
企业拥有,6,复合短语
企业提高,6,复合短语
企业政策,6,复合短语
企业效率,6,复合短语
企业更加,6,复合短语
企业未来,6,复合短语
企业样本,6,复合短语
企业生产经营,6,复合短语
企业研究,6,复合短语
企业破产,6,复合短语与普通词
企业经营绩效,6,复合短语
企业绩效基于,6,复合短语
企业群聚,6,复合短语
企业能够,6,复合短语
企业进入退出,6,复合短语
企业采用,6,复合短语
众筹社交,6,复合短语
优化产业结构,6,复合短语
伙伴关系,6,普通词
伙伴关系协定,6,复合短语
传导作用,6,复合短语
传承家族,6,复合短语
低利,6,普通词
低效率,6,普通词
住宅用地,6,复合短语
住房市场,6,复合短语
体现技术,6,复合短语
体系推动,6,复合短语
体系话语,6,复合短语
体系话语体系,6,复合短语
作为工具,6,复合短语
作为工具变量,6,复合短语
作用企业,6,复合短语
供应链分配,6,复合短语
供应链资金占用,6,复合短语
促进产业,6,复合短语
促进人力资本,6,复合短语
促进作用更强,6,复合短语
促进农业,6,复合短语
促进技术,6,复合短语
促进非农,6,复合短语
促进非农就业,6,复合短语
保护创新,6,复合短语
信息化工业化,6,复合短语
信息对称程度,6,复合短语
信息摩擦,6,复合短语
信息生产,6,复合短语
信用贷款,6,普通词
信贷供给,6,复合短语
信贷获取,6,复合短语
信贷非正规,6,复合短语
借助中国,6,复合短语
借款人,6,普通词
借贷便利,6,复合短语
债券发行人,6,复合短语
债券市场反应,6,复合短语
债券违约,6,复合短语
债务压力融资,6,复合短语
债务增长机理,6,复合短语
债务管理体制改革,6,复合短语
债务融资成本,6,复合短语
债务违约,6,复合短语
债务风险提供,6,复合短语
假说本文,6,复合短语
健康有序发展,6,复合短语
偿债,6,普通词
儒家,6,普通词
充裕,6,普通词
入住率,6,普通词
入表,6,普通词
全球价值链中国,6,复合短语
全球化背景,6,复合短语
全球金融,6,复合短语
全球金融危机,6,复合短语
全面分析,6,复合短语
全面振兴,6,复合短语
全面推进,6,复合短语
公共教育,6,复合短语
公共服务支出,6,复合短语
公共服务水平,6,复合短语
公共监管,6,复合短语
公募,6,普通词
公募基金,6,复合短语
公平环境,6,复合短语
公开发行债券,6,复合短语
共同作用,6,复合短语
共同关注,6,复合短语
共同发展,6,复合短语
共同富裕基于,6,复合短语
共同富裕收入,6,复合短语
关系合约,6,复合短语
关键在于,6,普通词
关键技术,6,普通词
关键生产,6,复合短语
关键生产要素,6,复合短语
关键要素,6,复合短语
关键阶段,6,复合短语
其它,6,普通词
具体实际,6,复合短语
具体来说,6,普通词
具有一定参考价值,6,复合短语
具有一定政策,6,复合短语
具有重要价值,6,复合短语
养老金改革,6,复合短语
兼评,6,普通词
内外贸,6,普通词
内外贸一体化,6,复合短语
内核,6,普通词
再造,6,普通词
农业生产方式,6,复合短语
农商,6,普通词
农户农业,6,复合短语
农村土地制度,6,复合短语
农村户籍,6,复合短语
农村收入,6,复合短语
冠状病毒,6,普通词
冠状病毒肺炎,6,复合短语
冠状病毒肺炎疫情,6,复合短语
冲击土地,6,复合短语
冲击系统性,6,复合短语
冲击风险,6,复合短语
决策中国,6,复合短语
决策模型,6,复合短语
减排激励,6,复合短语
减税激励供应链,6,复合短语
减贫实践,6,复合短语
几个,6,普通词
出口产业,6,复合短语
出口市场,6,复合短语
出口结构,6,复合短语
出来,6,普通词
出生,6,普通词
分工深化,6,复合短语
分工网络,6,复合短语
分布式,6,普通词
分权增长,6,复合短语
分权增长效应,6,复合短语
分析fsQCA,6,复合短语
分析地方政府,6,复合短语
分析提出,6,复合短语
分析揭示,6,复合短语
分析证据,6,复合短语
分级,6,普通词
分解模型,6,复合短语
分配共同富裕,6,复合短语
分配方式,6,复合短语
分配结构,6,复合短语
分阶段,6,普通词
刊文,6,普通词
创业者个体,6,复合短语
创新专利,6,复合短语
创新关键,6,复合短语
创新具有,6,复合短语
创新引领,6,复合短语
创新效果,6,复合短语
创新激励机制,6,复合短语
创新环境,6,复合短语
创新生态,6,复合短语
创新策略,6,复合短语
创新网络全球,6,复合短语
创新网络嵌入,6,复合短语
创新能力提升,6,复合短语
创造经济,6,复合短语
初心使命,6,复合短语
利率定价,6,复合短语
利率渠道传导,6,复合短语
利用2009,6,复合短语
利益维度,6,复合短语
制定实施,6,复合短语
制度企业,6,复合短语
制度具有,6,复合短语
制度演进,6,复合短语
制度逻辑变革,6,复合短语
制造业企业绿色,6,复合短语
制造业技术,6,复合短语
制造业数字,6,复合短语
制造业行业,6,复合短语
制造业高质量,6,复合短语
制造业高质量发展,6,复合短语
刺激效果,6,复合短语
前行,6,普通词
剥离,6,普通词
剩余价值,6,普通词
加快中国,6,复合短语
加权,6,普通词
加速器效应,6,复合短语
加速效应,6,复合短语
动力结构,6,复合短语
动态能力研究,6,复合短语
劳动力匹配,6,复合短语
劳动力成本上升,6,复合短语
劳动力数量,6,复合短语
劳动力结构,6,复合短语
劳动参与率,6,复合短语
劳动收入份额下降,6,复合短语
劳动替代,6,复合短语
劳动者就业,6,复合短语
化解系统性金融风险,6,复合短语
北方,6,普通词
北海,6,普通词
区内企业,6,复合短语
区域政策区域,6,复合短语
区域网络,6,复合短语
区域计算,6,复合短语
区域计算一般,6,复合短语
医疗费用影响,6,复合短语
十八以来习近平,6,复合短语
十四五规划,6,复合短语
升级效应,6,复合短语
协同配合,6,复合短语
协奏,6,普通词
协调发展来自,6,复合短语
协调成本,6,复合短语
卖出,6,普通词
占用,6,普通词
即期,6,普通词
历史性成就,6,复合短语
历程成就,6,复合短语
压力融资,6,复合短语
原因之一,6,复合短语
县政府,6,普通词
参与电商平台,6,复合短语
及其经济,6,复合短语
及其背后,6,复合短语
双重固定,6,复合短语
双重固定效应,6,复合短语
双重红利,6,复合短语
反垄断法实施,6,复合短语
反转,6,普通词
发债企业,6,复合短语
发展产业,6,复合短语
发展传统,6,复合短语
发展全局,6,复合短语
发展内在,6,复合短语
发展农村,6,复合短语
发展动力,6,复合短语
发展区域,6,复合短语
发展历史,6,复合短语
发展带动,6,复合短语
发展必然,6,复合短语
发展技术,6,复合短语
发展政府,6,复合短语
发展数字经济,6,复合短语
发展期,6,普通词
发展机会,6,复合短语
发展格局理论,6,复合短语
发展状况,6,复合短语
发展生产力,6,复合短语
发展策略,6,复合短语
发展至关重要本文,6,复合短语
发展试验区,6,复合短语
发展阶段经济,6,复合短语
发展马克思主义,6,复合短语
发挥积极,6,复合短语
发掘,6,普通词
发生显著,6,复合短语
发票,6,普通词
发育,6,普通词
受损,6,普通词
变化分解,6,复合短语
变得,6,普通词
叙事,6,普通词
可以产生,6,复合短语
可用,6,普通词
可能造成,6,复合短语
可靠,6,普通词
各地,6,普通词
同时考虑,6,复合短语
同源性,6,普通词
后发企业技术,6,复合短语
后发追赶,6,复合短语
后果检验,6,复合短语
向下,6,普通词
吸引力,6,普通词
商品价格,6,普通词
回归合成,6,复合短语
因素分析,6,复合短语
国家创新体系,6,复合短语
国家征程,6,复合短语
国家自主,6,复合短语
国家重大,6,复合短语
国家金融,6,复合短语
国有大型,6,复合短语
国际国内,6,复合短语
国际投入产出,6,复合短语
国际金融,6,普通词
国际金融危机,6,复合短语
土地价格,6,普通词
土地要素,6,普通词
土地资源,6,复合短语
在位企业,6,复合短语
地价,6,普通词
地区差距,6,复合短语
地区平衡,6,复合短语
地区更为,6,复合短语
地图,6,普通词
地方政府投资,6,复合短语
地方政府政策,6,复合短语
地方政府通过,6,复合短语
地方税收,6,复合短语
均衡模型通过,6,复合短语
块状,6,普通词
坚强,6,普通词
坚持人民,6,复合短语
坚持全面,6,复合短语
坚持系统,6,复合短语
城市创业活跃度,6,复合短语
城镇化发展,6,复合短语
基于2013,6,复合短语
基于区域,6,复合短语
基于城市,6,复合短语
基于复杂系统,6,复合短语
基于政治经济学,6,复合短语
基于文本,6,复合短语
基于机器,6,复合短语
基于机器学习,6,复合短语
基于留抵,6,复合短语
基于留抵退税,6,复合短语
基于网络,6,复合短语
基于财政部,6,复合短语
基于财政部会计信息,6,复合短语
基于金融,6,复合短语
基准模型,6,复合短语
基层政府,6,复合短语
基建投资,6,普通词
基本事实,6,复合短语
基础中国,6,复合短语
基础制度,6,复合短语
基金网络,6,复合短语
增值税地区,6,复合短语
增多,6,普通词
增设,6,普通词
增速放缓,6,复合短语
增长分化,6,复合短语
增长动力结构,6,复合短语
增长压力,6,复合短语
增长效率,6,复合短语
增长潜力,6,复合短语
备受关注,6,复合短语
复工,6,普通词
外出,6,普通词
外出务工,6,复合短语
外部冲击土地,6,复合短语
外部制度环境,6,复合短语
多期双重,6,复合短语
多样化技术,6,复合短语
多档,6,普通词
多种稳健性,6,复合短语
多项,6,普通词
大事,6,普通词
大会,6,普通词
大单,6,普通词
大变局高质量,6,复合短语
大变局高质量发展,6,复合短语
大规模企业,6,复合短语
失业者,6,普通词
如何推动,6,复合短语
如何重塑,6,复合短语
如此,6,普通词
始于,6,普通词
姓氏,6,普通词
威慑,6,普通词
媒介,6,普通词
字号,6,普通词
存在企业,6,复合短语
存在明显差异,6,复合短语
孤立,6,普通词
学术体系话语,6,复合短语
学术研究,6,普通词
学说,6,普通词
守住,6,普通词
守住发生,6,复合短语
守住发生系统性,6,复合短语
安全发展,6,复合短语
完全信息,6,复合短语
完善中国,6,复合短语
完善提供,6,复合短语
完善社会主义市场,6,复合短语
完善绿色,6,复合短语
宏观稳定,6,复合短语
宏观结构,6,复合短语
定价基于,6,复合短语
定量评估,6,复合短语
宝贵经验,6,复合短语
实体企业,6,复合短语
实施市场,6,复合短语
实施过程,6,复合短语
实现乡村振兴,6,复合短语
实现产业,6,复合短语
实现价值,6,复合短语
实现包容性,6,复合短语
实现碳中,6,复合短语
实现社会主义现代化,6,复合短语
实践层面,6,复合短语
实验证据,6,复合短语
审慎政策存在,6,复合短语
审慎政策银行,6,复合短语
审批,6,普通词
家庭财富,6,复合短语
宽带中国试点,6,复合短语
寡头竞争,6,复合短语
对于提升,6,复合短语
对小微,6,普通词
对模型,6,普通词
对称程度,6,复合短语
对称视角,6,复合短语
导向数字,6,复合短语
将来,6,普通词
小微企业税收,6,复合短语
就业产出,6,复合短语
尺度,6,普通词
尽快,6,普通词
局部投影,6,复合短语
层面探讨,6,复合短语
层面考察,6,复合短语
居民代际,6,复合短语
居民转移,6,复合短语
居民转移支付,6,复合短语
展开研究,6,复合短语
属性职业,6,复合短语
峰度,6,普通词
嵌入全球,6,复合短语
工作提供,6,复合短语
工商业,6,普通词
差分模型考察,6,复合短语
差异化程度,6,复合短语
市场不确定性,6,复合短语
市场关注,6,复合短语
市场具有,6,复合短语
市场利率,6,复合短语
市场功能,6,复合短语
市场协同,6,复合短语
市场建设提供,6,复合短语
市场形成,6,复合短语
市场网络,6,复合短语
带有,6,普通词
常规任务,6,复合短语
平台之间,6,复合短语
平台制造业企业,6,复合短语
平台改革,6,复合短语
平台改革转型,6,复合短语
平台网络外部性,6,复合短语
平均下降,6,复合短语
平均而言,6,复合短语
年代以来,6,复合短语
年均增速,6,复合短语
年收入,6,普通词
年来中国,6,复合短语
并且这一,6,复合短语
并购如何,6,复合短语
并购视角,6,复合短语
广东,6,普通词
庄园,6,普通词
应对危机,6,复合短语
应收,6,普通词
应收账款,6,复合短语
底稿,6,普通词
庞大,6,普通词
建成社会主义,6,复合短语
建成社会主义现代化,6,复合短语
建设具有,6,复合短语
建设有助于,6,复合短语
建设现代化经济,6,复合短语
建设用地,6,复合短语
开放型经济体制,6,复合短语
开放性,6,普通词
开放条件,6,复合短语
异化,6,普通词
异质性代理人,6,复合短语
异质性代理人模型,6,复合短语
异质性农户,6,复合短语
异质性家庭,6,复合短语
异质性影子,6,复合短语
异质性影子银行,6,复合短语
异质性投资,6,复合短语
引力,6,普通词
引导作用,6,复合短语
强化企业,6,复合短语
强国战略,6,复合短语
强度下降,6,复合短语
强能,6,普通词
当地企业,6,复合短语
形成中国特色,6,复合短语
形成具有,6,复合短语
影响呈现出,6,复合短语
影响存在显著,6,复合短语
征税能力,6,复合短语
征管企业避税,6,复合短语
征管体制,6,复合短语
得到改善,6,复合短语
得到显著,6,复合短语
心理健康,6,普通词
必由之路,6,普通词
快速上升,6,复合短语
思想指导,6,复合短语
思想研究,6,复合短语
性偏离,6,普通词
恢复力,6,普通词
惠泽永敷,6,普通词
意义构建,6,复合短语
愿意,6,普通词
成为中国经济,6,复合短语
成本冲击,6,复合短语
成本基于,6,复合短语
成本显著,6,复合短语
成长期,6,普通词
我国债券,6,复合短语
我国地方政府,6,复合短语
我国城市,6,复合短语
我国宏观经济,6,复合短语
我国就业,6,复合短语
我国工业部门,6,复合短语
我国数字经济,6,复合短语
我国省份,6,复合短语
我国跨境,6,复合短语
我国银行业,6,复合短语
战略全局,6,复合短语
战略增长,6,复合短语
战略性意义,6,复合短语
战略理论,6,复合短语
户籍改革,6,复合短语
房地产业,6,普通词
房地产调控,6,复合短语
手工整理,6,普通词
手机,6,普通词
打通,6,普通词
托管,6,普通词
执政,6,普通词
扩大开放,6,普通词
扩大消费,6,复合短语
扶贫实践,6,复合短语
承包,6,普通词
承担能力,6,复合短语
技术产品,6,复合短语
技术信息,6,复合短语
技术创新企业,6,复合短语
技术前沿,6,复合短语
技术复杂度,6,复合短语
技术实体,6,复合短语
技术封锁,6,复合短语
技术提升,6,复合短语
技术生产,6,复合短语
技术突破,6,复合短语
技术经济范式,6,复合短语
技术自主,6,复合短语
技术要素,6,复合短语
技术进步中国,6,复合短语
技术进步视角,6,复合短语
技能偏向,6,复合短语
抑制银行,6,复合短语
抓住,6,普通词
抓手本文,6,复合短语
投入出口,6,复合短语
投影,6,普通词
投放,6,普通词
投资促进,6,复合短语
投资市场,6,复合短语
投资者持股,6,复合短语
报告文本,6,复合短语
抬高,6,普通词
担保范围,6,复合短语
拆借,6,普通词
拉大,6,普通词
拓展学习,6,复合短语
拥挤,6,普通词
持续扩大,6,复合短语
持续提升,6,复合短语
持续深化,6,复合短语
挑战实现,6,复合短语
振兴战略,6,复合短语
损失率,6,普通词
排他性,6,普通词
排放效率,6,复合短语
探寻,6,普通词
推动人民币,6,复合短语
推演,6,普通词
推进乡村,6,复合短语
推进绿色,6,复合短语
推进高水平对外开放,6,复合短语
提供依据,6,复合短语
提供启发,6,复合短语
提供学理,6,复合短语
提供新视角,6,复合短语
提供科学,6,复合短语
提出相关,6,复合短语
提前退休,6,普通词
提升企业价值,6,复合短语
提升具有,6,复合短语
提升农村,6,复合短语
提升国有企业,6,复合短语
提炼中国,6,复合短语
提高劳动者,6,复合短语
提高资本,6,复合短语
提高银行,6,复合短语
携手,6,普通词
撬动,6,普通词
支付分配,6,复合短语
支持上述,6,复合短语
支持系统,6,普通词
支行设立,6,复合短语
收入基尼系数,6,复合短语
收入增加,6,复合短语
收入相对,6,复合短语
改变企业,6,复合短语
改善收入,6,复合短语
改革中国,6,复合短语
改革方向,6,复合短语
改革显著,6,复合短语
改革深化,6,复合短语
改革通过,6,复合短语
攻坚战,6,普通词
放大作用,6,复合短语
政府作为,6,复合短语
政府竞争行为,6,复合短语
政治秩序,6,复合短语
政策出台,6,复合短语
政策干预,6,复合短语
政策激励效应,6,复合短语
政策环境,6,复合短语
政策证据,6,复合短语
政策重点,6,复合短语
政策银行风险,6,复合短语
效应分解,6,复合短语
效应劳动力,6,复合短语
效应对于,6,复合短语
效应导致,6,复合短语
效应收入效应,6,复合短语
效应政府,6,复合短语
效应生产率效应,6,复合短语
效应竞争,6,复合短语
效应绿色,6,复合短语
效应随着,6,复合短语
效果主要,6,复合短语
效果本文研究,6,复合短语
效果进行,6,复合短语
效率企业,6,复合短语
效率创新,6,复合短语
效率变革,6,复合短语
敏捷,6,普通词
数字产业化,6,复合短语
数字化供应链金融,6,复合短语
数字化水平提升,6,复合短语
数字平台平台,6,复合短语
数字技术实体,6,复合短语
数字技术驱动,6,复合短语
数字经济企业,6,复合短语
数字经济快速,6,复合短语
数字经济数字,6,复合短语
数实融合,6,复合短语
数据刻画,6,复合短语
数据实证检验,6,复合短语
数据平台企业,6,复合短语
数据经验,6,复合短语
数据综合,6,复合短语
数据要素市场,6,复合短语
数量型,6,普通词
数量增加,6,复合短语
整体福利,6,复合短语
文本挖掘,6,复合短语
文献述评,6,复合短语
新兴企业,6,复合短语
新农,6,普通词
新型冠状病毒,6,复合短语
新型冠状病毒肺炎,6,复合短语
新旧,6,普通词
新质生产力要素,6,复合短语
新闻媒体,6,普通词
方法进行实证,6,复合短语
方略,6,普通词
方面提出,6,复合短语
旅游业,6,普通词
无法解释,6,普通词
日度,6,普通词
时代全面,6,复合短语
时间推移,6,复合短语与普通词
是否有助于,6,复合短语
显著存在,6,复合短语
显著调节,6,复合短语
普遍存在,6,普通词
更优,6,普通词
更加明显本文,6,复合短语
更加积极,6,复合短语
更差,6,普通词
最优定价,6,复合短语
最优水平,6,复合短语
最优组合,6,复合短语
最优配置,6,复合短语
最低工资上涨,6,复合短语
最具,6,普通词
最新发展,6,复合短语
最终实现,6,复合短语
最终消费,6,复合短语
有利于经济,6,复合短语
有利于缓解,6,复合短语
有助于改善,6,复合短语
有助于进一步,6,复合短语
有效率,6,普通词
有望,6,普通词
有限套利,6,复合短语
服务主导,6,复合短语
服务主导逻辑,6,复合短语
服务市场,6,复合短语
期内中国,6,复合短语
期间中国,6,复合短语
未成熟,6,普通词
未来方向,6,复合短语
本地市场,6,复合短语
本文分别,6,复合短语
本文利用2000,6,复合短语
本文指出,6,复合短语
本文梳理,6,复合短语
本文研究丰富,6,复合短语
本文研究揭示,6,复合短语
本文立足,6,复合短语
本文证明,6,复合短语
本文重点,6,复合短语
本质要求,6,复合短语
机会平等,6,复合短语
机制优化,6,复合短语
机制具有,6,复合短语
机制实证,6,复合短语
机制对于,6,复合短语
机制揭示,6,复合短语
机制银行,6,复合短语
机器学习模型,6,复合短语
权衡取舍,6,复合短语
权责,6,普通词
条件资本,6,复合短语
条款深度,6,复合短语
来看数字,6,复合短语
来自专利,6,复合短语
来自中国企业,6,复合短语
来自中国债券市场,6,复合短语
来自中国制造业,6,复合短语
极化,6,普通词
构建一个多,6,复合短语
构建具有,6,复合短语
构建双循环,6,复合短语
标尺,6,普通词
样本实证,6,复合短语
核心指标,6,复合短语
核心理论,6,复合短语
根据不同,6,复合短语
格局全球,6,复合短语
格局重要,6,复合短语
框架结合,6,复合短语
检验上述,6,复合短语
概率提高,6,复合短语
模型基础,6,复合短语
模型实证分析,6,复合短语
模型实证研究,6,复合短语
模型量化,6,复合短语
模拟研究,6,复合短语
模糊集,6,普通词
模糊集定性,6,复合短语
模糊集定性比较,6,复合短语
次序,6,普通词
正向调节,6,复合短语
正规金融,6,复合短语
此后,6,普通词
此次,6,普通词
步入,6,普通词
母体,6,普通词
每年,6,普通词
比较分析fsQCA,6,复合短语
比较基于,6,复合短语
气候转型,6,复合短语
气候转型风险,6,复合短语
气候风险,6,复合短语
水平越高,6,复合短语
永久性,6,普通词
汇率政策,6,复合短语
江苏,6,普通词
沙盒,6,普通词
治理优化,6,复合短语
治理思想,6,复合短语
治理政策,6,复合短语
法定税率,6,复合短语
法律法规,6,普通词
注册数据,6,复合短语
活动影响,6,复合短语
流动基于,6,复合短语
流动异地,6,复合短语
流动经济,6,复合短语
海上,6,普通词
海洋,6,普通词
海量,6,普通词
消费增长,6,复合短语
消费平等,6,复合短语
消费潜力,6,复合短语
深化财税,6,复合短语
深化金融,6,复合短语
深度创新绩效,6,复合短语
深谋远虑,6,普通词
清代,6,普通词
清算,6,普通词
渊源,6,普通词
渠道提高,6,复合短语
渠道本文,6,复合短语
湖北省,6,普通词
溢出创新,6,复合短语
溢出网络,6,复合短语
演绎,6,普通词
激励供应链,6,复合短语
激励供应链溢出,6,复合短语
激励制度,6,复合短语
激励还是,6,复合短语
然而现有,6,复合短语
熊彼特内生,6,复合短语
熊彼特内生增长,6,复合短语
父爱,6,普通词
特征及其,6,复合短语
特征数字,6,复合短语
独特数据,6,复合短语
狭义,6,普通词
环境变化,6,复合短语
环境绩效,6,复合短语
现代化乡村,6,复合短语
现代化全面,6,复合短语
现代化国家征程,6,复合短语
现代化提供,6,复合短语
现代化水平,6,复合短语
现代文明建设,6,复合短语
现在,6,普通词
现实启示,6,复合短语
现实意义本文,6,复合短语
现象提供,6,复合短语
理解数字,6,复合短语
理解数字经济,6,复合短语
理论发展脉络,6,复合短语
理论实证方面,6,复合短语
理论实证研究,6,复合短语
理论实践意义,6,复合短语
理论对于,6,复合短语
理论数字,6,复合短语
理论演进,6,复合短语
理论界,6,普通词
理论认识,6,复合短语
理论阐释,6,复合短语
生产力要素生产率,6,复合短语
生产条件,6,复合短语
生产率来自,6,复合短语
生产率水平,6,复合短语
生产率高质量,6,复合短语
生产率高质量发展,6,复合短语
生产环节,6,复合短语
生产生活,6,复合短语
生产资料,6,普通词
生产长度,6,复合短语
生态化,6,普通词
生态环境,6,普通词
生育数量,6,复合短语
用户互动,6,复合短语
电力市场建设,6,复合短语
电子商务发展,6,复合短语
百度,6,普通词
监测数据,6,普通词
监督动机,6,复合短语
监督效应,6,复合短语
监督评价,6,复合短语
监管方式,6,复合短语
目标重要,6,复合短语
直接融资,6,复合短语
相互依赖,6,普通词
相似性,6,普通词
相对较弱,6,复合短语
看作,6,普通词
知识溢出创新,6,复合短语
研发活动,6,复合短语
研发风险,6,复合短语
研究具有,6,复合短语
研究前沿,6,复合短语
研究数字经济,6,复合短语
研究深化,6,复合短语
研究脉络,6,复合短语
研究边界,6,复合短语
研究金融,6,复合短语
碳化,6,普通词
示范项目,6,复合短语
社会主义现代化建设,6,复合短语
社会养老保障,6,复合短语
社会分工,6,普通词
社会建设,6,复合短语
社会政府,6,复合短语
社会效益,6,普通词
社会融资,6,复合短语
社会调查,6,复合短语
社会资本再生产,6,复合短语
福利收益,6,复合短语
福利水平影响,6,复合短语
秉持,6,普通词
科学化,6,普通词
科技化,6,普通词
科技政策,6,复合短语
科技革命产业,6,复合短语
租房,6,普通词
积极主义,6,复合短语
积极应对人口老龄化,6,复合短语
积极推动,6,复合短语
积聚,6,普通词
稀缺,6,普通词
程度更高,6,复合短语
程度降低,6,复合短语
税收中性,6,复合短语
税收管理,6,普通词
税收规避纳税,6,复合短语
税收转嫁,6,复合短语
税率提高,6,复合短语
税负平等,6,复合短语
稳健性检验上述,6,复合短语
稳固,6,普通词
稳定效应,6,复合短语
稳定重要,6,复合短语
空间关联,6,复合短语
空间均衡模型,6,复合短语
空间外部性,6,复合短语
穿透,6,普通词
突出问题,6,复合短语
突发事件,6,普通词
竞争合作,6,复合短语
竞争格局,6,复合短语
竞争消费者信息,6,复合短语
竞争程度,6,复合短语
第二次,6,普通词
第二阶段,6,普通词
答案,6,普通词
策略研究,6,复合短语
筹划,6,普通词
签订,6,普通词
简化,6,普通词
简历,6,普通词
管理效率,6,普通词
管理模式,6,普通词
管理系统,6,普通词
精英,6,普通词
系统关联,6,复合短语
系统视角,6,复合短语
系统阐释,6,复合短语
纠偏,6,普通词
约束条件,6,普通词
组成,6,普通词
组织创新,6,复合短语
组织能力,6,复合短语
经济不确定性,6,复合短语
经济低碳,6,复合短语
经济低碳转型,6,复合短语
经济公司,6,复合短语
经济危机,6,普通词
经济复苏,6,复合短语
经济学理论体系,6,复合短语
经济常态,6,复合短语
经济效果,6,复合短语
经济数字经济,6,复合短语
经济激励,6,复合短语
经济联系,6,复合短语
经济范式,6,复合短语
经济领域,6,复合短语
经营性,6,普通词
经营权,6,普通词
经过一系列稳健性,6,复合短语
结余,6,普通词
结构分解,6,复合短语
结构发展格局,6,复合短语
结构式,6,普通词
结构扭曲,6,复合短语
结构激励,6,复合短语
结构需求,6,复合短语
结论意味着,6,复合短语
结论考虑,6,复合短语
绝对收入相对,6,复合短语
统一增长,6,复合短语
统一市场构建,6,复合短语
统筹协调,6,复合短语
统计数据,6,普通词
绩效关系,6,复合短语
绩效改善,6,复合短语
综合社会,6,复合短语
综合社会调查,6,复合短语
综合考虑,6,复合短语
缓慢,6,普通词
缓解内生性,6,复合短语
缓解融资,6,复合短语
缓解融资约束,6,复合短语
缘起,6,普通词
缩小区域,6,复合短语
缩小城乡收入,6,复合短语
缴费下降,6,复合短语
网络全球创新,6,复合短语
网络分析,6,普通词
网络影响,6,复合短语
网络数据,6,复合短语
网络要素,6,复合短语
网络要素生产率,6,复合短语
美好生活需要,6,复合短语
群体收入,6,复合短语
老农,6,普通词
考察期内,6,复合短语
职责,6,普通词
联结,6,普通词
股价信息,6,复合短语
股价波动,6,复合短语
股份,6,普通词
股票未来收益,6,复合短语
能力构建,6,复合短语
能力理论,6,复合短语
能否促进,6,复合短语
能否有效,6,复合短语
能够增强,6,复合短语
能够有效抑制,6,复合短语
能够解释,6,复合短语
能源消费,6,复合短语
脉冲响应,6,普通词
脱节,6,普通词
自下而上,6,普通词
自利,6,普通词
自发性,6,普通词
自治,6,普通词
自然实验研究,6,复合短语
自然实验证据,6,复合短语
自由化福利,6,复合短语
自由化福利效应,6,复合短语
致力于,6,普通词
英文,6,普通词
范式研究方法,6,复合短语
萎缩,6,普通词
虚增,6,普通词
虚拟资本,6,复合短语
融资平台改革,6,复合短语
行业生产率,6,复合短语
行为具有,6,复合短语
行为机制,6,复合短语
行动者,6,普通词
行稳致远,6,复合短语
补贴研发,6,复合短语
表现更加,6,复合短语
表达,6,普通词
裁量权,6,普通词
装备制造业,6,复合短语
要求中国,6,复合短语
要点,6,普通词
要素市场化改革,6,复合短语
要素数据资产,6,复合短语
要素替代弹性,6,复合短语
要素生产率来自,6,复合短语
要素生产率高质量,6,复合短语
规律性,6,普通词
规模效率,6,复合短语
规避纳税,6,复合短语
规避纳税贡献,6,复合短语
视角实证,6,复合短语
解放发展,6,复合短语
计划外,6,普通词
认识中国,6,复合短语
设备,6,普通词
设计研究,6,复合短语
证据政策参考,6,复合短语
证据显示,6,复合短语
评级债券,6,复合短语
诅咒,6,普通词
识别研究,6,复合短语
诊断,6,普通词
试探,6,普通词
试验,6,普通词
试验区企业,6,复合短语
语境,6,普通词
误设,6,普通词
诱导,6,普通词
调整摩擦,6,复合短语
调整证据,6,复合短语
调查证据,6,复合短语
谈判,6,普通词
谋发展,6,普通词
负债风险,6,复合短语
负相关关系,6,复合短语
负面信息,6,复合短语
负面影响本文,6,复合短语
财务造假,6,复合短语
财政政策货币政策,6,复合短语
财税金融体制,6,复合短语
财经,6,普通词
账款,6,普通词
账面,6,普通词
货币政策工具,6,复合短语
货币政策框架,6,复合短语
货币政策风险,6,复合短语
货币政策风险承担,6,复合短语
贸易协定深度,6,复合短语
贸易自由化福利,6,复合短语
费用影响,6,复合短语
资产规模,6,复合短语
资本再生产,6,复合短语
资本市场信息,6,复合短语
资本市场功能,6,复合短语
资本流入,6,复合短语
资本高技能,6,复合短语
资源优化配置,6,复合短语
资源投入,6,复合短语
资源配置市场化,6,复合短语
超大规模市场优势,6,复合短语
超额收益,6,复合短语
趋于下降,6,复合短语
跨业,6,普通词
路径优化,6,复合短语
践行人民,6,复合短语
轨道,6,普通词
转向高质量,6,复合短语
转向高质量发展,6,复合短语
转型企业,6,复合短语
转型促进,6,复合短语
转型劳动生产率,6,复合短语
转换特征,6,复合短语
转换率,6,普通词
转移支付分配,6,复合短语
转移支付制度,6,复合短语
转移支付政策,6,复合短语
转移效应,6,复合短语
软件,6,普通词
较强企业,6,复合短语
边际影响,6,复合短语
边际成本,6,复合短语
边际消费,6,复合短语
边际消费倾向,6,复合短语
迁移成本,6,复合短语
过程创新,6,复合短语
过程基于,6,复合短语
近似,6,普通词
近年来中国,6,复合短语
还应,6,普通词
还是抑制,6,复合短语
进一步完善,6,复合短语
进一步强化,6,复合短语
进一步考察,6,复合短语
进步中国,6,复合短语
进步视角,6,复合短语
进而通过,6,复合短语
进而采用,6,复合短语
进行一系列稳健性,6,复合短语
进行事实,6,复合短语
进行匹配,6,复合短语
进行文本,6,复合短语
进行比较,6,复合短语
进行解释,6,复合短语
进行验证,6,复合短语
连片,6,普通词
追踪调查CFPS数据,6,复合短语
退税负担,6,复合短语
适应过程,6,复合短语
选优扶强,6,复合短语
逐渐减弱,6,复合短语
通过组织,6,复合短语
通过绿色,6,复合短语
通过缓解,6,复合短语
通过资本,6,复合短语
逻辑变革,6,复合短语
逻辑性,6,普通词
逻辑结构,6,复合短语
遵从企业,6,复合短语
避险效应,6,复合短语
部属,6,普通词
部属高校,6,复合短语
部门DSGE,6,复合短语
部门DSGE模型,6,复合短语
部门风险,6,复合短语
采集,6,普通词
重大影响,6,复合短语
重大意义,6,普通词
重新配置,6,普通词
重点本文,6,复合短语
重要启示意义,6,复合短语
重要战略意义,6,复合短语
重要政策含义,6,复合短语
重要方向,6,复合短语
重要方面,6,复合短语
重要理论价值,6,复合短语
重要经验证据,6,复合短语
重要论断,6,复合短语
量化贸易,6,复合短语
金融中介,6,复合短语
金融信息,6,普通词
金融创新金融,6,复合短语
金融发展显著,6,复合短语
金融实体,6,复合短语
金融市场宏观经济,6,复合短语
金融市场风险,6,复合短语
金融文本,6,复合短语
金融理论,6,复合短语
金融研究,6,复合短语
金融稳定影响,6,复合短语
金融结构企业,6,复合短语
金融领域,6,复合短语
金融风险具有,6,复合短语
金融风险防范,6,复合短语
金融风险非线性,6,复合短语
针对这一,6,复合短语
铁路,6,普通词
银行杠杆,6,复合短语
银行流动性囤积,6,复合短语
长三角,6,普通词
长子,6,普通词
长期化,6,普通词
长鞭,6,普通词
长鞭效应,6,复合短语
门槛回归,6,复合短语
门槛效应,6,复合短语
门限效应,6,复合短语
问题具有,6,复合短语
间接税税负归宿,6,复合短语
阈限,6,普通词
防卫,6,普通词
防范系统性,6,复合短语
阶段不同,6,复合短语
阶段中国,6,复合短语
阶段发展理念,6,复合短语
阶段模型,6,复合短语
阿里巴巴,6,普通词
降低交易成本,6,复合短语
降低债务,6,复合短语
降低小微,6,复合短语
降低市场,6,复合短语
降低融资成本,6,复合短语
降低银行风险,6,复合短语
随着数字经济,6,复合短语
随着时间推移,6,复合短语
隐含,6,普通词
隐患,6,普通词
集中体现,6,普通词
零利率,6,普通词
零利率下限,6,复合短语
需求价格弹性,6,复合短语
需要考虑,6,复合短语
非位,6,普通词
非国有部门,6,复合短语
非正规就业,6,复合短语
非正规金融,6,复合短语
面临外部,6,复合短语
面板数据进行,6,复合短语
面板模型,6,复合短语
革命产业,6,复合短语
革命产业变革,6,复合短语
革命建设,6,复合短语
韧性安全,6,复合短语
韧性安全水平,6,复合短语
韧性理论,6,复合短语
预期模糊,6,复合短语
预警体系,6,复合短语
领导社会主义,6,复合短语
领导经济工作,6,复合短语
风控,6,普通词
风险中国,6,复合短语
风险事件,6,复合短语
风险企业,6,复合短语
风险作用,6,复合短语
风险厌恶,6,复合短语
风险因素,6,复合短语
风险基于,6,复合短语
风险增加,6,复合短语
风险存在,6,复合短语
风险挑战,6,复合短语
风险来自,6,复合短语
风险水平,6,复合短语
风险视角,6,复合短语
风险银行,6,复合短语
风险预期,6,复合短语
食品类,6,普通词
马克思主义政治经济学理论,6,复合短语
马尔萨斯,6,普通词
驱动通过,6,复合短语
驾照,6,普通词
高企,6,普通词
高低,6,普通词
高层,6,普通词
高度关注,6,复合短语
高技能人才,6,复合短语
高效率,6,普通词
高新技术产业,6,复合短语
高水平科技,6,复合短语
高水平科技自立自强,6,复合短语
高职,6,普通词
高速发展,6,复合短语
鲍莫尔,6,普通词
黏性,6,普通词
黑箱,6,普通词
13,5,普通词
1952,5,普通词
1985,5,普通词
1993,5,普通词
1996,5,普通词
20072019中国,5,复合短语
20082021,5,复合短语
2008金融危机,5,复合短语
20092019,5,复合短语
20132018,5,复合短语
2014中国,5,复合短语
2015年间,5,复合短语
2016全国,5,复合短语
2017数据,5,复合短语
2020全国税收,5,复合短语
2020我国,5,复合短语
2022中国,5,复合短语
2022中国A股,5,复合短语
2025,5,普通词
A股上市公司年报,5,复合短语
CGE模型,5,复合短语
CLDS,5,普通词
EMNEs,5,普通词
FD,5,普通词
FDI,5,普通词
GDP增速,5,复合短语
GDP增长,5,复合短语
GDP增长率,5,复合短语
II,5,普通词
ITA,5,普通词
OC,5,普通词
OECD,5,普通词
QCA,5,普通词
RCEP全球,5,复合短语
RCEP全球价值链,5,复合短语
RPE,5,普通词
Uhlig,5,普通词
一个时期,5,复合短语
一个概念,5,复合短语
一个重大,5,复合短语
一体化经济,5,复合短语
一刀切,5,普通词
一定理论,5,复合短语
一方面通过,5,复合短语
一系列实证,5,复合短语
一级市场发行,5,复合短语
一般均衡结构,5,复合短语
一般纳税人,5,复合短语
一门,5,普通词
三年,5,普通词
三级,5,普通词
三要素,5,普通词
三重差分,5,复合短语
上升下降趋势,5,复合短语
上市公司数据进行,5,复合短语
上市公司研究对象,5,复合短语
上级,5,普通词
上级政府,5,复合短语
上述机制,5,复合短语
上述研究,5,复合短语
下一阶段,5,普通词
下降影响,5,复合短语
下降重要,5,复合短语
不仅拓展,5,复合短语
不但,5,普通词
不可或缺,5,普通词
不可逆转,5,普通词
不合理,5,普通词
不同性质,5,复合短语
不同所有制,5,复合短语
不同技能劳动力,5,复合短语
不同收入,5,复合短语
不同教育,5,复合短语
不断上升,5,复合短语
不断减弱,5,复合短语
不确定性监管,5,复合短语
专业化知识,5,复合短语
专利创新,5,复合短语
世界现代化,5,复合短语
世界范围,5,复合短语
业务活动,5,复合短语
东盟,5,普通词
两个积极性,5,复合短语
两地,5,普通词
两家企业,5,复合短语
两端,5,普通词
两难困境,5,复合短语
个人隐私,5,普通词
个体组织,5,复合短语
个股,5,普通词
中介效应模型,5,复合短语
中债,5,普通词
中国交通基础设施,5,复合短语
中国人口,5,复合短语
中国人民银行,5,普通词
中国企业数字,5,复合短语
中国共产党成立,5,复合短语
中国共产党经济思想,5,复合短语
中国共产党领导社会主义,5,复合短语
中国具体实际,5,复合短语
中国农户,5,复合短语
中国农村土地,5,复合短语
中国制造,5,复合短语
中国制造业技术,5,复合短语
中国加入,5,复合短语
中国商业银行,5,复合短语
中国国内市场,5,复合短语
中国城市化,5,复合短语
中国城镇居民,5,复合短语
中国失业,5,复合短语
中国宏观调控,5,复合短语
中国实施,5,复合短语
中国家庭消费,5,复合短语
中国就业,5,复合短语
中国居民,5,复合短语
中国居民消费,5,复合短语
中国市场,5,复合短语
中国开放型经济学,5,复合短语
中国式现代化进程,5,复合短语
中国技术出海,5,复合短语
中国文化,5,复合短语
中国智慧中国,5,复合短语
中国服务业,5,复合短语
中国特色中国,5,复合短语
中国特色对口,5,复合短语
中国特色政府,5,复合短语
中国电子商务,5,复合短语
中国省份,5,复合短语
中国省级,5,复合短语
中国经济双循环,5,复合短语
中国经济地理,5,复合短语
中国结构性,5,复合短语
中国进入,5,复合短语
中国间接税税负,5,复合短语
中央政府地方政府,5,复合短语
中央经济,5,复合短语
中央经济工作,5,复合短语
中央银行制度,5,复合短语
中心外围,5,复合短语
中心行权,5,复合短语
中日,5,普通词
中期借贷,5,复合短语
中期借贷便利,5,复合短语
中美贸易,5,复合短语
中西比较,5,复合短语
中起,5,普通词
中部地区,5,复合短语
丰裕,5,普通词
临界值,5,普通词
为何存在,5,复合短语
主体协同,5,复合短语
主体预期,5,复合短语
主导产业,5,普通词
主要是因为,5,复合短语
主要来源于,5,复合短语
主要目标,5,复合短语
举世瞩目,5,普通词
举国体制重大工程,5,复合短语
之路,5,普通词
之问,5,普通词
之间关系研究,5,复合短语
之间存在明显,5,复合短语
乐观情绪,5,复合短语
乡村产业振兴,5,复合短语
乡村发展,5,复合短语
乡村振兴共同富裕,5,复合短语
乡村治理现代化,5,复合短语
争议本文,5,复合短语
事实依据,5,复合短语
二十三中全会提出,5,复合短语
二次创新,5,复合短语
亏损,5,普通词
互动机制,5,复合短语
互惠,5,普通词
互联网发展,5,复合短语
互补技能,5,复合短语
五大,5,普通词
交互关系,5,复合短语
交易信息,5,复合短语
交易市场,5,复合短语与普通词
交易金融市场,5,复合短语
产业振兴,5,复合短语
产业政策研究,5,复合短语
产业深度,5,复合短语
产业生态,5,复合短语
产业结构影响,5,复合短语
产出下降,5,复合短语
产品层面,5,复合短语
产品质量提升,5,复合短语
产品需求,5,复合短语
产生一定,5,复合短语
产生创新,5,复合短语
产生挤出,5,复合短语
产生挤出效应,5,复合短语
产生积极影响,5,复合短语
产生负面影响,5,复合短语
人力资本技能,5,复合短语
人力资本水平,5,复合短语
人工智能企业,5,复合短语
人工智能机器人,5,复合短语
人民币国际,5,复合短语
人民日益增长,5,复合短语
今天,5,普通词
介绍,5,普通词
从小,5,普通词
从而有助于,5,复合短语
以上结论,5,复合短语
以升,5,普通词
以及数字,5,复合短语
以及融资,5,复合短语
以及行业,5,复合短语
以及贸易,5,复合短语
以及金融,5,复合短语
以新,5,普通词
以此基础,5,复合短语
以较,5,普通词
价值规律,5,普通词
价值链产品,5,复合短语
价值链地位,5,复合短语
价值链视角,5,复合短语
价差,5,普通词
价格竞争,5,普通词
份额变动,5,复合短语
企业ESG表现,5,复合短语
企业产出,5,复合短语
企业人力资本结构,5,复合短语
企业债务风险,5,复合短语
企业决策,5,复合短语
企业创新基于,5,复合短语
企业创新模式,5,复合短语
企业加成,5,复合短语
企业劳动密集型,5,复合短语
企业参保,5,复合短语
企业发挥,5,复合短语
企业地方,5,复合短语
企业地方政府,5,复合短语
企业城市,5,复合短语
企业外部融资,5,复合短语
企业家精神,5,复合短语
企业平均,5,复合短语
企业异地并购,5,复合短语
企业战略选择,5,复合短语
企业所得税实际,5,复合短语
企业持续发展,5,复合短语
企业提升,5,复合短语
企业数据资源,5,复合短语
企业有效,5,复合短语
企业杠杆分化,5,复合短语
企业生产率提升,5,复合短语
企业生命周期,5,复合短语
企业税收调查,5,复合短语
企业网络,5,复合短语
企业能力,5,复合短语
企业补贴,5,复合短语
企业退出,5,复合短语
企业采取,5,复合短语
企业银行,5,复合短语
企业长期,5,复合短语
企业集聚,5,复合短语
企业需要,5,复合短语
休眠,5,普通词
众多,5,普通词
优先发展,5,普通词
优先战略,5,复合短语
优势促进,5,复合短语
优势技术,5,复合短语
优化以及,5,复合短语
优化升级,5,复合短语
优化城市营商,5,复合短语
优化调整,5,复合短语
会计造假,5,复合短语
伟大成就,5,普通词
传染关系,5,复合短语
位势,5,普通词
低收入人群,5,复合短语
低收入家庭,5,复合短语
低迷,5,普通词
住户,5,普通词
体制性,5,普通词
体现技术进步,5,复合短语
体系中国,5,复合短语
体系以及,5,复合短语
体系完善,5,复合短语
体系建构,5,复合短语
体系我国,5,复合短语
体系提高,5,复合短语
体系监管,5,复合短语
体系研究,5,复合短语
体系设计,5,复合短语
何时,5,普通词
作为企业,5,复合短语
作为生产要素,5,复合短语
作用内在,5,复合短语
作用日益,5,复合短语
作用更好,5,复合短语
作用更好发挥,5,复合短语
作用机理研究,5,复合短语
使得中国,5,复合短语
使用者,5,普通词
供应链数据,5,复合短语
供应链断裂,5,复合短语
供应链韧性安全,5,复合短语
供给体系,5,复合短语
供给约束,5,复合短语
供给质量,5,复合短语
依存度,5,普通词
依旧,5,普通词
依赖程度,5,复合短语
侧链,5,普通词
促建,5,普通词
促进乡村,5,复合短语
促进企业出口,5,复合短语
促进企业数字化,5,复合短语
促进企业绿色,5,复合短语
促进供应链,5,复合短语
促进共同富裕实现,5,复合短语
促进劳动力,5,复合短语
促进城市,5,复合短语
促进平台,5,复合短语
促进技术创新,5,复合短语
促进效果,5,复合短语
促进生产,5,复合短语
促进社会公平,5,复合短语
促进金融,5,复合短语
促进高质量发展,5,复合短语
保值,5,普通词
保护效应,5,复合短语
保持稳健,5,复合短语
保持经济,5,复合短语
保障农民,5,复合短语
保障本文,5,复合短语
信息交流,5,复合短语
信息保护,5,复合短语
信息信息,5,复合短语
信息含量研究,5,复合短语
信息壁垒,5,复合短语
信息处理能力,5,复合短语
信息效率,5,复合短语
信息构建,5,复合短语
信息沟通,5,普通词
信息进行,5,复合短语
信息通信,5,复合短语
信贷指引,5,复合短语
信贷结构,5,复合短语
信贷配给,5,复合短语
信贷限制,5,复合短语
信贷需求,5,复合短语
信贷风险,5,普通词
修复,5,普通词
借用,5,普通词
债券评级,5,复合短语
债务宏观经济,5,复合短语
债务实体,5,复合短语
债务要素,5,复合短语
债权人保护,5,复合短语
假说进行,5,复合短语
偏向资本,5,复合短语
做市商,5,普通词
健全宏观经济,5,复合短语
健全宏观经济治理,5,复合短语
偿付,5,普通词
充分就业,5,普通词
充足率,5,普通词
充足程度,5,复合短语
先升后,5,普通词
先发国家,5,复合短语
先进技术,5,复合短语
全国层面,5,复合短语
全球价值链增加值,5,复合短语
全球价值链生产,5,复合短语
全球排放,5,复合短语
全球数字,5,复合短语
全面理解,5,复合短语
全面考察,5,复合短语
公共产品,5,复合短语
公共债务要素,5,复合短语
公共安全,5,普通词
公共服务体系,5,复合短语
公共服务平台,5,复合短语
公司治理作用,5,复合短语
公平效率,5,复合短语
公有制主体,5,复合短语
公立医院,5,普通词
六中全会,5,普通词
共创机制,5,复合短语
共创模式,5,复合短语
共同富裕内涵,5,复合短语
共栖,5,普通词
共谋,5,普通词
关注重点,5,复合短语
关税变动,5,复合短语
关系具有,5,复合短语
关系及其,5,复合短语
关系财政,5,复合短语
关联关系,5,复合短语
关联分析,5,复合短语
关联经济,5,复合短语
关键所在本文,5,复合短语
关键节点,5,复合短语
其内,5,普通词
具有互补性,5,复合短语
具有信息,5,复合短语
具有借鉴,5,复合短语
具有借鉴意义,5,复合短语
具有启示意义,5,复合短语
具有很强,5,复合短语
具有明确,5,复合短语
具有相对,5,复合短语
具有重大,5,复合短语
具有重要作用,5,复合短语
具有重要战略意义,5,复合短语
具有鲜明,5,复合短语
养老保险制度,5,复合短语
养老保险费,5,普通词
内在机制研究,5,复合短语
内在统一,5,复合短语
内在要求本文,5,复合短语
内外部环境,5,复合短语
内涵特征,5,复合短语
内生调整,5,复合短语
内部治理结构,5,复合短语
再生能源,5,普通词
再融资,5,普通词
冗余资源,5,复合短语
农业产业化,5,复合短语
农村地区,5,复合短语
农村电商,5,复合短语
农牧,5,普通词
冲击全球,5,复合短语
冲击基于,5,复合短语
冲击负面影响,5,复合短语
决定中国,5,复合短语
决策提供,5,复合短语
决策本文,5,复合短语
决策机制,5,复合短语
决策理论,5,复合短语
决策理论模型,5,复合短语
准确测度,5,复合短语
准确识别,5,复合短语
减少信息,5,复合短语
减税优惠,5,复合短语
减税政策企业,5,复合短语
凝练,5,普通词
出于,5,普通词
出发基于,5,复合短语
出发点,5,普通词
出发研究,5,复合短语
出口决策,5,复合短语
出口进口,5,复合短语
出清,5,普通词
出资人,5,普通词
分割程度,5,复合短语
分化影响,5,复合短语
分化现象,5,复合短语
分成比例,5,复合短语
分权地方政府,5,复合短语
分析实证检验,5,复合短语
分析模型,5,普通词
分行业,5,普通词
分配关系,5,普通词
切入点基于,5,复合短语
创业创业,5,复合短语
创业理论,5,复合短语
创业驱动,5,复合短语
创新人力资本,5,复合短语
创新促进作用,5,复合短语
创新平台,5,复合短语
创新性提出,5,复合短语
创新性配置,5,复合短语
创新投资,5,复合短语
创新示范区,5,复合短语
创新绩效影响,5,复合短语
创新行为影响,5,复合短语
创新资源配置,5,复合短语
创新阶段,5,复合短语
创造性破坏,5,复合短语
创造过程,5,复合短语
创造降低,5,复合短语
判别,5,普通词
利差降低,5,复合短语
利用2004,5,复合短语
利用2014,5,复合短语
利用2018,5,复合短语
利用全国,5,复合短语
利用双重差分,5,复合短语
利用手工,5,复合短语
利用效率,5,普通词
制度实施,5,复合短语
制度有效性研究,5,复合短语
制度确立,5,复合短语
制度红利,5,复合短语
制度调整,5,复合短语
制造强国,5,复合短语
削减,5,普通词
前所未有,5,普通词
前述,5,普通词
办法,5,普通词
加入WTO,5,复合短语
加工,5,普通词
加强知识产权,5,复合短语
加快技术,5,复合短语
加快数字,5,复合短语
动力变革,5,复合短语
动力学,5,普通词
动态因子,5,复合短语
动态因子模型,5,复合短语
动态空间,5,复合短语
动能本文,5,复合短语
劳动力就业,5,复合短语
劳动力市场就业,5,复合短语
劳动力资源,5,复合短语
劳动力错配,5,复合短语
劳动替代弹性,5,复合短语
劳动生产率增长,5,复合短语
包含异质性,5,复合短语
包络,5,普通词
化为,5,普通词
化学药品,5,普通词
匹配市场,5,复合短语
匹配结构,5,复合短语
区分理论,5,复合短语
区块技术,5,复合短语
区域协同,5,复合短语
区域差异,5,复合短语
区域贸易,5,复合短语
十九六中全会,5,复合短语
十九报告,5,复合短语
十五,5,普通词
十大,5,普通词
升值,5,普通词
升级重要,5,复合短语
升高,5,普通词
单一政策,5,复合短语
单元组织,5,复合短语
危及,5,普通词
压力较大,5,复合短语
原则消费,5,复合短语
原则消费原则,5,复合短语
原本,5,普通词
参数校准,5,复合短语
参股,5,普通词
及其影响因素,5,复合短语
及其政策,5,复合短语
及其福利,5,复合短语
及其结构,5,复合短语
双轮驱动,5,复合短语
反映中国,5,复合短语
发展不断,5,复合短语
发展初期,5,复合短语
发展城市群,5,复合短语
发展基础,5,复合短语
发展壮大,5,普通词
发展带来,5,复合短语
发展必须,5,复合短语
发展战略实施,5,复合短语
发展有助于,5,复合短语
发展有机,5,复合短语
发展有机衔接,5,复合短语
发展格局具有,5,复合短语
发展格局提供,5,复合短语
发展格局着力,5,复合短语
发展格局统筹,5,复合短语
发展满足,5,复合短语
发展现实,5,复合短语
发展经济体,5,复合短语
发展能源,5,复合短语
发展这一,5,复合短语
发展进程,5,复合短语
发展通用,5,复合短语
发展重要举措,5,复合短语
发展阶段中国,5,复合短语
发展阶段主要,5,复合短语
发挥关键作用,5,复合短语
发挥市场,5,复合短语
发明,5,普通词
发生系统性金融风险,5,复合短语
发电量,5,普通词
发行绿色,5,复合短语
发起人,5,普通词
发起并购,5,复合短语
取得举世瞩目,5,复合短语
受到影响,5,复合短语
受到抑制,5,复合短语
变化调整,5,复合短语
变更,5,普通词
变迁基于,5,复合短语
变革基于,5,复合短语
变革路径,5,复合短语
叙事性,5,普通词
口径,5,普通词
古典增长,5,复合短语
另一方面通过,5,复合短语
可以缓解,5,复合短语
可分解,5,普通词
可持续性分析,5,复合短语
各界,5,普通词
合成控制法,5,复合短语
合格,5,普通词
合适,5,普通词
同时存在,5,复合短语
同时引入,5,复合短语
同时注重,5,复合短语
同期,5,普通词
同权化,5,普通词
向西,5,普通词
向西开放,5,复合短语
向量回归模型,5,复合短语
含量研究,5,复合短语
启动,5,普通词
呈上升,5,普通词
呈上升趋势,5,复合短语
呈现明显,5,复合短语
周边地区,5,普通词
和平发展,5,复合短语
和量,5,普通词
和量合理,5,复合短语
和量合理增长,5,复合短语
唯物史观,5,普通词
商业银行平衡,5,复合短语
商业银行平衡面板,5,复合短语
商品市场,5,复合短语
商品质量,5,普通词
善治,5,普通词
四种,5,普通词
回到,5,普通词
回复,5,普通词
因子模型,5,复合短语
因果中介,5,复合短语
因素基于,5,复合短语
因素研究,5,复合短语
困境破解,5,复合短语
困惑,5,普通词
固化,5,普通词
固定效应模型,5,复合短语
固有,5,普通词
国内生产总值GDP,5,复合短语
国内贸易成本,5,复合短语
国家技术,5,复合短语
国家治理基础,5,复合短语
国家治理效能,5,复合短语
国家自主创新,5,复合短语
国有企业经营,5,复合短语
国防,5,普通词
国际生产网络,5,复合短语
国际运输,5,复合短语
土地劳动力,5,复合短语
土地流转农业,5,复合短语
地位企业,5,复合短语
地区之间,5,复合短语
地区人均,5,复合短语
地区金融,5,复合短语
地域,5,普通词
地方政府税收,5,复合短语
地级市面板,5,复合短语
地级市面板数据,5,复合短语
均衡模型引入,5,复合短语
均衡模型探究,5,复合短语
均衡结构,5,复合短语
坚定,5,普通词
坚持系统观念,5,复合短语
坚持问题,5,复合短语
坚持问题导向,5,复合短语
垄断企业,5,复合短语
城乡土地,5,复合短语
城区,5,普通词
城商行,5,普通词
城市以及,5,复合短语
城市商业,5,复合短语
城市工业,5,复合短语
城市数字,5,复合短语
城镇化乡村,5,复合短语
城镇化背景,5,复合短语
基于2010,5,复合短语
基于2015,5,复合短语
基于上述,5,复合短语
基于个体,5,复合短语
基于中国企业,5,复合短语
基于中央企业,5,复合短语
基于人力资本,5,复合短语
基于全球价值链,5,复合短语
基于内生,5,复合短语
基于工业,5,复合短语
基于广义,5,复合短语
基于技术,5,复合短语
基于数字化,5,复合短语
基于混合,5,复合短语
基于融资,5,复合短语
基于融资平台,5,复合短语
基于跨国,5,复合短语
基于这一,5,复合短语
基于金融加速器,5,复合短语
基于非线性网络,5,复合短语
基于马克思,5,复合短语
基地,5,普通词
基期,5,普通词
基本内涵,5,复合短语
基本原则,5,复合短语
基本民生,5,复合短语
基础利用,5,复合短语
基础引入,5,复合短语
基础提出,5,复合短语
基础设施水平,5,复合短语
基础资源,5,复合短语
基金市场,5,复合短语
增值税制度,5,复合短语
增值税税制,5,复合短语
增值税负担,5,复合短语
增加投资,5,复合短语
增幅,5,普通词
增殖,5,普通词
增益,5,普通词
增长平等,5,复合短语
增长方式,5,复合短语
增长期,5,普通词
增长杠杆,5,复合短语
增长核算框架,5,复合短语
增长社会福利,5,复合短语
增长高质量,5,复合短语
增长高质量发展,5,复合短语
外延,5,普通词
外贸高质量,5,复合短语
外贸高质量发展,5,复合短语
外部治理,5,复合短语
外部知识,5,复合短语
多国部门,5,复合短语
多时点双重,5,复合短语
多时点双重差分,5,复合短语
多次,5,普通词
多种稳健性检验,5,复合短语
多重效应,5,复合短语
大国经济,5,复合短语
大型企业,5,复合短语
大型商业银行,5,复合短语
大学,5,普通词
大幅度,5,普通词
大约,5,普通词
天堂,5,普通词
失序,5,普通词
契约理论,5,复合短语
契约视角,5,复合短语
套房,5,普通词
如何优化,5,复合短语
如何影响中国,5,复合短语
如何提升,5,复合短语
如何更好,5,复合短语
如何解决,5,复合短语
如何赋能,5,复合短语
子代,5,普通词
存在不足,5,复合短语
存在争议,5,复合短语
学习文本,5,复合短语
学习机制,5,复合短语
学术生态,5,复合短语
学术界实务,5,复合短语
学术话语,5,复合短语
学术话语体系,5,复合短语
学科发展,5,复合短语
安全统筹,5,复合短语
完全契约理论,5,复合短语
完全市场,5,复合短语
完全退税,5,复合短语
完善创新,5,复合短语
完善我国,5,复合短语
完善资本,5,复合短语
完善资本市场,5,复合短语
宏观经济冲击,5,复合短语
宏观经济运行状态,5,复合短语
宏观经济金融市场,5,复合短语
宏观经济风险,5,复合短语
宗旨,5,普通词
定价影响,5,复合短语
定价研究,5,复合短语
定价策略,5,复合短语
宜居,5,普通词
实体经济运行,5,复合短语
实例,5,普通词
实地实验,5,复合短语
实地调研,5,复合短语
实施之后,5,复合短语
实施差异化,5,复合短语
实施提供,5,复合短语
实施积极,5,复合短语
实现中华民族,5,复合短语
实现中华民族伟大,5,复合短语
实现人力资本,5,复合短语
实现国产,5,复合短语
实现国产替代,5,复合短语
实现持续,5,复合短语
实现生态,5,复合短语
实现知识,5,复合短语
实现碳达峰,5,复合短语
实现第二个,5,复合短语
实现第二个百年,5,复合短语
实证验证,5,复合短语
审查,5,普通词
客户提供,5,复合短语
客观评价,5,复合短语
家庭消费影响,5,复合短语
家庭联产承包,5,复合短语
家庭联产承包责任制,5,复合短语
家庭部门,5,复合短语
寡头模型,5,复合短语
对于推动,5,复合短语
对于经济,5,复合短语
对小微企业,5,复合短语
对待,5,普通词
对比分析,5,复合短语
对比研究,5,复合短语
对线,5,普通词
导向性,5,普通词
导致地区,5,复合短语
导致地方,5,复合短语
导致要素,5,复合短语
导致资源错配,5,复合短语
寿命提高,5,复合短语
封建,5,普通词
小国,5,普通词
小微企业贷款,5,复合短语
尚未形成,5,复合短语
就业人数,5,普通词
就业优先,5,复合短语
就业替代,5,复合短语
就业替代效应,5,复合短语
就业极化,5,复合短语
尾部风险冲击,5,复合短语
层级政府,5,复合短语
层面数字,5,复合短语
层面研究,5,复合短语
居民创业,5,复合短语
居高不下,5,普通词
展现出,5,普通词
属地管理,5,复合短语
嵌入企业,5,复合短语
嵌入全球价值链,5,复合短语
嵌入模式,5,复合短语
工业化城镇化,5,复合短语
工业机器人使用,5,复合短语
工业经济,5,复合短语
工作时间,5,复合短语
工作者,5,普通词
工商企业,5,普通词
工商企业注册,5,复合短语
工商企业注册数据,5,复合短语
工资收入,5,复合短语与普通词
工资结构,5,复合短语
巩固拓展,5,复合短语
巩固拓展脱贫,5,复合短语
差距主要,5,复合短语
差距收入,5,复合短语
差距较大,5,复合短语
市值,5,普通词
市场之间,5,复合短语
市场产生,5,复合短语
市场价值影响,5,复合短语
市场作用,5,复合短语
市场信息对称,5,复合短语
市场公平竞争,5,复合短语
市场关税,5,复合短语
市场化配置改革,5,复合短语
市场发行,5,复合短语
市场实体,5,复合短语
市场就业,5,复合短语
市场教育,5,复合短语
市场数据,5,复合短语
市场条件,5,复合短语
市场理论,5,复合短语
市场监管治理体系,5,复合短语
市场竞争加剧,5,复合短语
市场经济条件资本,5,复合短语
市场结构变迁,5,复合短语
市场视角,5,复合短语
市场资本市场,5,复合短语
市场资源配置效率,5,复合短语
市场转型,5,复合短语
市场预期,5,复合短语
希克斯,5,普通词
希望,5,普通词
帕累托改进,5,复合短语
带来福利,5,复合短语
带领,5,普通词
常见,5,普通词
平台挤出,5,复合短语
平台构建,5,复合短语
平台生态,5,复合短语
平台用户,5,复合短语
平台竞争,5,复合短语
平台经济发展,5,复合短语
平等问题,5,复合短语
平衡充分发展,5,复合短语
年均增长,5,复合短语
年底,5,普通词
年报文本,5,复合短语
并且主要,5,复合短语
并且这种,5,复合短语
应对机制,5,复合短语
应用劳动,5,复合短语
底线思维,5,复合短语
度越,5,普通词
座谈会,5,普通词
建构过程,5,复合短语
建立社会主义,5,复合短语
建设中华民族现代文明,5,复合短语
建设高标准,5,复合短语
建设高标准市场,5,复合短语
建设高水平,5,复合短语
建设高水平开放型,5,复合短语
建链,5,普通词
开放共享,5,复合短语
开放度,5,普通词
开放政策,5,普通词
开放经济模型,5,复合短语
异质性政策,5,复合短语
异质性特征,5,复合短语
引发企业,5,复合短语
引导地方,5,复合短语
引导融资,5,复合短语
引导资本,5,复合短语
引领国际,5,复合短语
弹性空间,5,复合短语
强化作用,5,复合短语
强化知识产权,5,复合短语
强国具有,5,复合短语
强度制造业,5,复合短语
强度提升,5,复合短语
归属,5,普通词
当地经济,5,复合短语
当局,5,普通词
影响中国企业,5,复合短语
影响人力资本,5,复合短语
影响具有重要,5,复合短语
影响农户,5,复合短语
影响制造业,5,复合短语
影响及其机制,5,复合短语
影响受到,5,复合短语
影响宏观经济,5,复合短语
影响市场,5,复合短语
影响微观,5,复合短语
影响提出,5,复合短语
影响确定,5,复合短语
影响进而,5,复合短语
影响银行风险,5,复合短语
影子银行金融监管,5,复合短语
征信,5,普通词
很强,5,普通词
得以实现,5,复合短语
得到有效,5,复合短语
循环国内,5,复合短语
微弱,5,普通词
微观个体,5,复合短语
微观企业创新,5,复合短语
微观效率,5,复合短语
微观替代,5,复合短语
微观机理,5,复合短语
微观行为,5,复合短语
必须坚持全面,5,复合短语
思想中国,5,复合短语
思想中国特色,5,复合短语
性支出,5,普通词
总体技术,5,复合短语
总体而言,5,普通词
总需求管理,5,复合短语
悬浮,5,普通词
悲观,5,普通词
情境因素,5,复合短语
情绪测度,5,复合短语
意外,5,普通词
意识,5,普通词
愿景,5,普通词
成为企业,5,复合短语
成为国家,5,复合短语
成为当前,5,复合短语
成为推动,5,复合短语
成为数字,5,复合短语
成为数字经济,5,复合短语
成为经济,5,复合短语
成本企业,5,复合短语
成果转化,5,复合短语
成长性,5,普通词
我国A股,5,复合短语
我国实际,5,复合短语
我国居民,5,复合短语
我国社会,5,复合短语
我国社会主义,5,复合短语
我国货币政策,5,复合短语
我国金融市场,5,复合短语
我国银行,5,复合短语
我国非金融,5,复合短语
战略布局,5,复合短语
战略思路,5,复合短语
战略投资者银行,5,复合短语
战略推进,5,复合短语
战略政策,5,复合短语
户主,5,普通词
房地产部门,5,复合短语
所得税实际,5,复合短语
所得税税率,5,复合短语
所有制结构,5,复合短语
所获,5,普通词
手工业,5,普通词
手工搜集,5,复合短语
执政理念,5,复合短语
扩大内需深化,5,复合短语
扩大内需深化供给,5,复合短语
扩张性,5,普通词
扩表,5,普通词
扶贫工作,5,复合短语
扶贫精准,5,复合短语
批判吸收,5,复合短语
承建,5,普通词
承担水平,5,复合短语
承担行为,5,复合短语
承载,5,普通词
技术人工智能,5,复合短语
技术企业,5,复合短语
技术偏向,5,复合短语
技术创新水平,5,复合短语
技术变革,5,复合短语
技术实体经济,5,复合短语
技术差距缩小,5,复合短语
技术市场,5,复合短语
技术构建,5,复合短语
技术网络,5,复合短语
技术轨道,5,复合短语
技能互补技能,5,复合短语
抑制经济,5,复合短语
抑或,5,普通词
投债风险,5,复合短语
投入教育,5,复合短语
投服中心行权,5,复合短语
投资提高,5,复合短语
投资策略,5,复合短语
投资者银行,5,复合短语
投资者风险,5,复合短语
报告提出,5,复合短语
报道,5,普通词
披露创新,5,复合短语
抵抗力,5,普通词
担任,5,普通词
担保效应,5,复合短语
担保风险,5,复合短语
拉动作用,5,复合短语
拒绝,5,普通词
拓展数字,5,复合短语
拓展研究,5,复合短语
拓展脱贫,5,复合短语
拔尖,5,普通词
招商引资,5,普通词
招工难,5,普通词
持久,5,普通词
指导中国,5,复合短语
指标基于,5,复合短语
指标探讨,5,复合短语
指标本文,5,复合短语
挤压,5,普通词
振兴共同富裕,5,复合短语
换届,5,普通词
据此本文认为,5,复合短语
排放影响,5,复合短语
探明,5,普通词
探究中国,5,复合短语
探索性研究,5,复合短语
控制法,5,普通词
推动产业结构升级,5,复合短语
推动人民币国际化,5,复合短语
推动全国,5,复合短语
推动全国统一,5,复合短语
推动区域,5,复合短语
推动城市,5,复合短语
推动技术,5,复合短语
推动金融,5,复合短语
推论,5,普通词
推进中华民族,5,复合短语
推进中华民族伟大,5,复合短语
推进产业,5,复合短语
推进马克思主义,5,复合短语
提供一种,5,复合短语
提供事实,5,复合短语
提供有力,5,复合短语
提供有益政策,5,复合短语
提供系统性,5,复合短语
提供重要参考,5,复合短语
提出数字,5,复合短语
提出未来,5,复合短语
提出经济,5,复合短语
提升企业生产,5,复合短语
提升区域,5,复合短语
提升和量,5,复合短语
提升和量合理,5,复合短语
提升市场,5,复合短语
提升社会,5,复合短语
提高产业,5,复合短语
提高信贷,5,复合短语
提高农业,5,复合短语
提高劳动,5,复合短语
提高劳动收入,5,复合短语
提高劳动收入份额,5,复合短语
提高投资,5,复合短语
提高社会福利,5,复合短语
揭示数据,5,复合短语
揭露,5,普通词
搭建,5,普通词
搭配,5,普通词
摩擦因素,5,复合短语
摩擦银行,5,复合短语
撂荒,5,普通词
支付分配效率,5,复合短语
支撑后发,5,复合短语
支撑本文,5,复合短语
收储,5,普通词
收入下降,5,复合短语
收入分配制度,5,复合短语
收入差距影响,5,复合短语
收入经济体,5,复合短语
收取,5,普通词
收集者,5,普通词
改善收入分配,5,复合短语
改革不仅,5,复合短语
改革地方,5,复合短语
改革居民消费,5,复合短语
改革开放40,5,复合短语
改革提供重要,5,复合短语
改革是否,5,复合短语
改革经济增长,5,复合短语
改革视角,5,复合短语
改革财政,5,复合短语
改革过程,5,复合短语
改革逻辑,5,复合短语
改革重点,5,复合短语
攻关,5,普通词
攻坚成果,5,复合短语
政党制度,5,复合短语
政府主体,5,复合短语
政府公共,5,复合短语
政府公共服务,5,复合短语
政府可以,5,复合短语
政府工作,5,复合短语
政府工作报告,5,复合短语
政府推动,5,复合短语
政府救助,5,复合短语
政府直接,5,复合短语
政府社会,5,复合短语
政府积极性,5,复合短语
政府需要,5,复合短语
政治经济学中国,5,复合短语
政策产生,5,复合短语
政策地方政府,5,复合短语
政策带来,5,复合短语
政策微观,5,复合短语
政策提供参考,5,复合短语
政策政府,5,复合短语
政策效果研究,5,复合短语
政策有助于,5,复合短语
政策沟通,5,复合短语
政策缓解,5,复合短语
政策自然实验,5,复合短语
政策落地,5,复合短语
效应呈现,5,复合短语
效应学习,5,复合短语
效应技能,5,复合短语
效应排放,5,复合短语
效应数字,5,复合短语
效应更加明显,5,复合短语
效应更大,5,复合短语
效应消费,5,复合短语
效应竞争效应,5,复合短语
效应规模,5,复合短语
效应需求,5,复合短语
效果不同,5,复合短语
效果政策,5,复合短语
效果显著,5,复合短语
效果更为,5,复合短语
效果进一步,5,复合短语
效率之间,5,复合短语
效率信息,5,复合短语
效用函数,5,普通词
教授,5,普通词
教育公平,5,复合短语
教育机会,5,复合短语
教育资源,5,普通词
数字中国建设,5,复合短语
数字化生产,5,复合短语
数字化转型企业,5,复合短语
数字技术企业,5,复合短语
数字技术发展,5,复合短语
数字技术数字,5,复合短语
数字技术赋能,5,复合短语
数字经济产业,5,复合短语
数字经济收入,5,复合短语
数学模型,5,复合短语
数据人工智能,5,复合短语
数据估算,5,复合短语
数据使用双重,5,复合短语
数据借助,5,复合短语
数据分析,5,普通词
数据库匹配,5,复合短语
数据显示,5,复合短语
数据机器,5,复合短语
数据机器学习,5,复合短语
数据流通,5,复合短语
数据测度,5,复合短语
数据经验证据,5,复合短语
数据结构化,5,复合短语
数据要素数字,5,复合短语
数据进行匹配,5,复合短语
数量增长,5,复合短语
数量显著,5,复合短语
整体呈现,5,复合短语
整合能力,5,复合短语
文化市场,5,复合短语
文本分析方法,5,复合短语
新机遇,5,普通词
新能源产业,5,复合短语
新质生产力新型,5,复合短语
新质生产力相适应,5,复合短语
新质生产力高质量,5,复合短语
新颖,5,普通词
方位,5,普通词
方法考察,5,复合短语
方法论基础,5,复合短语
方程,5,普通词
方针,5,普通词
方面优势,5,复合短语
方面文献,5,复合短语
方面留抵,5,复合短语
方面留抵退税,5,复合短语
施政,5,普通词
施行,5,普通词
无序,5,普通词
日渐,5,普通词
日益成为,5,复合短语
日益突出,5,普通词
时代性,5,普通词
时代政府,5,复合短语
时期经济,5,复合短语
时间成本,5,复合短语
明星,5,普通词
明显下降,5,复合短语
明显改善,5,普通词
明确提出,5,普通词
映射,5,普通词
显然,5,普通词
显示地方,5,复合短语
显著扩大,5,复合短语
显著负相关,5,复合短语
智慧中国,5,复合短语
智能制造企业,5,复合短语
更加敏感,5,复合短语
更大本文,5,复合短语
更好服务实体,5,复合短语
更好理解,5,复合短语
更强进一步,5,复合短语
更快,5,普通词
更换,5,普通词
更易,5,普通词
更长,5,普通词
替代劳动,5,复合短语
替换,5,普通词
最优关税,5,复合短语
最优区分理论,5,复合短语
最低,5,普通词
有偿,5,普通词
有利于企业,5,复合短语
有助于深入,5,复合短语
有所降低,5,复合短语
有效提升和量,5,复合短语
有效激励,5,复合短语
有效税率差异,5,复合短语
有效衔接,5,复合短语
有益政策,5,复合短语
有益政策启示,5,复合短语
有着重要,5,复合短语
有鉴于此本文,5,复合短语
服务分工,5,复合短语
服务提供商,5,普通词
期后,5,普通词
期货,5,普通词
未来30,5,复合短语
本地偏好,5,复合短语
本文地方政府,5,复合短语
本文引入,5,复合短语
本文微观,5,复合短语
本文总结,5,复合短语
本文立足于,5,复合短语
本文系统梳理,5,复合短语
机会资源,5,复合短语
机制存在,5,复合短语
机制完善,5,复合短语
机制检验显示,5,复合短语
机制识别,5,复合短语
机器学习文本,5,复合短语
机构投资者持股,5,复合短语
权力国际,5,复合短语
李嘉图,5,普通词
杠杆方式,5,复合短语
条件企业,5,复合短语
来自微观,5,复合短语
来自融资,5,复合短语
来自融资平台,5,复合短语
构建动态,5,复合短语
构建双循环发展,5,复合短语
构建合作,5,复合短语
构建嵌入,5,复合短语
构建平台,5,复合短语
构建现代化,5,复合短语
构建统一,5,复合短语
构念,5,普通词
标签,5,普通词
核准制,5,普通词
核心技术国产,5,复合短语
核心技术国产替代,5,复合短语
核心机制,5,复合短语
核心竞争力,5,复合短语
核心要义,5,复合短语
核心要素,5,复合短语
核心驱动力,5,复合短语
根植,5,普通词
格局具有,5,复合短语
格局推动,5,复合短语
格局着力,5,复合短语
格局着力推动,5,复合短语
格局统筹,5,复合短语
格里斯,5,普通词
框架提出,5,复合短语
框架系统,5,复合短语
框架经验,5,复合短语
框架经验证据,5,复合短语
框架采用,5,复合短语
案例进行,5,复合短语
梯度,5,普通词
检验仍然成立,5,复合短语
检验支持,5,复合短语
检验支持上述,5,复合短语
检验证实,5,复合短语
概念辨析,5,复合短语
模仿,5,普通词
模型定量,5,复合短语
模型实证检验,5,复合短语
模型工具,5,复合短语
模型推导,5,复合短语
模型模拟,5,普通词
模型解释,5,复合短语
模式企业,5,复合短语
模式传统,5,复合短语
模式及其,5,复合短语
模式趋于,5,复合短语
次之,5,普通词
欧元区,5,普通词
正反馈机制,5,复合短语
正向促进,5,复合短语
正向促进效应,5,复合短语
正在成为,5,复合短语
正确,5,普通词
正面效应,5,复合短语
此外企业,5,复合短语
步伐,5,普通词
母子公司,5,普通词
比高,5,普通词
民主,5,普通词
民间,5,普通词
水利工程,5,普通词
水平产生,5,复合短语
水污染,5,普通词
水运,5,普通词
求职者,5,普通词
求解,5,普通词
汇率升值,5,复合短语
汇率变动,5,普通词
汇率机制,5,复合短语
污染企业绿色,5,复合短语
污染物,5,普通词
汽车产业,5,普通词
沟通信息,5,复合短语
治堵,5,普通词
治理体制,5,复合短语
治理制度,5,复合短语
治理社会,5,复合短语
治理绩效,5,复合短语
治理逻辑,5,复合短语
治理高质量,5,复合短语
沿线国家之间,5,复合短语
法则,5,普通词
法制化,5,普通词
波动较大,5,复合短语
注册实施,5,复合短语
洞察,5,普通词
流动人口动态,5,复合短语
流动性创造降低,5,复合短语
流动性基于,5,复合短语
流动性水平,5,复合短语
流转决策,5,复合短语
浅层,5,普通词
测试,5,普通词
浙江省,5,普通词
浪潮,5,普通词
海工,5,普通词
海运,5,普通词
消费互联网,5,复合短语
消费政策,5,复合短语
消费者贸易,5,复合短语
消费补贴,5,复合短语
消除贫困,5,复合短语
涉税信息,5,复合短语
涌现出,5,普通词
深入发展,5,复合短语
深入挖掘,5,复合短语
深刻改变,5,复合短语
深刻认识,5,复合短语
深化国有企业,5,复合短语
深化经济体制,5,复合短语
深化经济体制改革,5,复合短语
深远影响,5,普通词
混改,5,普通词
清晰度,5,普通词
渐进性,5,普通词
渠道影响,5,复合短语
溢价现象,5,复合短语
溢出效应显著,5,复合短语
滴灌,5,普通词
演变及其,5,复合短语
演进路径,5,复合短语
演进逻辑,5,复合短语
潜在内生性,5,复合短语
潜在内生性问题,5,复合短语
激励显著,5,复合短语
激励要素,5,复合短语
然而现有研究,5,复合短语
熟人,5,普通词
片面,5,普通词
物流成本,5,复合短语
特别改革开放,5,复合短语
特征性,5,普通词
特色中国,5,复合短语
特色对口,5,复合短语
特色对口支援,5,复合短语
特色政府,5,复合短语
特色社会主义思想,5,复合短语
环境具有,5,复合短语
环境创新,5,复合短语
环境生态要素,5,复合短语
环境社会,5,复合短语
环境要素,5,普通词
现代中央银行,5,复合短语
现代中央银行制度,5,复合短语
现代企业,5,复合短语
现代化具有,5,复合短语
现代化历史,5,复合短语
现代化实现,5,复合短语
现代化路径,5,复合短语
现代国家,5,复合短语
现代国家治理,5,复合短语
现代金融体系,5,复合短语
现象主要,5,复合短语
现象及其,5,复合短语
理工科,5,普通词
理想,5,普通词
理解地方,5,复合短语
理论企业,5,复合短语
理论依据政策,5,复合短语
理论出发,5,复合短语
理论思想,5,复合短语
理论探究,5,复合短语
理论案例,5,复合短语
理论现实意义,5,复合短语
理论缺陷,5,复合短语
理论观点,5,复合短语
理论进展,5,复合短语
生产力新型,5,复合短语
生产力相适应,5,复合短语
生产力相适应生产关系,5,复合短语
生产力高质量,5,复合短语
生产力高质量发展,5,复合短语
生产原则消费,5,复合短语
生产总值GDP,5,复合短语
生产技术,5,复合短语
生产效率提升,5,复合短语
生产标准,5,复合短语
生产率变化,5,复合短语
生产率测算,5,复合短语
生产率结构,5,复合短语
生产率长期,5,复合短语
生产联系,5,复合短语
生产要素创新性,5,复合短语
生产过程,5,复合短语
生动,5,普通词
生化,5,普通词
生态系统重塑,5,复合短语
生态要素,5,复合短语
生成机制,5,复合短语
生活方式,5,复合短语
生理,5,普通词
生育支持,5,复合短语
用户异质性,5,复合短语
由此带来,5,复合短语
由此形成,5,复合短语
电动汽车,5,普通词
电商发展,5,复合短语
电池,5,普通词
电表,5,普通词
留抵退税企业,5,复合短语
疫情严重,5,复合短语
登记,5,普通词
百强县,5,普通词
监督企业,5,复合短语
监管协同,5,复合短语
监管实践,5,复合短语
监管框架,5,复合短语
监管理论,5,复合短语
目标中国,5,复合短语
目标货币政策,5,复合短语
直接税,5,普通词
直达,5,普通词
直达机制,5,复合短语
相互作用,5,普通词
相对优势,5,复合短语
相对其他,5,复合短语
相对稳定,5,复合短语
相对重要性,5,复合短语
相应政策,5,复合短语
相当于,5,普通词
相近,5,普通词
相通,5,普通词
省外,5,普通词
着力推动高质量,5,复合短语
知识创造,5,复合短语
知识技术,5,复合短语
知识溢出效应,5,复合短语
短期借款,5,复合短语
研发强度制造业,5,复合短语
研发能力,5,复合短语
研发补贴创新,5,复合短语
研发补贴研发,5,复合短语
研究关注,5,复合短语
研究如何,5,复合短语
研究显示,5,复合短语
研究法,5,普通词
研究热点,5,复合短语
研究聚焦,5,复合短语
研究风险,5,复合短语
破产风险,5,复合短语
碳价,5,普通词
碳达峰碳中目标,5,复合短语
社会主义国家,5,复合短语
社会主义思想,5,复合短语
社会保险制度,5,复合短语
社会和谐,5,复合短语
社会市场,5,复合短语
社会服务,5,复合短语
社会福利最大化,5,复合短语
社会秩序,5,普通词
社保费,5,普通词
福利国家,5,复合短语
离职,5,普通词
私域,5,普通词
私域流量,5,复合短语
种类增加,5,复合短语
科学理论,5,复合短语
科学评估,5,复合短语
科层,5,普通词
积极响应,5,普通词
积极推进,5,复合短语
积极预期,5,复合短语
积累经济,5,复合短语
程度不断,5,复合短语
程度不断提高,5,复合短语
程度促进,5,复合短语
程度提升,5,复合短语
程度改善,5,复合短语
税收遵从企业,5,复合短语
稳定增长,5,普通词
空前,5,普通词
空间格局,5,复合短语
突破关键核心技术,5,复合短语
突破口,5,普通词
突破性,5,普通词
立法,5,普通词
竞争中性,5,复合短语
竞争关系,5,复合短语
竞争力提升,5,复合短语
竞争动态,5,复合短语
竞争市场,5,复合短语
竞争规则,5,复合短语
竞争视角,5,复合短语
竹编,5,普通词
符合中国国情,5,复合短语
第一个,5,普通词
第一阶段,5,普通词
等国,5,普通词
等待,5,普通词
策略通过,5,复合短语
管理数字化,5,复合短语
管理行为,5,复合短语
系统性金融风险传染,5,复合短语
紧密联系,5,普通词
约束性,5,普通词
线下市场,5,复合短语
组合中国,5,复合短语
组态视角,5,复合短语
组织体系,5,复合短语
组织管理,5,复合短语
细致,5,普通词
经济产生,5,复合短语
经济体之间,5,复合短语
经济关联,5,复合短语
经济双循环,5,复合短语
经济发展方式,5,复合短语
经济发展规律,5,复合短语
经济发达地区,5,复合短语
经济后果检验,5,复合短语
经济型,5,普通词
经济增加值,5,复合短语
经济学界,5,普通词
经济学研究范式,5,复合短语
经济工作会议,5,复合短语
经济工资,5,复合短语
经济工资溢价,5,复合短语
经济思想中国,5,复合短语
经济思想研究,5,复合短语
经济蓬勃发展,5,复合短语
经济规模,5,复合短语
经济转型过程,5,复合短语
经济运行状态,5,复合短语
经济金融稳定,5,复合短语
经济陷入,5,复合短语
经济高质量增长,5,复合短语
经理人,5,普通词
经营业绩,5,复合短语
经营决策,5,复合短语
经营范围,5,普通词
经贸合作,5,普通词
经验参考,5,复合短语
经验教训,5,普通词
经验检验,5,复合短语
经验理论,5,复合短语
结合起来,5,复合短语
结构中间,5,复合短语
结构中间投入,5,复合短语
结构因素,5,复合短语
结构性改革提供,5,复合短语
结构性杠杆,5,复合短语
结构高质量,5,复合短语
结构高质量发展,5,复合短语
结论一系列,5,复合短语
结论一系列稳健性,5,复合短语
结论数字,5,复合短语
结论有助于,5,复合短语
结论经过,5,复合短语
结论进行实证,5,复合短语
绝大部分,5,普通词
统一理论,5,复合短语
统一理论框架,5,复合短语
统筹扩大内需,5,复合短语
统筹扩大内需深化,5,复合短语
统筹推进,5,复合短语
统计核算,5,复合短语
绩效影响研究,5,复合短语
绩效经济,5,复合短语
维度构建,5,复合短语
综合影响,5,复合短语
综合治理,5,普通词
绿色信贷指引,5,复合短语
绿色发展战略,5,复合短语
绿色技术创新,5,复合短语
绿色转型发展,5,复合短语
缓解地方,5,复合短语
缓解这一,5,复合短语
缔约,5,普通词
缩小城乡差距,5,复合短语
缴纳,5,普通词
缺少,5,普通词
网上,5,普通词
网点,5,普通词
网络借贷市场,5,复合短语
网络内生,5,复合短语
网络理论,5,普通词
网络规模,5,复合短语
网络连接,5,普通词
置于,5,普通词
美欧,5,普通词
老年劳动力,5,复合短语
考核机制,5,复合短语
职权,5,普通词
联产承包,5,普通词
联产承包责任制,5,复合短语
联保,5,普通词
联动效应,5,复合短语
联立方程,5,普通词
联立方程模型,5,复合短语
聚焦中国,5,复合短语
股东积极,5,复合短语
股东积极主义,5,复合短语
股权融资,5,复合短语
股票价格,5,普通词
肺炎疫情冲击,5,复合短语
背后原因,5,复合短语
能为,5,普通词
能力具有,5,复合短语
能力国家,5,复合短语
能动性,5,普通词
能否实现,5,复合短语
能够强化,5,复合短语
能够更好,5,复合短语
能源效率,5,复合短语
能源生产,5,复合短语
能源经济,5,普通词
能源资源,5,复合短语
脱贫攻坚成果,5,复合短语
自主创新示范区,5,复合短语
自然实验使用,5,复合短语
自然实验利用,5,复合短语
自然语言,5,普通词
自然语言处理,5,复合短语
航海,5,普通词
苏联,5,普通词
范围扩大,5,复合短语
药价,5,普通词
营商环境促进,5,复合短语
落后地区,5,普通词
薄弱环节,5,普通词
融合创新,5,复合短语
融合收入,5,复合短语
融合研究,5,复合短语
融资企业,5,复合短语
融资渠道,5,复合短语
融资状况,5,复合短语
融资竞争,5,复合短语
融资需求,5,复合短语
行业影响,5,复合短语
行业表现,5,复合短语
行业资源配置,5,复合短语
行业配置,5,复合短语
行为产生,5,复合短语
行为及其,5,复合短语
行为规律,5,复合短语
行动实现,5,复合短语
行政壁垒,5,复合短语
衔接机制,5,复合短语
补点,5,普通词
补链,5,普通词
表内,5,普通词
表现企业,5,复合短语
表达式,5,普通词
衰减,5,普通词
被迫,5,普通词
西方主流,5,复合短语
西方理论,5,复合短语
西部东北地区,5,复合短语
要素价值创造,5,复合短语
要素创新性,5,复合短语
要素创新性配置,5,复合短语
要素收入份额,5,复合短语
要素数字,5,复合短语
要素生产率测算,5,复合短语
要素生产率研究,5,复合短语
要素自由,5,复合短语
要素自由流动,5,复合短语
观点认为,5,复合短语
规律中国,5,复合短语
规模优势,5,复合短语
规模提升,5,复合短语
规模结构,5,复合短语
规避监管,5,复合短语
视角理解,5,复合短语
角度分析,5,复合短语
解答,5,普通词
解释变量,5,复合短语
解释我国,5,复合短语
解释经验,5,复合短语
解释经验证据,5,复合短语
解释这一,5,复合短语
计税,5,普通词
认知理论,5,复合短语
认证,5,普通词
设想,5,普通词
证据同时,5,复合短语
证据政策启示,5,复合短语
证据进一步,5,复合短语
评估指标体系,5,复合短语
评级企业,5,复合短语
识别估计,5,复合短语
诉讼风险,5,复合短语
试验区政策,5,复合短语
话题,5,普通词
调价行为,5,复合短语
调入,5,普通词
调控机制,5,复合短语
负债表金融,5,复合短语
负担机制,5,复合短语
贡献中国智慧,5,复合短语
财务报表,5,普通词
财务数据,5,普通词
财政政策乘数,5,复合短语
财政风险,5,复合短语
货币政策协同,5,复合短语
货币政策协调,5,复合短语
货币政策微观,5,复合短语
货币政策微观企业,5,复合短语
货币政策条件,5,复合短语
货物贸易,5,普通词
质疑,5,普通词
质量下降,5,复合短语
购并,5,普通词
贸易强国建设,5,复合短语
贸易成本下降,5,复合短语
贸易成本降低,5,复合短语
贸易网络地位,5,复合短语
贸易网络视角,5,复合短语
贸易规模,5,普通词
资产结构,5,复合短语
资产负债表金融,5,复合短语
资产质量,5,复合短语
资信,5,普通词
资本一般,5,复合短语
资本下乡,5,复合短语
资本健康,5,复合短语
资本健康发展,5,复合短语
资本充足率,5,复合短语
资本外流,5,复合短语
资本市场资源配置,5,复合短语
资本投入,5,复合短语
资本流动影响,5,复合短语
资本相对,5,复合短语
资本空间配置,5,复合短语
资源配置决定性,5,复合短语
资源配置决定性作用,5,复合短语
资源配置机制,5,复合短语
赋新,5,普通词
赋能企业,5,复合短语
走出一条,5,复合短语
起到重要,5,复合短语
起源,5,普通词
超出,5,普通词
越差,5,普通词
趋势基于,5,复合短语
趋紧,5,普通词
跨国供应链,5,复合短语
跨地区流动,5,复合短语
路径及其,5,复合短语
路径探索,5,复合短语
路径选择,5,复合短语
践行人民中心,5,复合短语
身份构建,5,复合短语
转出,5,普通词
转变本文,5,复合短语
转型升级提供,5,复合短语
转型要素,5,复合短语
转嫁效应,5,复合短语
转移人口,5,复合短语
软化,5,普通词
边界中国,5,复合短语
边界条件,5,普通词
边界污染治理,5,复合短语
达成,5,普通词
迅速发展,5,复合短语
过分,5,普通词
过度反应,5,复合短语
过往,5,普通词
过程作用,5,复合短语
过程及其,5,复合短语
过程形成,5,复合短语
迎来,5,普通词
运动,5,普通词
运用双重差分,5,复合短语
运用机器,5,复合短语
运用机器学习,5,复合短语
还有,5,普通词
这一政策,5,复合短语
这一自然实验,5,复合短语
这一过程,5,复合短语
这些企业,5,复合短语
这方面,5,普通词
进一步加剧,5,复合短语
进一步加强,5,复合短语
进一步异质性,5,复合短语
进一步测算,5,复合短语
进一步验证,5,复合短语
进入壁垒,5,复合短语
进入时代中国,5,复合短语
进口中间品,5,复合短语
进行信息,5,复合短语
进行全面,5,复合短语
进行测度,5,复合短语
进行经验,5,复合短语
进路,5,普通词
远高于,5,普通词
违规视角,5,复合短语
连通,5,普通词
连锁,5,普通词
迫切需要,5,普通词
追责,5,普通词
追赶动态,5,复合短语
退休政策,5,复合短语
退休政策改革,5,复合短语
适应性学习,5,复合短语
逆势,5,普通词
选择不同,5,复合短语
选择内在,5,复合短语
选择影响,5,复合短语
选择理论,5,复合短语
选择行为,5,复合短语
逐级,5,普通词
通信技术,5,复合短语
通讯,5,普通词
通过优化,5,复合短语
通过匹配,5,复合短语
通过完善,5,复合短语
通过银行,5,复合短语
逻辑价值,5,复合短语
逻辑资源,5,复合短语
逻辑起点,5,复合短语
遗赋,5,普通词
避税天堂,5,复合短语
都江堰,5,普通词
配置企业,5,复合短语
配置优化,5,复合短语
配置改革,5,复合短语
配送,5,普通词
采用双重差分法,5,复合短语
采用基于,5,复合短语
采用工具,5,复合短语
采用工具变量,5,复合短语
重塑中国,5,复合短语
重大挑战,5,复合短语
重大经济,5,复合短语
重庆,5,普通词
重点研究,5,复合短语
重要一环,5,普通词
重要任务,5,复合短语
重要制度安排,5,复合短语
重要因素本文,5,复合短语
重要地位,5,复合短语
重要实践启示,5,复合短语
重要性日益,5,复合短语
重要方式,5,复合短语
重要载体,5,复合短语
量化模型,5,复合短语
金融发展模式,5,复合短语
金融发展金融,5,复合短语
金融变革,5,复合短语
金融因素,5,复合短语
金融服务提供商,5,复合短语
金融监管银行,5,复合短语
金融科技创新,5,复合短语
金融系统性,5,复合短语
金融系统性风险,5,复合短语
金融风险传导,5,复合短语
金融风险市场,5,复合短语
钉住,5,普通词
铁路运输,5,普通词
银企信息,5,复合短语
银企匹配,5,复合短语
银行信贷供给,5,复合短语
银行监管套利,5,复合短语
银行部门金融,5,复合短语
银行金融监管,5,复合短语
链主企业如何,5,复合短语
销售渠道,5,复合短语
长期均衡发展,5,复合短语
长期存在,5,普通词
长期风险模型,5,复合短语
问题为此,5,复合短语
问题提出,5,复合短语
问题本文利用,5,复合短语
阶段以及,5,复合短语
阶段动态,5,复合短语
阶段发挥,5,复合短语
阶段最小,5,复合短语
阶段最小乘法,5,复合短语
阻碍作用,5,复合短语
降低企业融资,5,复合短语
降低信息对称,5,复合短语
降低社会,5,复合短语
降低系统性,5,复合短语
降低行业,5,复合短语
降低风险,5,复合短语
降费企业,5,复合短语
限定,5,普通词
限购城市,5,复合短语
随迁子女,5,复合短语
集中化,5,普通词
集聚经济工资,5,复合短语
雇佣影响,5,复合短语
零售,5,普通词
需求不足,5,复合短语
需求增长,5,复合短语
需求扩张,5,复合短语
需求端的,5,复合短语
需求管理,5,复合短语
需求驱动,5,复合短语
需要加强,5,复合短语
需要加快,5,复合短语
需要建立,5,复合短语
震荡,5,普通词
非均衡,5,普通词
非对称影响,5,复合短语
非常有限,5,复合短语
非税收入,5,复合短语
靠近,5,普通词
面临挑战,5,复合短语
面临融资,5,复合短语
面临融资约束,5,复合短语
面板数据理论,5,复合短语
顺序,5,普通词
顾问,5,普通词
预期寿命提高,5,复合短语
预期影响,5,复合短语
预期收益,5,复合短语
预期进而,5,复合短语
预见,5,普通词
预防性储蓄,5,复合短语
领取,5,普通词
领域中国,5,复合短语
领域企业,5,复合短语
领域创新,5,复合短语
领域改革,5,复合短语
领跑,5,普通词
风险主要,5,复合短语
风险传导,5,复合短语
风险传染效应,5,复合短语
风险具有重要,5,复合短语
风险动态,5,复合短语
风险市场,5,复合短语
风险承担水平,5,复合短语
风险承担行为,5,复合短语
风险来源,5,复合短语
风险溢出效应,5,复合短语
风险研究,5,复合短语
风险经济,5,复合短语
风险规避,5,复合短语
风险问题,5,复合短语
风险预警,5,复合短语
首要任务,5,普通词
香港,5,普通词
马克思主义中国化时代化,5,复合短语
驱动创新,5,复合短语
驱动经济增长,5,复合短语
驱动高质量发展,5,复合短语
驾驶,5,普通词
验证本文,5,复合短语
高位引领,5,复合短语
高新技术企业税收,5,复合短语
高水平开放型,5,复合短语
高水平开放型经济,5,复合短语
高碳排放行业,5,复合短语
高科技企业,5,复合短语
高端装备,5,复合短语
高质量充分就业,5,复合短语
高质量发展关键,5,复合短语
高质量发展实现,5,复合短语
高质量发展数字,5,复合短语
高质量发展本文,5,复合短语
高质量发展至关重要,5,复合短语
高阶,5,普通词
鲍莫尔成本,5,复合短语
鲜明中国,5,复合短语
鲜明中国特色,5,复合短语
鼎龙,5,普通词
100年来,4,复合短语
14,4,普通词
1978以来,4,复合短语
1979,4,普通词
19902015,4,复合短语
19922017,4,复合短语
19982013,4,复合短语
19982013中国,4,复合短语
200,4,普通词
20012016,4,复合短语
20042017,4,复合短语
20052015,4,复合短语
20072017,4,复合短语
20082015,4,复合短语
20082016,4,复合短语
20082018,4,复合短语
20092016,4,复合短语
20092021,4,复合短语
20102018,4,复合短语
20112020,4,复合短语
20112022,4,复合短语
20122021,4,复合短语
2012以来,4,复合短语
20132015,4,复合短语
20142019,4,复合短语
20152020,4,复合短语
2016上市公司,4,复合短语
2016年间,4,复合短语
2018我国,4,复合短语
2020上市公司,4,复合短语
29,4,普通词
31省份,4,复合短语
45,4,普通词
60,4,普通词
80,4,普通词
90年代以来,4,复合短语
A股非金融上市公司,4,复合短语
BERT,4,普通词
Bartik,4,普通词
Bartik工具,4,复合短语
Bartik工具变量,4,复合短语
Bunching,4,普通词
CBEC,4,普通词
CES,4,普通词
CGSS,4,普通词
CPTPP,4,普通词
DID方法,4,复合短语
Hotelling,4,普通词
LCP,4,普通词
Melitz,4,普通词
OLG,4,普通词
PSM,4,普通词
TFP增长,4,复合短语
fsQCA必要条件,4,复合短语
fsQCA必要条件分析,4,复合短语
一个内生,4,复合短语
一个包含异质性,4,复合短语
一个多部门一般,4,复合短语
一个拓展,4,复合短语
一个整合,4,复合短语
一个统一分析,4,复合短语
一个考虑,4,复合短语
一体化企业,4,复合短语
一体化程度,4,复合短语
一国经济,4,复合短语
一定借鉴,4,复合短语
一定参考,4,复合短语
一定启示意义,4,复合短语
一定政策启示,4,复合短语
一定程度削弱,4,复合短语
一定程度影响,4,复合短语
一家,4,普通词
一年,4,普通词
一步,4,普通词
一环,4,普通词
一直以来,4,复合短语
一直存在,4,复合短语
一种解释,4,复合短语
一种重要,4,复合短语
一般公共,4,复合短语
一般公共预算,4,复合短语
一般贸易出口,4,复合短语
一项案例,4,复合短语
一项案例研究,4,复合短语
一项自然实验,4,复合短语
一项重要,4,复合短语
三个层面,4,复合短语
三个方面,4,复合短语
三大部类,4,复合短语
三期叠加,4,复合短语
三维,4,普通词
三项,4,普通词
上下,4,普通词
上升导致,4,复合短语
上市企业样本,4,复合短语
上市公司年报文本,4,复合短语
上市公司数据考察,4,复合短语
上市制造业,4,复合短语
上市制造业企业,4,复合短语
上述结论依然,4,复合短语
下会,4,普通词
下游客户,4,复合短语
下降上升,4,复合短语
下降企业,4,复合短语
下降显著,4,复合短语
下降百分点,4,复合短语
下降规律,4,复合短语
下降进一步,4,复合短语
下降进而,4,复合短语
不仅仅,4,普通词
不仅具有,4,复合短语
不可贸易,4,复合短语
不可贸易部门,4,复合短语
不同于传统,4,复合短语
不同冲击,4,复合短语
不同区域,4,复合短语
不同存在,4,复合短语
不同对象,4,复合短语
不同技能不同,4,复合短语
不同财政,4,复合短语
不同风险,4,复合短语
不够,4,普通词
不当,4,普通词
不断加强,4,普通词
不断增加,4,复合短语
不确定性上升,4,复合短语
不确定性增加,4,复合短语
不确定性影响,4,复合短语
不能完全,4,复合短语
专业能力,4,复合短语
专利价值,4,复合短语
专利数据库,4,复合短语
专利证据,4,复合短语
专利质量,4,复合短语
专项转移,4,复合短语
专项转移支付,4,复合短语
世界性,4,普通词
世界性难题,4,复合短语
世界级,4,普通词
业界,4,普通词
东部省份,4,复合短语
丝绸之路,4,普通词
丝绸之路国家,4,复合短语
两个关键,4,复合短语
两个毫不动摇,4,复合短语
两个阶段,4,复合短语
两保,4,普通词
两山,4,普通词
两极分化,4,普通词
两类政策,4,复合短语
两者之间,4,普通词
两项,4,普通词
严谨,4,普通词
丧失,4,普通词
个人收入,4,普通词
中介分析,4,复合短语
中介机制,4,复合短语
中以,4,普通词
中低收入群体,4,复合短语
中国2000,4,复合短语
中国31,4,复合短语
中国A股上市,4,复合短语
中国GDP,4,复合短语
中国上市企业,4,复合短语
中国上市公司年报,4,复合短语
中国上市公司证据,4,复合短语
中国乡村,4,复合短语
中国人民大学,4,普通词
中国企业出口,4,复合短语
中国企业税收,4,复合短语
中国作为,4,复合短语
中国健康,4,复合短语
中国共产党土地,4,复合短语
中国共产党带领,4,复合短语
中国共产党带领中国,4,复合短语
中国共产党建党一百年,4,复合短语
中国共产党百年奋斗,4,复合短语
中国出口企业,4,复合短语
中国历史,4,复合短语
中国县级,4,复合短语
中国国内生产总值,4,复合短语
中国国有企业,4,复合短语
中国地级市,4,复合短语
中国城市劳动力,4,复合短语
中国失业保险,4,复合短语
中国家庭收入,4,复合短语
中国家庭收入调查,4,复合短语
中国家族企业,4,复合短语
中国市场化,4,复合短语
中国建立,4,复合短语
中国开放,4,复合短语
中国式现代化建设,4,复合短语
中国式现代化经济,4,复合短语
中国式现代化高质量,4,复合短语
中国微观企业,4,复合短语
中国总体,4,复合短语
中国情境研究,4,复合短语
中国扶贫,4,复合短语
中国排放,4,复合短语
中国时间,4,复合短语
中国智能,4,复合短语
中国智能制造,4,复合短语
中国标准国际化,4,复合短语
中国民营企业,4,复合短语
中国气派,4,复合短语
中国潜在,4,复合短语
中国生产,4,复合短语
中国省际贸易,4,复合短语
中国社会保障,4,复合短语
中国社会科学院经济研究所,4,普通词
中国经济增长率,4,复合短语
中国经济持续,4,复合短语
中国经济社会,4,复合短语
中国结构性货币政策,4,复合短语
中国证据,4,复合短语
中国货币政策传导,4,复合短语
中国贸易,4,复合短语
中国道路,4,复合短语
中国金融改革,4,复合短语
中国金融故事,4,复合短语
中国面临,4,复合短语
中国高质量,4,复合短语
中国高质量发展,4,复合短语
中均,4,普通词
中央地方关系,4,复合短语
中央地方财政,4,复合短语
中小股东行权,4,复合短语
中文,4,普通词
中有,4,普通词
中特,4,普通词
中长期发展,4,复合短语
中集,4,普通词
丰富数字,4,复合短语
为了促进,4,复合短语
为了更好,4,复合短语
为准自然实验基于,4,复合短语
为此本文构建,4,复合短语
主体多种所有制,4,复合短语
主力,4,普通词
主动型,4,普通词
主持,4,普通词
主播,4,普通词
主流经济学,4,复合短语
主要依靠,4,复合短语
主要关注,4,复合短语
主要数字,4,复合短语
主要渠道,4,复合短语
主要由于,4,复合短语
举世瞩目成就,4,复合短语
举办,4,普通词
之一然而,4,复合短语
之上,4,普通词
之义,4,普通词
之后本文,4,复合短语
之手,4,普通词
之策,4,普通词
之间形成,4,复合短语
之间收入差距,4,复合短语
之间替代,4,复合短语
之间逻辑,4,复合短语
之际,4,普通词
习俗,4,普通词
乡村实现,4,复合短语
争取,4,普通词
争夺,4,普通词
事件发生,4,复合短语
事关,4,普通词
事权支出,4,复合短语
事权支出责任,4,复合短语
二元创新,4,复合短语
二元经济,4,复合短语
互联网使用,4,复合短语
互联网是否,4,复合短语
互联网经济,4,复合短语
互补替代,4,复合短语
五个,4,普通词
五通,4,普通词
亟需解决,4,复合短语
交叉网络,4,复合短语
交叉网络效应,4,复合短语
交易主体,4,复合短语
交易双方,4,复合短语
交易成本影响,4,复合短语
交易效率,4,复合短语
交易模式,4,复合短语
交易者,4,普通词
交易行为,4,复合短语
交流互动,4,复合短语
交织,4,普通词
交通通信,4,复合短语
产业关联视角,4,复合短语
产业内部,4,复合短语
产业政策实施,4,复合短语
产业政策有效,4,复合短语
产业数字化水平,4,复合短语
产业深度转型,4,复合短语
产业管理,4,复合短语
产业组织创新,4,复合短语
产业结构优化,4,复合短语
产业结构升级基于,4,复合短语
产业结构转型升级,4,复合短语
产业结构转型影响,4,复合短语
产业配套,4,复合短语
产业链上游,4,复合短语
产业链创新,4,复合短语
产业链韧性,4,复合短语
产出增加,4,复合短语
产出损失,4,复合短语
产出数量,4,复合短语
产出波动,4,复合短语
产出规模,4,复合短语
产品市场一体化,4,复合短语
产品质量升级,4,复合短语
产城,4,普通词
产权理论,4,复合短语
产消,4,普通词
产生结构性,4,复合短语
产能利用率基于,4,复合短语
产能利用率提升,4,复合短语
产能利用率经济,4,复合短语
京东,4,普通词
京津冀,4,普通词
人们生育,4,复合短语
人口经济增长,4,复合短语
人口老龄化国家,4,复合短语
人口老龄化国家战略,4,复合短语
人口长期均衡,4,复合短语
人均收入,4,普通词
人工,4,普通词
人工智能发展,4,复合短语
人工智能数据,4,复合短语
人工智能语言,4,复合短语
人工智能语言模型,4,复合短语
人才需求,4,普通词
人机协同,4,复合短语
人民日益增长美好生活,4,复合短语
人民美好生活,4,复合短语
亿吨,4,普通词
仅能,4,普通词
仍然存在,4,复合短语
仍然成立机制,4,复合短语
从而导致,4,复合短语
付制,4,普通词
以上理论,4,复合短语
以下研究,4,复合短语
以及产业,4,复合短语
以及信息,4,复合短语
以及如何影响,4,复合短语
以及技术,4,复合短语
以及投资,4,复合短语
以及进行一系列,4,复合短语
以来习近平同志,4,复合短语
以来国有企业,4,复合短语
以税,4,普通词
价值从而,4,复合短语
价值增殖,4,复合短语
价值增长,4,复合短语
价值导向,4,复合短语
价值影响来自,4,复合短语
价值链效应,4,复合短语
价值链核算,4,复合短语
价值链核算框架,4,复合短语
价格影响,4,复合短语
价格改革,4,复合短语
价格数据,4,复合短语
价格水平,4,普通词
任务对于,4,复合短语
任务结构,4,复合短语
任职,4,普通词
仿真模拟,4,复合短语
企业IPO,4,复合短语
企业中间品,4,复合短语
企业产品市场,4,复合短语
企业价值基于,4,复合短语
企业价值本文,4,复合短语
企业信贷融资,4,复合短语
企业借助,4,复合短语
企业关联,4,复合短语
企业减少,4,复合短语
企业创业,4,复合短语
企业创新公司,4,复合短语
企业创新投入,4,复合短语
企业创新数量,4,复合短语
企业创新激励,4,复合短语
企业劳动收入,4,复合短语
企业劳动收入份额,4,复合短语
企业劳动者,4,复合短语
企业即兴,4,复合短语
企业参与,4,复合短语
企业国际化,4,复合短语
企业垄断,4,复合短语
企业如何应对,4,复合短语
企业如何通过,4,复合短语
企业实践,4,复合短语
企业实际税率,4,复合短语
企业尤其,4,复合短语
企业嵌入,4,复合短语
企业市场价值,4,复合短语
企业广泛,4,复合短语
企业披露,4,复合短语
企业数据库中国海关,4,复合短语
企业数据进行,4,复合短语
企业整体,4,复合短语
企业本文,4,复合短语
企业模型,4,复合短语
企业比较,4,复合短语
企业比较优势,4,复合短语
企业注册,4,复合短语
企业海外,4,复合短语
企业消费者,4,复合短语
企业现金,4,复合短语
企业用工,4,复合短语
企业电子商务,4,复合短语
企业相比,4,复合短语
企业税收负担,4,复合短语
企业税收遵从,4,复合短语
企业空间布局,4,复合短语
企业组织产业,4,复合短语
企业经济,4,复合短语
企业绿色投资,4,复合短语
企业缴费,4,复合短语
企业而言,4,复合短语
企业节能,4,复合短语
企业融资难,4,复合短语
企业融资难融资,4,复合短语
企业贸易网络,4,复合短语
企业违约,4,复合短语
企业遭遇,4,复合短语
企业避税实际,4,复合短语
企业避税程度,4,复合短语
企业非国有,4,复合短语
企业非国有企业,4,复合短语
优劣,4,普通词
优势区域,4,复合短语
优势战略,4,复合短语
优势技术优势,4,复合短语
优势推动,4,复合短语
优势提升,4,复合短语
优势构建,4,复合短语
优化人力资本,4,复合短语
优化地方政府,4,复合短语
优化我国,4,复合短语
优化推动,4,复合短语
优化提供,4,复合短语
优化路径,4,复合短语
优用劣,4,普通词
优质共享,4,复合短语
伟大创造,4,复合短语
伟大复兴战略,4,复合短语
传导关系,4,复合短语
传统制造业,4,复合短语
传统技术,4,复合短语
传统社会,4,复合短语
传统行业,4,复合短语
伴随中国,4,复合短语
似然法,4,普通词
但会抑制,4,复合短语
低效率企业,4,复合短语
住宅用地出让,4,复合短语
住户调查,4,复合短语
佐证,4,普通词
体制基于,4,复合短语
体制改革企业,4,复合短语
体系创新,4,复合短语
体系变革,4,复合短语
体系形成,4,复合短语
体系核心,4,复合短语
体系现代,4,复合短语
体系转型,4,复合短语
体系进行,4,复合短语
体系通过,4,复合短语
体系防范,4,复合短语
余年,4,普通词
作业,4,普通词
作为冲击,4,复合短语
作为国家,4,复合短语
作为我国,4,复合短语
作为数字经济,4,复合短语
作为重要,4,复合短语
作出重大,4,复合短语
作用受到,4,复合短语
作用存在,4,复合短语
作用平台,4,复合短语
作用提供经验,4,复合短语
作用方向,4,复合短语
作用有限,4,复合短语
作用由于,4,复合短语
作用逐渐,4,复合短语
佣金,4,普通词
使得增值税,4,复合短语
使得经济,4,复合短语
使用2007,4,复合短语
使用中国工业,4,复合短语
使用价值,4,复合短语
使用权,4,普通词
供应商关系,4,复合短语
供应链创新,4,复合短语
供应链参与,4,复合短语
供应链绿色,4,复合短语
供应链资金占用金融,4,复合短语
供应链金融企业,4,复合短语
供给不足,4,复合短语
供给因素,4,复合短语
供给摩擦,4,复合短语
供给本文,4,复合短语
供需匹配,4,复合短语
依然成立本文,4,复合短语
侧重,4,普通词
侵害,4,普通词
促增,4,普通词
促进乡村振兴,4,复合短语
促进互联网,4,复合短语
促进企业投资,4,复合短语
促进企业研发,4,复合短语
促进债券市场,4,复合短语
促进国内国际,4,复合短语
促进居民消费,4,复合短语
促进数字经济,4,复合短语
促进本地,4,复合短语
促进省际,4,复合短语
促进行业,4,复合短语
促进资源,4,复合短语
保守,4,普通词
保护政府,4,复合短语
保护效果,4,复合短语
保护来自,4,复合短语
保持稳定,4,普通词
保费,4,普通词
保险制度实施,4,复合短语
保险费率,4,普通词
信号传递,4,复合短语
信号理论,4,复合短语
信息中介,4,复合短语
信息互动,4,复合短语
信息优势技术,4,复合短语
信息对称视角,4,复合短语
信息披露投资者,4,复合短语
信息搜寻,4,复合短语
信息有效,4,复合短语
信息机制,4,复合短语
信息流,4,普通词
信息视角,4,复合短语
信息通信技术,4,复合短语
信息通过,4,复合短语
信贷支持,4,复合短语
信贷约束农业,4,复合短语
修改,4,普通词
倍数,4,普通词
借出,4,普通词
债券发行定价,4,复合短语
债券市场信用,4,复合短语
债务持续增长,4,复合短语
债务通过,4,复合短语
债务银行,4,复合短语
债务风险特征,4,复合短语
债务风险金融,4,复合短语
值得关注,4,复合短语
值得注意,4,普通词
值得重视,4,复合短语
倾向选择,4,复合短语
偏好金融风险,4,复合短语
做大,4,普通词
健全现代,4,复合短语
健全资本,4,复合短语
健全资本市场,4,复合短语
健康中国战略,4,复合短语
健康发展提供,4,复合短语
偿债能力,4,复合短语
儒家思想,4,普通词
充分体现,4,普通词
充分问题,4,复合短语
充实,4,普通词
免费,4,普通词
兑现,4,普通词
全世界,4,普通词
全国范围,4,复合短语
全景,4,普通词
全球产业,4,复合短语
全球价值链地位,4,复合短语
全球投入产出,4,复合短语
全球治理国际,4,复合短语
全球视野,4,复合短语
全球贸易网络,4,复合短语
全球金融市场,4,复合短语
全面建成社会主义,4,复合短语
全面提升,4,复合短语
全面绿色,4,复合短语
全面认识,4,复合短语
全面评估,4,复合短语
公众参与,4,复合短语
公共财政,4,普通词
公共预算,4,复合短语
公司层面,4,复合短语
公司治理效应,4,复合短语
公司治理水平,4,复合短语
公域,4,普通词
公域流量,4,复合短语
公平正义,4,普通词
公开市场,4,普通词
公有制主体多种,4,复合短语
公里,4,普通词
共产党,4,普通词
共同体理念,4,复合短语
共同富裕收入分配,4,复合短语
共同推动,4,复合短语
共生共荣,4,复合短语
共益,4,普通词
共荣,4,普通词
共识本文,4,复合短语
关于中国,4,复合短语
关于数字,4,复合短语
关切,4,普通词
关心,4,普通词
关注中国,4,复合短语
关注基于,4,复合短语
关注政策,4,复合短语
关注重要,4,复合短语
关税中国,4,复合短语
关系产生,4,复合短语
关系企业,4,复合短语
关系出口,4,复合短语
关系发生,4,复合短语
关系战略,4,复合短语
关系调整,4,复合短语
关系资本,4,复合短语
关联研究,4,复合短语
关联网络,4,复合短语
关键核心技术国产,4,复合短语
关键核心技术技术,4,复合短语
兴趣,4,普通词
其中起到,4,复合短语
其他地区,4,复合短语
其他领域,4,复合短语
具体实际相结合,4,复合短语
具体影响,4,复合短语
具体机制,4,复合短语
具有不同,4,复合短语
具有丰富,4,复合短语
具有企业,4,复合短语
具有市场,4,复合短语
具有政策,4,复合短语
具有显著促进作用,4,复合短语
具有显著正向,4,复合短语
具有正向,4,复合短语
具有直接,4,复合短语
具有重要参考价值,4,复合短语
养老服务,4,复合短语
养老金待遇,4,复合短语
兼论发展,4,复合短语
兼论发展格局,4,复合短语
兼论数字,4,复合短语
兼谈,4,普通词
兼顾短期,4,复合短语
内在价值,4,复合短语
内在动因,4,复合短语
内在驱动力,4,复合短语
内容之一,4,复合短语
内嵌,4,普通词
内涵政策,4,复合短语
内生影响,4,复合短语
内部分工,4,复合短语
内需潜力,4,复合短语
再生产理论,4,复合短语
农业农村部,4,复合短语
农业劳动力,4,复合短语
农业生产率,4,复合短语
农场经营,4,复合短语
农户土地,4,复合短语
农户就业,4,复合短语
农户面板,4,复合短语
农户面板数据,4,复合短语
农抑商,4,普通词
农村人口,4,复合短语
农村发展,4,复合短语
农村商业银行,4,复合短语
农村土地制度改革,4,复合短语
农村居民收入,4,复合短语
农村现代化乡村,4,复合短语
农村综合,4,复合短语
农村综合示范,4,复合短语
农村部,4,普通词
农民增收,4,复合短语
农资,4,普通词
冲击主要,4,复合短语
冲击企业创新,4,复合短语
冲击如何,4,复合短语
冲击带来,4,复合短语
冲击我国,4,复合短语
冲击数字,4,复合短语
冲击显著,4,复合短语
冲击有效,4,复合短语
冲击系统性金融风险,4,复合短语
冲击行业,4,复合短语
冲击解释,4,复合短语
冲击通过,4,复合短语
决定企业,4,复合短语
决定性作用更好,4,复合短语
决定机制,4,复合短语
决策实现,4,复合短语
准则,4,普通词
准确全面,4,复合短语
准确刻画,4,复合短语
准确性,4,普通词
减少导致,4,复合短语
减弱本文,4,复合短语
减排效应,4,复合短语
减排效率,4,复合短语
减排福利,4,复合短语
减碳,4,普通词
减税政策地方,4,复合短语
减税政策预算,4,复合短语
减税效应,4,复合短语
凝聚,4,普通词
凯恩斯主义,4,普通词
凸显本文,4,复合短语
出发探讨,4,复合短语
出发通过,4,复合短语
出口企业创新,4,复合短语
出口企业生产率,4,复合短语
出口影响研究,4,复合短语
出口竞争力,4,复合短语
出口行为,4,复合短语
出口规模扩张,4,复合短语
出现明显,4,复合短语
出现显著,4,复合短语
分别降低,4,复合短语
分化特征,4,复合短语
分工体系,4,复合短语
分工格局,4,复合短语
分工结构,4,复合短语
分布影响研究,4,复合短语
分布结构,4,复合短语
分权改革,4,复合短语
分权理论,4,复合短语
分析NCA,4,复合短语
分析fsQCA必要条件,4,复合短语
分析基础本文,4,复合短语
分析师关注,4,复合短语
分析师预测,4,复合短语
分析数字经济,4,复合短语
分析显示地方,4,复合短语
分析部分,4,复合短语
分税制改革,4,复合短语
分类改革,4,复合短语
分解框架,4,复合短语
分配作用,4,复合短语
分配平等,4,复合短语
分配收入,4,复合短语
分配收入差距,4,复合短语
分配改善,4,复合短语
分配状况,4,复合短语
分配生产,4,复合短语
切断,4,普通词
列为,4,普通词
创业企业如何,4,复合短语
创业实践,4,复合短语
创业机会,4,复合短语
创业板注册,4,复合短语
创业板注册改革,4,复合短语
创业行为,4,复合短语
创业阶段,4,复合短语
创业项目,4,普通词
创新中心,4,复合短语
创新之间关系,4,复合短语
创新产出数量,4,复合短语
创新产生,4,复合短语
创新价值,4,复合短语
创新公司治理,4,复合短语
创新兼论,4,复合短语
创新创业,4,复合短语
创新协调,4,复合短语
创新协调绿色,4,复合短语
创新型企业价值,4,复合短语
创新型国家,4,复合短语
创新如何影响,4,复合短语
创新市场,4,复合短语
创新成长,4,复合短语
创新来自,4,复合短语
创新正向,4,复合短语
创新溢出,4,复合短语
创新激励还是,4,复合短语
创新研发,4,复合短语
创新空间,4,复合短语
创新绩效提升,4,复合短语
创新网络企业,4,复合短语
创新质量提升,4,复合短语
创新领域,4,复合短语
创新驱动经济,4,复合短语
创新驱动高质量,4,复合短语
创新高质量,4,复合短语
创新高质量发展,4,复合短语
创造共享,4,复合短语
创造共享价值,4,复合短语
创造关键,4,复合短语
创造机制,4,复合短语
创造视角,4,复合短语
创造还是,4,复合短语
利差二级,4,复合短语
利差二级市场,4,复合短语
利润水平,4,复合短语
利率影响,4,复合短语
利用2015,4,复合短语
利用2016,4,复合短语
利用中国家庭,4,复合短语
利用全球,4,复合短语
利用我国,4,复合短语
利用数字,4,复合短语
利用数据,4,复合短语
利用率基于,4,复合短语
利用率提升,4,复合短语
利用率经济,4,复合短语
利益冲突,4,普通词
利益联结,4,复合短语
到来,4,普通词
制下,4,普通词
制剂,4,普通词
制度供给,4,复合短语
制度创业研究,4,复合短语
制度协同,4,复合短语
制度开放标准,4,复合短语
制度改革提供,4,复合短语
制度治理,4,复合短语
制造业上市公司证据,4,复合短语
制造业长期贷款,4,复合短语
制造模式,4,复合短语
刺激政策,4,复合短语
刺激消费,4,复合短语
刻画数字,4,复合短语
削弱货币政策,4,复合短语
前景战略,4,复合短语
前沿综述,4,复合短语
前瞻,4,普通词
力图,4,普通词
力量中国,4,复合短语
功利,4,普通词
功效,4,普通词
功能发挥,4,复合短语
功能性,4,普通词
加入RCEP,4,复合短语
加入平台,4,复合短语
加强数字,4,复合短语
加强监管,4,复合短语
加强知识产权保护,4,复合短语
加强财政,4,复合短语
加强银行,4,复合短语
加快发展新质,4,复合短语
加快完善,4,复合短语
加快形成,4,复合短语
加快推动,4,复合短语
加快构建国内,4,复合短语
加息,4,普通词
加点,4,普通词
加速器经济波动,4,复合短语
加速演进,4,复合短语
加速重构,4,复合短语
动态演变,4,复合短语
动态监测,4,复合短语
动态过程机制,4,复合短语
动能转型,4,复合短语
助企纾困,4,普通词
助力共同富裕,4,复合短语
劳动力互补,4,复合短语
劳动力供给冲击,4,复合短语
劳动力具有,4,复合短语
劳动力区域,4,复合短语
劳动力市场一体化,4,复合短语
劳动力成本快速,4,复合短语
劳动力成本最低工资,4,复合短语
劳动力流动成本,4,复合短语
劳动力相对,4,复合短语
劳动力空间,4,复合短语
劳动年龄,4,复合短语
劳动年龄人口,4,复合短语
劳动技能,4,复合短语
劳动投入质量,4,复合短语
劳动生产力,4,复合短语
劳动生产率水平,4,复合短语
劳动需求影响,4,复合短语
势力市场,4,复合短语
募集,4,普通词
包含人力资本,4,复合短语
包容性创新案例,4,复合短语
包括中国,4,复合短语
包括企业,4,复合短语
包装,4,普通词
化学,4,普通词
化对中国,4,复合短语
化对中国企业,4,复合短语
化肥,4,普通词
匹配效应,4,复合短语
匹配视角,4,复合短语
区分企业,4,复合短语
区别对待,4,普通词
区制转换,4,复合短语
区制转移,4,复合短语
区域之间,4,复合短语
区域产业,4,复合短语
区域全面,4,复合短语
区域均衡发展,4,复合短语
区域市场,4,复合短语
区域流动异地,4,复合短语
区域绿色,4,复合短语
区域绿色协调,4,复合短语
区域间贸易,4,复合短语
区际,4,普通词
十九世纪,4,普通词
千年,4,普通词
升华,4,普通词
升级基于,4,复合短语
升级本文,4,复合短语
升级汇率,4,复合短语
升级路径,4,复合短语
升级过程,4,复合短语
升级进一步,4,复合短语
协偏度,4,普通词
协助,4,普通词
协同地方,4,复合短语
协同实现,4,复合短语
协同式,4,普通词
协同推进,4,复合短语
协同水平,4,复合短语
协定条款,4,复合短语
协定条款异质性,4,复合短语
协调发展量化,4,复合短语
协调绿色,4,复合短语
协调绿色开放,4,复合短语
卓越,4,普通词
单向,4,普通词
南下,4,普通词
南北经济,4,复合短语
南北经济差距,4,复合短语
占据主导地位,4,复合短语
占有,4,普通词
印度,4,普通词
历史信息,4,复合短语
历史方位,4,复合短语
历年,4,普通词
历程成就经验,4,复合短语
历程经验,4,复合短语
压力加大,4,复合短语
压力机制,4,复合短语
压舱,4,普通词
厘金,4,普通词
原创,4,普通词
原因本文,4,复合短语
县域农业,4,复合短语
县域农业发展,4,复合短语
参与全球,4,复合短语
参与程度,4,复合短语
参考借鉴,4,复合短语
及其传导,4,复合短语
及其机理,4,复合短语
及其演变,4,复合短语
双循环视角,4,复合短语
双责,4,普通词
双重价值,4,复合短语
双重差分估计,4,复合短语
双重差分法评估,4,复合短语
双重影响,4,复合短语
反对,4,普通词
反应来自,4,复合短语
反弹,4,普通词
反映我国,4,复合短语
反过来,4,普通词
发展中等,4,复合短语
发展中等收入,4,复合短语
发展产业结构,4,复合短语
发展任务,4,复合短语
发展优化,4,复合短语
发展加快,4,复合短语
发展区域经济,4,复合短语
发展县域,4,复合短语
发展县域经济,4,复合短语
发展发展战略,4,复合短语
发展平台,4,复合短语
发展平衡充分,4,复合短语
发展引导,4,复合短语
发展必然要求,4,复合短语
发展成为,4,复合短语
发展成就,4,复合短语
发展战略提供,4,复合短语
发展时期,4,复合短语
发展格局全球,4,复合短语
发展格局本质特征,4,复合短语
发展格局重要,4,复合短语
发展模式转型,4,复合短语
发展现代化,4,复合短语
发展现状,4,复合短语
发展理论逻辑,4,复合短语
发展社会,4,复合短语
发展绿色,4,复合短语
发展起到,4,复合短语
发展转型,4,复合短语
发展进入,4,复合短语
发展重要途径,4,复合短语
发展量化,4,复合短语
发展量化空间,4,复合短语
发展高质量,4,复合短语
发放消费,4,复合短语
发生变化,4,普通词
发生显著变化,4,复合短语
发生机制,4,复合短语
发行地方,4,复合短语
取得举世瞩目成就,4,复合短语
取得历史性,4,复合短语
取得显著,4,复合短语
取得重大成就,4,复合短语
受到企业,4,复合短语
受到监管,4,复合短语
变化动态,4,复合短语
变化及其,4,复合短语
变化解释,4,复合短语
变小,4,普通词
变迁中国,4,复合短语
变革组织,4,复合短语
只是,4,普通词
可为,4,普通词
可以作为,4,复合短语
可以增强,4,复合短语
可以获得,4,复合短语
可能出现,4,复合短语
号召,4,普通词
司法制度,4,普通词
各方,4,普通词
合作以及,4,复合短语
合作协调,4,复合短语
合作提供,4,复合短语
合法性获取,4,复合短语
同业拆借,4,复合短语
同时导致,4,复合短语
同时政府,4,复合短语
同时数字,4,复合短语
同时有助于,4,复合短语
同时这种,4,复合短语
同构,4,普通词
同行企业,4,复合短语
后果提供,4,复合短语
含义在于,4,复合短语
含有,4,普通词
启发参考,4,复合短语
启发式,4,普通词
启示借鉴,4,复合短语
吸引高技能,4,复合短语
呈现下降,4,复合短语
呼吁,4,普通词
命令,4,普通词
命令控制,4,复合短语
命运共同体理念,4,复合短语
和而不同,4,普通词
哑铃,4,普通词
商业银行分支机构,4,复合短语
商业银行微观,4,复合短语
商业银行微观数据,4,复合短语
商业银行金融风险,4,复合短语
商业银行风险,4,复合短语
商品服务,4,复合短语
四个方面,4,复合短语
四是,4,普通词
回答这一,4,复合短语
回答这一问题,4,复合短语
回答重要,4,复合短语
回顾反思,4,复合短语
回顾展望,4,复合短语
因果检验,4,复合短语
因素分解,4,复合短语
因素导致,4,复合短语
因素相关,4,复合短语
因素纳入,4,复合短语
困境实现,4,复合短语
困境本文,4,复合短语
固定观察点数据,4,复合短语
固网,4,普通词
国内需求,4,复合短语
国务院,4,普通词
国土,4,普通词
国家层面,4,复合短语
国家战略提供,4,复合短语
国家技术追赶,4,复合短语
国家治理财政,4,复合短语
国家级开发区,4,复合短语
国家级高新技术,4,复合短语
国家证据,4,复合短语
国家贸易,4,复合短语
国家逻辑,4,复合短语
国家首要任务,4,复合短语
国有企业分类,4,复合短语
国有商业银行,4,复合短语
国有大型商业银行,4,复合短语
国际化影响,4,复合短语
国际学术,4,复合短语
国际投入产出模型,4,复合短语
国际比较基于,4,复合短语
国际航运,4,普通词
国际金融风险,4,复合短语
囿于,4,普通词
土地交易,4,普通词
土地价值,4,复合短语
土地经营规模,4,复合短语
土地资源配置,4,复合短语
在于通过,4,复合短语
地以,4,普通词
地区上市公司,4,复合短语
地区市场化,4,复合短语
地区数字,4,复合短语
地区更为明显,4,复合短语
地区更加,4,复合短语
地区财政,4,复合短语
地区部门,4,复合短语
地区风险,4,复合短语
地域性,4,普通词
地方政府激励,4,复合短语
地方政府积极性,4,复合短语
地方政府预算,4,复合短语
地方财力,4,复合短语
地方财政收入,4,复合短语
地级,4,普通词
地级以上,4,复合短语
地级以上城市,4,复合短语
地级市政府,4,复合短语
地级市数据,4,复合短语
均衡分析框架,4,复合短语
均衡模型研究,4,复合短语
均衡模型进行,4,复合短语
均衡模型量化,4,复合短语
坚持两个,4,复合短语
坚持人民中心,4,复合短语
坚持加强,4,复合短语
坚持完善,4,复合短语
垄断平台,4,复合短语
垄断数字,4,复合短语
城乡二元,4,复合短语
城乡区域,4,复合短语
城市产业,4,复合短语
城市产业结构,4,复合短语
城市土地,4,复合短语
城市城市,4,复合短语
城市层面数据,4,复合短语
城市数据,4,复合短语
城市集聚,4,复合短语
城市面板,4,复合短语
城市面板数据,4,复合短语
城市高技能,4,复合短语
城镇职工养老保险,4,复合短语
基于2000,4,复合短语
基于2005,4,复合短语
基于20072019,4,复合短语
基于2011,4,复合短语
基于2014,4,复合短语
基于2019,4,复合短语
基于两个,4,复合短语
基于中国上市公司,4,复合短语
基于中国工业,4,复合短语
基于中间品,4,复合短语
基于产品,4,复合短语
基于人口,4,复合短语
基于企业异地,4,复合短语
基于供应链资金占用,4,复合短语
基于信号,4,复合短语
基于信息对称,4,复合短语
基于债券,4,复合短语
基于公共,4,复合短语
基于创业板,4,复合短语
基于制度逻辑,4,复合短语
基于场景,4,复合短语
基于宏观,4,复合短语
基于小微,4,复合短语
基于工业企业,4,复合短语
基于微观企业,4,复合短语
基于数字经济,4,复合短语
基于数据价值链,4,复合短语
基于权益,4,复合短语
基于权益资本,4,复合短语
基于生产链,4,复合短语
基于电子商务,4,复合短语
基于省级,4,复合短语
基于证监会,4,复合短语
基于语言,4,复合短语
基于语言模型,4,复合短语
基于资产,4,复合短语
基于资源编排,4,复合短语
基于预期,4,复合短语
基于高频,4,复合短语
基准情景,4,复合短语
基层社会,4,复合短语
基本稳定,4,复合短语
基本纲领,4,普通词
基本规律,4,普通词
基础性支撑,4,复合短语
基础政策,4,复合短语
基础条件,4,复合短语
基础理论,4,复合短语与普通词
基础结合,4,复合短语
基础设施完善,4,复合短语
基础重要,4,复合短语
基础重要支柱,4,复合短语
境界,4,普通词
增值税区域间,4,复合短语
增值税税收转嫁,4,复合短语
增加导致,4,复合短语
增强经济,4,复合短语
增强货币政策,4,复合短语
增进民生,4,复合短语
增进民生福祉,4,复合短语
增速提高,4,复合短语
增长之间,4,复合短语
增长产业,4,复合短语
增长出口,4,复合短语
增长区域,4,复合短语
增长存在,4,复合短语
增长就业,4,复合短语
增长差距,4,复合短语
增长市场,4,复合短语
增长效果,4,复合短语
增长机理研究,4,复合短语
增长源泉,4,复合短语
增长率影响,4,复合短语
增长转向,4,复合短语
增长阶段,4,复合短语
增长面临,4,复合短语
处理企业,4,复合短语
处罚银行,4,复合短语
备案制,4,普通词
复兴战略,4,复合短语
复兴战略全局,4,复合短语
复合,4,普通词
复杂技术,4,复合短语
复杂系统思维,4,复合短语
外国,4,普通词
外溢冲击,4,复合短语
外部治理机制,4,复合短语
外部风险,4,复合短语
外需冲击,4,复合短语
多国部门一般,4,复合短语
多年发展,4,复合短语
多期双重差分,4,复合短语
多样,4,普通词
多种分配,4,复合短语
多种所有制,4,复合短语
多种所有制经济,4,复合短语
大变局重要,4,复合短语
大多数,4,普通词
大大,4,普通词
大幅下降,4,复合短语
大桥,4,普通词
央地关系,4,复合短语
失衡地方,4,复合短语
奋斗历程,4,复合短语
套房家庭,4,复合短语
如何发挥,4,复合短语
如何平衡,4,复合短语
如何应用,4,复合短语
如何引导,4,复合短语
如何形成,4,复合短语
如何影响人力资本,4,复合短语
如何提升企业,4,复合短语
如何改变,4,复合短语
如何设计,4,复合短语
如何进行,4,复合短语
如果考虑,4,复合短语
委员会,4,普通词
媒体关注,4,复合短语
嬗变,4,普通词
子女教育,4,普通词
字形,4,普通词
存储,4,普通词
存在一个,4,复合短语
存在不同,4,复合短语
存在两个,4,复合短语
存在严重,4,复合短语
存在信息对称,4,复合短语
存在关系,4,复合短语
存在及其,4,复合短语
存在差异本文,4,复合短语
存在正向,4,复合短语
存在策略性,4,复合短语
存在重要,4,复合短语
存款保险制度实施,4,复合短语
存货,4,普通词
季度数据,4,复合短语
学习如何,4,复合短语
安全良性,4,复合短语
安全良性互动,4,复合短语
安全资产,4,复合短语
宋朝,4,普通词
完全契约视角,4,复合短语
完善中国特色,4,复合短语
完善现代,4,复合短语
完成任务,4,复合短语
宏伟目标,4,普通词
宏观决策,4,普通词
宏观影响,4,复合短语
宏观微观,4,复合短语
宏观经济影响,4,复合短语
宏观经济模型,4,复合短语
宏观经济稳定,4,复合短语
官方,4,普通词
定价企业,4,复合短语
定价市场,4,复合短语
定价效应,4,复合短语
定增,4,普通词
定性分析,4,普通词
宜业,4,普通词
宜居宜业,4,复合短语
实体经济数字,4,复合短语
实施创新,4,复合短语
实施显著,4,复合短语
实施自然实验,4,复合短语
实物,4,普通词
实现中等,4,复合短语
实现企业,4,复合短语
实现全面,4,复合短语
实现共同富裕提供,4,复合短语
实现减税,4,复合短语
实现历史性,4,复合短语
实现就业,4,复合短语
实现工业化,4,复合短语
实现市场,4,复合短语
实现平台,4,复合短语
实现快速,4,复合短语
实现最优,4,复合短语
实现过程,4,复合短语
实现这一,4,复合短语
实现途径,4,复合短语
实现阶段,4,复合短语
实证检验企业,4,复合短语
实证检验支持,4,复合短语
实践价值,4,复合短语
实践基础,4,复合短语
实际收入,4,普通词
实际相结合,4,复合短语
实验方法,4,复合短语
审核问询,4,复合短语
审理,4,普通词
家庭之间,4,复合短语
家庭人均,4,复合短语
家庭收入调查,4,复合短语
容忍度,4,普通词
容易引发,4,复合短语
富裕程度,4,复合短语
对于中国经济,4,复合短语
对于完善,4,复合短语
对于我国,4,复合短语
对于数字,4,复合短语
对于深入,4,复合短语
对于防范化解,4,复合短语
对内,4,普通词
对大,4,普通词
对此进行,4,复合短语
对照组,4,普通词
对称竞争,4,复合短语
对话,4,普通词
对象利用,4,复合短语
对象探讨,4,复合短语
对非,4,普通词
导致中国,4,复合短语
导致劳动,4,复合短语
导致资本,4,复合短语
封杀,4,普通词
封闭,4,普通词
小企业,4,普通词
小型,4,普通词
小微企业所得税,4,复合短语
小时,4,普通词
尤为明显,4,复合短语
尤为显著,4,复合短语
尤为重要,4,普通词
尤为重要本文,4,复合短语
就业促进,4,复合短语
就业创造,4,复合短语
就业岗位,4,复合短语
就业形态,4,复合短语
就业机会,4,普通词
就业比重,4,复合短语
层面分析,4,复合短语
层面存在,4,复合短语
层面宏观,4,复合短语
层面实证,4,复合短语
层面市场,4,复合短语
层面本文,4,复合短语
层面证据,4,复合短语
居民专家,4,复合短语
居民家庭,4,普通词
居民收入基尼系数,4,复合短语
居民消费倾向,4,复合短语
居民生育,4,复合短语
居民部门,4,复合短语
展开分析,4,复合短语
展示中国,4,复合短语
属权,4,普通词
履历,4,普通词
履约,4,普通词
崩盘风险信息,4,复合短语
工业企业微观,4,复合短语
工业用地出让,4,复合短语
工作实践,4,复合短语
工具企业,4,复合短语
工具变量进行,4,复合短语
工匠,4,普通词
工商注册信息,4,复合短语
工程系统,4,复合短语
工艺技术,4,普通词
工资刚性,4,复合短语
工资增长,4,复合短语
差分法评估,4,复合短语
差异化寡头,4,复合短语
差异化寡头模型,4,复合短语
差异化影响,4,复合短语
差异化监管,4,复合短语
差距基于,4,复合短语
市场二元,4,复合短语
市场产品,4,复合短语
市场传导,4,复合短语
市场传染,4,复合短语
市场促进,4,复合短语
市场信用,4,复合短语
市场健康,4,复合短语
市场公共,4,复合短语
市场内部,4,复合短语
市场分割程度,4,复合短语
市场创新,4,复合短语
市场势力市场,4,复合短语
市场化手段,4,复合短语
市场化程度较高,4,复合短语
市场发育,4,复合短语
市场发行利差,4,复合短语
市场基础,4,复合短语
市场完善,4,复合短语
市场实体经济,4,复合短语
市场对于,4,复合短语
市场导向,4,普通词
市场微观证据,4,复合短语
市场提供,4,复合短语
市场显著,4,复合短语
市场经济制度,4,复合短语
市场经济发展,4,复合短语
市场经济资本,4,复合短语
市场背景,4,复合短语
市场运行,4,复合短语
市场配置,4,复合短语
市场重要,4,复合短语
市场集中度,4,复合短语
市盈率,4,普通词
希克斯中性,4,复合短语
带来一定,4,复合短语
带来产业,4,复合短语
带来市场,4,复合短语
带来积极,4,复合短语
带来经济,4,复合短语
带领中国,4,复合短语
带领中国人民,4,复合短语
常用,4,普通词
平仓,4,普通词
平台举债,4,复合短语
平台产业,4,复合短语
平台以及,4,复合短语
平台可以,4,复合短语
平台证据,4,复合短语
平台资源,4,复合短语
平台降低,4,复合短语
平均工资,4,普通词
平均提高,4,复合短语
平均降低,4,复合短语
平行趋势假设,4,复合短语
年轻劳动力,4,复合短语
年间中国,4,复合短语
年龄人口,4,复合短语
年龄结构,4,普通词
并且这一效应,4,复合短语
并举,4,普通词
并会,4,普通词
并行,4,普通词
并购如何影响,4,复合短语
并购案例,4,复合短语
广东省,4,普通词
广延,4,普通词
广泛存在,4,复合短语
应对人口老龄化国家,4,复合短语
应有之义,4,复合短语
应用出口,4,复合短语
延拓,4,普通词
建党一百年,4,复合短语
建构中国自主,4,复合短语
建筑,4,普通词
建设中心,4,复合短语
建设企业,4,复合短语
建设创新型,4,复合短语
建设取得,4,复合短语
建设城市,4,复合短语
建设完善,4,复合短语
建设征程,4,复合短语
建设改革,4,复合短语
建设数字,4,复合短语
建设方面,4,复合短语
建设更好,4,复合短语
建设用地指标,4,复合短语
建设金融高质量,4,复合短语
开发区建设,4,复合短语
开发区政策,4,复合短语
开展中国,4,复合短语
开展数字化,4,复合短语
开放创新,4,复合短语
开放协同,4,复合短语
开放提升,4,复合短语
开放标准,4,复合短语
异地并购视角,4,复合短语
异常波动,4,复合短语
异象研究,4,复合短语
异质性个体,4,复合短语
异质性以及,4,复合短语
异质需求,4,复合短语
引入产品,4,复合短语
引入劳动力,4,复合短语
引入生产,4,复合短语
引力模型,4,复合短语
引发地方,4,复合短语
引领现代化,4,复合短语
弱于,4,普通词
弱势群体,4,普通词
弱化货币政策,4,复合短语
弱项,4,普通词
弹性成本,4,复合短语
强化知识产权保护,4,复合短语
强度双重,4,复合短语
强度双重差分,4,复合短语
强度影响,4,复合短语
强调加快,4,复合短语
归宿测算,4,复合短语
归纳案例,4,复合短语
当中,4,普通词
当前数字,4,复合短语
形塑,4,普通词
形成互补,4,复合短语
形成独特,4,复合短语
形成积极,4,复合短语
形成组织,4,复合短语
形象,4,普通词
彰显中国,4,复合短语
影响产业,4,复合短语
影响产业结构,4,复合短语
影响企业并购,4,复合短语
影响企业绩效,4,复合短语
影响因素研究,4,复合短语
影响大小,4,复合短语
影响存在异质性,4,复合短语
影响对于,4,复合短语
影响并且,4,复合短语
影响政府,4,复合短语
影响效果,4,复合短语
影响数字,4,复合短语
影响有限,4,复合短语
影响此基础,4,复合短语
影响渠道,4,复合短语
影响研究来自,4,复合短语
影响资本,4,复合短语
影响越大,4,复合短语
影子案例,4,复合短语
影子银行业务,4,复合短语
征管强度,4,复合短语
征管激励,4,复合短语
征缴,4,普通词
循环体系,4,复合短语
循环发展,4,复合短语
循环发展格局,4,复合短语
循环循环,4,复合短语
微观决策,4,复合短语
微观层面经验,4,复合短语
必然性,4,普通词
必要条件分析,4,复合短语
必要条件分析NCA,4,复合短语
必须遵循,4,复合短语
快速上涨,4,复合短语
快速发展背景,4,复合短语
快速扩张,4,复合短语
思想发展,4,复合短语
思想重要,4,复合短语
思想高质量,4,复合短语
思想高质量发展,4,复合短语
急剧,4,普通词
总体布局,4,普通词
总体性,4,普通词
总体福利,4,复合短语
总体设计,4,普通词
总是,4,普通词
总结提炼,4,复合短语
总需求管理政策,4,复合短语
恶性循环,4,普通词
情况进行,4,复合短语
情境研究,4,复合短语
成为世界,4,复合短语
成为国家治理,4,复合短语
成为影响,4,复合短语
成效问题,4,复合短语
成本劳动力,4,复合短语
成本快速,4,复合短语
成本提升,4,复合短语
成本效益,4,复合短语
成本最低工资,4,复合短语
成本视角,4,复合短语
成本降低效应,4,复合短语
成本风险,4,复合短语
成立以来我国,4,复合短语
成立作用,4,复合短语
成立进一步研究,4,复合短语
成长发展,4,复合短语
我国传统,4,复合短语
我国债券市场,4,复合短语
我国劳动力市场,4,复合短语
我国区域发展,4,复合短语
我国完善,4,复合短语
我国政府,4,复合短语
我国消费,4,复合短语
我国现行,4,复合短语
我国积极,4,复合短语
我国经济社会,4,复合短语
我国经济社会发展,4,复合短语
我国能源,4,复合短语
战略举措,4,复合短语
战略产业,4,复合短语
战略企业,4,复合短语
战略提升,4,复合短语
战略构建,4,复合短语
战略背景,4,复合短语
战略部署,4,普通词
战略重要,4,复合短语
户籍地,4,普通词
所有制经济,4,复合短语
所有制经济共同,4,复合短语
才能实现,4,复合短语
打击,4,普通词
打破债券市场,4,复合短语
打赢,4,普通词
扩大高水平,4,复合短语
扩大高水平对外开放,4,复合短语
扩张企业,4,复合短语
扩张型,4,普通词
扩张性货币政策,4,复合短语
扩张过程,4,复合短语
扭曲效应,4,复合短语
扶贫案例,4,复合短语
扶贫社会,4,复合短语
批判性,4,普通词
找准,4,普通词
承担风险,4,复合短语
技术优势企业,4,复合短语
技术如何,4,复合短语
技术引进中国,4,复合短语
技术机会,4,复合短语
技术机会窗口,4,复合短语
技术来源,4,复合短语
技术路径,4,复合短语
技术进步劳动力,4,复合短语
技术进步技术,4,复合短语
技术进步生产,4,复合短语
技能不同,4,复合短语
技能密集型,4,复合短语
技艺,4,普通词
把握数字,4,复合短语
抑价,4,普通词
抑制作用本文,4,复合短语
抑制经济增长,4,复合短语
投入创新,4,复合短语
投入创新产出,4,复合短语
投入劳动生产率,4,复合短语
投入视角,4,复合短语
投融资决策,4,复合短语
投资产生,4,复合短语
投资人,4,普通词
投资促进效应,4,复合短语
投资具有,4,复合短语
投资区域,4,复合短语
投资同时,4,复合短语
投资国际,4,复合短语
投资拉动,4,复合短语
投资支出,4,复合短语
投资显著,4,复合短语
投资机构,4,复合短语
投资水平显著,4,复合短语
投资波动,4,复合短语
投资理论,4,复合短语
投资程度,4,复合短语
投资者信息,4,复合短语
投资者如何,4,复合短语
投资者持股比例,4,复合短语
投资视角,4,复合短语
投非,4,普通词
折射出,4,普通词
披露投资者,4,复合短语
抬升,4,普通词
抵御外部,4,复合短语
担保债券,4,复合短语
担保发行,4,复合短语
担保视角,4,复合短语
拉动经济,4,复合短语
拉平,4,普通词
拍卖理论,4,复合短语
拓展深化,4,复合短语
拓展脱贫攻坚,4,复合短语
拥堵,4,普通词
持续健康,4,复合短语
持续健康发展,4,复合短语
持续发展提供,4,复合短语
持续增强,4,复合短语
持续成长,4,复合短语
持续提高,4,复合短语
持续攀升,4,复合短语
挂牌,4,普通词
挂钩,4,普通词
指定,4,普通词
指数提升,4,复合短语
指明,4,普通词
指标结合,4,复合短语
按劳分配主体,4,复合短语
按劳分配主体多种,4,复合短语
挑战数字,4,复合短语
挤出效应研究,4,复合短语
振兴重要,4,复合短语
损失函数,4,复合短语
据此提出,4,复合短语
据此本文提出,4,复合短语
排放效应,4,复合短语
探索理论,4,复合短语
探索研究,4,复合短语
探讨企业,4,复合短语
探讨我国,4,复合短语
探讨数字经济,4,复合短语
控制内生性,4,复合短语
推力,4,普通词
推动共建,4,复合短语
推动共建一带,4,复合短语
推动制造业,4,复合短语
推动地方政府,4,复合短语
推动数字经济,4,复合短语
推动服务业,4,复合短语
推动经济社会,4,复合短语
推动绿色发展,4,复合短语
推进乡村治理,4,复合短语
推进全国,4,复合短语
推进工业化,4,复合短语
推进放管服,4,复合短语
推进放管服改革,4,复合短语
推进数字化,4,复合短语
推进数字化转型,4,复合短语
推进新型,4,复合短语
推进社会主义,4,复合短语
推进金融,4,复合短语
推进高质量,4,复合短语
提供丰富,4,复合短语
提供事实依据,4,复合短语
提供企业,4,复合短语
提供参考借鉴,4,复合短语
提供启发参考,4,复合短语
提供商业,4,复合短语
提供崭新,4,复合短语
提供支持,4,复合短语
提供方法论,4,复合短语
提供有益借鉴,4,复合短语
提供有益理论,4,复合短语
提供现实,4,复合短语
提供理论依据政策,4,复合短语
提供理论解释,4,复合短语
提出优化,4,复合短语
提出全面,4,复合短语
提出完善,4,复合短语
提出构建,4,复合短语
提升产业链供应链,4,复合短语
提升人力资本,4,复合短语
提升企业出口,4,复合短语
提升企业创新,4,复合短语
提升企业生产率,4,复合短语
提升企业要素,4,复合短语
提升信息,4,复合短语
提升出口,4,复合短语
提升制造业,4,复合短语
提升国内,4,复合短语
提升国家治理,4,复合短语
提升居民,4,复合短语
提升持续,4,复合短语
提升效果,4,复合短语
提升有助于,4,复合短语
提升生产,4,复合短语
提升空间,4,复合短语
提升绿色,4,复合短语
提升行业,4,复合短语
提升资源,4,复合短语
提升资源配置,4,复合短语
提升资源配置效率,4,复合短语
提升金融服务,4,复合短语
提振效应,4,复合短语
提示,4,普通词
提高企业要素,4,复合短语
提高农村,4,复合短语
提高劳动力,4,复合短语
提高如何,4,复合短语
提高居民,4,复合短语
提高生产,4,复合短语
提高社保,4,复合短语
提高财务,4,复合短语
提高货币政策,4,复合短语
提高资源配置,4,复合短语
提高资源配置效率,4,复合短语
撰写,4,普通词
操纵行为,4,复合短语
支付共同富裕,4,复合短语
支出效率基于,4,复合短语
支出效率影响,4,复合短语
支出水平,4,复合短语
支出激励,4,复合短语
支出行为,4,复合短语
支出责任划分,4,复合短语
支持理论,4,复合短语
支持行业,4,复合短语
支撑实践,4,复合短语
支撑政策,4,复合短语
收付,4,普通词
收入分配共同富裕,4,复合短语
收入分配差距,4,复合短语
收入分配收入,4,复合短语
收入分配改善,4,复合短语
收入变化,4,复合短语
收入增长差距,4,复合短语
收入差距扩大,4,复合短语
收入弹性,4,复合短语
收入消费,4,复合短语
收集整理,4,普通词
改善地区,4,复合短语
改善城市,4,复合短语
改善来自,4,复合短语
改善民生,4,复合短语
改革优化,4,复合短语
改革作为,4,复合短语
改革具有,4,复合短语
改革历程,4,复合短语
改革可以,4,复合短语
改革地方政府,4,复合短语
改革增加,4,复合短语
改革完善,4,复合短语
改革实施,4,复合短语
改革实践,4,复合短语
改革措施,4,复合短语
改革提升,4,复合短语
改革政策,4,复合短语
改革方案,4,普通词
改革本文,4,复合短语
改革税收,4,复合短语
改革税负,4,复合短语
改革能够,4,复合短语
改革营商,4,复合短语
改革营商环境,4,复合短语
改革进程,4,复合短语
改革降低,4,复合短语
改革面临,4,复合短语
放大效应,4,复合短语
放宽,4,普通词
放弃,4,普通词
放管服改革营商,4,复合短语
政务环境,4,复合短语
政府之间,4,复合短语
政府共同,4,复合短语
政府分配,4,复合短语
政府可以通过,4,复合短语
政府平台企业,4,复合短语
政府数字化,4,复合短语
政府数字化转型,4,复合短语
政府数据,4,复合短语
政府治理能力,4,复合短语
政府环境,4,复合短语
政府监督,4,复合短语
政府经济,4,复合短语
政治学,4,普通词
政治经济,4,复合短语
政治经济学中国化,4,复合短语
政治经济学发展,4,复合短语
政治经济学当代,4,复合短语
政治经济学理论体系,4,复合短语
政治经济学视角,4,复合短语
政治逻辑,4,复合短语
政策价值,4,复合短语
政策企业创新,4,复合短语
政策优先,4,复合短语
政策传导,4,复合短语
政策作为自然实验,4,复合短语
政策具有显著,4,复合短语
政策农村,4,复合短语
政策减排,4,复合短语
政策劳动力,4,复合短语
政策取向,4,复合短语
政策含义在于,4,复合短语
政策实施效果,4,复合短语
政策导向,4,复合短语
政策层面,4,复合短语
政策引领,4,复合短语
政策思路,4,复合短语
政策成本,4,复合短语
政策手段,4,复合短语
政策技术,4,复合短语
政策方面,4,复合短语
政策生育,4,复合短语
政策生育意愿,4,复合短语
政策社会,4,复合短语
政策红利,4,复合短语
政策经验研究,4,复合短语
政策结构性,4,复合短语
政策要求,4,复合短语
政策设计提供,4,复合短语
政策试点,4,复合短语
政策调控,4,复合短语
政策预算,4,复合短语
政采贷,4,普通词
效应两种,4,复合短语
效应人力资本,4,复合短语
效应使得,4,复合短语
效应公司,4,复合短语
效应劳动力市场,4,复合短语
效应受到,4,复合短语
效应基金,4,复合短语
效应存在显著,4,复合短语
效应并且,4,复合短语
效应技术效应,4,复合短语
效应更为明显,4,复合短语
效应替代,4,复合短语
效应替代效应,4,复合短语
效应有利于,4,复合短语
效应渠道,4,复合短语
效应知识,4,复合短语
效应空间,4,复合短语
效应行业,4,复合短语
效应规模效应,4,复合短语
效应解释,4,复合短语
效应财政,4,复合短语
效应资源配置,4,复合短语
效应还是,4,复合短语
效应逐渐,4,复合短语
效果优于,4,复合短语
效果具有,4,复合短语
效果及其,4,复合短语
效果因此,4,复合短语
效果存在,4,复合短语
效果有限,4,复合短语
效果机制,4,复合短语
效果评价,4,复合短语
效率下降,4,复合短语
效率从而,4,复合短语
效率关系,4,复合短语
效率宏观,4,复合短语
效率差异,4,复合短语
效率损失本文,4,复合短语
效率更高,4,复合短语
效率来自中国,4,复合短语
效率研发,4,复合短语
效率要素生产率,4,复合短语
效率进一步,4,复合短语
效率高质量,4,复合短语
效率高质量发展,4,复合短语
效能提升,4,复合短语
数字供应链,4,复合短语
数字供应链金融,4,复合短语
数字化智能化,4,复合短语
数字化背景,4,复合短语
数字化赋能,4,复合短语
数字化转型促进,4,复合短语
数字化转型对于,4,复合短语
数字化转型影响,4,复合短语
数字化转型战略,4,复合短语
数字化转型数字,4,复合短语
数字化转型测度,4,复合短语
数字技术人工智能,4,复合短语
数字技术贸易,4,复合短语
数字竞争,4,复合短语
数字经济数据,4,复合短语
数字经济深度,4,复合短语
数字经济背景,4,复合短语
数字经济蓬勃发展,4,复合短语
数字经济货币政策,4,复合短语
数字经济通过,4,复合短语
数字资源,4,复合短语
数字金融金融,4,复合短语
数据上述,4,复合短语
数据价值,4,复合短语
数据作为生产,4,复合短语
数据包络,4,复合短语
数据处理,4,普通词
数据如何,4,复合短语
数据市场,4,复合短语
数据库中国海关,4,复合短语
数据文本,4,复合短语
数据文本分析,4,复合短语
数据本文考察,4,复合短语
数据构造,4,复合短语
数据生成,4,复合短语
数据相结合,4,复合短语
数据结构化数据,4,复合短语
数据计算,4,复合短语
数据证实,4,复合短语
数据金融,4,复合短语
数据首次,4,复合短语
数据驱动企业,4,复合短语
数据驱动新型,4,复合短语
数智经济,4,复合短语
数目,4,普通词
数量型货币政策,4,复合短语
整个经济,4,复合短语
整合性,4,普通词
文书,4,普通词
文化金融,4,复合短语
文本分析证据,4,复合短语
文本证据,4,复合短语
文献计量,4,复合短语
新一代人工智能,4,复合短语
新世纪,4,普通词
新型国际,4,复合短语
新型城镇化乡村,4,复合短语
新型城镇化发展,4,复合短语
新城,4,普通词
新安江,4,普通词
新形势下,4,普通词
新旧动能,4,复合短语
新质生产力推动,4,复合短语
新质生产力视角,4,复合短语
方向性距离,4,复合短语
方向性距离函数,4,复合短语
方向路径,4,复合短语
方式形成,4,复合短语
方式改变,4,复合短语
方式研究,4,复合短语
方式进行,4,复合短语
方法体系,4,复合短语
方法基础,4,复合短语
方法测算,4,复合短语
方法证据,4,复合短语
方面发挥,4,复合短语
方面本文,4,复合短语
方面表现,4,复合短语
无条件,4,普通词
无疑,4,普通词
既有文献,4,复合短语
日益增长美好生活,4,复合短语
日益增长美好生活需要,4,复合短语
日益复杂,4,复合短语
时代主题,4,复合短语
时代全面深化,4,复合短语
时代政府监管,4,复合短语
时代特征,4,普通词
时代财政,4,复合短语
时代重大,4,复合短语
时期中国区域,4,复合短语
时期推进,4,复合短语
时间差异,4,复合短语
时间趋势,4,复合短语
时间路径,4,复合短语
明显优于,4,复合短语
明显区域,4,复合短语
明显说明,4,复合短语
易于,4,普通词
显著优势,4,复合短语
显著传导,4,复合短语
显著低于,4,复合短语
显著大于,4,复合短语
显著强于,4,复合短语
显著改善企业,4,复合短语
显著缓解,4,复合短语
显著缩小,4,复合短语
晋升,4,普通词
晚清,4,普通词
普及率,4,普通词
普惠金融高质量,4,复合短语
普适,4,普通词
普遍性,4,普通词
普遍规律,4,普通词
智慧中国方案,4,复合短语
智慧力量,4,复合短语
智能制造模式,4,复合短语
更为严重,4,普通词
更为明显机制,4,复合短语
更为重要,4,普通词
更加凸显,4,复合短语
更加重要,4,复合短语
更受,4,普通词
更大企业,4,复合短语
更好结合,4,复合短语
更广,4,普通词
更强本文研究,4,复合短语
更能有效,4,复合短语
更迭,4,普通词
更高进一步,4,复合短语
最优区间,4,复合短语
最优货币政策,4,复合短语
最后我们,4,复合短语
最小化,4,普通词
最终影响,4,复合短语
最终目标,4,普通词
有力推动,4,复合短语
有助于丰富,4,复合短语
有助于促进企业,4,复合短语
有助于减少,4,复合短语
有助于增强,4,复合短语
有助于我国,4,复合短语
有助于揭示,4,复合短语
有助于更好,4,复合短语
有助于深入理解,4,复合短语
有助于解决,4,复合短语
有助于防范,4,复合短语
有助于降低企业,4,复合短语
有所下降,4,复合短语
有所减弱,4,复合短语
有效利用,4,复合短语
有效协同,4,复合短语
有效性本文,4,复合短语
有效性研究基于,4,复合短语
有效抑制企业,4,复合短语
有效治理,4,复合短语
有效补充,4,复合短语
有效解决,4,复合短语
有机结合起来,4,复合短语
有用,4,普通词
有益借鉴,4,复合短语
有益理论,4,复合短语
服务业结构,4,复合短语
服务业部门,4,复合短语
服务中心,4,普通词
服务企业,4,复合短语
期待,4,普通词
期限错配债务,4,复合短语
未来产业,4,复合短语
未能充分,4,复合短语
本文不仅拓展,4,复合短语
本文以下,4,复合短语
本文供应链,4,复合短语
本文依据,4,复合短语
本文信息,4,复合短语
本文全面,4,复合短语
本文关注,4,复合短语
本文利用2009,4,复合短语
本文劳动力,4,复合短语
本文基于2007,4,复合短语
本文基于2011,4,复合短语
本文基于2016,4,复合短语
本文市场,4,复合短语
本文技术,4,复合短语
本文提出基于,4,复合短语
本文政府,4,复合短语
本文数字,4,复合短语
本文构造,4,复合短语
本文研究拓展,4,复合短语
本文经典,4,复合短语
本文结论对于,4,复合短语
本文给出,4,复合短语
本文设计,4,复合短语
本文通过建立,4,复合短语
本文量化,4,复合短语
本文银行,4,复合短语
机会主义行为,4,复合短语
机制共同,4,复合短语
机制加强,4,复合短语
机制包括,4,复合短语
机制宏观,4,复合短语
机制宏观效应,4,复合短语
机制数字,4,复合短语
机制有助于,4,复合短语
机制本文认为,4,复合短语
机制横向,4,复合短语
机制监管,4,复合短语
机制研究来自,4,复合短语
机制竞争,4,复合短语
机制运用,4,复合短语
机制这一,4,复合短语
机构组织,4,复合短语
机械,4,普通词
机理利用,4,复合短语
机理及其,4,复合短语
机理本文,4,复合短语
机电,4,普通词
权力配置,4,复合短语
权属,4,普通词
权限,4,普通词
村庄治理,4,复合短语
村社,4,普通词
杠杆效果,4,复合短语
条件位数,4,复合短语
条件位数回归,4,复合短语
条件变化,4,复合短语
条件本文,4,复合短语
来自一带,4,复合短语
来自一带一路,4,复合短语
来自三线建设,4,复合短语
来自三线建设地区,4,复合短语
来自企业,4,复合短语
来自农村,4,复合短语
来自制造业,4,复合短语
来自小微企业,4,复合短语
来自数字,4,复合短语
来自智慧,4,复合短语
来自省级,4,复合短语
来自省级政府,4,复合短语
松绑,4,普通词
极具,4,普通词
极大似然法,4,复合短语
极大改变,4,复合短语
极限,4,普通词
构建一个多部门,4,复合短语
构建一个考虑,4,复合短语
构建一般,4,复合短语
构建中国自主,4,复合短语
构建企业层面,4,复合短语
构建数字平台,4,复合短语
构建过程,4,复合短语
构建部门,4,复合短语
构造双重,4,复合短语
构造双重差分,4,复合短语
标准通过,4,复合短语
标记,4,普通词
样本考察,4,复合短语
核心产业,4,复合短语
核心内容,4,普通词
核心技术技术,4,复合短语
核心概念,4,复合短语
核算问题,4,复合短语
格局全球价值链,4,复合短语
格局具有重要,4,复合短语
格局本质特征,4,复合短语
格局演变,4,复合短语
框架使用,4,复合短语
框架引入,4,复合短语
框架探讨,4,复合短语
框架揭示,4,复合短语
案例探索性,4,复合短语
案例探索性研究,4,复合短语
桥梁,4,普通词
梳理总结,4,复合短语
检查证据,4,复合短语
检验实证,4,复合短语
概念基础,4,复合短语
概率显著,4,复合短语
概率本文,4,复合短语
概率降低,4,复合短语
樊纲,4,普通词
模块化,4,普通词
模型事实,4,复合短语
模型企业,4,复合短语
模型参数,4,复合短语
模型工具变量,4,复合短语
模型文本,4,复合短语
模型此基础,4,复合短语
模型测度,4,复合短语
模型消费,4,复合短语
模型系统评估,4,复合短语
模型结合,4,复合短语
模型证据,4,复合短语
模型资产,4,复合短语
模型资产定价,4,复合短语
模型首次,4,复合短语
模式匹配,4,普通词
模式发生,4,复合短语
模式转变,4,复合短语
模式转换,4,复合短语
模式选择基于,4,复合短语
模拟实验,4,普通词
模拟显示,4,复合短语
欠佳,4,普通词
次数,4,普通词
欧洲,4,普通词
欧美,4,普通词
正向关系,4,复合短语
正常,4,普通词
正是,4,普通词
正面作用,4,复合短语
此基础本文提出,4,复合短语
此类,4,普通词
步骤,4,普通词
比例提高,4,复合短语
比如,4,普通词
比较优势区域,4,复合短语
比较生产力,4,复合短语
比重下降,4,复合短语
比重提高,4,复合短语
毫不动摇,4,普通词
民心,4,普通词
民心相通,4,复合短语
民生保障,4,复合短语
民营企业融资成本,4,复合短语
民营企业融资难,4,复合短语
气派,4,普通词
水平上升,4,复合短语
水平城市,4,复合短语
水平大幅,4,复合短语
水平差距,4,复合短语
水平攀升,4,复合短语
水平越低,4,复合短语
水平达到,4,复合短语
水电,4,普通词
水稻,4,普通词
永续,4,普通词
江水,4,普通词
污染问题,4,复合短语
汲取,4,普通词
沉没,4,普通词
沉没成本,4,复合短语
沟通文本,4,复合短语
没有影响,4,复合短语
没有明显影响,4,复合短语
治理以及,4,复合短语
治理体系构建,4,复合短语
治理体系重要,4,复合短语
治理发展,4,复合短语
治理变革,4,复合短语
治理合作,4,复合短语
治理国际,4,复合短语
治理基础重要,4,复合短语
治理建构,4,复合短语
治理改革,4,复合短语
治理数字化,4,复合短语
治理数据,4,复合短语
治理治理,4,复合短语
治理特征,4,复合短语
治理范式,4,复合短语
沿海,4,普通词
沿线国家证据,4,复合短语
沿革,4,普通词
法定缴费,4,复合短语
法对,4,普通词
法治化,4,普通词
法治建设,4,复合短语
泡沫理论,4,复合短语
注册信息,4,复合短语
注意力经济,4,复合短语
注意力配置,4,复合短语
泰勒,4,普通词
洪水,4,普通词
活力促进,4,复合短语
活动产生,4,复合短语
活动显著,4,复合短语
活动进一步,4,复合短语
流动人口动态监测,4,复合短语
流动区域,4,复合短语
流动基于企业,4,复合短语
流动异地并购,4,复合短语
流动影响研究,4,复合短语
流动性传导,4,复合短语
流动性资本,4,复合短语
流动负债,4,复合短语
流动重要,4,复合短语
流动障碍,4,复合短语
流转农地,4,复合短语
流转农户,4,复合短语
流转土地,4,复合短语
流转行为,4,复合短语
测度分析基于,4,复合短语
测度风险,4,复合短语
测算中国,4,复合短语
测算分析,4,复合短语
测算得到,4,复合短语
浙江,4,普通词
消纳,4,普通词
消费性,4,普通词
消费扩张,4,复合短语
消费提高,4,复合短语
消费水平,4,普通词
消费消费,4,复合短语
消费消费结构,4,复合短语
消费社会,4,复合短语
消费社会网络,4,复合短语
消费者剩余,4,复合短语
消费者隐私,4,复合短语
消费视角,4,复合短语
深入考察,4,复合短语
深刻变化,4,复合短语
深化中国,4,复合短语
深化企业,4,复合短语
深化我国,4,复合短语
深化经济,4,复合短语
深度转型,4,复合短语
深度转型升级,4,复合短语
混合式,4,普通词
混频动态,4,复合短语
混频动态因子,4,复合短语
混频数据,4,复合短语
清政府,4,普通词
渐进双重,4,复合短语
渗透到,4,普通词
渠道推动,4,复合短语
溢价存在,4,复合短语
溢价视角,4,复合短语
溢出效应作用,4,复合短语
溢出效应基于,4,复合短语
溢出效应影响,4,复合短语
溢出效应研究,4,复合短语
溢出融资,4,复合短语
溢出视角,4,复合短语
演进一个,4,复合短语
演进理论逻辑,4,复合短语
演进脉络,4,复合短语
潜藏,4,普通词
激励创新,4,复合短语
激励性,4,普通词
激励显著促进,4,复合短语
激励还是抑制,4,复合短语
激发企业,4,复合短语
激发市场,4,复合短语
激发市场活力,4,复合短语
热点问题,4,普通词
然后本文,4,复合短语
煤价,4,普通词
牢牢,4,普通词
物质基础,4,普通词
物质文明,4,普通词
物量,4,普通词
特色农业,4,复合短语
特色社会主义制度,4,复合短语
特色社会主义进入,4,复合短语
特许权,4,普通词
状态企业,4,复合短语
独立自主,4,普通词
率先,4,普通词
环保部门,4,普通词
环境不确定性,4,复合短语
环境企业,4,复合短语
环境市场,4,复合短语
环境建设,4,复合短语
环境条件,4,复合短语
环境治理结构,4,复合短语
环境规制产业,4,复合短语
环境风险,4,复合短语
现代化乡村振兴,4,复合短语
现代化共同,4,复合短语
现代化国家首要任务,4,复合短语
现代化工业化,4,复合短语
现代化必然,4,复合短语
现代化思想,4,复合短语
现代化推进,4,复合短语
现代化道路中国,4,复合短语
现代化重要内容,4,复合短语
现代化高质量,4,复合短语
现代化高质量发展,4,复合短语
现代性,4,普通词
现实问题本文,4,复合短语
现有文献对于,4,复合短语
现阶段我国,4,复合短语
理化,4,普通词
理工类,4,普通词
理应,4,普通词
理解企业,4,复合短语
理解当前,4,复合短语
理论中国特色,4,复合短语
理论体系构建,4,复合短语
理论依据政策参考,4,复合短语
理论借鉴,4,复合短语
理论及其,4,复合短语
理论实践启示,4,复合短语
理论揭示,4,复合短语
理论支撑实践,4,复合短语
理论支撑政策,4,复合短语
理论数字经济,4,复合短语
理论方面,4,复合短语
理论模型揭示,4,复合短语
理论深化,4,复合短语
理论经验研究,4,复合短语
理论经验证据,4,复合短语
理论解释经验,4,复合短语
理论马克思主义政治经济学,4,复合短语
甄别,4,普通词
甚至消失,4,复合短语
生产关联,4,复合短语
生产分工,4,复合短语
生产力推动,4,复合短语
生产力视角,4,复合短语
生产成本,4,普通词
生产方式变革,4,复合短语
生产率企业创新,4,复合短语
生产率制造业,4,复合短语
生产率溢出,4,复合短语
生产率要素,4,复合短语
生产网络一般,4,复合短语
生产网络内生,4,复合短语
生产能力,4,普通词
生产规模,4,复合短语
生产资源,4,复合短语
生产部门,4,复合短语
生态可以,4,复合短语
生态环境治理,4,复合短语
生活质量,4,复合短语
生物,4,普通词
生育政策生育,4,复合短语
生育率生育,4,复合短语
用地出让,4,复合短语
用地指标,4,复合短语
用户规模,4,复合短语
用户需求,4,复合短语
用来,4,普通词
由于中国,4,复合短语
由此构建,4,复合短语
电商产业,4,复合短语
电商产业政策,4,复合短语
电商平台企业,4,复合短语
电子商务农村,4,复合短语
电子商务农村综合,4,复合短语
电子商务平台,4,复合短语
画像,4,普通词
疫情影响,4,复合短语
百分点本文,4,复合短语
百年历史,4,复合短语
百年奋斗,4,复合短语
百年实践,4,复合短语
监控,4,普通词
监测预警,4,复合短语
监督财政部,4,复合短语
监督财政部会计信息,4,复合短语
监管强度,4,复合短语
监管措施,4,复合短语
监管机制,4,复合短语
监管治理,4,复合短语
目前鲜有,4,复合短语
目标企业,4,复合短语
目标体系,4,复合短语
目标基本,4,复合短语
目标平衡,4,复合短语
目标我国,4,复合短语
目标政府,4,复合短语
直接冲击,4,复合短语
直接证据,4,复合短语
相一致,4,普通词
相互关系,4,复合短语
相互强化,4,复合短语
相关指标,4,复合短语
相关稳定,4,复合短语
相对福利,4,复合短语
相对需求,4,复合短语
相机决策,4,复合短语
相符,4,普通词
相邻,4,普通词
省份可变,4,复合短语
省份可变折旧率,4,复合短语
省区,4,普通词
省级层面,4,复合短语
省级统筹,4,复合短语
省部,4,普通词
省际贸易壁垒,4,复合短语
看不见,4,普通词
眼光,4,普通词
着手,4,普通词
矢量,4,普通词
知识学习,4,复合短语
知识水平,4,复合短语
短期利率,4,复合短语
短板弱项,4,复合短语
研究中国情境,4,复合短语
研究兼论中国,4,复合短语
研究内容,4,复合短语
研究创业,4,复合短语
研究大多,4,复合短语
研究对于理解,4,复合短语
研究对象探讨,4,复合短语
研究微观,4,复合短语
研究探讨,4,复合短语
研究来自中国,4,复合短语
研究核心,4,复合短语
研究理解中国,4,复合短语
研究立足,4,复合短语
研究结论意味着,4,复合短语
研究缺口,4,复合短语
研究范畴,4,复合短语
研究重点,4,复合短语
研讨,4,普通词
破坏效应,4,复合短语
硬件,4,普通词
确认,4,普通词
碎片,4,普通词
示范城市,4,复合短语
社会主义市场经济发展,4,复合短语
社会主义市场经济资本,4,复合短语
社会主义经济建设,4,复合短语
社会主义进入,4,复合短语
社会主义进入时代,4,复合短语
社会互动,4,复合短语
社会产出,4,复合短语
社会保险费率,4,复合短语
社会保障体系,4,复合短语
社会养老保险制度,4,复合短语
社会再生产,4,复合短语
社会力量,4,复合短语
社会各界关注,4,复合短语
社会性,4,普通词
社会消费,4,复合短语
社会福利损失,4,复合短语
社会福利水平,4,复合短语
社会经济发展,4,复合短语
社会网络效应,4,复合短语
社会问题,4,复合短语
社保缴费劳动力,4,复合短语
社保缴费负担,4,复合短语
禀赋差距,4,复合短语
福利效应研究,4,复合短语
种植家庭,4,复合短语
种植家庭农场,4,复合短语
科学制定,4,复合短语
科学宏观调控,4,复合短语
科技发展,4,复合短语
科技强国,4,复合短语
科技案例,4,复合短语
科研机构,4,普通词
积极主动,4,普通词
积极参与,4,普通词
积极效应,4,复合短语
程度不同,4,复合短语
程度削弱,4,复合短语
程度取决于,4,复合短语
程度同时,4,复合短语
程度地区,4,复合短语
程度缓解,4,复合短语
程度越低,4,复合短语
程度越大,4,复合短语
程度较高企业,4,复合短语
程度较高地区,4,复合短语
税债,4,普通词
税收优惠政策,4,复合短语
税收体系,4,复合短语
税收返还,4,复合短语
税率企业,4,复合短语
稳妥推进,4,复合短语
稳定基于,4,复合短语
稳定提供,4,复合短语
稳定汇率,4,复合短语
稳定经济,4,复合短语
稳步推进,4,复合短语
空气质量,4,普通词
空白,4,普通词
空缺,4,普通词
空间分布影响,4,复合短语
空间本文,4,复合短语
空间经济,4,复合短语
空间经济学,4,复合短语
空间配置效率,4,复合短语
突围,4,普通词
突破国产,4,复合短语
突破国产替代,4,复合短语
立足发展,4,复合短语
立足发展阶段,4,复合短语
立足我国,4,复合短语
竞争产业政策,4,复合短语
竞争力实现,4,复合短语
竞争地区,4,复合短语
竞争水平,4,复合短语
竞争降低,4,复合短语
第一个百年,4,复合短语
第一个百年奋斗目标,4,复合短语
第五,4,普通词
等价,4,普通词
策略创新,4,复合短语
策略实现,4,复合短语
筛选效应,4,复合短语
管制企业,4,复合短语
管理体制治理,4,复合短语
管理学领域,4,复合短语
管理层讨论,4,复合短语
管理层讨论分析,4,复合短语
管理机制,4,普通词
管理真实,4,复合短语
管理部门,4,复合短语
粮食生产,4,复合短语
精准施策,4,复合短语
精准脱贫,4,复合短语
精神文明,4,普通词
精细化,4,普通词
系统地分析,4,复合短语
系统性金融风险市场,4,复合短语
系统性金融风险底线,4,复合短语
系统性金融风险非线性,4,复合短语
系统性风险具有,4,复合短语
系统性风险影响,4,复合短语
系统总结,4,复合短语
系统探索,4,复合短语
系统稳定性,4,复合短语
系统论,4,普通词
系统设计,4,复合短语
系统重要性,4,复合短语
紧缩性,4,普通词
紧缩效应,4,复合短语
紧迫性,4,普通词
累积效应,4,复合短语
约束供应链,4,复合短语
约束农业,4,复合短语
约束地方,4,复合短语
约束效应,4,复合短语
约束较强,4,复合短语
级别,4,普通词
纯粹,4,普通词
纲领,4,普通词
纵向失衡地方,4,复合短语
纵深,4,普通词
纽带,4,普通词
线上市场,4,复合短语
组合实现,4,复合短语
组合收益率,4,复合短语
组合方式,4,复合短语
组态分析,4,复合短语
组织产业,4,复合短语
组织产业组织,4,复合短语
组织制度,4,复合短语
组织建设,4,复合短语
组织形态,4,复合短语
组织政策,4,复合短语
组织方式,4,复合短语
经济下行压力,4,复合短语
经济主体预期,4,复合短语
经济健康,4,复合短语
经济共同,4,复合短语
经济共同发展,4,复合短语
经济兴起,4,复合短语
经济刺激,4,复合短语
经济动因,4,复合短语
经济区域,4,复合短语
经济发展动能,4,复合短语
经济史,4,普通词
经济合作,4,复合短语
经济周期波动,4,复合短语
经济增速放缓,4,复合短语
经济增长宏观,4,复合短语
经济增长方式,4,复合短语
经济增长来自,4,复合短语
经济增长速度,4,复合短语
经济学体系,4,复合短语
经济学实证,4,复合短语
经济带来,4,复合短语
经济平台,4,复合短语
经济平台经济,4,复合短语
经济平稳,4,复合短语
经济建设中心,4,复合短语
经济恢复,4,复合短语
经济持续增长,4,复合短语
经济指标,4,普通词
经济效益,4,普通词
经济条件,4,复合短语
经济核心产业,4,复合短语
经济波动金融,4,复合短语
经济潜在,4,复合短语
经济潜在增长率,4,复合短语
经济状况,4,复合短语
经济现象,4,复合短语
经济社会福利,4,复合短语
经济空间,4,复合短语
经济繁荣,4,普通词
经济绩效,4,复合短语
经济行业,4,复合短语
经济衰退,4,普通词
经济解释,4,复合短语
经济货币政策,4,复合短语
经济进入,4,复合短语
经济逻辑,4,复合短语
经济高速,4,复合短语
经营模式,4,复合短语
经营能力,4,复合短语
经营行为,4,复合短语
经验丰富,4,复合短语
经验基于,4,复合短语
经验展望,4,复合短语
经验支持,4,复合短语
经验积累,4,复合短语
经验证据本文,4,复合短语
结合中国经济学,4,复合短语
结合推进,4,复合短语
结构区域,4,复合短语
结构变迁基于,4,复合短语
结构向量,4,复合短语
结构向量回归,4,复合短语
结构市场,4,复合短语
结构异质性,4,复合短语
结构式估计,4,复合短语
结构微观,4,复合短语
结构性变化,4,复合短语
结构演进,4,复合短语
结构网络,4,复合短语
结构转变,4,复合短语
结构转型过程,4,复合短语
结构进而,4,复合短语
结论仍然成立,4,复合短语
结论如下,4,复合短语
结论显示,4,复合短语
结转,4,普通词
继起,4,普通词
绩效基于中国,4,复合短语
绩效本文,4,复合短语
绩效重要,4,复合短语
综上本文,4,复合短语
综合判断,4,复合短语
综合示范,4,复合短语
综合评价,4,复合短语
绿色创新企业,4,复合短语
绿色开放,4,复合短语
绿色开放共享,4,复合短语
缓冲机制,4,复合短语
缓解金融,4,复合短语
编码,4,普通词
缩减,4,普通词
缩小地区,4,复合短语
缩小城乡居民,4,复合短语
缩小收入,4,复合短语
缴费劳动力,4,复合短语
网站,4,普通词
网络一般,4,复合短语
网络一般均衡,4,复合短语
网络产品,4,复合短语
网络产生,4,复合短语
网络位势,4,复合短语
网络信息,4,复合短语
网络异质性,4,复合短语
网络技术,4,复合短语
网络构建,4,复合短语
网络非正式,4,复合短语
罚款,4,普通词
羊群行为,4,复合短语
美丽,4,普通词
美债,4,普通词
美国加征,4,复合短语
美国加征关税,4,复合短语
群体之间,4,复合短语
群体福利,4,复合短语
群组,4,普通词
群聚分析,4,复合短语
老少,4,普通词
考察数字经济,4,复合短语
考察期内中国,4,复合短语
考察金融,4,复合短语
考察银行,4,复合短语
考虑中国,4,复合短语
考虑内生性,4,复合短语
而且企业,4,复合短语
而言中国,4,复合短语
股价信息含量,4,复合短语
股份制银行,4,复合短语
股指,4,普通词
股票收益率,4,复合短语
股票组合,4,复合短语
肯定,4,普通词
背景中国企业,4,复合短语
能力显著,4,复合短语
能力生态,4,复合短语
能力能够,4,复合短语
能力通过,4,复合短语
能否提升,4,复合短语
能否激励,4,复合短语
能够改善,4,复合短语
能源电力,4,复合短语
脉络未来,4,复合短语
脉络未来展望,4,复合短语
脱离,4,普通词
腹地,4,普通词
自治区直辖市,4,复合短语
自源性,4,普通词
自然实验实证,4,复合短语
自然实验本文,4,复合短语
自然实验考察,4,复合短语
自然实验运用,4,复合短语
自由贸易试验区建设,4,复合短语
自营,4,普通词
自费,4,普通词
至上,4,普通词
至关重要作用,4,复合短语
致贫,4,普通词
航天,4,普通词
英美,4,普通词
药价改革,4,复合短语
获取能力,4,复合短语
获得减税,4,复合短语
营商环境基于,4,复合短语
落脚点,4,普通词
蒙牛,4,普通词
蓄水池,4,普通词
蔬菜,4,普通词
蕴含着,4,普通词
薪资,4,普通词
融合创新驱动,4,复合短语
融合视角,4,复合短语
融资平台举债,4,复合短语
融资挤出,4,复合短语
融资方式,4,复合短语
融资期限,4,复合短语
融资机制,4,复合短语
融资约束较强,4,复合短语
融资能力,4,复合短语
螺旋式,4,普通词
行业创新,4,复合短语
行业劳动,4,复合短语
行业排放,4,复合短语
行业溢出,4,复合短语
行业溢出效应,4,复合短语
行业生产,4,复合短语
行业资源配置效率,4,复合短语
行为双重,4,复合短语
行为抑制作用,4,复合短语
行为提供,4,复合短语
行为经济,4,复合短语
行为通过,4,复合短语
行动策略,4,复合短语
行政区,4,普通词
行政区域,4,普通词
行政垄断,4,复合短语
补贴激励,4,复合短语
补贴补贴,4,复合短语
表外,4,普通词
表现互补,4,复合短语
表现更为明显,4,复合短语
表现更加明显,4,复合短语
表现更好,4,复合短语
表示,4,普通词
衰竭,4,普通词
被动,4,普通词
裁判,4,普通词
西进,4,普通词
要求挑战,4,复合短语
要素产业,4,复合短语
要素数据交易,4,复合短语
要素替代效应,4,复合短语
要素流动企业,4,复合短语
要素流通,4,复合短语
要素生产率制造业,4,复合短语
要素生产率技术,4,复合短语
要素生产率提高,4,复合短语
要素生产率结构,4,复合短语
要素生产率要素,4,复合短语
要素边际,4,复合短语
要素边际产出,4,复合短语
覆盖面,4,普通词
观察点数据,4,复合短语
规则经济,4,复合短语
规制产业,4,复合短语
规制强度,4,复合短语
规律促进,4,复合短语
规律认识,4,复合短语
规模不断扩大,4,复合短语
规模企业,4,复合短语
规模增加,4,复合短语
规模报酬递增,4,复合短语
规模持续,4,复合短语
规模提高,4,复合短语
规模更大,4,复合短语
规模测算,4,复合短语
规模经济效应,4,复合短语
视角中国式,4,复合短语
视角中国式现代化,4,复合短语
视角企业,4,复合短语
视角出发构建,4,复合短语
视角切入,4,复合短语
视角剖析,4,复合短语
视角案例,4,复合短语
视角案例研究,4,复合短语
视角理论实证,4,复合短语
视角纵向,4,复合短语
视角纵向案例,4,复合短语
视角解释,4,复合短语
视角验证,4,复合短语
角度探讨,4,复合短语
角度来看,4,复合短语
角度考察,4,复合短语
角度解释,4,复合短语
角度进行,4,复合短语
解决关键问题,4,复合短语
解放发展生产力,4,复合短语
解释中国经济,4,复合短语
解释企业,4,复合短语
认为人口,4,复合短语
认真,4,普通词
训练,4,普通词
论新,4,普通词
设立企业,4,复合短语
设立显著,4,复合短语
设立经验,4,复合短语
设立经验证据,4,复合短语
设计企业,4,复合短语
设计具有,4,复合短语
设计市场,4,复合短语
设计本文,4,复合短语
设计理论,4,复合短语
证券监管,4,普通词
证券监管投资者,4,复合短语
证券监管投资者保护,4,复合短语
评价指标体系,4,复合短语
评级担保发行,4,复合短语
识别企业,4,复合短语
试点城市,4,复合短语
试点证据,4,复合短语
试验区建设,4,复合短语
话语权,4,普通词
该国,4,普通词
语言模型文本,4,复合短语
语言模型证据,4,复合短语
语言特征,4,复合短语
误区,4,普通词
说明创新,4,复合短语
调控经济,4,复合短语
调整产业结构,4,复合短语
调整影响,4,复合短语
调整政策,4,复合短语
调查CHFS,4,复合短语
调查数据估计,4,复合短语
调查数据实证,4,复合短语
调查数据本文,4,复合短语
调节收入,4,复合短语
调节收入分配,4,复合短语
谨慎,4,普通词
谷歌,4,普通词
贝叶斯结构,4,复合短语
贝叶斯结构向量,4,复合短语
负债率,4,普通词
负向关系,4,复合短语
负向调节,4,复合短语
负担财政,4,复合短语
负责投资,4,复合短语
负面作用,4,复合短语
负面效应,4,普通词
财产差距,4,复合短语
财产权利,4,普通词
财务报告,4,普通词
财富性质,4,复合短语
财政国家治理,4,复合短语
财政学,4,普通词
财政平衡,4,复合短语
财政政策中国,4,复合短语
财政政策效果研究,4,复合短语
财政政策财政,4,复合短语
财政紧缩,4,复合短语
财政资金直达,4,复合短语
财政资金直达机制,4,复合短语
财政金融协同地方,4,复合短语
财政预决算,4,复合短语
责任划分,4,复合短语
责任社会,4,复合短语
账户开放,4,复合短语
货币分流,4,复合短语
货币政策传导效果,4,复合短语
货币政策协调配合,4,复合短语
货币流通制度,4,复合短语
货币金融,4,复合短语
质变,4,普通词
质性分析研究,4,复合短语
质押市场,4,复合短语
质量变动,4,复合短语
质量基于,4,复合短语
质量效率,4,复合短语
质量越高,4,复合短语
质量阶梯模型,4,复合短语
贫困县经验,4,复合短语
贫困县经验证据,4,复合短语
贫困问题,4,复合短语
购置,4,普通词
贯穿,4,普通词
贵州,4,普通词
贷款价值,4,复合短语
贸易伙伴,4,复合短语
贸易体系,4,复合短语
贸易投资,4,复合短语
费孝通,4,普通词
资产泡沫理论,4,复合短语
资产配置基于,4,复合短语
资料来源,4,复合短语
资本主义市场经济,4,复合短语
资本产出,4,复合短语
资本体现,4,复合短语
资本体现技术,4,复合短语
资本再生产理论,4,复合短语
资本外逃,4,普通词
资本密集型行业,4,复合短语
资本市场实体,4,复合短语
资本技能劳动,4,复合短语
资本折旧,4,复合短语
资本支出,4,复合短语
资本模型,4,复合短语
资本流出,4,复合短语
资本生产,4,复合短语
资本账户,4,复合短语
资本账户开放,4,复合短语
资本驱动,4,复合短语
资本高技能劳动,4,复合短语
资源分配,4,普通词
资源创新,4,复合短语
资源实现,4,复合短语
资源有效,4,复合短语
资源行动,4,复合短语
资源要素,4,复合短语
资源配置扭曲,4,复合短语
资源配置效率要素,4,复合短语
资源配置模式,4,复合短语
资源配置视角,4,复合短语
资源集聚,4,复合短语
资质债券,4,复合短语
资金占用金融,4,复合短语
资金占用金融获利,4,复合短语
资金进入,4,复合短语
赋能作用,4,复合短语
赋能协同,4,复合短语
赋能管理学,4,复合短语
赞成票,4,普通词
赢得,4,普通词
起来起来,4,复合短语
超常,4,普通词
超生,4,普通词
超额利润,4,普通词
越强本文,4,复合短语
越来越重要,4,复合短语
越高企业,4,复合短语
趋势中国,4,复合短语
趋势假设,4,复合短语
趋势周期,4,复合短语
趋势性,4,普通词
趋势本文,4,复合短语
跨国投资,4,复合短语
跨境电商产业政策,4,复合短语
跨学科,4,普通词
路线,4,普通词
路网,4,普通词
跳升,4,普通词
身股,4,普通词
转为,4,普通词
转化率,4,普通词
转变经济增长,4,复合短语
转变过程,4,复合短语
转型典型,4,复合短语
转型农业,4,复合短语
转型升级影响,4,复合短语
转型发展基于,4,复合短语
转型对于,4,复合短语
转型战略,4,复合短语
转型数字,4,复合短语
转型新型,4,复合短语
转型显著,4,复合短语
转型测度,4,复合短语
转型特征,4,复合短语
转型研究,4,复合短语
转型背景,4,复合短语
转型能够,4,复合短语
转型能够显著,4,复合短语
转型规律,4,复合短语
转嫁归宿,4,复合短语
转折点,4,普通词
转换中国,4,复合短语
转移动态,4,复合短语
转移支付共同富裕,4,复合短语
转让定价,4,复合短语
较为有限,4,复合短语
较为重要,4,复合短语
较大企业,4,复合短语
较大差异,4,复合短语
较少,4,普通词
较差地区,4,复合短语
较长,4,普通词
辅助,4,普通词
辖区企业,4,复合短语
边区,4,普通词
边界效应来自,4,复合短语
边际作用,4,复合短语
边际增长,4,复合短语
边际集约,4,复合短语
边际集约边际,4,复合短语
达到一定,4,复合短语
达到最优,4,复合短语
迅猛发展,4,普通词
迅速崛起,4,复合短语
过早,4,普通词
过渡,4,普通词
过程企业,4,复合短语
过程具有,4,复合短语
过程存在,4,复合短语
过程实现,4,复合短语
过程机制基于,4,复合短语
过程机制研究,4,复合短语
过程机理研究,4,复合短语
过程质性,4,复合短语
过程质性分析,4,复合短语
过程资源,4,复合短语
过程面临,4,复合短语
过高,4,普通词
运行状态,4,复合短语
近十年,4,普通词
还要,4,普通词
这一机制,4,复合短语
这一特征,4,复合短语
这种促进作用,4,复合短语
这种现象,4,复合短语
进一步利用,4,复合短语
进一步提出,4,复合短语
进一步改善,4,复合短语
进一步采用,4,复合短语
进入发展,4,复合短语
进入发展阶段,4,复合短语
进入收入,4,复合短语
进入高质量,4,复合短语
进入高质量发展,4,复合短语
进步劳动力市场,4,复合短语
进步工资,4,复合短语
进步技术,4,复合短语
进步生产,4,复合短语
进步贡献,4,复合短语
进程本文,4,复合短语
进而实现,4,复合短语
进而导致,4,复合短语
进而改善,4,复合短语
进行准确,4,复合短语
进行归纳,4,复合短语
进行投资,4,复合短语
进行探讨,4,复合短语
进行数值,4,复合短语
进行数字,4,复合短语
进行文本分析,4,复合短语
进行校准,4,复合短语
进行梳理,4,复合短语
进行深入研究,4,复合短语
进行相应,4,复合短语
进行计量,4,复合短语
迭代升级,4,复合短语
迷失,4,普通词
追赶动态过程,4,复合短语
追赶过程,4,复合短语
追踪数据,4,复合短语
追踪调查数据,4,复合短语
退休制度,4,复合短语
退出机制,4,复合短语
退坡,4,普通词
退税资金,4,复合短语
适应逻辑,4,复合短语
适度规模,4,复合短语
逆向选择,4,复合短语
逆转,4,普通词
选择偏好,4,复合短语
选择及其,4,复合短语
选择基于,4,复合短语
选择研究,4,复合短语
选择资源,4,复合短语
逐步实现,4,复合短语
逐渐增大,4,复合短语
逐笔委托,4,复合短语
通畅,4,普通词
通胀预期形成,4,复合短语
通过一系列,4,复合短语
通过价值,4,复合短语
通过供应链,4,复合短语
通过信息,4,复合短语
通过平台,4,复合短语
通过手工,4,复合短语
通过扩大,4,复合短语
通过抑制,4,复合短语
通过投入产出,4,复合短语
通过政府,4,复合短语
通过整合,4,复合短语
通过构建包含,4,复合短语
通过构造,4,复合短语
通过生产,4,复合短语
通过网络,4,复合短语
通过补贴,4,复合短语
通过规模,4,复合短语
通过设计,4,复合短语
通过跨境,4,复合短语
逻辑基础,4,复合短语
逻辑未来,4,复合短语
逻辑经验,4,复合短语
道德风险问题,4,复合短语
避税动机,4,复合短语
避税实际,4,复合短语
避税程度,4,复合短语
避税行为,4,复合短语
部分地区,4,复合短语
部门动态,4,复合短语
部门动态一般,4,复合短语
部门技术进步,4,复合短语
部门资产,4,复合短语
部门资产负债表,4,复合短语
部门资本,4,复合短语
部门金融创新,4,复合短语
配置产生,4,复合短语
配置土地,4,复合短语
配置效率提升,4,复合短语
配置方式,4,复合短语
采纳,4,普通词
重塑中国经济,4,复合短语
重塑经济,4,复合短语
重大举措,4,复合短语
重大实践,4,复合短语
重大问题展望,4,复合短语
重新审视,4,复合短语
重点产业,4,复合短语
重要依据,4,普通词
重要内容之一,4,复合短语
重要前提,4,复合短语
重要参考价值,4,复合短语
重要影响因素,4,复合短语
重要抓手本文,4,复合短语
重要支柱,4,复合短语
重要现实意义本文,4,复合短语
重要理论现实意义,4,复合短语
重要议题,4,复合短语
重要讲话,4,普通词
重要论述,4,复合短语
量化贸易模型,4,复合短语
金字塔,4,普通词
金融产品,4,复合短语
金融企业债务,4,复合短语
金融作为,4,复合短语
金融供应链,4,复合短语
金融共同富裕,4,复合短语
金融制度,4,复合短语
金融功能,4,复合短语
金融加速器效应,4,复合短语
金融发展家庭,4,复合短语
金融发展道路,4,复合短语
金融变量,4,复合短语
金融如何,4,复合短语
金融实体经济,4,复合短语
金融工作,4,复合短语
金融工作会议,4,复合短语
金融开放条件,4,复合短语
金融抑制,4,复合短语
金融故事,4,复合短语
金融更好,4,复合短语
金融机构风险,4,复合短语
金融环境,4,复合短语
金融知识,4,复合短语
金融系统风险,4,复合短语
金融脆弱性,4,复合短语
金融获利,4,复合短语
金融要素,4,复合短语
金融调查CHFS,4,复合短语
金融调查数据,4,复合短语
金融金融,4,复合短语
金融金融科技,4,复合短语
金融风险市场传染,4,复合短语
金融风险底线,4,复合短语
金融风险非线性网络,4,复合短语
针对性政策,4,复合短语
针对我国,4,复合短语
银企匹配结构,4,复合短语
银发,4,普通词
银行业市场化,4,复合短语
银行业系统性,4,复合短语
银行业系统性风险,4,复合短语
银行关联,4,复合短语
银行同业,4,复合短语
银行破产,4,复合短语
银行网点,4,复合短语
银行网络,4,复合短语
银行融资,4,复合短语
银行银行,4,复合短语
链式,4,普通词
锁定基于,4,复合短语
锂离子,4,普通词
错位,4,普通词
错综复杂,4,普通词
错配债务,4,复合短语
错配债务期限,4,复合短语
错配程度,4,复合短语
错配问题,4,复合短语
镇级,4,普通词
长三角地区,4,复合短语
长期贷款,4,普通词
门类,4,普通词
问题之一,4,复合短语
问题展开,4,复合短语
问题挑战,4,复合短语
闲暇,4,普通词
间接关联性,4,复合短语
队伍,4,普通词
防范机制,4,复合短语
防范系统性金融风险,4,复合短语
阶梯模型,4,复合短语
阶段动态博弈,4,复合短语
阶段特征,4,复合短语
阻力,4,普通词
阻滞,4,普通词
附加值,4,普通词
附近,4,普通词
降价,4,普通词
降低企业创新,4,复合短语
降低公司,4,复合短语
降低小微企业,4,复合短语
降低生产,4,普通词
降低贸易成本,4,复合短语
降至,4,普通词
随后本文,4,复合短语
随机检查证据,4,复合短语
随着我国,4,复合短语
随着技术,4,复合短语
隔离,4,普通词
隶属,4,普通词
难题基于,4,复合短语
集中力量,4,普通词
集中力量大事,4,复合短语
集团型,4,普通词
集聚企业,4,复合短语
集聚空间,4,复合短语
集聚视角,4,复合短语
需求供给,4,复合短语
需求促进,4,复合短语
需求偏好,4,复合短语
需求弹性,4,复合短语
需求收缩,4,复合短语
青山,4,普通词
青睐,4,普通词
非农业,4,普通词
非成员国,4,普通词
非政府,4,普通词
非正式制度企业,4,复合短语
非生产性,4,普通词
非金融企业部门,4,复合短语
非金融企业金融,4,复合短语
面临创新,4,复合短语
面临增长,4,复合短语
面临如何,4,复合短语
面临经济,4,复合短语
面临重要,4,复合短语
面板数据使用,4,复合短语
顶级,4,普通词
顺畅,4,普通词
颁布,4,普通词
预决算,4,普通词
预判,4,普通词
预期目标,4,复合短语
预测效果,4,复合短语
预算法,4,普通词
预算资金,4,复合短语
领先企业,4,复合短语
领域理论,4,复合短语
领域重要,4,复合短语
领导中国人民,4,复合短语
频发,4,普通词
额度,4,普通词
风险传染渠道,4,复合短语
风险供应链,4,复合短语
风险偏好金融风险,4,复合短语
风险性,4,普通词
风险抑制作用,4,复合短语
风险推动,4,复合短语
风险支柱,4,复合短语
风险支柱调控,4,复合短语
风险本文基于,4,复合短语
风险理论,4,复合短语
风险综合,4,复合短语
风险评估,4,复合短语
风险越高,4,复合短语
风险较大,4,复合短语
风险通过,4,复合短语
风险长期,4,复合短语
风险防控,4,复合短语
风险隐患,4,复合短语
风险预警体系,4,复合短语
飞跃,4,普通词
首先企业,4,复合短语
首先利用,4,复合短语
首日,4,普通词
首次实证,4,复合短语
马克思一般,4,复合短语
马克思主义基本原理,4,复合短语
马克思主义指导,4,复合短语
马尔科夫,4,普通词
驱动政府,4,复合短语
驱动新型,4,复合短语
驿传,4,普通词
高价,4,普通词
高企地方,4,复合短语
高企地方政府,4,复合短语
高学历劳动力,4,复合短语
高度细化,4,复合短语
高技术行业,4,复合短语
高污染,4,普通词
高科技行业,4,复合短语
高等院校,4,普通词
高级化,4,普通词
高质量发展中国,4,复合短语
高质量发展中等,4,复合短语
高质量发展背景,4,复合短语
高质量发展能源,4,复合短语
高质量发展要求,4,复合短语
高质量工业化,4,复合短语
高达,4,普通词
高附加值,4,普通词
鲍莫尔病,4,普通词
100周年,3,复合短语
12,3,普通词
148,3,普通词
166,3,普通词
19952020,3,复合短语
20002010,3,复合短语
20002014,3,复合短语
2000以来,3,复合短语
2000以来中国,3,复合短语
20022016,3,复合短语
20042016,3,复合短语
20052019,3,复合短语
20072016全国,3,复合短语
20072019A股,3,复合短语
20072020,3,复合短语
20072021,3,复合短语
2007中国,3,复合短语
20082015年间,3,复合短语
20082020,3,复合短语
2008国际,3,复合短语
2008国际金融危机,3,复合短语
20102017,3,复合短语
20102021,3,复合短语
20102022,3,复合短语
2010以来,3,复合短语
20112017,3,复合短语
20112018,3,复合短语
20122017,3,复合短语
2012之后,3,复合短语
20132016,3,复合短语
2013中国工业,3,复合短语
2014固定资产,3,复合短语
2014固定资产加速,3,复合短语
2015年间全国,3,复合短语
2015开始,3,复合短语
20162019,3,复合短语
20162020全国,3,复合短语
20162021,3,复合短语
2016全国税收,3,复合短语
20172018,3,复合短语
2017以来,3,复合短语
2017我国,3,复合短语
20182020,3,复合短语
2018A股,3,复合短语
2019上市公司,3,复合短语
2019中国A股,3,复合短语
2019中国家庭,3,复合短语
2019增值税,3,复合短语
2019期间,3,复合短语
20202025,3,复合短语
2021上市,3,复合短语
2021年间,3,复合短语
2022上市公司,3,复合短语
2030年前,3,复合短语
2030碳达峰,3,复合短语
2035中国,3,复合短语
20502055,3,复合短语
20502055基期,3,复合短语
2055,3,普通词
2055基期,3,复合短语
2060年前,3,复合短语
211,3,普通词
24,3,普通词
26,3,普通词
275,3,普通词
32,3,普通词
3SLS,3,普通词
40余年,3,复合短语
42,3,普通词
42国家,3,复合短语
44,3,普通词
50年代,3,复合短语
5G,3,普通词
943,3,普通词
Apollo,3,普通词
A股上市企业,3,复合短语
A股上市公司样本,3,复合短语
BERT模型,3,复合短语
Bai,3,普通词
CCER,3,普通词
CES函数,3,复合短语
CHARLS,3,普通词
CHFS数据,3,复合短语
CO2,3,普通词
CSC,3,普通词
DEA,3,普通词
DID模型,3,复合短语
DSGE模型分析,3,复合短语
DSGE模型研究,3,复合短语
FFL,3,普通词
GDP影响,3,复合短语
GDP福利,3,复合短语
HANK,3,普通词
HDF,3,普通词
ID,3,普通词
LC,3,普通词
M2,3,普通词
Melitz2003,3,复合短语
NSFC,3,普通词
OB,3,普通词
OLS,3,普通词
Proxy,3,普通词
RBC,3,普通词
SDA,3,普通词
SN,3,普通词
SO2,3,普通词
SPA,3,普通词
SWIFT,3,普通词
SY,3,普通词
TVP,3,普通词
Uber,3,普通词
VAR,3,普通词
VAR模型,3,复合短语
WIOD,3,普通词
of,3,普通词
vs,3,普通词
一个值得,3,复合短语
一个嵌入,3,复合短语
一个新视角,3,复合短语
一个涵盖,3,复合短语
一个真实,3,复合短语
一个综合,3,复合短语
一个部门,3,复合短语
一个阶段,3,复合短语
一体化建设,3,复合短语
一体化经济增长,3,复合短语
一半,3,普通词
一季度,3,普通词
一孩,3,普通词
一定借鉴意义,3,复合短语
一定替代,3,复合短语
一定程度缓解,3,复合短语
一带一路背景,3,复合短语
一新现象,3,复合短语
一新理论,3,复合短语
一条符合,3,复合短语
一样,3,普通词
一段,3,普通词
一流,3,普通词
一直中国,3,复合短语
一种数字,3,复合短语
一种新型,3,复合短语
一种特殊,3,复合短语
一系列内生性,3,复合短语
一系列内生性稳健性,3,复合短语
一系列实证检验,3,复合短语
一致性企业,3,复合短语
一般均衡CGE,3,复合短语
一般均衡理论,3,复合短语
一般均衡税收,3,复合短语
一般性理论,3,复合短语
一路倡议推动,3,复合短语
一路倡议显著,3,复合短语
一路背景,3,复合短语
一面,3,普通词
一项重大,3,复合短语
一项长期,3,复合短语
七一讲话,3,普通词
七大,3,普通词
万篇,3,普通词
三一,3,普通词
三个维度,3,复合短语
三位一体,3,普通词
三四十,3,普通词
三国,3,普通词
三大体系,3,复合短语
三大新,3,普通词
三种不同,3,复合短语
三种机制,3,复合短语
三角,3,普通词
三重差分方法,3,复合短语
上云上,3,普通词
上升同时,3,复合短语
上升风险,3,复合短语
上均,3,普通词
上市公司供应链,3,复合短语
上市公司季度,3,复合短语
上市公司年报披露,3,复合短语
上市公司异地,3,复合短语
上市公司控股,3,复合短语
上市公司控股股东,3,复合短语
上市公司研究样本,3,复合短语
上线自然实验,3,复合短语
上调,3,普通词
上述理论预测,3,复合短语
上述研究结论,3,复合短语
上述过程,3,复合短语
下新质,3,普通词
下期,3,普通词
下游产品,3,复合短语
下游需求,3,复合短语
下级,3,普通词
下调企业,3,复合短语
下降劳动力,3,复合短语
下降另一方面,3,复合短语
下降我国,3,复合短语
下降提升,3,复合短语
下降经济,3,复合短语
下降说明,3,复合短语
下降趋势中国,3,复合短语
不仅有利于,3,复合短语
不仅有助于促进,3,复合短语
不仅理解,3,复合短语
不会出现,3,复合短语
不会影响,3,复合短语
不可观测,3,复合短语
不同产业,3,复合短语
不同利益,3,复合短语
不同利益相关者,3,复合短语
不同市场结构,3,复合短语
不同形式,3,复合短语
不同情境,3,复合短语
不同情景,3,复合短语
不同技术,3,复合短语
不同收入群体,3,复合短语
不同类型贸易,3,复合短语
不同组合,3,复合短语
不同群体,3,复合短语
不宜,3,普通词
不容忽视,3,普通词
不少,3,普通词
不断丰富,3,普通词
不断升级,3,复合短语
不断发展完善,3,复合短语
不断完善,3,普通词
不断攀升,3,复合短语
不断涌现,3,普通词
不是一个,3,复合短语
不止,3,普通词
不相容,3,普通词
不确定性以及,3,复合短语
不确定性全球,3,复合短语
不确定性市场,3,复合短语
不确定性指数,3,复合短语
不确定性风险,3,复合短语
不竭,3,普通词
不要,3,普通词
不足以,3,普通词
不高,3,普通词
专利产出,3,复合短语
专利匹配,3,复合短语
专利匹配数据,3,复合短语
专委,3,普通词
专家发言,3,复合短语
专家发言要点,3,复合短语
专款专用,3,普通词
专项风险,3,复合短语
专题,3,普通词
世界投入产出,3,复合短语
世界最大,3,复合短语
世界生产力,3,复合短语
世界科技,3,复合短语
世界科技强国,3,复合短语
世界银行,3,普通词
世纪50,3,复合短语
世纪50年代,3,复合短语
业务创新,3,复合短语
业绩压力,3,复合短语
东中西部,3,普通词
东北,3,普通词
东方,3,普通词
东盟国家,3,普通词
两个方面研究,3,复合短语
两个维度实证,3,复合短语
两个视角,3,复合短语
两个重要机制,3,复合短语
两个领域,3,复合短语
两化,3,普通词
两化融合,3,复合短语
两市A股,3,复合短语
两条路径,3,复合短语
两类货币政策,3,复合短语
两级,3,普通词
两级政府,3,复合短语
严厉,3,普通词
严重冲击,3,复合短语
严重影响,3,复合短语
个体收入,3,复合短语
个体教育,3,复合短语
中低端,3,普通词
中叶,3,普通词
中国上市公司研究,3,复合短语
中国上游,3,复合短语
中国中国共产党,3,复合短语
中国之治中国,3,复合短语
中国人力资本,3,复合短语
中国以下,3,复合短语
中国企业技术,3,复合短语
中国保障,3,复合短语
中国债券市场高质量,3,复合短语
中国健康养老,3,复合短语
中国共产党始终,3,复合短语
中国共产党始终坚持,3,复合短语
中国共产党成立100,3,复合短语
中国共产党百年土地,3,复合短语
中国共产党经济发展,3,复合短语
中国农业生产方式,3,复合短语
中国农户农业,3,复合短语
中国农村土地制度,3,复合短语
中国减贫,3,复合短语
中国出口增长,3,复合短语
中国劳动,3,复合短语
中国劳动力供给,3,复合短语
中国各省,3,复合短语
中国土地,3,复合短语
中国在内,3,复合短语
中国城镇化,3,复合短语
中国央地,3,复合短语
中国央地财政,3,复合短语
中国奇迹,3,复合短语
中国如何,3,复合短语
中国建材,3,普通词
中国式现代化中国,3,复合短语
中国式现代化全面,3,复合短语
中国式现代化基本,3,复合短语
中国成为,3,复合短语
中国排放交易,3,复合短语
中国故事,3,复合短语
中国日本,3,复合短语
中国标准出去,3,复合短语
中国海关数据库,3,复合短语
中国消除,3,复合短语
中国特色宏观调控,3,复合短语
中国特色数字,3,复合短语
中国特色现代,3,复合短语
中国特色经济学,3,复合短语
中国现代,3,复合短语
中国生育,3,复合短语
中国积极,3,复合短语
中国粮食安全,3,复合短语
中国经济低碳,3,复合短语
中国经济增速,3,复合短语
中国经济高速,3,复合短语
中国绿色转型,3,复合短语
中国而言,3,复合短语
中国联通,3,普通词
中国股市,3,复合短语
中国脱贫攻坚,3,复合短语
中国货币,3,复合短语
中国这样,3,复合短语
中国金融市场,3,复合短语
中国风格中国,3,复合短语
中央政策,3,复合短语
中央银行货币政策,3,复合短语
中小企业政府,3,复合短语
中小型企业,3,复合短语
中小投资者服务中心,3,复合短语
中年,3,普通词
中应,3,普通词
中心城区,3,复合短语
中心试点,3,复合短语
中文金融,3,复合短语
中概,3,普通词
中等发达国家,3,复合短语
中老年人,3,普通词
中观层面,3,复合短语
中证中小,3,复合短语
中证中小投资者,3,复合短语
中起决定性,3,复合短语
中起决定性作用,3,复合短语
中长期经济,3,复合短语
中间品供给,3,复合短语
中间品贸易,3,复合短语
中间商,3,普通词
中非,3,普通词
丰富中国,3,复合短语
丰富产业,3,复合短语
为了解释,3,复合短语
为了解释这一,3,复合短语
为例实证,3,复合短语
为例研究,3,复合短语
为准自然实验采用,3,复合短语
为此本文提出,3,复合短语
主产区,3,普通词
主体产业,3,复合短语
主体作用,3,普通词
主体协同创新,3,复合短语
主体多种分配,3,复合短语
主导型,3,普通词
主要包括,3,复合短语
主要存在,3,复合短语
主要来源,3,复合短语
主要组织,3,复合短语
主要风险,3,复合短语
主要驱动,3,复合短语
主观幸福感,3,复合短语
主观预期,3,复合短语
义利观,3,普通词
之一中国,3,复合短语
之后仍然,3,复合短语
之后仍然成立,3,复合短语
之地,3,普通词
之治中国,3,复合短语
之谜提供,3,复合短语
之间互动关系,3,复合短语
之间产业结构,3,复合短语
之间信息,3,复合短语
之间关系具有,3,复合短语
之间关系影响,3,复合短语
之间具有,3,复合短语
之间创新,3,复合短语
之间呈现出,3,复合短语
之间因果关系,3,复合短语
之间复杂,3,复合短语
之间差异,3,复合短语
之间差距,3,复合短语
之间市场,3,复合短语
之间平衡,3,复合短语
之间政策,3,复合短语
之间数字,3,复合短语
之间竞争,3,复合短语
之间经济发展,3,复合短语
之间联动,3,复合短语
之间负向,3,复合短语
习近平重要,3,复合短语
乡土,3,普通词
乡土社会,3,复合短语
乡村实现共同富裕,3,复合短语
乡村振兴有效,3,复合短语
乡村振兴重要,3,复合短语
乡镇财政,3,普通词
买卖,3,普通词
争议焦点,3,复合短语
事中,3,普通词
事件本文,3,复合短语
事件研究法,3,复合短语
事前评估,3,复合短语
事务所,3,普通词
事后监管,3,复合短语
事实政策评估,3,复合短语
事实显示,3,复合短语
事实框架,3,复合短语
事项,3,普通词
二元边际,3,复合短语
二十大报告提出,3,复合短语
二十大精神,3,复合短语
二十年,3,普通词
二氧化碳,3,普通词
云南,3,普通词
云南白药,3,普通词
互利,3,普通词
互动行为,3,复合短语
互助,3,普通词
互助社,3,普通词
互联网中国,3,复合短语
互联网金融,3,复合短语
互补假说,3,复合短语
互补机制,3,复合短语
五位一体,3,普通词
五位一体总体布局,3,复合短语
亟待回答,3,复合短语
交互效应,3,复合短语
交易对象,3,复合短语
交易成本从而,3,复合短语
交易技术,3,复合短语
交易治理,3,复合短语
交易试点地区,3,复合短语
交易费用,3,复合短语
交易资产,3,复合短语
交易转变,3,复合短语
交汇点,3,普通词
交通基础设施建设,3,复合短语
产业企业,3,复合短语
产业传导,3,复合短语
产业关联效应,3,复合短语
产业成长,3,复合短语
产业持续,3,复合短语
产业政策显著,3,复合短语
产业案例,3,复合短语
产业生产,3,复合短语
产业结构相似,3,复合短语
产业融合发展,3,复合短语
产业链上下游,3,复合短语
产业链价值链,3,复合短语
产业链企业,3,复合短语
产业链分工,3,复合短语
产业链安全,3,复合短语
产出不利,3,复合短语
产出不利影响,3,复合短语
产出增长主要,3,复合短语
产出投资,3,复合短语
产出收入,3,复合短语
产出本文,3,复合短语
产出消费,3,复合短语
产出规模扩张,3,复合短语
产品互补,3,复合短语
产品生产,3,复合短语
产品范围,3,复合短语
产品要素,3,复合短语
产品质量社会福利,3,复合短语
产品资本,3,复合短语
产品销售,3,普通词
产权数据,3,复合短语
产权结构,3,复合短语
产生不利,3,复合短语
产生不利影响,3,复合短语
产生严重,3,复合短语
产生企业,3,复合短语
产生创业,3,复合短语
产生城市,3,复合短语
产生异质性,3,复合短语
产生影响研究,3,复合短语
产生数字,3,复合短语
产生深远影响,3,复合短语
产生溢出,3,复合短语
产生溢出效应,3,复合短语
产生相应,3,复合短语
产生稳定,3,复合短语
产生经济,3,复合短语
产生较大,3,复合短语
产生间接,3,复合短语
产能利用率下降,3,复合短语
亲缘,3,普通词
人到,3,普通词
人力资本差距,3,复合短语
人力资本空间分布,3,复合短语
人力资本配置,3,复合短语
人口市民化,3,复合短语
人口普查,3,普通词
人均实际,3,复合短语
人均实际GDP,3,复合短语
人均生产率,3,复合短语
人头,3,普通词
人工智能创新模型,3,复合短语
人工智能劳动力,3,复合短语
人工智能劳动力市场,3,复合短语
人工智能技术劳动力,3,复合短语
人工智能通过,3,复合短语
人次,3,普通词
人民共同富裕现代化,3,复合短语
人民币国际化影响,3,复合短语
人类文明进步贡献,3,复合短语
什么样营商,3,复合短语
什么样营商环境,3,复合短语
仅为,3,普通词
今后一个,3,复合短语
今后一个时期,3,复合短语
仍然成立本文,3,复合短语
仍能,3,普通词
从事非农,3,复合短语
从无到有,3,普通词
从而支持,3,复合短语
从而有利于,3,复合短语
从而缓解,3,复合短语
付息,3,普通词
代替,3,普通词
代理关系,3,复合短语
代理冲突,3,复合短语
代表性企业,3,复合短语
代表数字,3,复合短语
以上公司,3,复合短语
以中美,3,普通词
以为,3,普通词
以便,3,普通词
以前,3,普通词
以县,3,普通词
以及专利,3,复合短语
以及东部,3,复合短语
以及劳动密集型,3,复合短语
以及劳动密集型企业,3,复合短语
以及城市,3,复合短语
以及实施,3,复合短语
以及市场,3,复合短语
以及微观,3,复合短语
以及技能,3,复合短语
以及排放,3,复合短语
以及潜在,3,复合短语
以及社会,3,复合短语
以及考虑,3,复合短语
以及行业竞争,3,复合短语
以及评级,3,复合短语
以及财政,3,复合短语
以及资源,3,复合短语
以及面临,3,复合短语
以期实现,3,复合短语
以来中国经济,3,复合短语
以省部,3,普通词
以飨读者,3,普通词
价值主张,3,复合短语
价值创造机制,3,复合短语
价值影响研究,3,复合短语
价值提供,3,复合短语
价值效应,3,复合短语
价值理论,3,复合短语
价值研究,3,复合短语
价值积极,3,复合短语
价值经济,3,复合短语
价值量,3,普通词
价值链国内,3,复合短语
价值链贸易,3,复合短语
价值预期,3,复合短语
价格下跌,3,复合短语
价格传导,3,复合短语
价格变化,3,复合短语
价格形成,3,复合短语
价格稳定,3,复合短语
价格货币政策,3,复合短语
任务具有,3,复合短语
任务内容视角,3,复合短语
任务对于税收,3,复合短语
任务常规,3,复合短语
任务需求,3,复合短语
任务非常规,3,复合短语
份额提升,3,复合短语
仿真验证,3,复合短语
企业上下游,3,复合短语
企业不同,3,复合短语
企业主动,3,复合短语
企业享受,3,复合短语
企业价值影响,3,复合短语
企业价值提升,3,复合短语
企业信贷约束,3,复合短语
企业关键,3,复合短语
企业关键核心技术,3,复合短语
企业减税政策,3,复合短语
企业出口影响,3,复合短语
企业出口规模,3,复合短语
企业创新决策,3,复合短语
企业创新实践,3,复合短语
企业创新能力提升,3,复合短语
企业利用,3,复合短语
企业区位,3,复合短语
企业区位选择,3,复合短语
企业发挥作用,3,复合短语
企业可以通过,3,复合短语
企业国有企业,3,复合短语
企业大规模,3,复合短语
企业如何利用,3,复合短语
企业容易,3,复合短语
企业对于,3,复合短语
企业层面市场,3,复合短语
企业市场势力,3,复合短语
企业市场进入,3,复合短语
企业应对,3,复合短语
企业影响更大,3,复合短语
企业微观数据,3,复合短语
企业所在地政府,3,复合短语
企业所有者,3,复合短语
企业承担,3,复合短语
企业技术创新机制,3,复合短语
企业投融资决策,3,复合短语
企业投资影响,3,复合短语
企业投资规模,3,复合短语
企业持续成长,3,复合短语
企业改革,3,复合短语
企业效应,3,复合短语
企业数字化发展,3,复合短语
企业数据研究,3,复合短语
企业数据资产,3,复合短语
企业方面,3,复合短语
企业显著,3,复合短语
企业更为显著,3,复合短语
企业更加明显,3,复合短语
企业最优,3,复合短语
企业有效利用,3,复合短语
企业杠杆水平,3,复合短语
企业案例,3,复合短语
企业案例研究,3,复合短语
企业模仿,3,复合短语
企业特征,3,复合短语
企业环境社会,3,复合短语
企业现金流,3,复合短语
企业由于,3,复合短语
企业盈利,3,复合短语
企业短期,3,复合短语
企业研发支出,3,复合短语
企业研发风险,3,复合短语
企业研究样本,3,复合短语
企业破产风险,3,复合短语
企业税收征管,3,复合短语
企业管理者,3,普通词
企业纳税遵从,3,复合短语
企业经营成本,3,复合短语
企业绿色专利,3,复合短语
企业绿色创新能力,3,复合短语
企业缺乏,3,复合短语
企业群聚响应,3,复合短语
企业股价,3,复合短语
企业股价崩盘,3,复合短语
企业股权,3,复合短语
企业融资需求,3,复合短语
企业表现更为,3,复合短语
企业规模企业,3,复合短语
企业视角,3,复合短语
企业负债,3,复合短语
企业财务,3,普通词
企业贸易模型,3,复合短语
企业运营,3,复合短语
企业进行出口,3,复合短语
企业通过创新,3,复合短语
企业避税行为,3,复合短语
企业降低,3,复合短语
众筹平台,3,复合短语
优于单一,3,复合短语
优于单一政策,3,复合短语
优做,3,普通词
优势产品,3,复合短语
优势发挥,3,复合短语
优势实现,3,复合短语
优势扩大,3,复合短语
优势显著,3,复合短语
优势理论,3,复合短语
优势竞争,3,复合短语
优势能够,3,复合短语
优势路径,3,复合短语
优势转化,3,复合短语
优化促进,3,复合短语
优化具有,3,复合短语
优化劳动力,3,复合短语
优化地方债务,3,复合短语
优化完善,3,复合短语
优化实现,3,复合短语
优化就业结构,3,复合短语
优化居民消费,3,复合短语
优化政策,3,复合短语
优化研究,3,复合短语
优化税制,3,复合短语
优化税制结构,3,复合短语
优化组合,3,普通词
优化金融,3,复合短语
优化问题,3,复合短语
优异,3,普通词
优惠投资,3,复合短语
优点,3,普通词
伙伴关系协定RCEP,3,复合短语
伙伴国,3,普通词
会计制度,3,普通词
会计师,3,普通词
会计师事务所,3,复合短语
传导上下游,3,复合短语
传导主要,3,复合短语
传导具有,3,复合短语
传导基于,3,复合短语
传导机制基于,3,复合短语
传导机理,3,复合短语
传导途径,3,复合短语
传承创新,3,复合短语
传统企业,3,复合短语
传统信贷,3,复合短语
传统农业,3,复合短语
传统创新,3,复合短语
传统型,3,普通词
传统基于,3,复合短语
传统文化相结合,3,复合短语
传统生产力,3,复合短语
传统监管,3,复合短语
传统观点,3,复合短语
传递机制,3,复合短语
估计值,3,普通词
似然,3,普通词
似然法迭代,3,复合短语
低保制度,3,复合短语
低保瞄准效率,3,复合短语
低受,3,普通词
低收益,3,普通词
低端,3,普通词
住户调查数据,3,复合短语
住房供给,3,普通词
住院,3,普通词
体制特征,3,复合短语
体现中国共产党,3,复合短语
体系为了,3,复合短语
体系产业,3,复合短语
体系作为,3,复合短语
体系促进,3,复合短语
体系关键,3,复合短语
体系具有重要,3,复合短语
体系国家,3,复合短语
体系国家治理,3,复合短语
体系实体,3,复合短语
体系实体经济,3,复合短语
体系建立,3,复合短语
体系影响,3,复合短语
体系推进,3,复合短语
体系提供参考,3,复合短语
体系提出,3,复合短语
体系方面,3,复合短语
体系构建发展,3,复合短语
体系构成,3,复合短语
体系现代化,3,复合短语
体系运行,3,复合短语
体系逻辑,3,复合短语
体系防范化解,3,复合短语
体系高质量,3,复合短语
何去何从,3,普通词
何种影响,3,复合短语
作为一种新型,3,复合短语
作为关键,3,复合短语
作为分析,3,复合短语
作为创新,3,复合短语
作为国家治理,3,复合短语
作为国民经济,3,复合短语
作为新兴,3,复合短语
作为新型,3,复合短语
作为样本,3,复合短语
作为现代,3,复合短语
作用人工智能,3,复合短语
作用加强,3,复合短语
作用大小,3,复合短语
作用实现机理,3,复合短语
作用对于,3,复合短语
作用导致,3,复合短语
作用并且,3,复合短语
作用异质性,3,复合短语
作用日益凸显,3,复合短语
作用更加明显,3,复合短语
作用有助于,3,复合短语
作用机制利用,3,复合短语
作用此基础,3,复合短语
作用相对,3,复合短语
作用超过,3,复合短语
作用银行,3,复合短语
作用随着,3,复合短语
作用非国有,3,复合短语
使命导向,3,复合短语
使得政府,3,复合短语
使用中国家庭,3,复合短语
使用价值生产,3,复合短语
使用双重差分,3,复合短语
使用多期,3,复合短语
使用工具,3,复合短语
使用工具变量,3,复合短语
使用成本,3,复合短语
供应链上下游,3,复合短语
供应链信息,3,复合短语
供应链内部,3,复合短语
供应链安全稳定,3,复合短语
供给具有,3,复合短语
供给存在,3,复合短语
供给能力,3,复合短语
供给行为,3,复合短语
供给视角,3,复合短语
供销,3,普通词
供需失衡,3,复合短语
依托超大规模,3,复合短语
依据政策,3,复合短语
依旧成立,3,复合短语
依然成立机制,3,复合短语
依赖于银行,3,复合短语
依赖外部,3,复合短语
依赖性,3,普通词
依赖社会,3,复合短语
侧面,3,普通词
促进产业创新,3,复合短语
促进产业结构升级,3,复合短语
促进产业结构转型,3,复合短语
促进产品,3,复合短语
促进企业创新能力,3,复合短语
促进企业技术,3,复合短语
促进企业数字,3,复合短语
促进作用更大,3,复合短语
促进作用本文,3,复合短语
促进作用越大,3,复合短语
促进债券市场高质量,3,复合短语
促进农户增收,3,复合短语
促进农户收入,3,复合短语
促进出口贸易,3,复合短语
促进分工,3,复合短语
促进制造业,3,复合短语
促进劳动,3,复合短语
促进县域,3,复合短语
促进县域经济,3,复合短语
促进国内循环,3,复合短语
促进城乡,3,复合短语
促进当地,3,复合短语
促进微观,3,复合短语
促进本国,3,复合短语
促进法,3,普通词
促进知识,3,复合短语
促进科技,3,复合短语
促进颠覆性,3,复合短语
促进高校,3,复合短语
促进高质量充分就业,3,复合短语
保护消费者,3,复合短语
保护社会,3,复合短语
保护程度,3,复合短语
保护股东,3,复合短语
保护较弱,3,复合短语
保监会,3,普通词
保荐人,3,普通词
保障中国,3,复合短语
保障产业链,3,复合短语
保障体系,3,普通词
保障作用,3,复合短语
信息企业,3,复合短语
信息关注,3,复合短语
信息实证,3,复合短语
信息对称降低,3,复合短语
信息导致,3,复合短语
信息异质性,3,复合短语
信息披露创新,3,复合短语
信息披露制度,3,复合短语
信息整合,3,复合短语
信息本文,3,复合短语
信息渠道,3,复合短语
信用企业,3,复合短语
信用利差降低,3,复合短语
信用评级债券,3,复合短语
信贷指引实施,3,复合短语
信贷数据,3,复合短语
信贷资源配置,3,复合短语
借助于,3,普通词
借助我国,3,复合短语
借此,3,普通词
借贷行为,3,复合短语
借贷资金,3,复合短语
倡议实施,3,复合短语
倡议推动,3,复合短语
倡议显著,3,复合短语
债券二级,3,复合短语
债券二级市场,3,复合短语
债券市场影响,3,复合短语
债券投资,3,复合短语
债券风险,3,复合短语
债务可持续性,3,复合短语
债务实体经济,3,复合短语
债务形成,3,复合短语
债务期限结构,3,复合短语
债务经济,3,复合短语
债务膨胀,3,复合短语
债务配置,3,复合短语
债务风险外溢,3,复合短语
债务风险治理,3,复合短语
债务风险理论,3,复合短语
债市,3,普通词
值得研究,3,复合短语
倾向性,3,普通词
假设前提,3,复合短语
假设条件,3,复合短语
假说利用,3,复合短语
假说进行实证,3,复合短语
偏向结构,3,复合短语
偏好企业,3,复合短语
偏弱,3,普通词
偏误本文,3,复合短语
做出理论,3,复合短语
做好科技,3,复合短语
做好科技金融,3,复合短语
做强,3,普通词
健康发展具有,3,复合短语
储蓄动机,3,复合短语
催生出,3,普通词
充分发挥市场,3,复合短语
充分性,3,普通词
充分探讨,3,复合短语
充分揭示,3,复合短语
充分理论,3,复合短语
充当,3,普通词
先发优势,3,复合短语
先导性,3,普通词
光伏,3,普通词
党的基本,3,普通词
入驻,3,普通词
全国农户,3,复合短语
全国农村,3,复合短语
全国农村固定,3,复合短语
全国工商,3,复合短语
全国性,3,普通词
全景式,3,普通词
全球产业分工,3,复合短语
全球产业链供应链,3,复合短语
全球价值链国内,3,复合短语
全球价值链效应,3,复合短语
全球性,3,普通词
全球气候变化,3,复合短语
全球股市,3,普通词
全面推进中华民族,3,复合短语
全面深入,3,复合短语
全面系统地,3,复合短语
全面经济,3,复合短语
全面经济伙伴关系,3,复合短语
全面绿色转型,3,复合短语
全面落实,3,普通词
全面评价,3,复合短语
全面贯彻,3,复合短语
全面贯彻发展,3,复合短语
公共债务增长,3,复合短语
公共债务规模,3,复合短语
公共政策实施,3,复合短语
公共数据开放平台,3,复合短语
公共服务供需,3,复合短语
公募基金市场,3,复合短语
公司信息披露,3,复合短语
公司市场价值,3,复合短语
公司治理结构,3,复合短语
公司经营,3,复合短语
公司股权,3,复合短语
公司资产,3,复合短语
公告文本,3,复合短语
公布,3,普通词
公平公正,3,复合短语
公平提供,3,复合短语
公平社会,3,复合短语
公平问题,3,复合短语
公开市场操作,3,复合短语
公有制经济,3,复合短语
六大,3,普通词
六家,3,普通词
共享企业,3,复合短语
共享发展理念,3,复合短语
共创共享,3,复合短语
共同关心,3,复合短语
共同关注焦点,3,复合短语
共同努力,3,普通词
共同参与,3,复合短语
共同富裕中国,3,复合短语
共同富裕基本,3,复合短语
共同富裕现代化,3,复合短语
共同富裕社会主义,3,复合短语
共同特征,3,复合短语
共建共享,3,复合短语
共振,3,普通词
共票,3,普通词
关于企业,3,复合短语
关于新质,3,复合短语
关于新质生产力,3,复合短语
关注数字,3,复合短语
关注程度,3,复合短语
关注重要问题,3,复合短语
关税变化,3,复合短语
关系两个,3,复合短语
关系健全,3,复合短语
关系出发,3,复合短语
关系受到,3,复合短语
关系合约供应链,3,复合短语
关系基础,3,复合短语
关系复杂,3,复合短语
关系嵌入,3,复合短语
关系总体,3,复合短语
关系成为,3,复合短语
关系改革,3,复合短语
关系数字,3,复合短语
关系治理促进,3,复合短语
关系这种,3,复合短语
关联企业,3,复合短语
关联信息,3,复合短语
关联知识,3,复合短语
关联系数,3,普通词
关键一环,3,复合短语
关键性,3,普通词
关键核心技术领域,3,复合短语
关键渠道,3,复合短语
关键领域,3,复合短语
其一,3,普通词
其三,3,普通词
其中包括,3,复合短语
其二,3,普通词
其他国家中国,3,复合短语
其他地方,3,复合短语
其他政策,3,复合短语
其他新兴,3,复合短语
其他省份,3,复合短语
其他经济,3,复合短语
其所,3,普通词
具体本文,3,复合短语
具体而言本文,3,复合短语
具备一定,3,复合短语
具有一定借鉴,3,复合短语
具有一定启示,3,复合短语
具有促进作用,3,复合短语
具有启发,3,复合短语
具有国际,3,复合短语
具有差异性,3,复合短语
具有影响,3,复合短语
具有持续性,3,复合短语
具有明显异质性,3,复合短语
具有显著差异,3,复合短语
具有更为,3,复合短语
具有更强,3,复合短语
具有比较,3,复合短语
具有比较优势,3,复合短语
具有社会,3,复合短语
具有良好,3,复合短语
具有重大意义,3,复合短语
具有重要实践,3,复合短语
具有长期,3,复合短语
具有鲜明中国,3,复合短语
典型制造业,3,复合短语
典型化,3,普通词
典型化事实,3,复合短语
典型案例进行,3,复合短语
养育,3,普通词
兼容,3,普通词
兼顾效率,3,复合短语
兼顾效率公平,3,复合短语
内化,3,普通词
内向,3,普通词
内在原因,3,复合短语
内在机制本文,3,复合短语
内在规律,3,复合短语
内外循环,3,复合短语
内容本文,3,复合短语
内容视角,3,复合短语
内涵中国,3,复合短语
内涵实证,3,复合短语
内涵理论,3,复合短语
内涵研究,3,复合短语
内生增长模型,3,复合短语
内部存在,3,复合短语
内部控制质量,3,复合短语
农业生产经营,3,复合短语
农业要素配置,3,复合短语
农业转移,3,复合短语
农业转移人口,3,复合短语
农业非农业,3,复合短语
农场主,3,普通词
农户内部,3,复合短语
农户农业生产,3,复合短语
农户土地流转,3,复合短语
农村信贷,3,复合短语
农村信贷市场,3,复合短语
农村基础设施建设,3,复合短语
农村家庭,3,复合短语
农村电商发展,3,复合短语
农村金融市场,3,复合短语
农村金融改革,3,复合短语
农艺,3,普通词
冲击下游,3,复合短语
冲击不同,3,复合短语
冲击中国企业,3,复合短语
冲击作用,3,复合短语
冲击分析,3,复合短语
冲击实证,3,复合短语
冲击就业,3,复合短语
冲击市场,3,复合短语
冲击方面,3,复合短语
冲击构建,3,复合短语
冲击进一步,3,复合短语
冲击银行,3,复合短语
决策以及,3,复合短语
决策企业,3,复合短语
决策层,3,普通词
决策影响研究,3,复合短语
决策逻辑,3,复合短语
决议公告,3,复合短语
净零碳,3,普通词
净零碳排放,3,复合短语
准备金率,3,普通词
准确全面贯彻,3,复合短语
准确衡量,3,复合短语
减少贫困,3,复合短语
减弱这种,3,复合短语
减排绿色,3,复合短语
减排进一步,3,复合短语
减税冲击,3,复合短语
减税激励政策,3,复合短语
减税降低,3,复合短语
几个重大,3,复合短语
出以,3,普通词
出价,3,普通词
出借,3,普通词
出发提出,3,复合短语
出发本文,3,复合短语
出口产品质量提升,3,复合短语
出口促进,3,复合短语
出口促进作用,3,复合短语
出口导向,3,复合短语
出口扩展,3,复合短语
出口扩展边际,3,复合短语
出口技术,3,复合短语
出口技术复杂度,3,复合短语
出口目的,3,复合短语
出境,3,普通词
出现一些,3,复合短语
出现市场,3,复合短语
出租,3,普通词
出让方式,3,复合短语
出让金,3,普通词
出资,3,普通词
出路,3,普通词
出较,3,普通词
分割是否,3,复合短语
分割视角,3,复合短语
分化之谜,3,复合短语
分区,3,普通词
分家析产,3,普通词
分工模式,3,复合短语
分布异质性,3,复合短语
分支机构数量增加,3,复合短语
分散中国,3,复合短语
分散企业,3,复合短语
分散力,3,普通词
分权经济增长,3,复合短语
分析师跟踪,3,复合短语
分析技术,3,复合短语
分析政府,3,复合短语
分析新质,3,复合短语
分析新质生产力,3,复合短语
分析框架揭示,3,复合短语
分析框架系统,3,复合短语
分析类型,3,复合短语
分析经验,3,复合短语
分析结构性,3,复合短语
分析范式,3,复合短语
分析解释,3,复合短语
分析证实,3,复合短语
分析银行,3,复合短语
分步,3,普通词
分类施策,3,复合短语
分解本文,3,复合短语
分配两个,3,复合短语
分配分配,3,复合短语
分配制度改革,3,复合短语
分配功能,3,复合短语
分配差异,3,复合短语
分配情况,3,普通词
分配改革,3,复合短语
分配效应研究,3,复合短语
分配方式并存,3,复合短语
分配权,3,普通词
分配经济,3,复合短语
分配调节,3,复合短语
分配财政,3,复合短语
分项,3,普通词
切入点利用,3,复合短语
切实推动,3,复合短语
切实防范,3,复合短语
切换,3,普通词
创业推动,3,复合短语
创业数字,3,复合短语
创业数字经济,3,复合短语
创业活力,3,复合短语
创业经济,3,复合短语
创业路径,3,复合短语
创业高质量,3,复合短语
创业高质量发展,3,复合短语
创始人,3,普通词
创新产出影响,3,复合短语
创新人工智能,3,复合短语
创新体系产业,3,复合短语
创新关键核心技术,3,复合短语
创新及其,3,复合短语
创新商业模式,3,复合短语
创新引致,3,复合短语
创新性构建,3,复合短语
创新探索,3,复合短语
创新方向,3,复合短语
创新方面,3,复合短语
创新有着,3,复合短语
创新活动产生,3,复合短语
创新活动影响,3,复合短语
创新激励效应,3,复合短语
创新精神,3,复合短语
创新绩效基于,3,复合短语
创新能力之间,3,复合短语
创新能力作用,3,复合短语
创新能力具有,3,复合短语
创新融合,3,复合短语
创新调查,3,复合短语
创新适应,3,复合短语
创新选择,3,复合短语
创新高水平,3,复合短语
创立,3,普通词
创设,3,普通词
创造基于,3,复合短语
创造性地,3,普通词
创造性转化,3,复合短语
创造根本,3,复合短语
创造良好,3,复合短语
创造财富,3,普通词
初次分配分配,3,复合短语
判决,3,普通词
判断我国,3,复合短语
判断本文,3,复合短语
利好,3,普通词
利弊,3,普通词
利率上升,3,复合短语
利率下降,3,复合短语
利率市场化,3,复合短语
利率政策,3,普通词
利用20072019,3,复合短语
利用2008,3,复合短语
利用2013,3,复合短语
利用20162020,3,复合短语
利用2019,3,复合短语
利用城市,3,复合短语
利用独特,3,复合短语
利用率下降,3,复合短语
利用率经济增长,3,复合短语
利用税收,3,复合短语
利用美国,3,复合短语
利益保护,3,复合短语
利益分配,3,复合短语
利益基于,3,复合短语
利益结构,3,复合短语
利益输送,3,普通词
到底,3,普通词
制定实施过程,3,复合短语
制定提供参考,3,复合短语
制定有效,3,复合短语
制度信任,3,复合短语
制度农村,3,复合短语
制度化,3,普通词
制度因素,3,复合短语
制度国家治理,3,复合短语
制度市场,3,复合短语
制度开放重要,3,复合短语
制度本质,3,复合短语
制度环境企业,3,复合短语
制度逻辑视角,3,复合短语
制度限制,3,复合短语
制约中国经济,3,复合短语
制造业中国,3,复合短语
制造业企业如何,3,复合短语
制造业出口,3,复合短语
制造业生产,3,复合短语
制造业资本,3,复合短语
制造业资本劳动,3,复合短语
制造企业转型,3,复合短语
制造大国,3,复合短语
制造转型,3,复合短语
制高点,3,普通词
刺激作用,3,普通词
刺激计划,3,复合短语
刻画上述,3,复合短语
刻画中国,3,复合短语
刻画我国,3,复合短语
削弱企业,3,复合短语
前列,3,普通词
前后中国,3,复合短语
前沿分析,3,复合短语
前沿课题,3,复合短语
前置,3,普通词
前者影响,3,复合短语
前进方向,3,普通词
剖析经济,3,复合短语
剩余劳动力,3,普通词
副产品,3,普通词
力争,3,普通词
力度影响,3,复合短语
功能促进,3,复合短语
功能分类,3,复合短语
功能提供,3,复合短语
功能本文,3,复合短语
功能研究,3,复合短语
加上,3,普通词
加之,3,普通词
加剧企业融资,3,复合短语
加剧劳动力,3,复合短语
加剧市场,3,复合短语
加剧资本,3,复合短语
加强中国,3,复合短语
加强国际,3,复合短语
加强环境保护,3,复合短语
加强税收,3,复合短语
加强税收征管,3,复合短语
加征关税中国,3,复合短语
加快完善社会主义,3,复合短语
加快构建全国,3,复合短语
加快自主,3,复合短语
加速机制,3,复合短语
动力来源,3,复合短语
动态匹配,3,复合短语
动态协同,3,复合短语
动态博弈分析,3,复合短语
动态影响,3,复合短语
动态效果,3,普通词
动态机制,3,复合短语
动态模型,3,复合短语
动态演化特征,3,复合短语
动态演进,3,复合短语
动态特征,3,复合短语
动态能力理论,3,复合短语
动态视角,3,复合短语
动态调查数据,3,复合短语
动态预期,3,复合短语
动摇,3,普通词
动机以及,3,复合短语
动机更强,3,复合短语
动植物,3,普通词
动荡,3,普通词
助力企业,3,复合短语
助力实体,3,复合短语
助力实体经济,3,复合短语
助力实现,3,复合短语
助力经济,3,复合短语
助推企业,3,复合短语
劳动力之间,3,复合短语
劳动力工资水平,3,复合短语
劳动力市场冲击,3,复合短语
劳动力年龄结构,3,复合短语
劳动力收入,3,复合短语
劳动力流动障碍,3,复合短语
劳动力短缺,3,复合短语
劳动力迁移,3,复合短语
劳动力集聚,3,复合短语
劳动增强型生产率,3,复合短语
劳动密集型行业,3,复合短语
劳动对象,3,普通词
劳动工资,3,普通词
劳动收入份额影响,3,复合短语
劳动替代性,3,复合短语
劳均,3,普通词
势力影响,3,复合短语
势头,3,普通词
势必会,3,普通词
募集资金,3,复合短语
包含技术,3,复合短语
包括中国在内,3,复合短语
包括政府,3,复合短语
化工,3,普通词
化机制,3,普通词
化石能源生产,3,复合短语
化解风险,3,复合短语
北京大学,3,普通词
匹配以及,3,复合短语
匹配双重,3,复合短语
匹配模型,3,复合短语
匹配理论,3,复合短语
匹配调查数据,3,复合短语
区分机制,3,复合短语
区域一般,3,复合短语
区域一般均衡,3,复合短语
区域企业,3,复合短语
区域传导,3,复合短语
区域全面经济,3,复合短语
区域发展差距,3,复合短语
区域合作,3,普通词
区域层面,3,复合短语
区域性,3,普通词
区域行业,3,复合短语
医保基金,3,复合短语
医疗负担,3,复合短语
十二年,3,普通词
升级产生,3,复合短语
升级功能,3,复合短语
升级加快,3,复合短语
升级技术,3,复合短语
升级政策,3,复合短语
升级跃迁,3,复合短语
升级需求,3,复合短语
升级驱动,3,复合短语
升级高铁,3,复合短语
半殖民地,3,普通词
华丽,3,普通词
协同增长,3,复合短语
协同新型,3,复合短语
协商机制,3,复合短语
协定RCEP,3,复合短语
单方面,3,普通词
单档,3,普通词
单环,3,普通词
单车,3,普通词
单边,3,普通词
博弈关税,3,复合短语
博弈分析,3,复合短语
博弈模型理论,3,复合短语
博弈视角,3,复合短语
博弈论,3,普通词
博弈过程,3,复合短语
占领,3,普通词
卡脖子问题,3,复合短语
印花税,3,普通词
危为机,3,普通词
即以,3,普通词
即时,3,普通词
却是,3,普通词
历史交汇点,3,复合短语
历史发展,3,复合短语
历史回顾,3,复合短语
历史地位,3,复合短语
历史性贡献,3,复合短语
历史文化,3,复合短语
历史演变,3,复合短语
历史脉络,3,复合短语
历史阶段,3,复合短语
历次,3,普通词
历程梳理,3,复合短语
压力地方,3,复合短语
压力增大,3,复合短语
压力财政,3,复合短语
压力越大,3,复合短语
厌恶系数,3,复合短语
原因研究,3,复合短语
原因进行,3,复合短语
原始,3,普通词
原生,3,普通词
县域之间,3,复合短语
县委书记,3,普通词
参与区域,3,复合短语
参与影响,3,复合短语
参数估计方法,3,复合短语
及其不同,3,复合短语
及其中国,3,复合短语
及其价值,3,复合短语
及其传导机制,3,复合短语
及其决定,3,复合短语
及其国家,3,复合短语
及其国际,3,复合短语
及其应用,3,复合短语
及其形成机制,3,复合短语
及其影响机制,3,复合短语
及其经济后果,3,复合短语
双低,3,普通词
双向流动,3,复合短语
双方信息,3,复合短语
双方信息对称,3,复合短语
双曲线,3,普通词
双环,3,普通词
双碳目标重要,3,复合短语
双重差分法研究,3,复合短语
双重机制,3,复合短语
双重结构,3,复合短语
双重背景,3,复合短语
反之亦然,3,普通词
反哺,3,普通词
反垄断法实施自然实验,3,复合短语
反而降低,3,复合短语
发动机,3,普通词
发展不同阶段,3,复合短语
发展中国家经济,3,复合短语
发展乡村,3,复合短语
发展供应链,3,复合短语
发展供应链金融,3,复合短语
发展全面建设,3,复合短语
发展全面绿色,3,复合短语
发展具有启示,3,复合短语
发展内在要求,3,复合短语
发展内外部,3,复合短语
发展内外部环境,3,复合短语
发展助力,3,复合短语
发展变革,3,复合短语
发展因素,3,复合短语
发展国家重大,3,复合短语
发展大国,3,复合短语
发展契机,3,复合短语
发展市场竞争,3,复合短语
发展必然选择,3,复合短语
发展思路,3,复合短语
发展悖论,3,复合短语
发展意义,3,复合短语
发展战略提升,3,复合短语
发展战略选择,3,复合短语
发展提供事实,3,复合短语
发展提供参考,3,复合短语
发展提供经验,3,复合短语
发展改善,3,复合短语
发展方向提出,3,复合短语
发展服务,3,复合短语
发展条件,3,复合短语
发展格局关键,3,复合短语
发展格局双循环,3,复合短语
发展格局推动,3,复合短语
发展格局核心,3,复合短语
发展比较优势,3,复合短语
发展水平差距,3,复合短语
发展活力,3,复合短语
发展深化,3,复合短语
发展满足人民,3,复合短语
发展演进,3,复合短语
发展监管,3,复合短语
发展离不开,3,复合短语
发展红利,3,复合短语
发展经验,3,复合短语
发展要素生产率,3,复合短语
发展资本市场,3,复合短语
发展资源,3,复合短语
发展过程本文,3,复合短语
发展这个,3,复合短语
发展速度,3,复合短语
发展重点,3,复合短语
发展银行业,3,复合短语
发展阶段经济体,3,复合短语
发展需求,3,复合短语
发挥公司,3,复合短语
发挥公司治理,3,复合短语
发挥引导,3,复合短语
发挥更大,3,复合短语
发挥社会主义,3,复合短语
发挥积极作用,3,复合短语
发挥规模,3,复合短语
发明专利数据,3,复合短语
发生明显,3,复合短语
发生明显变化,3,复合短语
发生率,3,普通词
发生重大,3,复合短语
发行数据,3,复合短语
发言,3,普通词
发言要点,3,复合短语
发起制度,3,复合短语
取向一致性,3,复合短语
取得巨大成就,3,复合短语
受到冲击,3,复合短语
受到明显,3,复合短语
受到负面影响,3,复合短语
受端,3,普通词
变动影响,3,复合短语
变动本文,3,复合短语
变化异质性,3,复合短语
变换,3,普通词
变迁具有,3,复合短语
变迁组织,3,复合短语
变迁视角,3,复合短语
变量进行实证,3,复合短语
变革包括,3,复合短语
变革影响,3,复合短语
变革正在,3,复合短语
叠加企业,3,复合短语
古代,3,普通词
古典增长模型,3,复合短语
句子,3,普通词
只要,3,普通词
可以利用,3,复合短语
可以更好,3,复合短语
可以有效缓解,3,复合短语
可以根据,3,复合短语
可以理解,3,复合短语
可以通过补贴,3,复合短语
可操作性,3,普通词
可能损害,3,复合短语
可能有助于,3,复合短语
可行路径,3,复合短语
可达,3,普通词
可靠性本文,3,复合短语
史上,3,普通词
各个领域,3,普通词
各国共享,3,复合短语
各国现代化,3,复合短语
各国现代化共同,3,复合短语
各类企业,3,复合短语
合伙人,3,普通词
合作伙伴,3,普通词
合作开发,3,普通词
合作推动,3,复合短语
合作模式,3,复合短语
合作经济,3,复合短语
合作网络,3,复合短语
合法性理论,3,复合短语
合理化,3,普通词
合理有序,3,复合短语
合理解释,3,复合短语
合约供应链,3,复合短语
合规,3,普通词
同时企业,3,复合短语
同时优化,3,复合短语
同时具备,3,复合短语
同时受到,3,复合短语
同时带来,3,复合短语
同时持续,3,复合短语
同样存在,3,复合短语
同等,3,普通词
同质,3,普通词
名义刚性,3,复合短语
后发地区,3,复合短语
后果分析,3,复合短语
后果方面,3,复合短语
后果本文,3,复合短语
后续研究,3,复合短语
向着,3,普通词
含义本文,3,复合短语
启动决策,3,复合短语
启示作用,3,复合短语
启示同时,3,复合短语
吸引作用,3,复合短语
呈现上升下降,3,复合短语
呈现上升趋势,3,复合短语
呈现出一定,3,复合短语
呈现出显著,3,复合短语
员工工资,3,普通词
员工激励,3,复合短语
员工知识,3,复合短语
周年,3,普通词
周期周期,3,复合短语
周期宏观,3,复合短语
周期宏观审慎,3,复合短语
周期性特征,3,复合短语
周期性系统性,3,复合短语
周期性系统性风险,3,复合短语
周期调控,3,复合短语
周边银行,3,复合短语
周边银行分支机构,3,复合短语
呼声,3,普通词
命题本文,3,复合短语
和谐稳定,3,复合短语
咸丰,3,普通词
哈啰,3,普通词
响应行为,3,复合短语
哪里,3,普通词
哲学社会科学工作,3,复合短语
哲学观,3,普通词
商业银行流动性,3,复合短语
商业银行研究,3,复合短语
商业银行研究对象,3,复合短语
商业银行金融,3,复合短语
商务,3,普通词
囊括,3,普通词
囚徒,3,普通词
囚徒困境,3,复合短语
四中全会,3,普通词
四维,3,普通词
回升,3,普通词
回归模型实证,3,复合短语
回报率中国,3,复合短语
回收,3,普通词
回答问题,3,复合短语
回顾总结,3,复合短语
因时制宜,3,普通词
因果识别,3,复合短语
因素国际,3,复合短语
因素我国,3,复合短语
因素方面,3,复合短语
因素系统性,3,复合短语
因素系统性风险,3,复合短语
因素综合,3,复合短语
因素进而,3,复合短语
因素驱动,3,复合短语
困境提供管理,3,复合短语
困境政策,3,复合短语
围绕中国,3,复合短语
固定资本,3,普通词
国债收益率,3,复合短语
国债风险,3,复合短语
国内区域,3,复合短语
国内国际两个,3,复合短语
国内市场分割,3,复合短语
国内循环国内,3,复合短语
国内贸易循环,3,复合短语
国别,3,普通词
国家如何,3,复合短语
国家平均水平,3,复合短语
国家异质性,3,复合短语
国家收入,3,复合短语
国家标准,3,普通词
国家现代化,3,复合短语
国家目标,3,复合短语
国家社会,3,复合短语
国家竞争,3,复合短语
国家组织,3,复合短语
国库集中,3,复合短语
国库集中收付,3,复合短语
国有企业政府,3,复合短语
国有企业通过,3,复合短语
国有企业高管,3,复合短语
国民收入分配,3,复合短语
国税,3,普通词
国营企业,3,普通词
国计民生,3,普通词
国际两个,3,复合短语
国际化企业,3,复合短语
国际化水平,3,复合短语
国际化程度,3,复合短语
国际政治,3,复合短语
国际社会,3,复合短语
国际税收,3,复合短语
国际竞争格局,3,复合短语
国际经济循环,3,复合短语
土地出让金,3,复合短语
土地市场改革,3,复合短语
土地抵押,3,复合短语
土地政策百年,3,复合短语
土地流转决策,3,复合短语
土地流转土地,3,复合短语
土地经营,3,复合短语
土地融资,3,复合短语
土地资本,3,复合短语
土壤,3,普通词
在于构建,3,复合短语
在于监管,3,复合短语
在外,3,普通词
在实践上,3,普通词
地位作用,3,复合短语
地位变化,3,复合短语
地区之间存在,3,复合短语
地区出口,3,复合短语
地区分割,3,复合短语
地区分工,3,复合短语
地区受到,3,复合短语
地区土地,3,复合短语
地区城乡,3,复合短语
地区存在,3,复合短语
地区居民,3,复合短语
地区微观,3,复合短语
地区接受,3,复合短语
地区收入,3,复合短语
地区收入差距,3,复合短语
地区欠发达,3,复合短语
地区欠发达地区,3,复合短语
地区环境,3,复合短语
地区相对,3,复合短语
地区税收竞争,3,复合短语
地区银行业,3,复合短语
地市,3,普通词
地方产业,3,复合短语
地方官员,3,复合短语
地方政府之间,3,复合短语
地方政府产业,3,复合短语
地方政府债券,3,复合短语
地方政府公共服务,3,复合短语
地方政府市场,3,复合短语
地方政府支出,3,复合短语
地方政府经济,3,复合短语
地方积极性,3,复合短语
地方管理体制改革,3,复合短语
地方财政关系,3,复合短语
地方预算,3,复合短语
地权,3,普通词
地板,3,普通词
地理分布,3,普通词
地理空间,3,复合短语
地理邻近,3,复合短语
地用,3,普通词
地租,3,普通词
场景研究,3,复合短语
均衡CGE,3,复合短语
均衡创新,3,复合短语
均衡创新水平,3,复合短语
均衡影响,3,复合短语
均衡模型探讨,3,复合短语
均衡模型揭示,3,复合短语
均衡模型理论,3,复合短语
均衡研究,3,复合短语
均衡税收,3,复合短语
坚定不移,3,普通词
坚定推进,3,复合短语
坚强领导,3,复合短语
坚持全面领导,3,复合短语
坚持深化,3,复合短语
坚持统筹,3,复合短语
坚持马克思主义政治经济学,3,复合短语
垃圾,3,普通词
垄断市场化,3,复合短语
垄断性,3,普通词
垄断竞争,3,复合短语
城乡协调,3,复合短语
城乡协调发展,3,复合短语
城市企业,3,复合短语
城市基础设施,3,复合短语
城市如何,3,复合短语
城市家庭,3,复合短语
城市政府,3,复合短语
城市生活,3,复合短语
城市经济发展,3,复合短语
城市群发展,3,复合短语
城市行业,3,复合短语
城市集聚经济,3,复合短语
城镇化乡村全面,3,复合短语
城镇化城乡,3,复合短语
城镇化城乡融合,3,复合短语
域观,3,普通词
培育发展,3,复合短语
基于2001,3,复合短语
基于2003,3,复合短语
基于2004,3,复合短语
基于20082015,3,复合短语
基于2012,3,复合短语
基于20162020,3,复合短语
基于A股,3,复合短语
基于中国2000,3,复合短语
基于中国情境,3,复合短语
基于中国经验,3,复合短语
基于中小,3,复合短语
基于二元,3,复合短语
基于价值链,3,复合短语
基于全国农户,3,复合短语
基于具有,3,复合短语
基于农户,3,复合短语
基于包含,3,复合短语
基于商业,3,复合短语
基于商业信用,3,复合短语
基于国家级,3,复合短语
基于基金,3,复合短语
基于完全,3,复合短语
基于实证,3,复合短语
基于客户,3,复合短语
基于客户供应商,3,复合短语
基于市场,3,复合短语
基于开放,3,复合短语
基于投债,3,复合短语
基于投入产出,3,复合短语
基于投资者,3,复合短语
基于拓展,3,复合短语
基于搜寻,3,复合短语
基于政治经济学视角,3,复合短语
基于数字技术,3,复合短语
基于时变,3,复合短语
基于时间,3,复合短语
基于现实,3,复合短语
基于生命周期,3,复合短语
基于社会生态系统,3,复合短语
基于科技,3,复合短语
基于结构化,3,复合短语
基于绿色,3,复合短语
基于自己,3,复合短语
基于资源依赖,3,复合短语
基于这一背景,3,复合短语
基于银行风险,3,复合短语
基准回归,3,复合短语
基准情形,3,复合短语
基因,3,普通词
基本公共服务供给,3,复合短语
基本养老保险,3,复合短语
基本原理中国,3,复合短语
基本国情,3,普通词
基本国策,3,普通词
基本实现社会主义,3,复合短语
基本要素,3,普通词
基点,3,普通词
基石中国,3,复合短语
基石本文,3,复合短语
基础产业,3,普通词
基础全面,3,复合短语
基础加快,3,复合短语
基础可以,3,复合短语
基础性作用,3,复合短语
基础性制度,3,复合短语
基础性研究,3,复合短语
基础支撑,3,复合短语
基础本文利用,3,复合短语
基础系统,3,复合短语
基础经验,3,复合短语
基础设施促进,3,复合短语
基础设施通过,3,复合短语
基础进一步,3,复合短语
基础采用,3,复合短语
增值效应,3,复合短语
增值税减税,3,复合短语
增值税分成,3,复合短语
增值税抵扣,3,复合短语
增值税改革,3,复合短语
增值税税收中性,3,复合短语
增值税税率简并,3,复合短语
增加产出,3,复合短语
增加债券,3,复合短语
增加单位,3,复合短语
增加就业,3,复合短语
增加居民,3,复合短语
增加政府,3,复合短语
增加消费,3,复合短语
增加社会,3,复合短语
增加资本,3,复合短语
增加进而,3,复合短语
增强型技术,3,复合短语
增强型生产率,3,复合短语
增强政策,3,复合短语
增强消费,3,复合短语
增强经济韧性,3,复合短语
增强自主,3,复合短语
增速减缓,3,复合短语
增速变化,3,复合短语
增速持续,3,复合短语
增速明显,3,复合短语
增长上述,3,复合短语
增长主要来源于,3,复合短语
增长产生显著,3,复合短语
增长价格,3,复合短语
增长传导,3,复合短语
增长使得,3,复合短语
增长内在,3,复合短语
增长动能转换,3,复合短语
增长受到,3,复合短语
增长呈现,3,复合短语
增长城乡,3,复合短语
增长城乡收入,3,复合短语
增长奇迹,3,复合短语
增长差距缩小,3,复合短语
增长异质性,3,复合短语
增长技术,3,复合短语
增长正向,3,复合短语
增长点,3,普通词
增长率影响效应,3,复合短语
增长经验,3,复合短语
增长统一,3,复合短语
增长缩小,3,复合短语
增长要素生产率,3,复合短语
增长趋势,3,复合短语
增长转向高质量,3,复合短语
增长过程,3,复合短语
声誉企业,3,复合短语
声誉效应,3,复合短语
声誉机制,3,复合短语
声誉激励,3,复合短语
处于百年,3,复合短语
处于百年未有,3,复合短语
处于高水平,3,复合短语
处理效应异质性,3,复合短语
处理数据,3,复合短语
备用,3,普通词
复合型,3,普通词
复式,3,普通词
复杂影响,3,复合短语
复杂问题,3,复合短语
外债,3,普通词
外向,3,普通词
外商,3,普通词
外地,3,普通词
外来者,3,普通词
外汇市场风险,3,复合短语
外溢效果,3,复合短语
外溢视角,3,复合短语
外生政策,3,复合短语
外生政策冲击,3,复合短语
外部冲击导致,3,复合短语
外部性创新,3,复合短语
外部性视角,3,复合短语
外部技术,3,复合短语
外部治理环境,3,复合短语
外部监管,3,复合短语
多个方面,3,复合短语
多任务,3,普通词
多元路径,3,复合短语
多发,3,普通词
多措,3,普通词
多措并举,3,复合短语
多方主体,3,复合短语
多样化经济,3,复合短语
多样化经济增长,3,复合短语
多种分配方式,3,复合短语
多空,3,普通词
多路径,3,普通词
大中小城市,3,普通词
大众,3,普通词
大势,3,普通词
大变局加速,3,复合短语
大国关系,3,复合短语
大国迈向,3,复合短语
大大降低,3,普通词
大幅上升,3,复合短语
大幅增加,3,复合短语
大幅提高,3,普通词
大脑,3,普通词
大豆,3,普通词
大部分地区,3,复合短语
大都,3,普通词
天数,3,普通词
天鹅,3,普通词
太平洋,3,普通词
太谷县,3,普通词
央企,3,普通词
央行宏观,3,复合短语
央行宏观审慎,3,复合短语
失业风险,3,复合短语
失去,3,普通词
失范,3,普通词
失衡结构,3,复合短语
失败容忍度,3,复合短语
奇点,3,普通词
奉行,3,普通词
奋斗目标进军,3,复合短语
契约型,3,普通词
奖励,3,普通词
套利行为,3,复合短语
奠定坚实,3,复合短语
好地解决,3,普通词
如下第一,3,复合短语
如何充分发挥,3,复合短语
如何协调,3,复合短语
如何发展,3,复合短语
如何处理,3,复合短语
如何完善,3,复合短语
如何影响创新,3,复合短语
如何影响收入,3,复合短语
如何影响资本,3,复合短语
如何根据,3,复合短语
如何根据不同,3,复合短语
如何破解,3,复合短语
如何突破,3,复合短语
如何绿色,3,复合短语
如何缓解,3,复合短语
如果企业,3,复合短语
妨碍,3,普通词
委托代理关系,3,复合短语
威慑理论,3,普通词
媒体广告,3,普通词
子公司数据,3,复合短语
子女养育,3,复合短语
子系统,3,普通词
存在争议本文,3,复合短语
存在产品,3,复合短语
存在动态,3,复合短语
存在异质性影响,3,复合短语
存在政府,3,复合短语
存在显著异质性,3,复合短语
存在替代,3,复合短语
存在最优,3,复合短语
存在短期,3,复合短语
存在结构性,3,复合短语
存在诸多,3,复合短语
存在较为,3,复合短语
存在重要原因,3,复合短语
存在非线性,3,复合短语
存款准备金率,3,复合短语
存活,3,普通词
学习中国,3,复合短语
学习人工智能,3,复合短语
学习框架,3,复合短语
学习理论,3,复合短语
学习研究,3,复合短语
学习视角,3,复合短语
学习语言,3,复合短语
学习语言模型,3,复合短语
学术成果,3,复合短语
学术期刊,3,普通词
学术理论,3,复合短语
学派,3,普通词
学理支持,3,复合短语
学界对于,3,复合短语
学科建设,3,普通词
学者关注,3,复合短语
学龄,3,普通词
安全国家,3,复合短语
安全国家安全,3,复合短语
安全实现,3,复合短语
安全推动,3,复合短语
安全水平具有,3,复合短语
安全社会,3,复合短语
安全统筹发展,3,复合短语
安排基于,3,复合短语
安排本文,3,复合短语
完全抵消,3,复合短语
完全替代,3,复合短语
完善促进,3,复合短语
完善制度,3,复合短语
完善劳动者,3,复合短语
完善增值税,3,复合短语
完善宏观经济,3,复合短语
完善宏观经济治理,3,复合短语
完善政府,3,复合短语
完善数据,3,复合短语
完善文化,3,复合短语
完善相应,3,复合短语
完善要素,3,复合短语
完善财政,3,复合短语
完成并购,3,复合短语
完整准确,3,复合短语
完整准确全面,3,复合短语
完整工业体系,3,复合短语
宏观中观,3,复合短语
宏观分析,3,复合短语
宏观制度,3,复合短语
宏观效应研究,3,复合短语
宏观数据实证,3,复合短语
宏观杠杆上升,3,复合短语
宏观社会,3,复合短语
宏观经济变量,3,复合短语
宏观经济增长,3,复合短语
宏观经济金融,3,复合短语
宏观要素,3,复合短语
宏观要素生产率,3,复合短语
宏观调控体系,3,复合短语
宏观调控理论,3,复合短语
宏观资本,3,复合短语
宗申,3,普通词
定义阶段,3,复合短语
定价影响研究,3,复合短语
定价政府,3,复合短语
定价本文,3,复合短语
定价消费者,3,复合短语
定价能力,3,复合短语
定量估算,3,复合短语
实业,3,普通词
实体经济影响,3,复合短语
实体经济活动,3,复合短语
实体经济融资,3,复合短语
实务共同,3,复合短语
实施乡村,3,复合短语
实施创新驱动,3,复合短语
实施战略,3,复合短语
实施财政,3,复合短语
实现两个,3,复合短语
实现产业结构,3,复合短语
实现产品,3,复合短语
实现人与自然,3,复合短语
实现人与自然和谐,3,复合短语
实现全体,3,复合短语
实现全体人民,3,复合短语
实现共同富裕过程,3,复合短语
实现净零碳,3,复合短语
实现净零碳排放,3,复合短语
实现制造业,3,复合短语
实现劳动力,3,复合短语
实现发展安全,3,复合短语
实现城乡,3,复合短语
实现平衡,3,复合短语
实现形式,3,复合短语
实现持续发展,3,复合短语
实现效率,3,复合短语
实现有效市场,3,复合短语
实现机理,3,复合短语
实现核心技术,3,复合短语
实现碳达峰碳中,3,复合短语
实现组织,3,复合短语
实现绿色,3,复合短语
实现自主,3,复合短语
实现自主创新,3,复合短语
实现资源,3,复合短语
实现赶超,3,复合短语
实用新型,3,普通词
实证两个,3,复合短语
实证依据,3,复合短语
实证分析不同,3,复合短语
实证基础,3,复合短语
实证指标,3,复合短语
实证本文,3,复合短语
实证检验分析,3,复合短语
实证检验理论,3,复合短语
实证检验经验,3,复合短语
实证模型,3,复合短语
实证测算,3,复合短语
实证研究本文,3,复合短语
实证结论,3,复合短语
实证考察地方,3,复合短语
实证评估,3,复合短语
实践历程,3,复合短语
实践地位,3,复合短语
实践总结,3,复合短语
实践案例,3,复合短语
实践相结合,3,复合短语
实践系统,3,复合短语
实践证据,3,复合短语
实践需求,3,复合短语
实际GDP增长率,3,复合短语
实际上,3,普通词
实际影响,3,复合短语
实际摩擦,3,复合短语
实际效果,3,普通词
实际数据,3,复合短语
实际需求,3,复合短语
实验设计,3,普通词
审判,3,普通词
审慎政策能够,3,复合短语
审慎监管能够,3,复合短语
审慎评估体系,3,复合短语
审慎货币政策,3,复合短语
审计质量,3,复合短语
客户企业,3,复合短语
客户供应商关系,3,复合短语
客户信息,3,复合短语
客户提供商业,3,复合短语
客户议价,3,复合短语
客户议价能力,3,复合短语
客观把握,3,复合短语
客观要求,3,复合短语
家产,3,普通词
家庭微观,3,复合短语
家庭房产,3,复合短语
家庭经营家庭,3,复合短语
家庭边际,3,复合短语
家庭边际消费,3,复合短语
家户,3,普通词
容易出现,3,复合短语
容易遭受,3,复合短语
密切关注,3,复合短语
富民,3,普通词
寡头模型分析,3,复合短语
对于不同,3,复合短语
对于全面,3,复合短语
对于公司,3,复合短语
对于厘清,3,复合短语
对于如何,3,复合短语
对于家庭,3,复合短语
对于提升政府,3,复合短语
对于未来,3,复合短语
对于构建,3,复合短语
对于深入理解,3,复合短语
对于税收征管,3,复合短语
对党,3,普通词
对冲机制,3,复合短语
对冲风险,3,复合短语
对华,3,普通词
对外贸易中国,3,复合短语
对手,3,普通词
对称性影响,3,复合短语
对称降低,3,复合短语
对立,3,普通词
对美,3,普通词
对象基于,3,复合短语
对象实证,3,复合短语
对象实证检验,3,复合短语
对象本文,3,复合短语
对象采用,3,复合短语
对重,3,普通词
寻锚,3,普通词
导入,3,普通词
导向中国,3,复合短语
导致医疗,3,复合短语
导致地方政府,3,复合短语
导言,3,普通词
封建时代,3,普通词
尚存,3,普通词
尚未得到,3,复合短语
尤为突出,3,复合短语
尤其需要,3,复合短语
就业促进效应,3,复合短语
就业冲击,3,复合短语
就业双重,3,复合短语
就业市场,3,复合短语
就业影响研究,3,复合短语
就业提高,3,复合短语
就业收入,3,复合短语
就业方面,3,复合短语
就业概率,3,复合短语
就业比例,3,复合短语
尽可能,3,普通词
局部均衡,3,复合短语
层次性,3,普通词
层面出发,3,复合短语
层面市场势力,3,复合短语
层面微观,3,复合短语
层面推动,3,复合短语
层面数字技术,3,复合短语
层面来看,3,复合短语
层面面板,3,复合短语
层面面板数据,3,复合短语
居民收入分配,3,复合短语
居民消费行为,3,复合短语
屏障,3,普通词
展开实证,3,复合短语
展开纵向,3,复合短语
展开纵向案例,3,复合短语
属性政策,3,复合短语
履行社会,3,复合短语
履行社会责任,3,复合短语
山西省,3,普通词
岗位需求,3,复合短语
崩溃,3,普通词
崩盘风险视角,3,复合短语
嵌入社会,3,复合短语
嵌入经济,3,复合短语
工业化中国共产党,3,复合短语
工业增加值,3,复合短语
工业智能化劳动力,3,复合短语
工业经济时代,3,复合短语
工作创造,3,复合短语
工作座谈会,3,复合短语
工作提供参考,3,复合短语
工具变量回归,3,复合短语
工具变量方法,3,复合短语
工具箱,3,普通词
工具组合,3,复合短语
工匠精神,3,复合短语
工程这一,3,复合短语
左侧,3,普通词
巨大成就,3,普通词
差分方法识别,3,复合短语
差分法研究,3,复合短语
差别定价,3,复合短语
差异存在,3,复合短语
差距促进,3,复合短语
差距地区,3,复合短语
差距地区差距,3,复合短语
差距收敛,3,复合短语
差距数字,3,复合短语
差距进一步,3,复合短语
差距问题,3,复合短语
已经成为中国,3,复合短语
已经成为全球,3,复合短语
已经进入,3,复合短语
市场一体化程度,3,复合短语
市场一体化经济,3,复合短语
市场一般,3,复合短语
市场主体活力,3,复合短语
市场互动,3,复合短语
市场交易制度,3,复合短语
市场价格影响,3,复合短语
市场信息披露,3,复合短语
市场信用利差,3,复合短语
市场健康发展,3,复合短语
市场具有市场,3,复合短语
市场内生,3,复合短语
市场准入门槛,3,复合短语
市场利用,3,复合短语
市场制度环境,3,复合短语
市场化契约,3,复合短语
市场化机制,3,复合短语
市场化水平地区,3,复合短语
市场化程度提高,3,复合短语
市场发挥,3,复合短语
市场呈现出,3,复合短语
市场城市,3,复合短语
市场基础制度,3,复合短语
市场定价机制,3,复合短语
市场市场势力,3,复合短语
市场平台,3,复合短语
市场应用,3,复合短语
市场建设促进,3,复合短语
市场建设重要,3,复合短语
市场异象,3,复合短语
市场影响研究,3,复合短语
市场情绪,3,复合短语
市场扩张,3,复合短语
市场整体,3,复合短语
市场有序,3,复合短语
市场构建发展,3,复合短语
市场特殊性,3,复合短语
市场短期,3,复合短语
市场竞争企业,3,复合短语
市场经济伟大,3,复合短语
市场经济伟大创造,3,复合短语
市场经济体制政府,3,复合短语
市场经济建设,3,复合短语
市场经济高水平,3,复合短语
市场经验,3,复合短语
市场规模扩大,3,复合短语
市场认同,3,复合短语
市场货币,3,复合短语
市场资源配置中起,3,复合短语
市场资源配置决定性,3,复合短语
市场进行,3,复合短语
市场非理性,3,复合短语
市场预测,3,普通词
市场领先,3,复合短语
市场风险传染,3,复合短语
市政府,3,普通词
市级层面,3,复合短语
带动地区,3,复合短语
带动效应,3,复合短语
带来严重,3,复合短语
带来产出,3,复合短语
带来创新,3,复合短语
带来发展,3,复合短语
带来就业,3,复合短语
带来工资,3,复合短语
带来影响本文,3,复合短语
带来效率,3,复合短语
带来效率损失,3,复合短语
带来福利损失,3,复合短语
带来红利,3,复合短语
带来负面影响,3,复合短语
带来财政,3,复合短语
干预力度,3,复合短语
平台企业政府,3,复合短语
平台协同,3,复合短语
平台双边,3,复合短语
平台双边市场,3,复合短语
平台开展,3,复合短语
平台影响,3,复合短语
平均处理,3,复合短语
平均处理效应,3,复合短语
平滑转换,3,复合短语
平稳发展,3,复合短语
平等实现,3,复合短语
平衡充分问题,3,复合短语
平衡公式,3,复合短语
平衡问题,3,复合短语
年代中国,3,复合短语
年均增长率,3,复合短语
年报披露,3,复合短语
年末,3,普通词
年轻人,3,普通词
年间全国,3,复合短语
年间发表,3,复合短语
年间我国,3,复合短语
并不一定,3,普通词
并且创新,3,复合短语
并且由于,3,复合短语
并未出现,3,复合短语
并购交易,3,复合短语
并购市场,3,复合短语
并购活动,3,复合短语
广大,3,普通词
广度创新,3,复合短语
广延边际效应,3,复合短语
应从,3,普通词
应对经济,3,复合短语
应对能力,3,复合短语
应对风险,3,复合短语
应用中国劳动力,3,复合短语
应用劳动力,3,复合短语
应用程度,3,复合短语
应用转化,3,复合短语
应税,3,普通词
应税收入,3,复合短语
应计,3,普通词
应计盈余,3,复合短语
应计盈余管理,3,复合短语
底层技术,3,复合短语
底色,3,普通词
康尼,3,普通词
延续性,3,普通词
建构中国经济学,3,复合短语
建构资源,3,复合短语
建档立卡,3,普通词
建立一个包含,3,复合短语
建立一个异质性,3,复合短语
建立具有,3,复合短语
建立基于,3,复合短语
建立完善,3,复合短语
建议从而有助于,3,复合短语
建设中国特色,3,复合短语
建设价值,3,复合短语
建设作为,3,复合短语
建设小康社会,3,复合短语
建设提出,3,复合短语
建设时期,3,复合短语
建设核心,3,复合短语
建设现代,3,复合短语
建设贸易,3,复合短语
建设过程,3,复合短语
建设重大,3,复合短语
建设高质量,3,复合短语
建设高质量发展,3,复合短语
开发区主导产业,3,复合短语
开发式,3,普通词
开发阶段,3,普通词
开启全面,3,复合短语
开启全面建设,3,复合短语
开始实施,3,复合短语
开展实证,3,复合短语
开放促进,3,复合短语
开放共享发展,3,复合短语
开放型世界,3,复合短语
开放型世界经济,3,复合短语
开放式创新数字化,3,复合短语
开放程度,3,复合短语
开放重要,3,复合短语
开盘,3,普通词
异质性世代,3,复合短语
异质性世代交叠,3,复合短语
异质性企业模型,3,复合短语
异质性企业贸易,3,复合短语
异质性分析揭示,3,复合短语
异质性劳动力,3,复合短语
异质性同时,3,复合短语
异质性影响研究,3,复合短语
异质性技术,3,复合短语
异质性政策效应,3,复合短语
异质性本文,3,复合短语
异质性检验显示,3,复合短语
异质性此外,3,复合短语
异质性研究,3,复合短语
引入价格,3,复合短语
引入具有,3,复合短语
引入内生,3,复合短语
引入房地产,3,复合短语
引入政府,3,复合短语
引入消费,3,复合短语
引入质量,3,复合短语
引入银行,3,复合短语
引发全球,3,复合短语
引发地方政府,3,复合短语
引发系统性,3,复合短语
引导企业,3,复合短语
引导社会,3,复合短语
引导资本健康,3,复合短语
引进吸收,3,复合短语
引领中国,3,复合短语
引领我国,3,复合短语
引领经济,3,复合短语
弱化影子,3,复合短语
弱化影子银行,3,复合短语
弹性差异,3,复合短语
弹性生产函数,3,复合短语
弹性研究,3,复合短语
强劲,3,普通词
强国具有重要,3,复合短语
强国建设高质量,3,复合短语
强大动力,3,复合短语
强度地区,3,复合短语
强度增加,3,复合短语
强度提高,3,复合短语
强度研发,3,复合短语
强时,3,普通词
强调企业,3,复合短语
强链,3,普通词
归宿分析,3,复合短语
归纳总结,3,复合短语
归结为,3,普通词
当今世界处于,3,复合短语
当前社会,3,复合短语
当前面临,3,复合短语
当然,3,普通词
形势变化,3,复合短语
形成习近平,3,复合短语
形成国内,3,复合短语
形成差异化,3,复合短语
形成广泛,3,复合短语
形成技术,3,复合短语
形成支撑,3,复合短语
形成数字经济,3,复合短语
形成货币政策,3,复合短语
形成贸易,3,复合短语
影响上下游,3,复合短语
影响上述,3,复合短语
影响个体,3,复合短语
影响产出,3,复合短语
影响价格,3,复合短语
影响企业投资,3,复合短语
影响作用机理,3,复合短语
影响供应链,3,复合短语
影响具有明显,3,复合短语
影响农村,3,复合短语
影响双重,3,复合短语
影响取决于,3,复合短语
影响因素方面,3,复合短语
影响地方政府,3,复合短语
影响实体,3,复合短语
影响实证分析,3,复合短语
影响实证研究,3,复合短语
影响居民,3,复合短语
影响微观机制,3,复合短语
影响技术,3,复合短语
影响探究,3,复合短语
影响收入分配,3,复合短语
影响方面,3,复合短语
影响更为明显,3,复合短语
影响更为显著,3,复合短语
影响更为突出,3,复合短语
影响更加,3,复合短语
影响更大本文,3,复合短语
影响有利于,3,复合短语
影响有助于,3,复合短语
影响本文利用,3,复合短语
影响机制方面,3,复合短语
影响由于,3,复合短语
影响由此,3,复合短语
影响盈余,3,复合短语
影响相对,3,复合短语
影响系统,3,复合短语
影响网络,3,复合短语
影响考察,3,复合短语
影响股价,3,复合短语
影响货币,3,复合短语
影响货币政策传导,3,复合短语
影响较弱,3,复合短语
影响金融,3,复合短语
影响银行流动性,3,复合短语
影子银行成因,3,复合短语
影子银行融资,3,复合短语
影子银行金融,3,复合短语
影子银行风险,3,复合短语
彻底,3,普通词
征管强度提升,3,复合短语
很难,3,普通词
得分匹配双重,3,复合短语
徘徊,3,普通词
循环GDP,3,复合短语
循环国内国际,3,复合短语
微型,3,普通词
微观企业证据,3,复合短语
微观分析,3,复合短语
微观基础研究,3,复合短语
微观宏观,3,复合短语
微观层面数据,3,复合短语
微观收入,3,复合短语
微观数据实证,3,复合短语
微观数据本文,3,复合短语
微观数据研究,3,复合短语
微观数据考察,3,复合短语
微观替代弹性,3,复合短语
微观角度,3,复合短语
微观证据本文,3,复合短语
微观资本,3,复合短语
微观面板,3,复合短语
微观面板数据,3,复合短语
必然要求本文,3,复合短语
必须中国,3,复合短语
必须统筹,3,复合短语
忠诚,3,普通词
快速下降,3,复合短语
快速推进,3,复合短语
怎样影响,3,复合短语
思想中国式,3,复合短语
思想中国式现代化,3,复合短语
思想马克思主义,3,复合短语
性别歧视,3,普通词
性是,3,普通词
总体呈现,3,复合短语
总体就业,3,复合短语
总体来看,3,复合短语
总体福利水平,3,复合短语
总体经济,3,普通词
总局,3,普通词
总经理,3,普通词
总结我国,3,复合短语
总量结构,3,复合短语
恐慌,3,普通词
恢复发展,3,复合短语
恩格尔,3,普通词
恩格斯,3,普通词
息息相关,3,普通词
情况企业,3,复合短语
情况本文,3,复合短语
情境进行,3,复合短语
情绪影响,3,复合短语
惠及,3,普通词
惩戒,3,普通词
惯性,3,普通词
愈加明显,3,复合短语
意义本文基于,3,复合短语
意义本文通过,3,复合短语
意义重大本文,3,复合短语
意味着我国,3,复合短语
意图,3,普通词
意愿增强,3,复合短语
意识形态,3,普通词
成为一个,3,复合短语
成为一种,3,复合短语
成为制约,3,复合短语
成为学术界,3,复合短语
成为时代,3,复合短语
成员国平均,3,复合短语
成品,3,普通词
成本主要,3,复合短语
成本以及,3,复合短语
成本传导,3,复合短语
成本信息,3,复合短语
成本区域,3,复合短语
成本对于,3,复合短语
成本市场,3,复合短语
成本异质性,3,复合短语
成本异质性分析,3,复合短语
成本影响研究,3,复合短语
成本快速上升,3,复合短语
成本成本,3,复合短语
成本收益分析,3,复合短语
成本收益权衡,3,复合短语
成本数据,3,复合短语
成本本文基于,3,复合短语
成本经验,3,复合短语
成本经验证据,3,复合短语
成本结构,3,复合短语
成本进而,3,复合短语
成本风险溢价,3,复合短语
成熟期企业,3,复合短语
成熟阶段,3,复合短语
成立100,3,复合短语
成立100周年,3,复合短语
成立作用机制,3,复合短语
成立机制分析,3,复合短语
成立机制检验,3,复合短语
成绩,3,普通词
成长期企业,3,复合短语
我们考察,3,复合短语
我国上市公司,3,复合短语
我国全面,3,复合短语
我国农村,3,复合短语
我国出口,3,复合短语
我国创业,3,复合短语
我国制造业,3,复合短语
我国制造业企业,3,复合短语
我国发展阶段,3,复合短语
我国城市营商,3,复合短语
我国宏观经济金融市场,3,复合短语
我国宏观调控,3,复合短语
我国实施,3,复合短语
我国已经进入,3,复合短语
我国技术进步,3,复合短语
我国特有,3,复合短语
我国生态,3,复合短语
我国省际,3,复合短语
我国社会治理,3,复合短语
我国科技,3,复合短语
我国结构性,3,复合短语
我国结构性杠杆,3,复合短语
我国财政,3,复合短语
我国过去,3,复合短语
我国金融机构,3,复合短语
我国金融领域,3,复合短语
我国非金融企业,3,复合短语
战略中国,3,复合短语
战略关键,3,复合短语
战略地位,3,普通词
战略实现,3,复合短语
战略导向,3,复合短语
战略应对,3,复合短语
战略提出,3,复合短语
战略路径,3,复合短语
战略释放,3,复合短语
战胜,3,普通词
截然,3,普通词
截然相反,3,复合短语
截至,3,普通词
房产需求,3,复合短语
房地产行业,3,复合短语
所在地区,3,复合短语
所在地政府,3,复合短语
所处,3,普通词
所属,3,普通词
所得,3,普通词
所有制企业,3,复合短语
所有制双重,3,复合短语
所致,3,普通词
手动,3,普通词
手工收集整理,3,复合短语
手段本文,3,复合短语
打包,3,普通词
执法力度,3,复合短语
扩大内需规模,3,复合短语
扩大再生产,3,复合短语
扩大市场,3,复合短语
扩张促进,3,复合短语
扩张导致,3,复合短语
扩张带来,3,复合短语
扩张进一步,3,复合短语
扩散过程,3,复合短语
扩权,3,普通词
扭曲中国,3,复合短语
扭曲政府,3,复合短语
扭转,3,普通词
扮演着,3,普通词
扮演角色,3,复合短语
扰动,3,普通词
找到,3,普通词
承担影响,3,复合短语
承担流动性,3,复合短语
承担渠道理论,3,复合短语
技术产业,3,普通词
技术人员,3,普通词
技术人才,3,复合短语
技术传统,3,复合短语
技术创新促进,3,复合短语
技术创新平台,3,复合短语
技术创新机制,3,复合短语
技术创新能力,3,复合短语
技术劳动力,3,复合短语
技术吸收能力,3,复合短语
技术商业化,3,复合短语
技术外溢视角,3,复合短语
技术密集型,3,复合短语
技术属性,3,复合短语
技术影响,3,复合短语
技术快速,3,复合短语
技术成为,3,复合短语
技术技术,3,复合短语
技术数据,3,复合短语
技术是否,3,复合短语
技术特征,3,复合短语
技术红利,3,复合短语
技术纵向,3,复合短语
技术纵向案例,3,复合短语
技术自主创新,3,复合短语
技术进步任务,3,复合短语
技术进步资本,3,复合短语
技术通过,3,复合短语
技术重新,3,复合短语
技能互补假说,3,复合短语
技能偏向技术,3,复合短语
技能劳动力互补,3,复合短语
技能劳动力具有,3,复合短语
技能劳动替代,3,复合短语
技能水平,3,复合短语
把握中国,3,复合短语
把握数字经济,3,复合短语
抑制作用主要,3,复合短语
抑制劳动力,3,复合短语
抑制效果,3,复合短语
抑制金融,3,复合短语
投债二级,3,复合短语
投债二级市场,3,复合短语
投债市场,3,复合短语
投入之间,3,复合短语
投入产出分析,3,复合短语
投入产出构建,3,复合短语
投入劳动,3,复合短语
投入品,3,普通词
投入成本,3,复合短语
投贷,3,普通词
投资企业创新,3,复合短语
投资信贷,3,复合短语
投资偏好,3,复合短语
投资地方,3,复合短语
投资基于上市公司,3,复合短语
投资增加,3,复合短语
投资成本,3,复合短语
投资扩张,3,复合短语
投资效果,3,复合短语
投资本文,3,复合短语
投资研究,3,复合短语
投资组合理论,3,复合短语
投资者主要,3,复合短语
投资者企业,3,复合短语
投资者利益基于,3,复合短语
投资者反应,3,复合短语
投资者服务中心,3,复合短语
投资者能够,3,复合短语
投资者选择,3,复合短语
投资能够,3,复合短语
投资进一步,3,复合短语
投资重点,3,复合短语
投资降低,3,复合短语
报销,3,普通词
披露制度,3,复合短语
披露监管,3,复合短语
抵扣链条,3,复合短语
抵抗,3,普通词
抽样调查,3,普通词
拉低,3,普通词
拉动经济增长,3,复合短语
拉弗,3,普通词
拉弗曲线,3,复合短语
拓展丰富,3,复合短语
拓展同时,3,复合短语
拓展技术,3,复合短语
拓展数字经济,3,复合短语
拓展模型,3,复合短语
拓展资源,3,复合短语
招聘数据,3,复合短语
拜物教,3,普通词
拥有丰富,3,复合短语
持续发展具有,3,复合短语
持续发展本文,3,复合短语
持续时间,3,普通词
持续竞争,3,复合短语
持股通过,3,复合短语
指出中国,3,复合短语
指南,3,普通词
指向,3,普通词
指导思想,3,普通词
指引实施,3,复合短语
指挥,3,普通词
指数本文,3,复合短语
指标体系利用,3,复合短语
指标有效性,3,复合短语
指标研究,3,复合短语
指标进行,3,复合短语
挑战基于,3,复合短语
挑战必须,3,复合短语
挑战未来,3,复合短语
挑战本文基于,3,复合短语
挑战机遇,3,复合短语
挑起,3,普通词
挤兑,3,普通词
挤入,3,普通词
挤入效应,3,复合短语
振兴农民,3,复合短语
振兴有效,3,复合短语
振兴有效衔接,3,复合短语
损失主要,3,复合短语
损失基于,3,复合短语
损失有效,3,复合短语
损失此外,3,复合短语
损失研究,3,复合短语
排放下降,3,复合短语
排放产业,3,复合短语
排放基准,3,复合短语
排放增加,3,复合短语
排放强度下降,3,复合短语
排放水平,3,复合短语
探究我国,3,复合短语
探究数字,3,复合短语
探究经济,3,复合短语
探索利用,3,复合短语
探索实践,3,复合短语
探索建立,3,复合短语
探索新型,3,复合短语
探索治理,3,复合短语
探讨不同,3,复合短语
探讨其中,3,复合短语
探讨其中作用,3,复合短语
探讨创新,3,复合短语
探讨政府,3,复合短语
探讨数字金融,3,复合短语
探讨研究,3,复合短语
探讨社会,3,复合短语
探讨货币政策,3,复合短语
控制其他,3,复合短语
控制质量,3,复合短语
控制风险,3,复合短语
控排,3,普通词
控股股东利益,3,复合短语
控费,3,普通词
推出一系列,3,复合短语
推动中国式,3,复合短语
推动中国式现代化,3,复合短语
推动产业结构转型,3,复合短语
推动企业数字化,3,复合短语
推动共同富裕,3,复合短语
推动劳动力,3,复合短语
推动国际,3,复合短语
推动城市经济,3,复合短语
推动实现共同富裕,3,复合短语
推动新质,3,复合短语
推动新质生产力,3,复合短语
推动科技,3,复合短语
推动科技创新,3,复合短语
推动贸易,3,复合短语
推动资本,3,复合短语
推动资本市场,3,复合短语
推进供给,3,复合短语
推进供给结构性,3,复合短语
推进全国统一,3,复合短语
推进农业,3,复合短语
推进创新驱动,3,复合短语
推进国有企业,3,复合短语
推进市场,3,复合短语
推进市场化,3,复合短语
推进收入,3,复合短语
推进生态,3,复合短语
推进生态文明,3,复合短语
推进贸易,3,复合短语
推进贸易强国,3,复合短语
推进高质量发展,3,复合短语
推迟,3,普通词
掩盖,3,普通词
提供一个新视角,3,复合短语
提供价值,3,复合短语
提供全新,3,复合短语
提供初步,3,复合短语
提供参考依据,3,复合短语
提供可行,3,复合短语
提供合理,3,复合短语
提供学理支持,3,复合短语
提供支撑,3,复合短语
提供来自,3,复合短语
提供流动性,3,复合短语
提供科学支撑,3,复合短语
提供系统,3,复合短语
提供证据支持,3,复合短语
提出具体,3,复合短语
提出加快,3,复合短语
提出命题,3,复合短语
提出坚持,3,复合短语
提出增强,3,复合短语
提出建立,3,复合短语
提出我国,3,复合短语
提出数据,3,复合短语
提出构建发展,3,复合短语
提出相关建议,3,复合短语
提出相关政策,3,复合短语
提出社会主义,3,复合短语
提出重大,3,复合短语
提升上述,3,复合短语
提升中国企业,3,复合短语
提升人民,3,复合短语
提升企业全球,3,复合短语
提升企业绩效,3,复合短语
提升供应链,3,复合短语
提升公司,3,复合短语
提升农业,3,复合短语
提升创新绩效,3,复合短语
提升制造业企业,3,复合短语
提升动态,3,复合短语
提升劳动力,3,复合短语
提升国际,3,复合短语
提升居民消费,3,复合短语
提升并且,3,复合短语
提升异质性,3,复合短语
提升投资者,3,复合短语
提升政府治理,3,复合短语
提升方面,3,复合短语
提升来自,3,复合短语
提升核心,3,复合短语
提升福利,3,复合短语
提升税收,3,复合短语
提升策略,3,复合短语
提升自身,3,复合短语
提升贸易,3,复合短语
提升资本市场,3,复合短语
提升跨境,3,复合短语
提升金融服务实体,3,复合短语
提升银行,3,复合短语
提升高质量,3,复合短语
提振消费,3,复合短语
提高产业链,3,复合短语
提高产品,3,复合短语
提高人均,3,复合短语
提高企业生产率,3,复合短语
提高供给,3,复合短语
提高债务,3,复合短语
提高农业要素,3,复合短语
提高国有企业,3,复合短语
提高基层,3,复合短语
提高投资效率,3,复合短语
提高效率,3,普通词
提高教育,3,复合短语
提高行业,3,复合短语
提高金融,3,复合短语
揭示地方,3,复合短语
揭示货币政策,3,复合短语
搜寻匹配模型,3,复合短语
搜寻效率,3,复合短语
摆在,3,普通词
摩擦以及,3,复合短语
摩擦带来,3,复合短语
摩擦系统,3,复合短语
撕裂,3,普通词
擦边球,3,普通词
支付地方,3,复合短语
支付方式,3,复合短语
支付理论,3,复合短语
支付财政,3,复合短语
支出扩张,3,复合短语
支出消费,3,复合短语
支持上述理论,3,复合短语
支撑中国,3,复合短语
支柱性,3,普通词
支柱政策财政政策,3,复合短语
支配收入,3,复合短语
收付制度,3,复合短语
收入份额企业,3,复合短语
收入冲击,3,复合短语
收入分配作用,3,复合短语
收入分配制度改革,3,复合短语
收入分配状况,3,复合短语
收入分配财政,3,复合短语
收入划分,3,复合短语
收入国家平均水平,3,复合短语
收入差距数字,3,复合短语
收入平等程度,3,复合短语
收入损失,3,复合短语
收入提高,3,复合短语
收入结构,3,复合短语
收入群体收入,3,复合短语
收到,3,普通词
收益分析,3,复合短语
收益分配,3,普通词
收益权,3,普通词
收益权衡,3,复合短语
收缩期,3,普通词
收集强度,3,复合短语
改变农户,3,复合短语
改变地方,3,复合短语
改变地方政府,3,复合短语
改变生产,3,复合短语
改善债券,3,复合短语
改善农村公共,3,复合短语
改善劳资,3,复合短语
改善劳资收入,3,复合短语
改善居民,3,复合短语
改善本文,3,复合短语
改善环境质量,3,复合短语
改善资源配置,3,复合短语
改善资源配置效率,3,复合短语
改善银行,3,复合短语
改革为主,3,复合短语
改革产业链,3,复合短语
改革以及,3,复合短语
改革企业绿色,3,复合短语
改革制度逻辑,3,复合短语
改革如何,3,复合短语
改革我国,3,复合短语
改革提供政策,3,复合短语
改革提供有益,3,复合短语
改革效应,3,复合短语
改革显著提升,3,复合短语
改革有助于,3,复合短语
改革案例,3,复合短语
改革理论,3,复合短语
改革着力,3,复合短语
改革福利,3,复合短语
改革红利,3,复合短语
改革经济效应,3,复合短语
改革这一,3,复合短语
改革释放,3,复合短语
改革金融,3,复合短语
放在,3,普通词
放大货币政策,3,复合短语
政府中国特色,3,复合短语
政府为了,3,复合短语
政府互动,3,复合短语
政府促进,3,复合短语
政府信用,3,复合短语
政府债务置换,3,复合短语
政府债务问题,3,复合短语
政府决策,3,复合短语
政府减税,3,复合短语
政府利用,3,复合短语
政府土地财政,3,复合短语
政府增值税,3,复合短语
政府如何,3,复合短语
政府实施,3,复合短语
政府应当,3,复合短语
政府征税,3,复合短语
政府扶持,3,复合短语
政府救助政策,3,复合短语
政府激励机制,3,复合短语
政府监管效能,3,复合短语
政府科学,3,复合短语
政府税收收入,3,复合短语
政府管制,3,复合短语
政府经济发展,3,复合短语
政府重视,3,复合短语
政治优势,3,复合短语
政治经济学中国化时代化,3,复合短语
政治经济学中国特色,3,复合短语
政治经济学全球,3,复合短语
政治经济学基本原理,3,复合短语
政治经济学指导,3,复合短语
政治经济学核心,3,复合短语
政治经济学生产力,3,复合短语
政治经济学研究,3,复合短语
政策之间,3,复合短语
政策体系基于,3,复合短语
政策供应链参与,3,复合短语
政策偏向,3,复合短语
政策利率,3,复合短语
政策协调配合,3,复合短语
政策参考价值,3,复合短语
政策取向一致性,3,复合短语
政策商业,3,复合短语
政策商业信用,3,复合短语
政策土地,3,复合短语
政策多维,3,复合短语
政策多维评估,3,复合短语
政策宏观,3,复合短语
政策实体,3,复合短语
政策实体经济,3,复合短语
政策实验,3,复合短语
政策属性,3,复合短语
政策工具组合,3,复合短语
政策市场,3,复合短语
政策引发,3,复合短语
政策强度,3,复合短语
政策成效,3,复合短语
政策抑制,3,复合短语
政策支持,3,复合短语
政策效应异质性,3,复合短语
政策效果评价,3,复合短语
政策更好,3,复合短语
政策模拟实验,3,复合短语
政策涵义,3,复合短语
政策溢出,3,复合短语
政策溢出效应,3,复合短语
政策演进,3,复合短语
政策百年,3,复合短语
政策着力点,3,复合短语
政策缓解企业,3,复合短语
政策设计研究,3,复合短语
政策评价,3,复合短语
政策财政政策,3,复合短语
政策贫困户,3,复合短语
政策领域,3,复合短语
效应一方面,3,复合短语
效应上游,3,复合短语
效应不确定性,3,复合短语
效应为此,3,复合短语
效应为此本文,3,复合短语
效应产生,3,复合短语
效应信息,3,复合短语
效应共同,3,复合短语
效应具有重要,3,复合短语
效应内在机制,3,复合短语
效应呈现出,3,复合短语
效应如何,3,复合短语
效应存在明显,3,复合短语
效应带来,3,复合短语
效应强于,3,复合短语
效应总体,3,复合短语
效应投资,3,复合短语
效应持续,3,复合短语
效应放大,3,复合短语
效应效率,3,复合短语
效应时间,3,复合短语
效应是否,3,复合短语
效应更强本文,3,复合短语
效应有所,3,复合短语
效应本文认为,3,复合短语
效应突出,3,复合短语
效应经验,3,复合短语
效应考察,3,复合短语
效应融资,3,复合短语
效应融资约束,3,复合短语
效应资管,3,复合短语
效应起到,3,复合短语
效应超过,3,复合短语
效应重要渠道,3,复合短语
效应防范,3,复合短语
效应集聚,3,复合短语
效应集聚效应,3,复合短语
效应高管,3,复合短语
效果主要来自,3,复合短语
效果优化,3,复合短语
效果优化路径,3,复合短语
效果作用,3,复合短语
效果作用机制,3,复合短语
效果偏离,3,复合短语
效果差异,3,复合短语
效果提出,3,复合短语
效果明显优于,3,复合短语
效果更为明显,3,复合短语
效果更加,3,复合短语
效果更加明显,3,复合短语
效果构建,3,复合短语
效果降低,3,复合短语
效率中国,3,复合短语
效率以及,3,复合短语
效率信息对称,3,复合短语
效率具有重要,3,复合短语
效率分配,3,复合短语
效率同时,3,复合短语
效率存在,3,复合短语
效率市场,3,复合短语
效率推进,3,复合短语
效率改进,3,复合短语
效率效应,3,复合短语
效率有助于,3,复合短语
效率相对,3,复合短语
效率稳定性,3,复合短语
效率经济,3,复合短语
效率视角,3,复合短语
效率进而,3,复合短语
教育因素,3,复合短语
教育扩张,3,复合短语
教育群体,3,复合短语
教育质量,3,复合短语
散户投资者,3,复合短语
敦煌,3,普通词
数字化情境,3,复合短语
数字化投入,3,复合短语
数字化治理,3,复合短语
数字化转型显著,3,复合短语
数字化转型能够,3,复合短语
数字化进程,3,复合短语
数字型,3,普通词
数字技术促进,3,复合短语
数字技术生产,3,复合短语
数字时代推进,3,复合短语
数字时代背景,3,复合短语
数字红利,3,复合短语
数字经济健康,3,复合短语
数字经济商业模式,3,复合短语
数字经济基础,3,复合短语
数字经济市场,3,复合短语
数字经济引起,3,复合短语
数字经济推动,3,复合短语
数字经济理论,3,复合短语
数库,3,普通词
数据上市公司,3,复合短语
数据产权数据,3,复合短语
数据作为新型,3,复合短语
数据利用双重,3,复合短语
数据双重,3,复合短语
数据双重差分,3,复合短语
数据对模型,3,复合短语
数据展开,3,复合短语
数据库匹配数据,3,复合短语
数据库实证,3,复合短语
数据库数据,3,复合短语
数据库高度,3,复合短语
数据库高度细化,3,复合短语
数据探讨,3,复合短语
数据本文实证,3,复合短语
数据来源,3,复合短语
数据构建双重,3,复合短语
数据模拟,3,复合短语
数据治理体系,3,复合短语
数据算法,3,复合短语
数据管理,3,普通词
数据系统,3,复合短语
数据网络,3,普通词
数据考察地方,3,复合短语
数据识别,3,复合短语
数据驱动创新,3,复合短语
数据验证,3,复合短语
数智技术,3,复合短语
数量提高,3,复合短语
数量越多,3,复合短语
整个社会,3,复合短语
整体利润,3,复合短语
整体效能,3,复合短语
整体福利水平,3,复合短语
整体而言,3,普通词
整合研究,3,复合短语
文化中国,3,复合短语
文化传承,3,复合短语
文化浓厚,3,复合短语
文化消费,3,复合短语
文化相结合,3,复合短语
文本识别,3,复合短语
文献关于,3,复合短语
文献关注,3,复合短语
文献认为,3,复合短语
新兴经济,3,复合短语
新型城镇化城乡,3,复合短语
新型市场,3,复合短语
新型生产,3,复合短语
新型电力系统,3,复合短语
新增投资,3,复合短语
新旧动能转换,3,复合短语
新理念,3,普通词
新篇章,3,普通词
新质生产力形成,3,复合短语
新质生产力论述,3,复合短语
方向中国,3,复合短语
方向具有,3,复合短语
方向具有重要,3,复合短语
方向取决于,3,复合短语
方向提出,3,复合短语
方式刻画,3,复合短语
方式变化,3,复合短语
方式并存,3,复合短语
方式提供,3,复合短语
方式提高,3,复合短语
方式杠杆,3,复合短语
方式转变,3,复合短语
方法利用,3,复合短语
方法实证,3,复合短语
方法探讨,3,复合短语
方法控制,3,复合短语
方法量化,3,复合短语
方针要求,3,复合短语
方面产生,3,复合短语
方面具有重要,3,复合短语
方面发挥重要,3,复合短语
方面影响,3,复合短语
方面考察,3,复合短语
方面重要,3,复合短语
旅游业发展,3,复合短语
无伤大雅,3,普通词
无偿,3,普通词
无关,3,普通词
既定,3,普通词
日常,3,普通词
日益严重,3,普通词
日益凸显本文,3,复合短语
日益增强,3,复合短语
旨在通过,3,复合短语
时代互联网,3,复合短语
时代以来,3,复合短语
时代价值,3,复合短语
时代如何,3,复合短语
时代征程,3,复合短语
时代改革,3,复合短语
时会,3,普通词
时变特征,3,复合短语
时应,3,普通词
时才,3,普通词
时效性,3,普通词
时期宏观经济,3,复合短语
时期新型,3,复合短语
时期新型城镇化,3,复合短语
时期混合,3,复合短语
时期混合所有制,3,复合短语
时期潜在,3,复合短语
时期潜在增长率,3,复合短语
时机,3,普通词
时间投入,3,复合短语
时间投入增加,3,复合短语
时间路径研究,3,复合短语
旺盛,3,普通词
明显上升,3,复合短语
明显优势,3,复合短语
明显削弱,3,复合短语
明显增加,3,普通词
明显强于,3,复合短语
明显这一,3,复合短语
明清时期,3,复合短语
明确政策,3,复合短语
明飞,3,普通词
春季,3,普通词
是否以及,3,复合短语
是否以及如何,3,复合短语
是否促进企业,3,复合短语
是否存在,3,复合短语
是否带来,3,复合短语
是否引发,3,复合短语
是否有效,3,复合短语
是否降低,3,复合短语
是非,3,普通词
显得,3,普通词
显示地方公共,3,复合短语
显著削弱,3,复合短语
显著增加企业,3,复合短语
显著带动,3,复合短语
显著拓展,3,复合短语
显著效果,3,普通词
显著积极,3,复合短语
显著调节效应,3,复合短语
显著负向,3,复合短语
显著负相关关系,3,复合短语
晋升激励,3,复合短语
普惠型,3,普通词
普惠式,3,普通词
景气,3,普通词
智慧监管,3,复合短语
智能制造转型,3,复合短语
智能化劳动力,3,复合短语
暂时性,3,普通词
暗示,3,普通词
曲折,3,普通词
曲线特征,3,复合短语
更为明显同时,3,复合短语
更为明显本文,3,复合短语
更为明显此外,3,复合短语
更为明显进一步,3,复合短语
更为显著影响,3,复合短语
更为显著最后,3,复合短语
更为显著进一步,3,复合短语
更为积极,3,复合短语
更具针对性,3,复合短语
更加完善,3,复合短语
更加明显进一步,3,复合短语
更加显著机制,3,复合短语
更加显著此外,3,复合短语
更加有力,3,复合短语
更加注重,3,复合短语
更加突出本文,3,复合短语
更大第三,3,复合短语
更好促进,3,复合短语
更好推动,3,复合短语
更好解释,3,复合短语
更能改善,3,复合短语
更难,3,普通词
替代基于,3,复合短语
替代担保,3,复合短语
替代效应市场,3,复合短语
最为显著,3,复合短语
最优决策,3,复合短语
最优政策组合,3,复合短语
最优补贴,3,复合短语
最后运用,3,复合短语
最大其次,3,复合短语
最好,3,普通词
最强,3,普通词
最快,3,普通词
最新成果,3,复合短语
最新数据,3,复合短语
最早,3,普通词
最终导致,3,复合短语
最近,3,普通词
月底,3,普通词
月度数据,3,复合短语
有关部门,3,复合短语
有利于推动,3,复合短语
有利于经济增长,3,复合短语
有利于缩小,3,复合短语
有力支持,3,复合短语
有助于厘清,3,复合短语
有助于完善,3,复合短语
有助于扩大,3,复合短语
有助于更加,3,复合短语
有助于防范化解,3,复合短语
有待回答,3,复合短语
有待回答重要,3,复合短语
有所改善,3,普通词
有损于,3,普通词
有效促进企业,3,复合短语
有效信息,3,复合短语
有效实施,3,复合短语
有效对接,3,复合短语
有效性下降,3,复合短语
有效性影响,3,复合短语
有效性提供,3,复合短语
有效抑制银行,3,复合短语
有效提升企业,3,复合短语
有效改善,3,复合短语
有效政府,3,复合短语
有效结合,3,复合短语
有效防范,3,复合短语
有效防范化解,3,复合短语
有效需求不足,3,复合短语
有益参考依据,3,复合短语
有益经验,3,复合短语
有着重要政策,3,复合短语
有限混合,3,复合短语
有限混合模型,3,复合短语
有限责任,3,普通词
有限随着,3,复合短语
服务业就业,3,复合短语
服务业生产率,3,复合短语
服务国家,3,复合短语
服务型,3,普通词
服务型政府,3,复合短语
服务质量,3,普通词
期刊发表,3,复合短语
期货市场,3,普通词
期限债务,3,复合短语
期限缩短,3,复合短语
未必,3,普通词
未有大变局加速,3,复合短语
未能有效,3,复合短语
末端,3,普通词
本地产业,3,复合短语
本地企业,3,复合短语
本文2007,3,复合短语
本文2014,3,复合短语
本文2015,3,复合短语
本文2018,3,复合短语
本文以上,3,复合短语
本文以上公司,3,复合短语
本文以下研究,3,复合短语
本文使用2007,3,复合短语
本文使用双重,3,复合短语
本文借鉴,3,复合短语
本文全国,3,复合短语
本文创新性提出,3,复合短语
本文利用2007,3,复合短语
本文利用2010,3,复合短语
本文利用2018,3,复合短语
本文利用全国,3,复合短语
本文刻画,3,复合短语
本文区分,3,复合短语
本文基于2005,3,复合短语
本文基于2008,3,复合短语
本文基于2009,3,复合短语
本文基于2010,3,复合短语
本文基于2015,3,复合短语
本文如何,3,复合短语
本文定义,3,复合短语
本文实证分析,3,复合短语
本文实证理论,3,复合短语
本文手工,3,复合短语
本文提出一种,3,复合短语
本文明确,3,复合短语
本文构建嵌入,3,复合短语
本文根据中国,3,复合短语
本文测度,3,复合短语
本文测算,3,复合短语
本文深化,3,复合短语
本文研究如何,3,复合短语
本文研究成果,3,复合短语
本文研究探索,3,复合短语
本文研究银行,3,复合短语
本文结合中国,3,复合短语
本文结论有助于,3,复合短语
本文考察数字,3,复合短语
本文考虑,3,复合短语
本文认为中国,3,复合短语
本文论证,3,复合短语
本文进一步采用,3,复合短语
本文采用2013,3,复合短语
本文采用纵向,3,复合短语
本文重点关注,3,复合短语
本文首次使用,3,复合短语
本行业,3,普通词
本质在于,3,复合短语
本项,3,普通词
本项研究,3,复合短语
机制不断,3,复合短语
机制什么,3,复合短语
机制企业,3,复合短语
机制具有一定,3,复合短语
机制应对,3,复合短语
机制探析,3,复合短语
机制探索,3,复合短语
机制提出,3,复合短语
机制改善,3,复合短语
机制数字经济,3,复合短语
机制来自,3,复合短语
机制治理方式,3,复合短语
机制相对,3,复合短语
机制竞争压力,3,复合短语
机制经验,3,复合短语
机制经验证据,3,复合短语
机制给出,3,复合短语
机制进行实证,3,复合短语
机制防范,3,复合短语
机制障碍,3,复合短语
机制驱动,3,复合短语
机器人使用中国,3,复合短语
机器人应用中国,3,复合短语
机器人应用劳动力,3,复合短语
机器学习人工智能,3,复合短语
机构担保,3,复合短语
机构持股比例,3,复合短语
机构通过,3,复合短语
机理主要,3,复合短语
机理分析,3,复合短语
机理此基础,3,复合短语
机理破解,3,复合短语
村超,3,普通词
杠杆上升,3,复合短语
杠杆债务,3,复合短语
杠杆攀升,3,复合短语
杠杆政策,3,复合短语
条件政府,3,复合短语
条目,3,普通词
来源金融,3,复合短语
来看政策,3,复合短语
来看数字金融,3,复合短语
来自低收入,3,复合短语
来自低收入群体,3,复合短语
来自全国,3,复合短语
来自微观企业,3,复合短语
来自政府,3,复合短语
来讲,3,普通词
杭州,3,普通词
松江,3,普通词
极其重要,3,普通词
极大似然法迭代,3,复合短语
极度,3,普通词
极端风险事件,3,复合短语
构建一般均衡,3,复合短语
构建内生,3,复合短语
构建刻画,3,复合短语
构建可变,3,复合短语
构建可变折旧率,3,复合短语
构建城市,3,复合短语
构建异质性,3,复合短语
构建政府,3,复合短语
构建新型,3,复合短语
构建更加,3,复合短语
构建激励,3,复合短语
构建现代,3,复合短语
构建组织,3,复合短语
构建绿色,3,复合短语
构建高效,3,复合短语
构成数字,3,复合短语
林清轩,3,普通词
枯竭,3,普通词
某种,3,普通词
栅栏,3,普通词
标准出去,3,复合短语
标准国际化企业,3,复合短语
标的,3,普通词
树根,3,普通词
校企,3,普通词
校企合作,3,复合短语
样本运用,3,复合短语
样本选择,3,复合短语
核心作用,3,普通词
核心变量,3,复合短语
核心因素,3,复合短语
核心在于,3,复合短语
核心技术领域,3,复合短语
核心议题,3,复合短语
核算矩阵,3,复合短语
根据中国,3,复合短语
根据我国,3,复合短语
根据本文,3,复合短语
根本举措,3,复合短语
根本原因,3,普通词
格局优化,3,复合短语
格局关键,3,复合短语
格局区域,3,复合短语
格局双循环,3,复合短语
格局如何,3,复合短语
格局形成,3,复合短语
格局核心,3,复合短语
格局经济,3,复合短语
框架企业,3,复合短语
框架刻画,3,复合短语
框架基础,3,复合短语
框架有助于,3,复合短语
框架此基础,3,复合短语
框架现代,3,复合短语
框架财政,3,复合短语
案例研究构建,3,复合短语
桥梁作用,3,复合短语
梦想,3,普通词
梯队,3,普通词
梳理中国,3,复合短语
梳理总结我国,3,复合短语
检查公告,3,复合短语
检查自然实验,3,复合短语
检视,3,普通词
检验上述结论,3,复合短语
检验之后,3,复合短语
检验企业数字化,3,复合短语
检验依旧,3,复合短语
检验依旧成立,3,复合短语
检验地方政府,3,复合短语
检验得到,3,复合短语
检验政府,3,复合短语
检验经验,3,复合短语
棕色,3,普通词
植根于,3,普通词
概率促进,3,复合短语
概率规模,3,复合短语
模型使用,3,复合短语
模型克服,3,复合短语
模型刻画上述,3,复合短语
模型宏观经济,3,复合短语
模型宏观经济效应,3,复合短语
模型定量分析,3,复合短语
模型开展,3,复合短语
模型得到,3,复合短语
模型拓展,3,复合短语
模型推论,3,复合短语
模型提出,3,复合短语
模型明确,3,复合短语
模型构造,3,复合短语
模型深入,3,复合短语
模型进而,3,复合短语
模型进行实证,3,复合短语
模型重点,3,复合短语
模型量化研究,3,复合短语
模型阐释,3,复合短语
模式具有,3,复合短语
模式呈现出,3,复合短语
模式核心,3,复合短语
模式理解,3,复合短语
模拟分析,3,复合短语
模糊性,3,普通词
横向竞争,3,复合短语
横向纵向,3,复合短语
橄榄型,3,普通词
欠缺,3,普通词
欧美国家,3,普通词
正义,3,普通词
正向冲击,3,复合短语
正向预测,3,复合短语
正在经历,3,复合短语
正当性,3,普通词
此基础利用,3,复合短语
此基础测算,3,复合短语
此基础进一步分析,3,复合短语
此基础通过,3,复合短语
此外数字,3,复合短语
此外由于,3,复合短语
武陵山,3,普通词
比亚迪,3,普通词
比例上升,3,复合短语
比例显著,3,复合短语
比例本文,3,复合短语
比较优势促进,3,复合短语
比较优势提升,3,复合短语
毕业生,3,普通词
民主法治,3,复合短语
民事诉讼,3,普通词
民营银行,3,复合短语
氢能,3,普通词
水平不断,3,复合短语
水平互联网,3,复合短语
水平具有重要,3,复合短语
水平及其,3,复合短语
水平国内,3,复合短语
水平增强,3,复合短语
水平存在,3,复合短语
水平成为,3,复合短语
水平相对,3,复合短语
水平研发,3,复合短语
水平考虑,3,复合短语
水平负向,3,复合短语
水平银行,3,复合短语
求索,3,普通词
汇总,3,普通词
汇率稳定,3,复合短语
汇率贬值,3,复合短语
污水,3,普通词
沉淀,3,普通词
治国,3,普通词
治污,3,普通词
治理乡村,3,复合短语
治理价值,3,复合短语
治理优势,3,复合短语
治理具有,3,复合短语
治理双重,3,复合短语
治理推动,3,复合短语
治理数字,3,复合短语
治理数据驱动,3,复合短语
治理机制探索,3,复合短语
治理环境,3,普通词
治理理论实践,3,复合短语
治理监管,3,复合短语
治理目标,3,复合短语
治理社会治理,3,复合短语
治理维度,3,复合短语
治理能力提升,3,复合短语
治理能力治理,3,复合短语
治理要素,3,复合短语
治理边界,3,复合短语
治理通过,3,复合短语
治理问题,3,复合短语
治理难题,3,复合短语
治理需要,3,复合短语
沿海地区,3,普通词
法规,3,普通词
泡沫基于,3,复合短语
泡沫理论框架,3,复合短语
波动性增加,3,复合短语
波幅,3,普通词
波特,3,普通词
波特假说,3,复合短语
注册制下,3,复合短语
泰勒规则,3,复合短语
洞见,3,普通词
活力推动,3,复合短语
活动促进,3,复合短语
活动影响研究,3,复合短语
活动本文,3,复合短语
活动能够,3,复合短语
活动进一步研究,3,复合短语
活跃程度,3,复合短语
流出影响,3,复合短语
流动产业,3,复合短语
流动人力资本,3,复合短语
流动地区,3,复合短语
流动性短缺,3,复合短语
流动性需求,3,复合短语
流动成本促进,3,复合短语
流动激励,3,复合短语
流动要素,3,复合短语
流动通过,3,复合短语
流动金融,3,复合短语
流行,3,普通词
流转交易,3,复合短语
流量平台,3,复合短语
测度企业,3,复合短语
测度国际,3,复合短语
测度基于,3,复合短语
测算方法,3,复合短语
测算模型,3,复合短语
测算研究,3,复合短语
浓厚,3,普通词
浮动汇率,3,普通词
海上丝绸之路,3,复合短语
海上丝绸之路国家,3,复合短语
海归,3,普通词
海洋工程,3,普通词
海量数据,3,复合短语
消化,3,普通词
消极,3,普通词
消费之间,3,复合短语
消费之间关系,3,复合短语
消费刺激,3,复合短语
消费动态,3,复合短语
消费可以,3,复合短语
消费同时,3,复合短语
消费增加,3,复合短语
消费性服务业,3,复合短语
消费投资,3,复合短语
消费本文,3,复合短语
消费比重,3,复合短语
消费者提供,3,复合短语
消费者权益,3,复合短语
消费能力,3,复合短语
消除绝对,3,复合短语
消除绝对贫困,3,复合短语
涉农,3,普通词
涉地,3,普通词
涉嫌,3,普通词
涌入资本,3,复合短语
涨停,3,普通词
涨停天数,3,复合短语
涵义,3,普通词
深入学习,3,复合短语
深入实施,3,复合短语
深入认识,3,复合短语
深化体制改革,3,复合短语
深化国有企业改革,3,复合短语
深化注册,3,复合短语
深化注册改革,3,复合短语
深化财税体制改革,3,复合短语
深化过程,3,复合短语
深层次矛盾,3,复合短语
深层逻辑,3,复合短语
深度调整,3,复合短语
深度贸易协定,3,复合短语
混合模型,3,复合短语
混淆,3,普通词
渐行,3,普通词
渐进双重差分法,3,复合短语
渐远,3,普通词
渔业,3,普通词
渗透率,3,普通词
渗透融合,3,复合短语
渠道发挥作用,3,复合短语
渠道宏观,3,复合短语
渠道弱化,3,复合短语
渠道本文研究,3,复合短语
渠道机制研究,3,复合短语
渠道检验,3,复合短语
渠道理论,3,复合短语
渠道货币政策,3,复合短语
渠道进一步,3,复合短语
渠道选择,3,复合短语
渠道降低,3,复合短语
港珠澳,3,普通词
港珠澳大桥,3,复合短语
溢价之谜,3,复合短语
溢价作用,3,复合短语
溢价影响,3,复合短语
溢出机制,3,复合短语
溢出模型,3,复合短语
溢出渠道,3,复合短语
满足人民日益增长,3,复合短语
满足人民美好生活,3,复合短语
满足居民,3,复合短语
滩羊,3,普通词
滴滴,3,普通词
漂移,3,普通词
演化特征,3,复合短语
演变中国,3,复合短语
演变趋势,3,复合短语
演变过程,3,复合短语
演变逻辑,3,复合短语
演进视角,3,复合短语
潜在产出,3,复合短语
潜藏风险,3,复合短语
激励不足,3,复合短语
激励企业进行,3,复合短语
激励公司,3,复合短语
激励地方,3,复合短语
激励地方政府,3,复合短语
激励异质性,3,复合短语
激励扭曲,3,复合短语
激励政策作用,3,复合短语
激励数据,3,复合短语
激励方式,3,复合短语
激励约束,3,复合短语
激励经济,3,复合短语
激励角度,3,复合短语
激发企业创新,3,复合短语
激发居民消费,3,复合短语
火电,3,普通词
灵活选择,3,复合短语
焦点本文,3,复合短语
焦点议题,3,复合短语
焦虑,3,普通词
然后通过,3,复合短语
然而对于,3,复合短语
然而这一,3,复合短语
然而随着,3,复合短语
照护,3,普通词
熔断,3,普通词
熨平,3,普通词
燃料,3,普通词
爬行,3,普通词
父代,3,普通词
物质技术,3,复合短语
物质文明精神文明,3,复合短语
特别数字,3,复合短语
特大,3,普通词
特征使得,3,复合短语
特征基础,3,复合短语
特征挑战,3,复合短语
特征提出,3,复合短语
特征方面,3,复合短语
特征选择,3,普通词
特性本文,3,复合短语
特新企业可以,3,复合短语
特新企业突破,3,复合短语
特色中国风格,3,复合短语
特色宏观调控,3,复合短语
特色数字,3,复合短语
特色现代,3,复合短语
特色社会主义理论体系,3,复合短语
特色经济学,3,复合短语
牺牲,3,普通词
状况提高,3,复合短语
独特作用,3,复合短语
独立董事,3,复合短语
率越,3,普通词
环境以及,3,复合短语
环境友好,3,普通词
环境复杂,3,复合短语
环境微观,3,复合短语
环境我国,3,复合短语
环境改善,3,复合短语
环境政府,3,复合短语
环境政策工具,3,复合短语
环境治理体系,3,复合短语
环境生态可以,3,复合短语
环境研究,3,复合短语
环境经济,3,复合短语
环境较差,3,复合短语
环境重要,3,复合短语
现代化一般,3,复合短语
现代化中国共产党,3,复合短语
现代化人类文明,3,复合短语
现代化全体,3,复合短语
现代化全体人民,3,复合短语
现代化全面推进,3,复合短语
现代化共同特征,3,复合短语
现代化具有重要,3,复合短语
现代化制度,3,复合短语
现代化基本,3,复合短语
现代化实践,3,复合短语
现代化必然要求,3,复合短语
现代化既有,3,复合短语
现代化本质,3,复合短语
现代化目标,3,复合短语
现代化过程,3,复合短语
现代服务业,3,复合短语
现代经济核心,3,复合短语
现实困境,3,复合短语
现实约束,3,复合短语
现收现,3,普通词
现有国际,3,复合短语
现有理论,3,复合短语
现有研究聚焦,3,复合短语
现象地方,3,复合短语
现象背后,3,复合短语
现象问题,3,复合短语
理念构建,3,复合短语
理性程度,3,复合短语
理性经济,3,复合短语
理解同时,3,复合短语
理解经济,3,复合短语
理解跨境,3,复合短语
理论传导,3,复合短语
理论传导机制,3,复合短语
理论体系中国,3,复合短语
理论体系重要,3,复合短语
理论体系重要组成部分,3,复合短语
理论依据经验,3,复合短语
理论内涵研究,3,复合短语
理论分析经验,3,复合短语
理论化,3,普通词
理论发展过程,3,复合短语
理论基础构建,3,复合短语
理论基础经验,3,复合短语
理论实证两个,3,复合短语
理论实践价值,3,复合短语
理论平台,3,复合短语
理论建模,3,复合短语
理论强调,3,复合短语
理论思考,3,普通词
理论提炼,3,复合短语
理论支持政策,3,复合短语
理论方法体系,3,复合短语
理论机制经验,3,复合短语
理论案例研究,3,复合短语
理论模型刻画,3,复合短语
理论模型系统,3,复合短语
理论渊源,3,复合短语
理论源泉,3,复合短语
理论生态,3,复合短语
理论监管,3,复合短语
理论相悖,3,复合短语
理论经验分析,3,复合短语
理论结合,3,复合短语
理论范式,3,复合短语
理论解释本文,3,复合短语
理论逻辑经验,3,复合短语
琼斯,3,普通词
甚至出现,3,复合短语
生于,3,普通词
生产交易,3,复合短语
生产力形成,3,复合短语
生产力必须,3,复合短语
生产力新型生产关系,3,复合短语
生产力新质,3,复合短语
生产力新质生产力,3,复合短语
生产力水平,3,复合短语
生产力论述,3,复合短语
生产工具,3,普通词
生产方式变迁,3,复合短语
生产流通,3,复合短语
生产率作用,3,复合短语
生产率促进,3,复合短语
生产率冲击,3,复合短语
生产率发展,3,复合短语
生产率增长率,3,复合短语
生产率实现,3,复合短语
生产率本文,3,复合短语
生产率渠道,3,复合短语
生产研发,3,复合短语
生产网络全球,3,复合短语
生产网络技术,3,复合短语
生产网络投入产出,3,复合短语
生产要素投入,3,复合短语
生产要素配置,3,复合短语
生产要素错配,3,复合短语
生产贸易,3,复合短语
生产资源配置,3,复合短语
生命,3,普通词
生命力,3,普通词
生命周期阶段,3,复合短语
生态圈,3,普通词
生态实现,3,复合短语
生态系统理论,3,复合短语
生成机理,3,复合短语
生活水平,3,复合短语
生物医药,3,普通词
生育政策调整,3,复合短语
用以,3,普通词
用工成本,3,复合短语
用户流量,3,复合短语
用能,3,普通词
由于数据,3,复合短语
由于缺乏,3,复合短语
由此提出,3,复合短语
由此本文,3,复合短语
申请上市,3,复合短语
电力价格,3,复合短语
电力贸易,3,复合短语
电商出口影响,3,复合短语
电商显著,3,复合短语
电商规模,3,复合短语
男性,3,普通词
留抵退税资金,3,复合短语
疏通货币政策,3,复合短语
疫情严重冲击,3,复合短语
疫情期间,3,复合短语
症结,3,普通词
白银,3,普通词
百分点同时,3,复合短语
百年奋斗目标进军,3,复合短语
百年探索,3,复合短语
盈余管理影响,3,复合短语
盈余管理真实,3,复合短语
盈利水平,3,复合短语
盐池,3,普通词
监督效能,3,复合短语
监管一个,3,复合短语
监管加强,3,复合短语
监管强化,3,复合短语
监管思路,3,复合短语
监管改革,3,复合短语
监管有效,3,复合短语
监管能够,3,复合短语
监管这一,3,复合短语
监管银行,3,复合短语
监管防范,3,复合短语
目标之间,3,复合短语
目标任务,3,复合短语
目标基本公共服务,3,复合短语
目标增长,3,复合短语
目标实现路径,3,复合短语
目标应当,3,复合短语
目标提供,3,复合短语
目标本文,3,复合短语
目标激励,3,复合短语
目标理论,3,复合短语
目标选择,3,复合短语
盯住杠杆,3,复合短语
盲目,3,普通词
直接传导,3,复合短语
直接出口,3,复合短语
直接微观,3,复合短语
直至,3,普通词
直面,3,普通词
相互信任,3,普通词
相互关联,3,复合短语
相互影响,3,普通词
相伴,3,普通词
相关会计,3,复合短语
相关市场,3,复合短语
相关政策制定,3,复合短语
相同情况,3,复合短语
相容性,3,普通词
相对大小,3,复合短语
相对工资,3,复合短语
相对更大,3,复合短语
相对有限,3,复合短语
相对薄弱,3,复合短语
相对贡献,3,复合短语
相对资本,3,复合短语
相对较大,3,复合短语
相应中国,3,复合短语
相应政策建议,3,复合短语
相比之下,3,普通词
相比数据,3,复合短语
相等,3,普通词
相结合提出,3,复合短语
相继,3,普通词
省份之间,3,复合短语
省市,3,普通词
省级平台,3,复合短语
省级行业,3,复合短语
省级面板,3,复合短语
省际区域,3,复合短语
省际循环,3,复合短语
看待,3,普通词
真实盈余,3,复合短语
真实盈余管理,3,复合短语
真实经济周期,3,复合短语
着力扩大,3,复合短语
着力构建,3,复合短语
着力点本文,3,复合短语
着力解决,3,复合短语
瞩目,3,普通词
矛盾关系,3,复合短语
知名,3,普通词
知识产权保护程度,3,复合短语
知识体系构建,3,复合短语
知识创新,3,复合短语
知识技术溢出,3,复合短语
短暂,3,普通词
短视行为,3,复合短语
矿产,3,普通词
研发模式,3,复合短语
研究一带,3,复合短语
研究一带一路,3,复合短语
研究主要关注,3,复合短语
研究价值本文,3,复合短语
研究做出,3,复合短语
研究具有重要,3,复合短语
研究利用,3,复合短语
研究劳动,3,复合短语
研究后发,3,复合短语
研究国内外,3,复合短语
研究地方政府,3,复合短语
研究处于,3,复合短语
研究客观,3,复合短语
研究对象利用,3,复合短语
研究对象实证,3,复合短语
研究对象本文,3,复合短语
研究展现,3,复合短语
研究市场,3,复合短语
研究微观企业,3,复合短语
研究思路,3,复合短语
研究拓展数字,3,复合短语
研究指出,3,复合短语
研究提供思路,3,复合短语
研究有助于揭示,3,复合短语
研究混合,3,复合短语
研究税收,3,复合短语
研究税收政策,3,复合短语
研究精准,3,复合短语
研究组,3,普通词
研究结论揭示,3,复合短语
研究结论数字,3,复合短语
研究证明,3,复合短语
研究财政分权,3,复合短语
研究运用,3,复合短语
研究采用,3,复合短语
研究阶段,3,复合短语
研究验证,3,复合短语
硕士,3,普通词
确定冲击,3,复合短语
确定性,3,普通词
碳中经济,3,复合短语
碳中进程,3,复合短语
碳达峰目标,3,复合短语
示范效应,3,复合短语
社会主义公有制,3,复合短语
社会主义制度本质,3,复合短语
社会主义市场经济伟大,3,复合短语
社会主义政治经济学中国,3,复合短语
社会主义条件,3,复合短语
社会主义根本,3,复合短语
社会主义理论体系,3,复合短语
社会主义理论体系重要,3,复合短语
社会主义社会,3,复合短语
社会主义道路,3,复合短语
社会主义革命,3,复合短语
社会主义革命建设,3,复合短语
社会价值创造,3,复合短语
社会使用,3,复合短语
社会使用价值,3,复合短语
社会关系,3,普通词
社会分配,3,复合短语
社会制度,3,普通词
社会历史,3,复合短语
社会和谐稳定,3,复合短语
社会嵌入,3,复合短语
社会平等,3,复合短语
社会形态,3,普通词
社会最优水平,3,复合短语
社会核算,3,复合短语
社会核算矩阵,3,复合短语
社会生产,3,复合短语
社会福利效应,3,复合短语
社会福利本文,3,复合短语
社会科学工作,3,复合短语
社会科学工作座谈会,3,复合短语
社会调查CGSS,3,复合短语
社会调查数据,3,复合短语
社会财富,3,复合短语
社会身份,3,复合短语
社保降费,3,复合短语
禀赋方面,3,复合短语
禀赋物质,3,复合短语
禀赋物质资本,3,复合短语
禁止,3,普通词
福利下降,3,复合短语
福利变动,3,复合短语
福利增长,3,复合短语
福利提高,3,复合短语
福利改进,3,复合短语
福利水平提升,3,复合短语
离岸,3,普通词
私人投资,3,复合短语
私域流量平台,3,复合短语
科大,3,普通词
科学家,3,普通词
科学支撑,3,复合短语
科学有效,3,复合短语
科学研究,3,普通词
科学社会主义,3,复合短语
科学问题,3,复合短语
科技公司,3,复合短语
租金获取,3,复合短语
秦巴山区,3,普通词
积极发挥,3,复合短语
积极影响本文,3,复合短语
积极稳妥推进,3,复合短语
积极财政政策中国,3,复合短语
称为,3,普通词
稀疏建模,3,复合短语
程序,3,普通词
程序化,3,普通词
程度下降,3,复合短语
程度严重,3,复合短语
程度低时,3,复合短语
程度增加,3,复合短语
程度有所,3,复合短语
程度越强,3,复合短语
税收任务对于,3,复合短语
税收分配,3,复合短语
税收征管体制,3,复合短语
税收征管效率,3,复合短语
税收改革,3,复合短语
税收激励企业,3,复合短语
税收激励显著,3,复合短语
税收调查数据库,3,复合短语
税新,3,普通词
税法,3,普通词
税率变化,3,复合短语
税盾,3,普通词
税盾效应,3,复合短语
税负下降,3,复合短语
税负差异,3,复合短语
稳健性检验依旧,3,复合短语
稳健性测试,3,复合短语
稳定作用,3,复合短语
稳定同时,3,复合短语
稳定性冲击,3,复合短语
稳定性本文,3,复合短语
稳定目标,3,复合短语
稳定预期,3,复合短语
稳态经济,3,复合短语
空间价格,3,复合短语
空间价格歧视,3,复合短语
空间优化,3,复合短语
空间变化,3,复合短语
空间均衡研究,3,复合短语
空间外溢,3,复合短语
空间维度,3,复合短语
空间计量,3,复合短语
空间较大,3,复合短语
空间面板,3,复合短语
空间面板模型,3,复合短语
穿透监管,3,复合短语
突出中国,3,复合短语
突出收入,3,复合短语
突破市场,3,复合短语
突破资源,3,复合短语
突破阶段,3,复合短语
窗口期,3,普通词
立场观点,3,复合短语
立场观点方法,3,复合短语
立足于中国,3,复合短语
立足本土,3,复合短语
竞争优势企业,3,复合短语
竞争压力机制,3,复合短语
竞争合作关系,3,复合短语
竞争均衡,3,复合短语
竞争引致,3,复合短语
竞争性市场,3,复合短语
竞争推动,3,复合短语
竞争模型,3,复合短语
竞争激烈,3,复合短语
竞争理论,3,复合短语
竞争竞争,3,复合短语
竞争者,3,普通词
竞争过程,3,复合短语
笃步,3,普通词
第一城市,3,复合短语
第三城市,3,复合短语
第三次,3,普通词
第二数字,3,复合短语
第二由于,3,复合短语
第二第三产业,3,复合短语
筑牢,3,普通词
策略互动,3,复合短语
策略及其,3,复合短语
策略影响,3,复合短语
简明性,3,普通词
简约,3,普通词
简要,3,普通词
管理制度改革,3,复合短语
管理动态,3,复合短语
管理学期刊,3,复合短语
管理学界,3,复合短语
管理实践具有,3,复合短语
管理权,3,普通词
管理核心,3,复合短语
管理活动,3,复合短语
管理真实盈余,3,复合短语
类型数字,3,复合短语
类型贸易,3,复合短语
类型资源,3,复合短语
粮食主产区,3,复合短语
粮食种植,3,复合短语
精准对接,3,复合短语
精准度,3,普通词
精度,3,普通词
系数回归,3,复合短语
系数回归模型,3,复合短语
系统地研究,3,复合短语
系统对,3,普通词
系统工程,3,普通词
系统性治理,3,复合短语
系统性理论,3,复合短语
系统构建,3,复合短语
系统理论,3,复合短语
系统诠释,3,复合短语
系统进行,3,复合短语
索菲亚,3,普通词
紧密度,3,普通词
纠纷案件,3,普通词
红利促进,3,复合短语
红利提供,3,复合短语
约束影响,3,复合短语
约束数字,3,复合短语
约束经济增长,3,复合短语
约束问题,3,复合短语
约束限制,3,复合短语
纲领性,3,普通词
纳入模型,3,复合短语
纳入生产,3,复合短语
纳入考虑,3,复合短语
纳入通胀,3,复合短语
纳税遵从,3,复合短语
纵深推进,3,复合短语
线上线下,3,复合短语
线性,3,普通词
组合理论,3,复合短语
组态视角分析,3,复合短语
组成部分中国,3,复合短语
组织不同,3,复合短语
组织内部,3,复合短语
组织化,3,普通词
组织变革,3,普通词
组织基础,3,复合短语
组间,3,普通词
细化微观,3,复合短语
细化微观企业,3,复合短语
细节,3,普通词
经历一个,3,复合短语
经历企业,3,复合短语
经历技术,3,复合短语
经济一直,3,复合短语
经济下滑,3,复合短语
经济不断,3,复合短语
经济事实,3,复合短语
经济优势,3,复合短语
经济伙伴关系,3,复合短语
经济伙伴关系协定,3,复合短语
经济体制政府,3,复合短语
经济体制社会主义,3,复合短语
经济体面临,3,复合短语
经济健康发展,3,复合短语
经济内生,3,复合短语
经济出现,3,复合短语
经济利益,3,复合短语
经济功能,3,复合短语
经济协调,3,复合短语
经济协调发展,3,复合短语
经济发展产生,3,复合短语
经济发展进入,3,复合短语
经济后果方面,3,复合短语
经济商业模式,3,复合短语
经济增长存在,3,复合短语
经济增长异质性,3,复合短语
经济增长效果,3,复合短语
经济增长正向,3,复合短语
经济增长社会福利,3,复合短语
经济增长面临,3,复合短语
经济增长高质量,3,复合短语
经济存在,3,复合短语
经济学三大,3,复合短语
经济学三大体系,3,复合短语
经济学中国特色,3,复合短语
经济学含义,3,复合短语
经济学学科,3,复合短语
经济学实证研究,3,复合短语
经济学家,3,普通词
经济学解释,3,复合短语
经济学马克思主义,3,复合短语
经济学马克思主义政治经济学,3,复合短语
经济安全,3,复合短语
经济实现高质量,3,复合短语
经济市场,3,复合短语
经济引起,3,复合短语
经济形态,3,复合短语
经济影响及其,3,复合短语
经济微观,3,复合短语
经济思想指导,3,复合短语
经济思想重要,3,复合短语
经济成为,3,复合短语
经济效率提升,3,复合短语
经济数字化,3,复合短语
经济时代价值,3,复合短语
经济时代政府,3,复合短语
经济显著性,3,复合短语
经济治理体系,3,复合短语
经济流量,3,复合短语
经济消费,3,复合短语
经济深入,3,复合短语
经济社会发展全面,3,复合短语
经济竞争,3,复合短语
经济融资,3,复合短语
经济行为,3,复合短语
经济负面影响,3,复合短语
经济贸易,3,复合短语
经济转型升级,3,复合短语
经济运行内在,3,复合短语
经济运行基于,3,复合短语
经济运行经济,3,复合短语
经济金融风险,3,复合短语
经济高速增长,3,复合短语
经营土地,3,复合短语
经营性收入,3,复合短语
经营成本,3,复合短语
经营策略,3,普通词
经营面积,3,复合短语
经过40,3,复合短语
经过一系列内生性,3,复合短语
经销商,3,普通词
经验企业,3,复合短语
经验依据,3,复合短语
经验借鉴,3,复合短语
经验总结,3,普通词
经验证据同时,3,复合短语
经验证据对于,3,复合短语
经验证据通过,3,复合短语
结合全国,3,复合短语
结合政策,3,复合短语
结合理论,3,复合短语
结构不断,3,复合短语
结构优化以及,3,复合短语
结构双重,3,复合短语
结构双重视角,3,复合短语
结构变革,3,复合短语
结构性制约,3,复合短语
结构性差异,3,复合短语
结构性影响,3,复合短语
结构性改革为主,3,复合短语
结构性约束,3,复合短语
结构改善,3,复合短语
结构最优,3,复合短语
结构空间,3,复合短语
结构部门,3,复合短语
结论企业,3,复合短语
结论完善,3,复合短语
结论揭示,3,复合短语
结论经过一系列,3,复合短语
绕开,3,普通词
统一增长理论,3,复合短语
统一市场促进,3,复合短语
统一市场制度,3,复合短语
统一市场形成,3,复合短语
统一市场背景,3,复合短语
统一开放,3,复合短语
统一性,3,普通词
统一监管,3,复合短语
统筹新型,3,复合短语
统筹有效,3,复合短语
统筹高质量,3,复合短语
统筹高质量发展,3,复合短语
统计分析,3,普通词
统计核算问题,3,复合短语
继续优化,3,复合短语
继续深入,3,复合短语
继续深入推进,3,复合短语
绩效产生影响,3,复合短语
绩效作用,3,复合短语
绩效存在,3,复合短语
绩效提升作用,3,复合短语
维和,3,普通词
维度减贫,3,复合短语
维度实证,3,复合短语
维度实证检验,3,复合短语
维度诅咒,3,复合短语
维度通过,3,复合短语
维护国家,3,复合短语
维护经济,3,复合短语
维护金融,3,复合短语
维持竞争,3,复合短语
综合作用,3,复合短语
综合影响研究,3,复合短语
绿水青山,3,普通词
绿电,3,普通词
绿色专利,3,复合短语
绿色创新实现,3,复合短语
绿色创新能力,3,复合短语
绿色生产力,3,复合短语
绿色转型财政,3,复合短语
绿色金融体系,3,复合短语
缄默,3,普通词
缓解上述,3,复合短语
缓解内生性问题,3,复合短语
缓解地方政府,3,复合短语
缓解潜在,3,复合短语
缔约方,3,普通词
编撰,3,普通词
缩小我国,3,复合短语
缩水,3,普通词
缴费就业,3,复合短语
缺乏系统性,3,复合短语
缺口本文,3,复合短语
网点数据,3,复合短语
网络位置,3,复合短语
网络作为,3,复合短语
网络作用,3,复合短语
网络债务,3,复合短语
网络关联研究,3,复合短语
网络双循环,3,复合短语
网络投入产出,3,复合短语
网络效率,3,复合短语
网络方法,3,复合短语
网络模型分析,3,复合短语
网购,3,普通词
美丽中国,3,复合短语
美国德国,3,复合短语
美德,3,普通词
群体消费,3,复合短语
群聚识别,3,复合短语
老店,3,普通词
老龄,3,普通词
老龄人口,3,复合短语
老龄化加速,3,复合短语
老龄化影响,3,复合短语
考察不同,3,复合短语
考察产业,3,复合短语
考察国内,3,复合短语
考察地方公共,3,复合短语
考察地方政府,3,复合短语
考察平台,3,复合短语
考察当前,3,复合短语
考察税收,3,复合短语
考察财政,3,复合短语
考核体系,3,复合短语
考核制度,3,普通词
考虑内生性问题,3,复合短语
考虑行业,3,复合短语
而且有利于,3,复合短语
而言本文,3,复合短语
耐用品,3,普通词
职业教育,3,复合短语
职位,3,普通词
职能转变,3,复合短语
联合体,3,普通词
联社,3,普通词
聘请,3,普通词
股东债权人,3,复合短语
股东参与,3,复合短语
股东大会,3,普通词
股东持股,3,复合短语
股东持股比例,3,复合短语
股价下跌,3,复合短语
股票交易,3,普通词
股票市场风险,3,复合短语
股票投资,3,普通词
股票收益,3,复合短语
肺炎疫情防控,3,复合短语
背后机制在于,3,复合短语
背景农业,3,复合短语
背景地方政府,3,复合短语
背景政府,3,复合短语
胜利,3,普通词
能力以及,3,复合短语
能力发展,3,复合短语
能力增加,3,复合短语
能力异质性,3,复合短语
能力意愿,3,复合短语
能力提供政策,3,复合短语
能力提高,3,复合短语
能力整合,3,复合短语
能力更强,3,复合短语
能力本文研究,3,复合短语
能力治理,3,复合短语
能力现代化重要,3,复合短语
能力降低,3,复合短语
能够一定,3,复合短语
能够一定程度,3,复合短语
能够促进非农,3,复合短语
能够准确,3,复合短语
能够刻画,3,复合短语
能够引导,3,复合短语
能够显著抑制,3,复合短语
能够识别,3,复合短语
能够起到,3,复合短语
能源体系,3,复合短语
能源使用,3,复合短语
能源发展,3,复合短语
能源安全,3,普通词
能源技术,3,普通词
能量,3,普通词
脑力,3,普通词
自主创新关键,3,复合短语
自己国情,3,复合短语
自然实验分析,3,复合短语
自然实验构建,3,复合短语
自然实验采用双重,3,复合短语
自然性,3,普通词
自由贸易协定,3,复合短语
自由进入,3,复合短语
自费费用,3,复合短语
至关重要本文基于,3,复合短语
致力,3,普通词
舞弊,3,普通词
航程,3,普通词
良好环境,3,普通词
艰巨,3,普通词
艰辛,3,普通词
色彩,3,普通词
节点企业,3,复合短语
节能产品,3,普通词
苏州工业园区,3,普通词
英国,3,普通词
英文文献,3,复合短语
范围企业,3,复合短语
范式中国,3,复合短语
荷兰,3,普通词
获利能力,3,复合短语
获取成本,3,复合短语
获得政府,3,复合短语
获得银行信贷,3,复合短语
萌芽,3,普通词
营业,3,普通词
营业税,3,普通词
营商环境具有,3,复合短语
落地影响,3,复合短语
蓝图,3,普通词
蔓延,3,普通词
蕴涵,3,普通词
虹吸,3,普通词
融入全球价值链,3,复合短语
融合促进,3,复合短语
融合关键,3,复合短语
融合本文,3,复合短语
融合过程,3,复合短语
融资体系,3,复合短语
融资成本作用,3,复合短语
融资投资,3,复合短语
融资投资水平,3,复合短语
融资挤出效应,3,复合短语
融资环境,3,复合短语
融资绿色,3,复合短语
融资问题,3,复合短语
融资难融资问题,3,复合短语
融资难问题,3,复合短语
行业一般,3,复合短语
行业一般均衡,3,复合短语
行业传导,3,复合短语
行业地区层面,3,复合短语
行业层面数据,3,复合短语
行业差异,3,复合短语
行业投入产出,3,复合短语
行业竞争激烈,3,复合短语
行业行业,3,复合短语
行业贷款,3,复合短语
行业非国有,3,复合短语
行为作用,3,复合短语
行为关键,3,复合短语
行为决策,3,复合短语
行为可能,3,复合短语
行为土地,3,复合短语
行为对于,3,复合短语
行为异质性,3,复合短语
行为影响本文,3,复合短语
行为挤出,3,复合短语
行为提高,3,复合短语
行为最后,3,复合短语
行为理论模型,3,复合短语
行为而且,3,复合短语
行为视角,3,复合短语
行为过程,3,复合短语
行动指南,3,普通词
行政化,3,普通词
行政审批,3,复合短语
行政干预,3,复合短语
行政管理,3,复合短语
衡量中国,3,复合短语
衡量创新,3,复合短语
衡量城市,3,复合短语
衣着,3,普通词
补助资金,3,复合短语
补贴生育,3,复合短语
补贴策略,3,复合短语
补足,3,普通词
表现互补关系,3,复合短语
表现更为显著,3,复合短语
西方传统,3,复合短语
西方经济,3,复合短语
西欧,3,普通词
要求深入,3,复合短语
要素市场一体化,3,复合短语
要素循环,3,复合短语
要素成为,3,复合短语
要素流动要素,3,复合短语
要素生产率作用,3,复合短语
要素生产率变化,3,复合短语
要素生产率水平,3,复合短语
要素生产率长期,3,复合短语
要素相对,3,复合短语
要素禀赋结构,3,复合短语
要素空间,3,复合短语
要素纳入,3,复合短语
要素质量,3,复合短语
要素跨地区,3,复合短语
要素跨地区流动,3,复合短语
要素驱动,3,复合短语
见效,3,普通词
观点方法,3,复合短语
规则可以,3,复合短语
规则数字,3,复合短语
规制企业减排,3,复合短语
规律特点,3,复合短语
规律理论,3,复合短语
规律研究,3,复合短语
规模下降,3,复合短语
规模以及,3,复合短语
规模模式,3,复合短语
规模越大,3,复合短语
规范引导,3,复合短语
规范引导资本,3,复合短语
视为一项,3,复合短语
视为一项自然实验,3,复合短语
视角使用,3,复合短语
视角全面,3,复合短语
视角出发基于,3,复合短语
视角出发通过,3,复合短语
视角实证检验,3,复合短语
视角来看,3,复合短语
视角论证,3,复合短语
角度实证,3,复合短语
角度检验,3,复合短语
角度研究,3,复合短语
角色定位,3,普通词
角色认知,3,复合短语
解决内生性,3,复合短语
解决内生性问题,3,复合短语
解决发展,3,复合短语
解决发展平衡,3,复合短语
解释框架,3,复合短语
解释能力,3,复合短语
解释这一现象,3,复合短语
触及,3,普通词
警示,3,普通词
计划体制,3,普通词
计划实施,3,复合短语
计划显著,3,复合短语
计量模型,3,复合短语
订单平衡,3,复合短语
认知监管,3,复合短语
认知组织,3,复合短语
认知行为,3,复合短语
认识论,3,普通词
认购,3,普通词
议价模型,3,复合短语
议案,3,普通词
讲好,3,普通词
讲好中国,3,复合短语
设施发展,3,复合短语
设施建设,3,复合短语
设施联通,3,复合短语
设立为准,3,复合短语
设立子公司,3,复合短语
设立通过,3,复合短语
设计建设,3,复合短语
设计形成,3,复合短语
设计需要,3,复合短语
设计需要考虑,3,复合短语
证券公司,3,普通词
证券投资,3,复合短语
证实企业,3,复合短语
证实数字,3,复合短语
证实理论,3,复合短语
证成,3,普通词
证据完善,3,复合短语
证据对于,3,复合短语
证据形成,3,复合短语
证据揭示,3,复合短语
证据通过,3,复合短语
评估预警,3,复合短语
评判,3,普通词
评级债券信用,3,复合短语
评级评级,3,复合短语
识别信息,3,复合短语
识别方法,3,普通词
试验区制度,3,复合短语
试验区制度创新,3,复合短语
该项,3,普通词
语义,3,普通词
语言模型方法,3,复合短语
语音,3,普通词
误置,3,普通词
诱使,3,普通词
说明我国,3,复合短语
课外,3,普通词
调剂,3,普通词
调控地方,3,复合短语
调控目标,3,复合短语
调控策略,3,复合短语
调控经济增长,3,复合短语
调整关键,3,复合短语
调整实现,3,复合短语
调整提供,3,复合短语
调整逻辑,3,复合短语
调查2013,3,复合短语
调查CGSS,3,复合短语
调查CHFS数据,3,复合短语
调查数据使用,3,复合短语
调查数据分析,3,复合短语
调查数据研究,3,复合短语
调节作用基于,3,复合短语
调节功能,3,复合短语
调适,3,普通词
谋求,3,普通词
谦抑,3,普通词
谬误,3,普通词
贝叶斯估计,3,复合短语
负债表分析,3,复合短语
负债资产,3,复合短语
负担分配,3,复合短语
负担影响,3,复合短语
负效应,3,普通词
负面影响通过,3,复合短语
财力保障,3,复合短语
财务信息,3,复合短语
财富转移,3,复合短语
财政刺激,3,复合短语
财政投入医疗,3,复合短语
财政政策效果影响,3,复合短语
财政职能,3,复合短语
财政补贴税收,3,复合短语
财政补贴税收优惠,3,复合短语
财政资源,3,复合短语
财政部门影响,3,复合短语
财政金融政策,3,复合短语
财物,3,普通词
责任承担,3,复合短语
责权利,3,普通词
货币供给,3,复合短语
货币化,3,普通词
货币收入,3,复合短语
货币政策服务,3,复合短语
货币政策服务实体,3,复合短语
货币政策目标,3,复合短语
货币政策紧缩,3,复合短语
货币政策经济,3,复合短语
货币政策贷款,3,复合短语
货币政策转型,3,复合短语
货币贬值,3,普通词
质态,3,普通词
质量以及,3,复合短语
质量企业,3,复合短语
质量双重,3,复合短语
质量实现,3,复合短语
质量差异,3,复合短语
质量异质性,3,复合短语
质量竞争,3,复合短语
贫困发生率,3,复合短语
贫困地区,3,普通词
贫困山区,3,普通词
贫困指数,3,复合短语
购销,3,普通词
贷款集中度,3,复合短语
贷款额度,3,普通词
贸易业态,3,复合短语
贸易伙伴国,3,复合短语
贸易关系,3,复合短语
贸易壁垒冲击,3,复合短语
贸易弹性,3,复合短语
贸易格局,3,复合短语
贸易比例,3,复合短语
贸易理论,3,复合短语
贸易税收,3,复合短语
贸易竞争,3,复合短语
贸易竞争优势,3,复合短语
贸易顺差,3,普通词
资产价值,3,复合短语
资产投资,3,复合短语
资产负债表分析,3,复合短语
资产资产,3,复合短语
资产配置决策,3,复合短语
资产配置影响,3,复合短语
资本劳动力,3,复合短语
资本密集,3,复合短语
资本市场交易,3,复合短语
资本市场制度,3,复合短语
资本市场基础,3,复合短语
资本市场改革,3,复合短语
资本市场高质量,3,复合短语
资本影响,3,复合短语
资本技能劳动力,3,复合短语
资本投资效率,3,复合短语
资本生产率,3,复合短语
资本社会主义,3,复合短语
资格,3,普通词
资源有效配置,3,复合短语
资源环境,3,复合短语
资源配置中起,3,复合短语
资源配置中起决定性,3,复合短语
资源配置优化,3,复合短语
资源配置作用,3,复合短语
资源配置供应链,3,复合短语
资源配置效率促进,3,复合短语
资源配置效率影响,3,复合短语
资源配置效率提升,3,复合短语
资质债券发行,3,复合短语
资金使用,3,复合短语
资金流入,3,复合短语
资金流动性,3,复合短语
资金流向,3,复合短语
资金融通,3,复合短语
资金进行,3,复合短语
资金配置效率,3,复合短语
资金需求,3,复合短语
赋能中国,3,复合短语
赋能数字,3,复合短语
赎回,3,普通词
赔付,3,普通词
走上,3,普通词
走过,3,普通词
走高,3,普通词
起到促进作用,3,复合短语
起步阶段,3,复合短语
超大城市,3,复合短语
超强,3,普通词
超越西方,3,复合短语
超额回报,3,复合短语
越大本文,3,复合短语
越弱,3,普通词
越强企业,3,复合短语
越易,3,普通词
越短,3,普通词
越能,3,普通词
越高时,3,普通词
趋势检验,3,复合短语
趋向于,3,普通词
趋近,3,普通词
跃迁本文,3,复合短语
跟进,3,普通词
跨境电商中国,3,复合短语
跨境电商显著,3,复合短语
跨市,3,普通词
跨行业,3,普通词
路径探讨,3,复合短语
路径此基础,3,复合短语
路径跃迁,3,复合短语
路径转换,3,复合短语
路径重点,3,复合短语
轨迹,3,普通词
轨道交通,3,普通词
转化以及,3,复合短语
转化影响,3,复合短语
转化过程,3,复合短语
转变提供,3,复合短语
转变经济发展,3,复合短语
转向市场,3,复合短语
转型关键,3,复合短语
转型具有,3,复合短语
转型农业生产,3,复合短语
转型创新,3,复合短语
转型及其,3,复合短语
转型双重,3,复合短语
转型实践,3,复合短语
转型带来,3,复合短语
转型投资,3,复合短语
转型挑战,3,复合短语
转型推动,3,复合短语
转型提出,3,复合短语
转型收入,3,复合短语
转型政策,3,复合短语
转型效率,3,复合短语
转型现实,3,复合短语
转型生态,3,复合短语
转型融资,3,复合短语
转型融资平台,3,复合短语
转型财政,3,复合短语
转型趋势,3,复合短语
转型进程,3,复合短语
转型重要,3,复合短语
转型阶段,3,复合短语
转型面临,3,复合短语
转型驱动,3,复合短语
转折性,3,普通词
转换成本,3,复合短语
转换视角,3,复合短语
转移产业,3,复合短语
转移从而,3,复合短语
转移可能,3,复合短语
转移实现,3,复合短语
转移支付地方,3,复合短语
转移支付理论,3,复合短语
转移支付财政,3,复合短语
转移行为,3,复合短语
转而,3,普通词
较为严重,3,复合短语
较大地区,3,复合短语
较强以及,3,复合短语
辉煌,3,普通词
辨识,3,普通词
辩证,3,普通词
边界国有企业,3,复合短语
边界污染问题,3,复合短语
边际数量,3,复合短语
达到社会,3,复合短语
达到社会最优,3,复合短语
迁入,3,普通词
迁徙,3,普通词
迁移摩擦,3,复合短语
过去40,3,复合短语
过去十年,3,复合短语
过多,3,普通词
过度收集,3,复合短语
过度风险,3,复合短语
过度风险承担,3,复合短语
过快,3,普通词
过渡性,3,普通词
过渡阶段,3,普通词
过程不同,3,复合短语
过程不断,3,复合短语
过程呈现,3,复合短语
过程政府,3,复合短语
过程演化,3,复合短语
过程经济,3,复合短语
过程资本,3,复合短语
过程需要,3,复合短语
迈向共同富裕,3,复合短语
迈向高质量,3,复合短语
迈向高质量发展,3,复合短语
迈进,3,普通词
迎接,3,普通词
运动规律,3,复合短语
运用我国,3,复合短语
运行特征,3,复合短语
运输成本,3,普通词
近代以来,3,复合短语
近年来中国债券市场,3,复合短语
近年来全球,3,复合短语
近年来出现,3,复合短语
近年来我国,3,复合短语
近年来随着,3,复合短语
还会通过,3,复合短语
还会降低,3,复合短语
这一作用,3,复合短语
这一崭新,3,复合短语
这一新型,3,复合短语
这一框架,3,复合短语
这一概念,3,复合短语
这一模式,3,复合短语
这一现象主要,3,复合短语
这一理论,3,复合短语
这一监管,3,复合短语
这一目标,3,复合短语
这一背景,3,复合短语
这一重大,3,复合短语
这会,3,普通词
这样一个,3,复合短语
这种提升,3,复合短语
这种效应,3,复合短语
进一步佐证,3,复合短语
进一步全面,3,复合短语
进一步区分,3,复合短语
进一步增强,3,复合短语
进一步实施,3,复合短语
进一步实证,3,复合短语
进一步实证研究,3,复合短语
进一步对于,3,复合短语
进一步放大,3,复合短语
进一步深化国有企业,3,复合短语
进一步理解,3,复合短语
进一步释放,3,复合短语
进入产业结构,3,复合短语
进入产业结构变迁,3,复合短语
进入实体,3,复合短语
进入常态,3,复合短语
进入竞争,3,复合短语
进军,3,普通词
进出,3,普通词
进化,3,普通词
进取,3,普通词
进口消费品,3,复合短语
进度,3,普通词
进步任务,3,复合短语
进步企业,3,复合短语
进步资本,3,复合短语
进程中国,3,复合短语
进程中国经济,3,复合短语
进而增强,3,复合短语
进而形成,3,复合短语
进而抑制,3,复合短语
进而探究,3,复合短语
进而缓解,3,复合短语
进行事实分析,3,复合短语
进行出口,3,复合短语
进行分解,3,复合短语
进行动态,3,复合短语
进行实证测算,3,复合短语
进行客观,3,复合短语
进行拓展,3,复合短语
进行探究,3,复合短语
进行政策模拟,3,复合短语
进行数值模拟,3,复合短语
进行数字化,3,复合短语
进行深入,3,复合短语
进行深刻,3,复合短语
进行理论实证,3,复合短语
进行考察,3,复合短语
进行识别,3,复合短语
进行调整,3,复合短语
进行量化,3,复合短语
连续涨停,3,复合短语
连续涨停天数,3,复合短语
迫使,3,普通词
迫切,3,普通词
迫在眉睫,3,普通词
退休劳动力,3,复合短语
退休年龄前后,3,复合短语
退税制度,3,复合短语
送端,3,普通词
适应常态,3,复合短语
适应性重构,3,复合短语
适时,3,普通词
适用性,3,普通词
选举,3,普通词
选择历史,3,复合短语
选择合适,3,复合短语
选择提供,3,复合短语
选择银行,3,复合短语
逐步发展,3,复合短语
逐步替代,3,复合短语
逐步转向,3,复合短语
逐渐形成,3,复合短语
逐笔贷款,3,复合短语
逐笔贷款数据,3,复合短语
途径发挥作用,3,复合短语
通信基础设施,3,复合短语
通过一系列稳健性,3,复合短语
通过交易,3,复合短语
通过人力资本,3,复合短语
通过使用,3,复合短语
通过信贷,3,复合短语
通过全国,3,复合短语
通过关联,3,复合短语
通过协同,3,复合短语
通过商业,3,复合短语
通过商业信贷,3,复合短语
通过国际,3,复合短语
通过土地,3,复合短语
通过地方政府,3,复合短语
通过增大,3,复合短语
通过增强,3,复合短语
通过实施,3,复合短语
通过实证,3,复合短语
通过对比,3,复合短语
通过就业,3,复合短语
通过手工整理,3,复合短语
通过提升企业,3,复合短语
通过提高企业,3,复合短语
通过梳理,3,复合短语
通过流动性,3,复合短语
通过激励,3,复合短语
通过环境,3,复合短语
通过生产网络,3,复合短语
通过社会,3,复合短语
通过系统,3,复合短语
通过缩短,3,复合短语
通过考察,3,普通词
通过自主,3,复合短语
通过自主创新,3,复合短语
通过融资,3,复合短语
通过行业,3,复合短语
通过观察,3,普通词
通过认知,3,复合短语
通过调节,3,复合短语
通过财政,3,复合短语
通过财政收支,3,复合短语
通过资产,3,复合短语
通过资源,3,复合短语
造成不利,3,复合短语
造成不利影响,3,复合短语
造成影响,3,复合短语
造成银行,3,复合短语
逻辑中国,3,复合短语
逻辑以及,3,复合短语
逻辑分析框架,3,复合短语
逻辑形成,3,复合短语
逻辑提供,3,复合短语
逻辑最后,3,复合短语
逻辑研究,3,复合短语
逻辑福利,3,复合短语
逻辑系统,3,复合短语
逻辑经济,3,复合短语
道德,3,普通词
道路中国特色,3,复合短语
遗留,3,普通词
遗道明,3,普通词
遭受损失,3,复合短语
部分企业,3,复合短语
部分本文,3,复合短语
部分研究,3,复合短语
部门之间,3,复合短语
部门创新,3,复合短语
部门引入,3,复合短语
部门杠杆,3,复合短语
部门结构,3,复合短语
部门获得,3,复合短语
部门风险传导,3,复合短语
都市,3,普通词
配合提供,3,复合短语
配置一般,3,复合短语
配置一般均衡,3,复合短语
配置体制,3,复合短语
配置决策,3,复合短语
配置房产,3,复合短语
配置资源,3,复合短语
采取实质性,3,复合短语
采取策略性,3,复合短语
采用2009,3,复合短语
采用2010,3,复合短语
采用2013,3,复合短语
采用产业,3,复合短语
采用前沿,3,复合短语
采用动态,3,复合短语
采用固定,3,复合短语
采用文本,3,复合短语
采用案例,3,复合短语
采用渐进,3,复合短语
采矿业,3,普通词
释放市场,3,复合短语
释放消费,3,复合短语
里程,3,普通词
重复博弈,3,复合短语
重大创新,3,复合短语
重大变革,3,复合短语
重大影响本文,3,复合短语
重大本文,3,复合短语
重大理论实践,3,复合短语
重工,3,普通词
重点任务,3,复合短语
重点在于,3,复合短语
重点考察,3,复合短语
重要位置,3,复合短语
重要内涵,3,复合短语
重要动力,3,复合短语
重要动能,3,复合短语
重要原因本文,3,复合短语
重要参考意义,3,复合短语
重要学术,3,复合短语
重要工具,3,复合短语
重要性日益凸显,3,复合短语
重要手段本文,3,复合短语
重要指标,3,复合短语
重要挑战,3,复合短语
重要政策参考,3,复合短语
重要渠道本文,3,复合短语
重要现实,3,复合短语
重要目标,3,复合短语
重要着力点,3,复合短语
重要组织,3,复合短语
重要补充,3,复合短语
重要议题本文,3,复合短语
重要调节作用,3,复合短语
重视发挥,3,复合短语
重视本文,3,复合短语
重视程度,3,复合短语
量化交易市场,3,复合短语
量化交易金融市场,3,复合短语
量化估计,3,复合短语
量化分析研究,3,复合短语
量身,3,普通词
金山,3,普通词
金山银山,3,复合短语
金税,3,普通词
金税三期,3,复合短语
金融信号,3,复合短语
金融信贷,3,复合短语
金融创新监管,3,复合短语
金融利率,3,复合短语
金融助力,3,复合短语
金融危机中国,3,复合短语
金融危机影响,3,复合短语
金融发展中国,3,复合短语
金融发展传统,3,复合短语
金融发展平衡,3,复合短语
金融发展经济,3,复合短语
金融市场产生,3,复合短语
金融市场存在,3,复合短语
金融市场高质量,3,复合短语
金融市场高质量发展,3,复合短语
金融更好服务,3,复合短语
金融现代,3,复合短语
金融现代经济,3,复合短语
金融调查2013,3,复合短语
金融通过,3,复合短语
金融风险基于,3,复合短语
金融风险导致,3,复合短语
金融风险提供,3,复合短语
针对企业,3,复合短语
铅球,3,普通词
银山,3,普通词
银行创新,3,复合短语
银行存在,3,复合短语
银行成因,3,复合短语
银行效率影响,3,复合短语
银行竞争加剧,3,复合短语
银行网点数据,3,复合短语
银行规模,3,复合短语
银行设立,3,复合短语
银行资产负债,3,复合短语
银行资本,3,普通词
银行资本金,3,复合短语
银行风险防范,3,复合短语
链碳,3,普通词
销售收入,3,普通词
销售渠道选择,3,复合短语
错配宏观,3,复合短语
错配本文,3,复合短语
错配现象,3,复合短语
长久,3,普通词
长城汽车,3,普通词
长期价值,3,复合短语
长期持续,3,复合短语
长期潜在,3,复合短语
长期潜在增速,3,复合短语
长期稳定,3,复合短语
长期绩效,3,复合短语
长期趋势,3,普通词
长江流域,3,普通词
门槛企业,3,复合短语
问卷,3,普通词
问卷调查数据,3,复合短语
问责制,3,普通词
问责机制,3,复合短语
问题严重,3,复合短语
问题为此本文,3,复合短语
问题作出,3,复合短语
问题使得,3,复合短语
问题具有重要,3,复合短语
问题存在,3,复合短语
问题实证,3,复合短语
问题探讨,3,复合短语
问题日益,3,复合短语
问题日益凸显,3,复合短语
问题本文提出,3,复合短语
问题现有,3,复合短语
闲置,3,普通词
间接税负担,3,复合短语
阐释中国,3,复合短语
防治,3,普通词
阵痛,3,普通词
阵痛期,3,普通词
阶段主要特征,3,复合短语
阶段企业通过,3,复合短语
阶段具有,3,复合短语
阶段实现,3,复合短语
阶段提出,3,复合短语
阶段政府,3,复合短语
阶段本文,3,复合短语
阶段研究,3,复合短语
阶段经济体,3,复合短语
阶段过程,3,复合短语
阶段进入,3,复合短语
阻碍经济,3,复合短语
阻隔,3,普通词
陆续,3,普通词
降价抛售,3,复合短语
降低价格,3,复合短语
降低企业实际,3,复合短语
降低企业社保,3,复合短语
降低企业经营,3,复合短语
降低债务融资,3,复合短语
降低农业,3,复合短语
降低农民,3,复合短语
降低出口,3,复合短语
降低制度性,3,复合短语
降低制度性交易成本,3,复合短语
降低劳动,3,复合短语
降低国内贸易,3,复合短语
降低国内贸易成本,3,复合短语
降低国有企业,3,复合短语
降低投资者,3,复合短语
降低社保,3,复合短语
降低税负,3,复合短语
降水量,3,普通词
随其,3,普通词
随后基于,3,复合短语
随机前沿分析,3,复合短语
随机检查自然实验,3,复合短语
随着人工智能,3,复合短语
随着各国,3,复合短语
随着地区,3,复合短语
随着经济,3,复合短语
隐性契约,3,复合短语
障碍导致,3,复合短语
难以应对,3,复合短语
难以有效,3,复合短语
难以解释,3,复合短语
难得,3,普通词
难点本文,3,复合短语
难降,3,普通词
难题中国,3,复合短语
集中收付,3,复合短语
集中收付制度,3,复合短语
集中统一,3,普通词
集中统一领导,3,复合短语
集团公司,3,普通词
集市,3,普通词
集聚影响,3,复合短语
集聚通过,3,复合短语
雇员,3,普通词
零部件,3,普通词
需方,3,普通词
需求产生,3,复合短语
需求从而,3,复合短语
需求创造,3,复合短语
需求导致,3,复合短语
需求扩大,3,复合短语
需求拉动,3,复合短语
需求摩擦,3,复合短语
需求机制,3,复合短语
需求特征,3,复合短语
需求经济,3,复合短语
需求进而,3,复合短语
需要政府,3,复合短语
需要着力,3,复合短语
需要重视,3,复合短语
非上市,3,普通词
非但,3,普通词
非但没有,3,复合短语
非公有制,3,普通词
非后,3,普通词
非国有经济,3,普通词
非市场,3,普通词
非常重要,3,复合短语
非金融上市公司研究,3,复合短语
非金融企业债务,3,复合短语
面临技术,3,复合短语
面临机遇,3,复合短语
面临机遇挑战,3,复合短语
面临权衡,3,复合短语
面临百年,3,复合短语
面临百年未有,3,复合短语
面临结构性,3,复合短语
面临诸多,3,复合短语
面临资源,3,复合短语
面临重大挑战,3,复合短语
面临重要问题,3,复合短语
面板数据分析,3,复合短语
面板数据本文,3,复合短语
面板数据通过,3,复合短语
革命中国,3,复合短语
革命建设改革,3,复合短语
革命背景,3,复合短语
革新,3,普通词
韧性产业链,3,复合短语
韧性供应链,3,复合短语
韧性提升,3,复合短语
韧性测度,3,复合短语
韧性重要,3,复合短语
项目投资,3,复合短语
预测能力本文,3,复合短语
预示,3,普通词
预算内,3,普通词
预算监督效能,3,复合短语
预算目标,3,复合短语
预算绩效,3,复合短语
预设,3,普通词
领域前沿,3,复合短语
领域实现,3,复合短语
领域应用,3,复合短语
领域采用,3,复合短语
领导我国,3,复合短语
频域,3,普通词
频次,3,普通词
颠覆创新,3,复合短语
颠覆性创新理论,3,复合短语
风光,3,普通词
风格中国,3,复合短语
风格中国气派,3,复合短语
风电,3,普通词
风险下降,3,复合短语
风险之间,3,复合短语
风险从而,3,复合短语
风险分担机制,3,复合短语
风险双重,3,复合短语
风险处置,3,复合短语
风险如何,3,复合短语
风险宏观经济,3,复合短语
风险扩散,3,复合短语
风险承担影响,3,复合短语
风险承担流动性,3,复合短语
风险技术,3,复合短语
风险控制,3,复合短语
风险政策,3,复合短语
风险效应,3,复合短语
风险本文研究,3,复合短语
风险测度指标,3,复合短语
风险溢出机制,3,复合短语
风险状况,3,复合短语
风险理论分析,3,复合短语
风险生成,3,复合短语
风险生成机理,3,复合短语
风险相关,3,复合短语
风险程度,3,复合短语
风险管控,3,复合短语
风险系统性,3,复合短语
风险约束,3,复合短语
风险结构,3,复合短语
风险补贴,3,复合短语
风险越大,3,复合短语
风险进一步,3,复合短语
风险重要,3,复合短语
风险防范化解,3,复合短语
风险阶段,3,复合短语
飞速发展,3,普通词
首先我们,3,复合短语
首次使用,3,复合短语
首次公开发行,3,复合短语
首次引入,3,复合短语
马克思主义政治经济学中国化,3,复合短语
马克思主义政治经济学基本原理,3,复合短语
马克思主义政治经济学当代,3,复合短语
马克思主义政治经济学指导,3,复合短语
马克思主义理论,3,复合短语
马克思恩格斯,3,复合短语
马太效应,3,普通词
驱动分析,3,复合短语
驱动增长,3,复合短语
驱动效应,3,复合短语
驱动效果,3,复合短语
驱动科技,3,复合短语
驱动经济发展,3,复合短语
驱动资产,3,复合短语
驱动转向,3,复合短语
驱动长期,3,复合短语
验证模型,3,复合短语
高且,3,普通词
高于美国,3,复合短语
高全,3,普通词
高度细化微观,3,复合短语
高度谋划,3,复合短语
高度集中,3,普通词
高德,3,普通词
高德地图,3,复合短语
高房价,3,普通词
高技术制造业,3,复合短语
高技能工人,3,复合短语
高时更加,3,复合短语
高水平保护,3,复合短语
高水平自立自强,3,复合短语
高维稀疏,3,复合短语
高维稀疏建模,3,复合短语
高质量发展一个,3,复合短语
高质量发展促进,3,复合短语
高质量发展全面,3,复合短语
高质量发展内在,3,复合短语
高质量发展动力,3,复合短语
高质量发展必然,3,复合短语
高质量发展方面,3,复合短语
高质量发展满足,3,复合短语
高质量发展现代化,3,复合短语
高质量发展目标,3,复合短语
高速公路,3,普通词
高速增长转向,3,复合短语
鼓励创新,3,复合短语
