Year,Title,Author,Keywords,Journal,Citations,Abstract
2025,量化交易与金融市场稳定——基于逐笔委托数据的分析,屈源育;Lin William Cong;吴卫星,量化交易;程序化交易;算法交易;金融市场稳定;风险传染,经济研究,0,在大数据技术快速发展的背景下，量化交易作为一种新型交易形式对完善市场价格发现功能具有积极作用，但也可能带来交易趋同性增加等问题。本文利用高频逐笔委托数据从多维度识别量化交易行为，采用工具变量方法缓解潜在内生性问题，以探究量化交易如何影响金融市场稳定。研究发现，量化交易对市场尾部风险传染具有非对称影响，主要体现在四个方面：（1）量化交易能够减缓市场对个股尾部风险的冲击，这与量化交易提供流动性及加快价格发现的能力有关（流动性效应），并在基本面信息凸显情形（高信息披露质量、价值低估以及低投资者情绪）下更加显著；（2）量化交易放大了个股对市场尾部风险的传染，这与量化策略的趋同交易属性有关（传染性效应），并在投机属性主导情形（低公募基金占比、高波动性量化交易占优以及高投资者情绪）下更加明显；（3）量化交易不同效应的发挥与市场环境有关；（4）加强量化交易的信息监管对抑制个股和市场之间的尾部风险传染作用显著，非差异化限制在部分情形下可能削弱其功能发挥。本文为探索量化交易如何影响资本市场提供了崭新的证据，也对完善量化交易的监管措施提供了启示。
2025,债券信用评级的结构性膨胀问题研究——基于城投债一二级市场差异的视角,金凌;李志生;杨国超,城投债;信用评级膨胀;一级市场发行利差;二级市场交易利差,经济研究,0,信用评级是债券市场的“信用锚”，但过度膨胀的债券信用评级不利于识别债券市场的信用风险并对风险进行合理定价。本文选择与城投债风险特征相似的债券为参照基准，对比城投债的信用评级与参照基准之间的差异，发现城投债信用评级存在结构性的评级膨胀现象，且该现象在考虑了评级标准差异、债务风险特征等因素后仍然稳健，地方政府强烈的融资动机以及评级机构间的激烈竞争是城投债信用评级膨胀的主要诱因。进一步地，膨胀的城投债信用评级虽然能显著降低一级市场债券发行利差，但二级市场交易利差会快速抬升以反映债券实际信用风险。该发现表明，债券发行人利用膨胀的信用评级降低了债务融资成本，但二级市场投资者识别了评级膨胀引致的一级市场定价扭曲，促使二级市场对一级市场的发行利差进行调整。机制分析发现，中介机构声誉、债券市场交易和信息机制对评级膨胀与债券定价的关系产生了重要影响。为此，应高度重视健全完善信用评级市场，强化对评级膨胀问题的监管，充分发挥金融信息中介的作用和二级市场的定价功能，助力地方债务综合治理。
2025,气候物理风险与资本市场定价：基于权益资本成本视角,程时雄;何宇航;刘朝良,气候物理风险;资本市场;权益资本成本;实体经济,经济研究,0,极端天气已成为我国经济可持续发展面临的重大安全挑战，资本市场作为引导资源配置的枢纽，能否准确识别并定价相关风险，是有待深入研究的问题。本文基于一个包含气候物理冲击、投资者风险信念更新和企业经营调整的理论分析框架，揭示了气候物理风险定价的传导机制。在此基础上，利用气象站点、台风路径、灾害统计等多元数据集，对我国上市公司2010—2023年的气候物理风险敞口进行测度，并研究其与权益资本成本之间的动态关联。研究发现，我国资本市场对气候物理风险呈现“事后定价”特征，即当年气候物理风险显著提高次年权益资本成本，对当年权益资本成本则无显著影响。机制检验表明，气候物理风险通过引发企业经营基本面重估、投资者风险信念更新及市场信息摩擦加剧，推高后期权益资本成本。异质性分析揭示，资本市场对气候物理风险的定价效率随企业经营条件、市场风险认知与信息披露环境不同而存在结构性差异。进一步研究发现，市场定价信号会传导至企业灾后资产配置决策。同时，地方政府加强防灾基础设施投入与气候适应性城市建设，均有助于降低企业气候物理风险溢价。本文为理解气候风险、资本市场与实体经济之间的关系提供了经验证据，为健全气候风险治理体系与引导资本市场更好地服务实体经济高质量发展提供了参考。
2025,中国跨境投资企业的风险管理与国际税务安排,马湘君;田巍;余淼杰,风险转移;利润转移;转让定价;避税;跨境投资企业,经济研究,0,跨境投资企业通过关联交易向低税率国家（地区）转移利润的避税行为侵蚀了政府的税基。现有国际税收体系下，跨境投资企业常用的利润转移手段之一是将关联交易涉及的经营风险转移至低税率国家（地区），并根据转让定价法规所遵循的风险与利润相匹配的原则将利润转移出去。本文首次使用中国微观企业数据检验我国跨境投资企业的风险转移行为，发现当中国与被投资国（地区）企业所得税税率差上升10%时，风险被转移至低税率被投资地子公司，留存在中国母公司的经营风险在均值水平上下降了12.8%。并且，此效应只显著存在于涉及较多经营风险的企业中，如研发风险、市场风险、存货风险、信用风险等。同时，本文全面估计了中国跨境投资企业在所有被投资地（包括非“避税天堂”）的避税规模，并测算出政府由此产生的年企业所得税损失约为534亿—592亿元。与发达国家（地区）相比，该损失占所得税税基的比例相对较低。
2025,所得税税制差异、组织形式选择与税基转移——来自生产经营所得税率调整的证据,杨龙见;武子怡;叶菁菁;刘冲,个人所得税;组织形式;企业避税;企业进入,经济研究,0,不同税种间的制度差异会引发企业为降低税负而进行跨组织形式的税基转移。本文以2018年我国个人经营所得所得税税率下调为政策冲击，利用工商注册数据考察了所得税制差异如何影响企业组织形式的选择，并研究了税基在企业所得税和个人所得税之间的转移情况。主要结论如下：（1）为转移税基而新设立的非法人企业市场进入率平均增加了5.57%，个人独资企业是主要选择类型；（2）税基转移行为在商贸服务业、高薪行业、外包性强的行业以及中小微企业中更普遍；（3）有税基转移“通道”的法人企业利润减少了8.26%，企业所得税减少了16.97%。研究表明，跨组织形式的税基转移可能导致部分政策红利损失。在数字经济等新兴业态兴起的背景下，未来政策调整应更注重税制平衡，加强不同税种之间的协同与配合。
2025,外部冲击与国内贸易循环：国内大市场的经济稳定器作用,才国伟;韩天赐;李兵,外部市场;关税冲击;国内贸易;稳定器,经济研究,0,国内贸易如何适应外部冲击而变化，对于科学制定经济政策尤为重要。本文首先构建了两国多区域的一般均衡模型，揭示了关税冲击对于国内区域之间贸易流的影响。模型预示：国内卖出地承受的关税越高，其向国内其他地方销售的产品越多；而买入地承受的关税越高，其从国内其他地方购买的产品越少。随后，本文利用中国海关数据、美国加征关税和中国城市间贸易流量的月度数据，对此进行了实证分析，结果证实了理论预测及其稳健性。进一步研究发现，贸易成本是国内贸易流量调整的关键机制，关税外部冲击对国内贸易调整的影响因中间品质量而表现出显著的异质性。同时，国内贸易对外部冲击具有稳定器作用，且作用大小与一个地区国内贸易流量及其在国内贸易网络中的网络地位有关。本文探讨了国内市场大循环在应对外部冲击方面的基础性作用，为应对全球经济不确定性、构建新发展格局提供了理论支撑。
2025,跨境数据流动如何驱动企业创新：理论分析与中国经验,余典范;贾咏琪;张艺璇,跨境数据流动;企业创新;全球创新网络地位,经济研究,0,构建高效、便利且安全的跨境数据流动机制，是赋能企业创新、提升国际竞争力的内在要求。本文将兼具规模与多元特征的跨境数据纳入异质性企业模型，从理论层面阐释了跨境数据流动通过重塑研发的成本—收益权衡，进而影响企业的创新决策与战略布局。本文基于2011—2022年中国A股有海外业务上市公司的样本，通过匹配跨境数据流动协议签署情况检验跨境数据流动对企业创新的影响。研究表明：跨境数据流动主要通过如下机制推动企业创新：促进国际前沿技术知识的捕获与全球市场需求的精准识别，提升数字化研发要素的配置效率，引导研发投入在国际前沿领域实现纵向深化与横向拓展。异质性分析发现，该创新效应在数字人力资本水平丰裕、数据依赖度高、深度参与国际市场的企业以及数据基础设施完善的经济体中更加显著。更重要的是，包含全球多元异质知识的跨境数据还有助于促进突破式创新，提升企业在全球创新网络中的地位。企业自身的数据安全治理水平以及协议条款对发展和安全的平衡，是跨境数据流动创新红利得以充分释放的关键前提。本研究不仅为理解跨境数据流动的创新驱动效应提供了新的微观证据，也为优化全球数据治理体系、构建开放共赢的数字经济格局提供了政策启示。
2025,数字技能对居民收入的影响：基于效率提升与要素配置的视角,蔡宇涵;刁寒钰,数字技能;个人收入;要素配置;数字经济,经济研究,0,数字技术发展对居民的影响在广度和深度上都呈加速趋势，学界对其影响居民收入的理论与经验研究取得显著进展，但个人数字技能对收入影响的大小和机制方面，仍然有大量未知领域。通过将数字技能引入经典劳动供给模型，本文从效率提升与要素配置的视角构建分析框架，提出数字技能影响收入的假说。本文利用中国家庭数字经济调查数据库，定义并测度居民数字技能，估计了其对个人收入的影响大小和机制。研究发现，数字技能每提高1单位，个人年收入将增长约600元。主要机制包括：（1）提升数字经济活动回报率并引致时间投入增加；（2）促进数据和信息等新生产要素的获得。异质性分析表明，教育与数字技能在生产活动中有互补关系。本文为理解居民行为决策提供了新视角、新证据，也为制定有效的居民增收政策提供了参考。
2025,坚持用中长期规划指导经济社会发展,王蕴;毛科俊;于畅,中长期规划;经济社会发展;发展战略;政府和市场,经济研究,0,新中国成立70多年来，中国共产党长期领导编制实施五年规划（计划），探索出以中长期规划指导经济社会发展的宝贵经验。中长期规划已成为中国共产党治国理政的重要方式，有利于协同发挥有效市场和有为政府的作用。我国中长期规划始终锚定建设社会主义现代化强国的宏伟目标，是现代化长远战略的阶段性部署和安排。党的十八大以来，以习近平同志为核心的党中央持续推进中长期规划理论和实践创新，明确了国家发展规划在宏观经济治理体系中发挥战略导向作用，指引我国构建起以国家发展规划为统领、以空间规划为基础、以专项规划和区域规划为支撑的统一规划体系，形成了坚持系统观念、目标导向和问题导向相结合、深入开展调查研究、集中精力办好自己的事、顶层设计和问计于民相统一等一系列规划编制的科学方法，规划实施的体制机制日臻健全，有效提升规划整体效能、保障规划落地落实。编制实施“十五五”规划要充分运用已有理论创新和实践经验，准确把握推进中国式现代化的阶段性要求，从全局和战略高度谋划目标任务，努力为基本实现社会主义现代化奠定坚实基础。
2025,全球价值链全要素生产率测度、演变及其结构解析,闫冰倩,全球价值链;全要素生产率;结构分解;全球生产网络;投入产出分析,经济研究,0,"鉴于经济全球化和价值链分割化同样对全要素生产率产生深远影响，本文提出基于全球价值链视角下的全要素生产率（Total Factor Productivity,TFP）测算框架，从理论上论证全球价值链TFP与传统TFP的差异，进一步构建全球价值链TFP变化的分解模型，将其分解为技术变化的贡献和配置结构的贡献，并运用最新的EXIOBASE全球投入产出表和经济社会核算数据，对1995—2022年49个国家和地区的全球价值链TFP变化及其驱动因素进行测算和系统评估。研究结果表明：（1）相比于传统测量方法，全球价值链TFP将生产配置结构因素也纳入考虑，得到的世界全球价值链TFP实际仍处于上升区间，为“生产率悖论”提供了一个可能的解释；价值链内中间品来源结构不断优化提升了全球层面的TFP水平，而传统基于总产出的TFP分解则会低估价值链内配置结构效应；（2）考察期内，中国的全球价值链TFP总体呈现上升趋势，且上升幅度最大，其中配置结构效应是影响中国全要素生产率变化的主要因素，表明价值链结构呈现升级态势；（3）全球价值链TFP的区域分解结果表明，份额效应在每个阶段的贡献率均为正，且大于生产率效应的贡献率，是中国全要素生产率影响全球全要素生产率的主要渠道。大力发展新质生产力的着力点应是科技创新和资源配置效率改善，分析表明中国价值链内中间品来源结构仍有进一步优化的空间。"
2025,城市公共服务空间匹配与市场性收入均等,张楠;谢欣桐;刘蓉,现代化人民城市;公共服务;供需空间匹配;市场性收入均等,经济研究,0,提供优质均衡的公共服务是建设现代化人民城市的关键。但宏观层面的传统供给均等化视角未能充分关注到微观层面居民区公共服务的不平衡不充分状况，难以准确衡量城市内部公共服务布局水平。基于此，本研究首先从供需匹配视角解构公共服务均衡性和可及性的衡量标准，并基于高德地图设施点位大数据与社区居民点位置信息，构建包含基础教育、医疗卫生、文化体育、公共交通、公共安全的城市公共服务空间匹配指标，实证检验了其对居民市场性收入均等的影响。结果显示，中国各线城市公共服务空间匹配程度不断提高，可达性、多样性、平衡性均呈现上升态势，并通过就业效应、健康效应以及社会网络效应显著缓解了居民市场性收入不均等。拓展性研究发现，公共服务空间匹配改善了居住隔离状况，提高了企业对低技能劳动力的岗位需求。本研究为现代化人民城市建设、数字技术赋能公共服务治理以及新时代财政保障体系完善提供了政策参考。
2025,投资者预期协同的资产定价研究——基于多特征机器学习视角,唐国豪;陈海玮;朱琳;姜富伟,特征学习;预期协同;预期管理;神经网络模型;资产定价,管理世界,0,大数据时代下，随着人工智能技术的深度应用，投资者比以往更能有效关注资本市场的海量信息。投资者对多维信息的关注能否提升预期协同水平，这一问题对于深刻理解资本市场的预期形成具有重要意义。本文基于中国上市公司的多维度特征，引入机器学习框架，构造预期协同指标，探讨多特征学习下的投资者预期如何影响资产定价。实证结果表明，预期协同水平越低，股票未来收益越低，这说明提高投资者的预期协同水平有助于我国资本市场的稳定与可持续发展。本文进一步从卖空约束与有限套利两个角度，证明了错误定价是投资者预期协同与股票未来收益正相关关系的作用机制。此外，本文还发现会计信息质量与预期协同的定价效应显著负相关，而特征数量则对定价效应呈现先增强后减弱的非线性影响。本文针对不同交易风格的投资者进行了异质性分析，发现投资者对金融信号的偏好差异会导致预期协同的定价效应不同。最后，本文围绕我国的投资者信息学习、资本市场信息质量建设、人工智能技术应用与预期管理等多个方面提出了政策建议。
2025,国企股权网络与地方债务扩张——基于穿透式监管的视角,周博,地方政府融资平台;股权网络;借壳融资;工商企业注册数据,管理世界,0,本文利用工商企业注册数据中5180万家企业的9250万条股东信息建立了地方国有企业的股权网络全景图，并结合全国税收调查企业数据研究了地方政府融资平台债务扩张的新机制。本文发现地方政府融资平台股权网络在2008年后从横向和纵向两个维度迅速扩张。利用2011年银监会对融资平台的信贷监管冲击，研究发现受到监管的融资平台会通过其股权网络中没有受监管的企业进行融资来逃避监管，并使总体债务规模持续上升。进一步分析表明，融资平台股权网络企业的负债率和负债规模虽然显著上升但其投资、雇佣以及产出并没有变化，而受到监管的融资平台自身的负债、投资和雇佣却显著提高，且增加了从其股权网络企业获得的直接借款。本文的研究结论为认识地方债务规模、理解地方债务增长和防范化解地方债务风险提供了具体且清晰的政策启示，即穿透地方国有企业股权网络的地方债务监管思路是完善全口径地方债务监测监管体系的核心要义。
2025,数据要素循环的税收治理逻辑——基于住房市场征管数据的证据,叶菁菁;余白雪;傅佳莎;王筱筱,数据要素;税收征管;边际报酬递增;数据质量;税负公平,管理世界,0,本文揭示了数据作为新型生产要素在税收治理中发挥边际报酬递增特性的微观机理。研究发现，税收优惠政策引致的住房成交量增加会通过提升计税分区内数据要素累积，带来税收征管效率（计税价/成交价）的持续提升。从数据来源角度，政策效应在数据要素增量较多（新增交易）的分区更为明显；而在数据要素存量较高（历史交易）的分区，并未观察到征管效率存在显著差异。相较于数据要素规模，内部数据要素质量对征管效率的提升具有更为明显的促进效果，来自第三方交易的外部数据质量影响有限。从时间维度看，数据要素增量较多的分区，征管效率呈现明显的动态递增提升趋势，印证了数据要素持续更新（而非静态存量）在驱动征管效率持续提升中的核心作用。值得重视的是，由于数据要素积累与交易频次相关，征管效率的提升主要集中在交易更频繁的低财富住房中，这可能带来实际税负的纵向不公。本研究为“以数治税”的深入推进提供了可供借鉴的经验证据。
2025,美欧关税与全球新能源汽车供应链的重构,李坤望;王方,新能源汽车关税;供应链重构;扩大内需;规模经济,管理世界,0,中国是全球新能源汽车最大产销国，并且拥有最完善的新能源汽车产业体系。美国、欧盟对中国加征关税，不仅影响各方新能源汽车行业的发展，也将对全球新能源汽车供应链带来很大冲击。本文构建了一个包含新能源汽车供应链的多国多部门一般均衡模型，其中供应链涵盖了3个主要环节，关键矿产、锂离子电池和新能源汽车，定量评估了美国、欧盟对中国新能源汽车产业加征关税的经济影响，并以消费补贴为例分析中国的应对措施。本文研究有以下发现。（1）美国加征关税对中国新能源汽车产业各关键环节都造成损害，其中供应链上中游环节受损最严重；美国锂离子电池环节虽从中受益，但其新能源汽车竞争力会因锂离子电池成本增加而下降。（2）欧盟加征关税虽然仅限于下游产品，且税率远低于美国水平，但对中国新能源汽车产业的损害明显更大，这主要归因于欧盟是中国新能源汽车出口的主要市场。（3）美国、欧盟对华加征关税都会重构全球新能源汽车供应链，中国出口份额会被世界其他国家部分替代，其中锂离子电池受到的冲击显著大于供应链其他环节。（4）扩大内需可有效应对美欧关税冲击，国内新能源汽车消费补贴提高4.5%即可对冲美欧关税对中国新能源汽车产业的不利影响。
2025,数实技术融合与企业出口韧性,谢谦;金才淇;刘维刚,数实融合;数实技术融合;企业出口韧性;产业链;稳外贸,管理世界,0,数字经济和实体经济深度融合为中国经济增长注入新动能，技术融合作为数实融合的关键一环，对提升企业出口韧性有重要作用。本文首先构建包含数实技术融合与企业出口韧性的理论模型，分析了数实技术融合通过提升企业生产率、降低贸易成本两个渠道增强企业出口韧性的作用机制。进一步利用Python爬虫技术获取中国企业专利引用信息，以此测度企业数实技术融合水平，并与2008～2020年全国税收调查数据匹配，对理论分析结论进行实证检验，实证结果与理论推演高度契合。企业内部特征方面，规模越大、处于成熟期以及研发强度较高的企业，数实技术融合越能提升企业出口韧性；外部环境特征方面，外部市场重要程度越高以及数字基础设施建设越完善的企业，其数实技术融合对出口韧性的强化作用更为突出。在全球贸易格局深度调整与我国数实融合纵深推进的关键期，研究结论为企业差异化推进数实技术融合、增强出口抗风险能力，助力外贸高质量发展提供了决策参考。
2025,策略性模糊在突破技术双重锁定中的作用机制——基于康尼机电的纵向案例研究,黄菲菲;肖咪咪;贾良定;陈传明,策略性模糊;技术内部锁定;技术外部锁定;关键核心技术;案例研究,管理世界,0,本研究聚焦策略性模糊在中国企业突破技术双重锁定中的关键作用。基于康尼机电的纵向案例，本文构建了企业突破技术双重锁定过程的四阶段模型。本文研究有以下几个方面的发现。第一，技术双重锁定的突破呈现出“重构技术定义—创新技术架构—升级技术模块—国际市场认可”的演化过程。第二，重构技术定义阶段，企业通过授权型模糊激活组织内部认知多样性，形成多路径并存的探索张力；创新技术架构阶段，企业运用联想型模糊融合跨领域技术要素，推动技术架构的跨界重组；升级技术模块阶段，企业以启发型模糊建立跨层级转换机制，促进模块间的系统协同；国际市场认可阶段，企业通过邀请型与适配型模糊构建多重解释共存的空间，形成多元主体的共识，促成新技术的制度合法化与市场认同。第三，策略性模糊亦存在犹豫不决、表层相似陷阱、抽象偏差、身份模糊和表达碎片化等风险，因此企业需要建立相应的收敛与控制机制。本文不仅揭示了策略性模糊在突破技术双重锁定过程中的作用机制，也将该理论拓展至技术创新领域，为中国企业在全球技术竞争中实现自主创新提供了重要的理论支持与实践启示。
2025,“存贷双高”企业的高现金持有之谜——基于现金操纵视角的分析与证据,杨国超;刘琪;王克敏,存贷双高;现金;现金操纵;会计造假;实际业务活动,管理世界,0,“存贷双高”企业宁愿持有大量现金，也不愿先行偿付需要承担大量利息成本的短期有息负债的怪象，与经典的优序融资理论相悖。对此，本文研究“存贷双高”企业的高现金持有之谜。首先，本文采用问卷调查法对会计师事务所和银行的相关从业人员进行调研，初步确认了现实中企业会通过会计造假或实际业务活动等方式操纵账面现金。进一步地，通过大样本检验发现，“存贷双高”企业更可能在未来年度被证监会以“现金科目相关的会计违规”问题处罚，表明“存贷双高”企业会通过会计造假方式操纵账面现金；同时，“存贷双高”企业以报告期末账面现金为基础计算的资金收益率显著更低，且受限资金占比也显著更高，表明“存贷双高”企业还会通过期末临时拆借资金或“以贷转存”并反复质押借款等实际业务活动方式虚增账面现金。此外，本文还发现，“存贷双高”企业操纵账面现金的目的是掩盖企业资金压力较大的事实，同时也迷惑了部分非专业投资者。本文研究挑战了企业账面现金难以被操纵的传统认知，拓宽了企业财务报表操纵领域的研究边界。
2025,“乡村建设行动”政策的劳动收入效应评估——基于帮扶主体贡献度的研究,张鹏龙;钟建乐;韩天阔;胡羽珊,乡村振兴;乡村建设;项目制;宜居宜业和美乡村;资本下乡,管理世界,0,乡村建设作为乡村振兴战略的重要内容，离不开多层级政府投资乡村建设行动的支持。本文从经济集聚的视角分析了乡村建设行动政策如何影响农民的劳动生产活动，并利用代表性地区的微观家庭追踪数据进行了实证检验。研究发现：第一，乡村建设行动政策显著提高了农村中低收入家庭的劳动收入和农业生产经营性收入，这一效应源自劳动参与率、劳动时间和劳动工资率的全面提升；第二，机制分析表明，该政策通过直接的项目投入和间接地提升农村生产生活水平，促进了资本和劳动力要素向农村地区集聚，这一过程推动了劳动力市场的发育，提升了其密度与配置效率，从而带动了劳动收入增长；第三，该政策更有助于提高缺乏劳动供给、脱贫不稳定户的劳动收入，且到户、不招标项目的劳动收入提升效应更为明显；第四，该政策的投资回报率为35.38%，源自县级政府项目建设资金的使用效率依次高于省市政府和中央政府，这意味着层级间政府帮扶主体贡献度的差异对项目制政策效果具有重要影响。本研究表明，在完善乡村振兴投入机制的过程中，应注重发挥乡村建设“宜居与宜业”的协同功能，给予弱势群体更大的政策倾斜，提高基层政府在涉农资源配置的决策权限，从而加快城乡融合发展和农业农村现代化的进程。
2025,城乡融合发展与县域经济转型——来自城乡融合发展试验区的经验证据,方师乐;叶俊焘;黄祖辉;张志坚,城乡融合;县域经济;要素流动;产业融合;乡村振兴,管理世界,0,城乡融合发展是中国式现代化的必然要求，以城乡融合发展促进县域经济转型是新发展阶段中国经济高质量增长的关键突破口。本文将2015～2023年全国1328个县（市）的宏观数据与“浙大卡特—企研中国涉农研究数据库”相匹配，利用“城乡融合发展试验区改革”的准自然实验，构建多时点双重差分模型，实证研究城乡融合发展如何影响县域经济转型及其实现路径。结果表明，城乡融合发展对县域经济的影响主要体现在产业结构转型层面，表现为降低第一产业增加值占比，增加第二产业增加值占比，对第三产业增加值占比无显著影响。上述结论在不同试验任务和城市构成的片区以及不同产业基础和政策执行强度的县（市）呈现出明显的异质性。深入剖析县域经济转型的内涵后发现，城乡融合发展可以提升县域基本公共服务和基础设施水平、提高县域工商业资本活力，加速新型农业经营主体构建和农村产业融合发展，并引导新形态要素在县域汇聚。本文的研究不仅为城乡融合发展促进县域经济转型的实现路径提供了经验证据，也为科学理解经济转型期背景下城乡融合发展的目标方向、探索以城乡融合发展统筹新型工业化、新型城镇化和乡村全面振兴提供有益参考。
2025,信息化时代农业经济管理与产业化人才培养探索——评《农业经济管理与产业化发展探究》,张佳;曾智,,管理世界,0,<正>在信息时代，云计算、大数据、人工智能等技术迅猛发展，深刻重塑着社会生产与生活方式，农业作为国民经济基础产业，其发展模式与经济管理范式正经历前所未有的变革，并对农业经济管理实践及人才培养提出全新要求。数字化技术的应用，使农业经济管理的对象、方法和工具发生根本性变化，管理决策从依赖直觉转向依赖海量数据的分析与洞察，推动传统管理范式向现代化、精细化的数智化模式转型。农业产业化进程加速对人才知识结构提出新要求，现代农业已形成贯通一二三产业的完整产业链，涵盖精深加工、品牌营销等新业态，这要求农业经济管理者兼具生产管理、市场金融知识与信息技术应用能力。
2025,新质生产力为中国经济发展注入强劲活力——评《新质生产力：中国经济高质量发展的澎湃动能》,李婷婷,,管理世界,0,<正>新质生产力作为中国经济高质量发展的核心引擎，正在重塑新的产业格局与增长逻辑。由北京大学光华管理学院编著的《新质生产力：中国经济高质量发展的澎湃动能》一书，系统阐释了新质生产力的理论内涵、实践路径与未来图景。以宏大的历史视野与敏锐的现实洞察，将新质生产力置于全球科技革命与中国现代化进程的交汇点，揭示其如何通过技术跃迁、要素重构与制度创新为中国经济注入澎湃动能。
2025,以生产者责任延伸撬动我国循环经济发展——评《生产者责任延伸理论及其在中国的实践研究》,朱庆华,,管理世界,0,<正>生产者责任延伸不仅关系到企业的社会责任，而且关系到国家生态文明建设战略的实施。因此我国高度重视生态文明建设，着力建设美丽中国。党的二十大报告指出我国生态环境保护和绿色发展的重要意义，明确了“推动绿色发展，促进人与自然和谐共生”的战略方向。企业作为经济社会的发展主体，由于生产型企业在制造产品阶段对环境影响较大和对资源需求较大，由此带来一系列环境破坏风险。保护环境企业责无旁贷，其社会责任延伸到协调经济发展与环境保护之间的关系。因此，生产者责任延伸制是促进我国循环经济整体发展的重要路径。
2025,区域间供应链关系与资本跨区域流动——来自微观企业的证据,杨继彬;吴文锋;杨博文,企业供应链;资本跨区域流动;异地并购;资源配置效率;区域差距,经济研究,0,资本跨区域合理有序流动是提升资源跨区域配置效率和推进区域协调发展的重要途径，但其流动模式是否遵循先贸易再投资的“渐进式跨区域化”的过程，有待进一步研究。本文借助企业异地供应链关系这一代表性跨区域贸易形式，利用中国A股上市公司异地并购数据，研究区域间供应链关系对资本跨区域流动的影响及其后果。研究发现，异地供应商（客户）关系能够显著提高企业异地并购的概率与规模。主要机制为：降低并购过程中的信息不对称、创造协同效应和提升企业的异地并购动机。此外，本文还发现，具有异地供应商（客户）关系基础的异地并购能够在微观上提高并购企业的资源配置效率；宏观上区域间的供应链关系还能通过促进资本跨区域流动，缩小区域发展差距。本文从企业视角提供了我国区域间供应链关系如何影响资本流动的直接证据，并揭示了这种影响在提升资源跨区域配置效率和推进区域经济协调发展中的作用，对缩小我国区域发展差距和促进共同富裕具有重要借鉴意义。
2025,创新驱动政策如何引导风险资本流向技术创新企业？,胡晓;冯乾彬;王正杰;杨德林,创新驱动政策;风险资本;投资决策;技术创新;国家自主创新示范区,经济研究,0,创新驱动政策和风险资本均是推动技术创新的重要力量，探讨创新驱动政策如何引导风险资本流向技术创新企业，对于培育壮大同科技创新相适应的长期资本、耐心资本有重要意义。本文通过理论模型揭示了风险资本投资高技术创新水平企业的决策机制，进而剖析了创新驱动政策在其中的引导作用。基于2000—2023年发生的160663笔风险投资事件，本文采用多时点双重差分模型对理论预期进行了实证检验。研究发现：（1）创新驱动政策显著促进风险资本投资具有更高技术创新水平的企业；（2）创新驱动政策引导作用的发挥主要通过加强对技术创新活动的基础保障和风险分担，进而影响风险资本的预期投资收益及风险，同时提高其失败容忍度和风险承担水平；（3）创新驱动政策对成功经验更丰富的风险资本具有更大影响，也能更显著地促进风险资本在投资更后期的成熟企业以及投资热度更低、非高新技术行业时选择其中的高技术创新水平企业，并且不同类型风险资本都会受到政策引导，但政策对公司型的作用更强，对政府型则较弱；（4）风险资本介入能够提升被投企业的技术创新水平，而创新驱动政策有助于扩大风险资本这一积极效应。本文论证了创新驱动政策通过改变风险投资决策间接支持企业技术创新的机制，也丰富了宏观政策对资源要素流向结构影响的探讨。同时，本文的研究结论对于建立健全科技金融体制、促进资本要素向发展新质生产力集聚也具有实践启示。
2025,农户增收的中国经验：小额信贷与农村致富带头人的协同机制,文书洋;王擎;张琳;冯文钦,小额信贷;农户增收;农村致富带头人;中国特色金融发展之路,经济研究,0,中国小额信贷的广泛积极成效与国际大量负面证据形成反差，这蕴含着独特的“中国经验”。基于长期驻村观察和调研，本文提出农村致富带头人制度与小额信贷的协同机制：信贷帮助农户跨越资金门槛，而致富带头人通过“传、帮、带”提升其生产经营能力，共同形成“1+1>2”的效果。通过构建包含人力资本外溢与信贷约束的农业经济增长模型阐释作用机制，并利用某典型欠发达县近2万户脱贫监测户的独特微观跟踪数据进行实证检验，辅以某地级市和全国层面的数据。研究发现，致富带头人帮扶能够显著强化小额信贷的增收效果，提升增收的可持续性，并且“信贷贴息+致富带头人选育”的政策组合能够大幅提升财政资金使用效率。这一模式是中国特色金融发展之路的重要实践，为全球普惠金融发展、提高财政资金效率、防控小额信贷风险提供了启示与借鉴。
2025,化石能源回弹效应与碳排放权交易政策的调节作用——基于生产网络内生调整视角,陈占明;陈子豪;马健洪,回弹效应;碳排放权交易;化石能源;生产网络,经济研究,0,能源回弹效应是影响能效提升实际节能效果的核心因素，本文从生产网络内生调整视角研究化石能源回弹效应和全国碳排放权交易市场的潜在影响。通过构建引入碳排放权交易政策与能源效率的生产网络一般均衡结构模型刻画理论传导机制，并结合中国投入产出数据校准模型进行量化分析，研究发现：（1）部门能效提升在生产网络中产生超出部门本身的宏观影响，通过结构效应和规模效应引起回弹现象，价格传导与经济结构内生调整在过程中发挥核心作用；（2）碳排放权交易政策通过扩大成本冲击和改变网络结构特征系统影响能效冲击传导并改变回弹效应；（3）生产网络结构和低替代弹性特征使得中国化石能源回弹效应表现出明显的“超级节能”现象，碳排放权交易政策提高回弹效应从而弱化了节能效果，各部门结构特征差异导致明显的异质性结果。本文研究表明，在推动重点领域化石能源利用效率提升并充分利用回弹“溢出”效应的同时，通过配套政策调控碳排放权交易政策的潜在影响，对于中国加速完善绿色转型政策体系、稳妥推进“双碳”目标落实具有战略意义。
2025,供应链金融、信用延伸与企业债务风险缓释,张云;杨振宇;方霞;杨柳,供应链金融;信用延伸;债务风险缓释;供应链治理,经济研究,0,供应链金融具有资源配置和供应链治理功能，能够实现优质金融服务供给，对于缓释企业债务违约风险、提高产业链供应链韧性和安全水平具有重要意义。本文从现代供应链治理视角出发，构建理论模型分析供应链金融对企业债务违约风险的影响及作用机理，并以2011—2022年上市企业为样本开展实证检验。理论推导论证了供应链金融通过非契约化信用延伸，内生强化核心企业风险缓释投入激励，推动核心企业向上下游提供外部风险缓释支持，同时促成供应链系统协同治理，实现供应链生态帕累托改进，降低核心企业债务违约风险。实证检验证实了供应链金融对核心企业债务违约风险的抑制作用，且该作用随其深度与广度提升而增强。机制分析表明，供应链金融会推动核心企业风险缓释投入增加，其结果是供应链项目质量（改善生产经营与资金管理）、偿债能力与履约阈值提升，进而有效降低债务违约风险。异质性检验揭示供应链金融存在差异化风险缓释特征，且结果与理论预期相符。进一步分析发现，供应链金融的内生风险缓释机制能够有效抵御经济政策不确定性与紧缩性货币政策冲击，且地方政府支持政策具有显著增效作用。本文为供应链金融赋能企业债务风险治理提供了完整理论逻辑与系统经验证据，对提升核心企业参与意愿、优化政策设计具有重要参考价值。
2025,宏观审慎政策、银行风险偏好与金融风险防范,杨子晖;林师涵;戴志颖,宏观审慎政策;银行风险偏好;政策有效性;局部投影,经济研究,0,宏观审慎政策旨在提升防范系统性金融风险的能力。然而，在这一目标下，鲜有研究从风险偏好这一崭新角度，对其监管有效性展开分析。有鉴于此，本文准确测算中国704家银行的风险偏好，并据此对宏观审慎政策的风险调控有效性展开全面、深入的研究。基于14类风险指标的分析结果显示，银行风险偏好的不断攀升，将会导致其资产结构失衡、贷款质量恶化、流动性短缺、杠杆率攀升以及系统性风险上扬。局部投影分析则表明，宏观审慎政策能够显著抑制银行风险偏好，同时，基于2016年“宏观审慎评估体系”（MPA）落地的事件研究也印证了其调控的有效性。中介效应分析进一步显示，宏观审慎政策能够通过降低银行风险偏好，有效遏制各类金融风险。此外，本文基于宏观环境、政策工具、监管客体等多个维度，揭示宏观审慎政策的异质性风险防控效果，并提出完善宏观审慎监管、强化风险事前防范的相关建议。
2025,企业技术创新的效应评估：分离成本和需求渠道的视角,张醒;尹恒,过程创新;产品创新;创新效应;企业异质性,经济研究,0,既有研究对企业技术创新的机制区分不够清晰，必然妨碍效应评估的可靠性。本文运用大语言模型识别企业每项技术创新影响成本还是需求，在此基础上发展能够分离识别企业过程创新效应和产品创新效应的结构估计模型。运用这一框架对更新至2020年的大样本微观数据库中制造业行业的分析发现：行业间、行业内企业间的技术创新应用方向存在十分明显的差异；样本期内技术进步贡献了制造业年均增长的1.6个百分点，希克斯中性技术进步和劳动增强型技术进步各占一半，不过在样本期末端首次出现增速的同时下滑；过程创新确实对希克斯中性和劳动增强型生产率存在显著促进效应，产品创新则显著提升企业的市场力量；技术创新的上述效应存在明显的行业差异；反事实分析表明，混淆技术创新在企业成本端和需求端的不同影响机制，确实会导致技术创新效应评估的误导性结论。这些发现有助于深化对企业技术创新机制的理解，对于政府部门制定更有针对性的创新激励政策、企业根据自身情况选择更适合的技术创新路径，都具有重要的政策含义。
2025,“十五五”时期确保基本实现社会主义现代化取得决定性进展——学习贯彻党的二十届四中全会精神笔谈,张占斌;王国刚;盛斌;李涛,,经济研究,0,党的二十届四中全会审议通过了《中共中央关于制定国民经济和社会发展第十五个五年规划的建议》。“十五五”时期是基本实现社会主义现代化夯实基础、全面发力的关键时期，在基本实现社会主义现代化进程中具有承前启后的重要地位。全会高度评价了“十四五”时期我国发展取得的重大成就，系统部署了“十五五”时期经济社会发展的指导思想、重要原则、主要目标、战略任务和重大举措。为深入学习贯彻党的二十届四中全会精神，本刊特邀请国内部分经济学家以“‘十五五’时期确保基本实现社会主义现代化取得决定性进展”为题撰写笔谈文章，以飨读者。
2025,禀赋结构、适宜技术与结构转型,王勇;蒋扬天;岳威铮,禀赋结构;技术选择;结构转型;经济增长,经济研究,0,党的二十届四中全会将“建设现代化产业体系，巩固壮大实体经济根基”置于“十五五”时期战略任务的首位，明确提出“加快完善要素市场化配置体制机制”，为“十五五”时期经济社会高质量发展指明了方向。本文构建包含物质资本、高技能劳动力与低技能劳动力三种要素禀赋的动态一般均衡模型，系统探究要素禀赋结构变化、要素市场化配置改革及产业内技术内生选择对三次产业结构转型的影响。模型从理论层面完整阐释了要素禀赋结构通过投资效应、收入效应、要素相对价格效应对结构转型的驱动作用，为定量评估三种效应以及要素市场化配置改革对于结构转型的影响提供了合适的分析框架。本文基于我国1995—2018年的投入产出表以及微观层面相关数据，对该模型进行数值模拟与反事实分析发现：（1）在三种要素禀赋中，物质资本的积累是推动中国结构转型与经济增长的主导力量，其作用超过高技能劳动力与低技能劳动力数量的增长；（2）党的十八大后，高技能劳动力对结构转型的推动作用显著增强；（3）要素禀赋驱动结构转型的过程中，收入效应的影响显著高于投资效应与要素相对价格效应；（4）劳动力市场与资本市场的市场化改革有效促进了产业结构优化，推动了实体部门的扩张。本研究对于深入理解现代化产业体系建设路径以及要素市场化配置改革具有重要理论价值与现实指导意义。
2025,创新管理科学与工程——复杂创新研究与管理的理论与方法,陈凯华;杨一帆;徐海涛;梅亮,创新管理科学与工程;复杂创新研究与管理;管理科学与工程;复杂系统与系统复杂性,管理世界,0,在全球科技创新竞争与人类社会挑战日趋加剧的背景下，使命导向的复杂创新需求日益迫切，催生复杂创新范式兴起，并向多需求并发、多要素联动与多学科交叉方向加速演进。创新研究与管理的焦点议题、核心内容、关键要素与运行条件随之不断演变，复杂性显著提升。迫切需要聚焦创新活动复杂性的新特征，围绕创新研究与管理实践的新需求，研究构建适配复杂创新研究与管理的理论与方法体系。本文在解析创新活动复杂性的新特征和对管理科学与工程新需求的基础上，提出“创新管理科学与工程”这一交叉方向。本文凝练总结了创新管理科学与工程从层级化工程控制阶段、到网络化适应管理阶段、再到开放化全球合作阶段以及当前生态化价值共创阶段的演化过程，论证了在复杂创新研究与管理场景中融入和拓展管理科学与工程理论和方法的新需求。创新管理科学与工程以复杂科学、系统工程、数智技术等基础性与前沿性研究为基础，是面向复杂创新活动全过程研究与管理的理论与方法体系，为复杂创新研究提供整体性分析框架，也为复杂创新管理实践及政策设计提供科学支撑。本文不仅推动复杂创新研究与管理的理论与方法深化拓展，还推动管理科学与工程理论及方法的发展应用，促进创新研究与管理同管理科学与工程两个领域的互相赋能与协同发展。
2025,《管理世界》四十载各界嘉言颂风华同贺机构与个人,,,管理世界,0,<正>对外经济贸易大学中央财经大学上海财经大学西安电子科技大学首都经济贸易大学深圳大学中国社会科学杂志社《经济研究》编辑部《中国管理科学》编辑部《数量经济技术经济研究》编辑部《南开管理评论》编辑部中诚信投资集团有限公司董事长毛振华第十二届全国政协副主席陈元清华大学北京大学中国人民大学复旦大学南京大学南开大学厦门大学中山大学华中科技大学西安交通大学哈尔滨工业大学华南理工大学
2025,注册制改革、信息披露与投资者行为——基于创业板定向增发的证据,边江泽;余湄;秦淇林,注册制改革;信息披露;信息不对称;个人投资者;定向增发,管理世界,0,本文以A股2017～2022年上市公司定向增发事件为样本，研究创业板注册制改革对信息披露及经济效果的影响。结果显示，注册制实施后定向增发公告文本确定性和信息含量显著提升，市场信息不对称程度和公告效应明显下降，说明注册制实施改善了市场质量。异质性分析表明，注册制改革引发竞争机制，促使公司主动提升信息披露质量。这一效果在高融资约束和科技类公司中更显著，且会加大募集资金用于研发的比例，服务于实体经济。此外，在IPO市场，注册制提升信息披露质量的同时，因大量个人投资者交易，加大了市场信息不对称，且竞争压力使公司倾向于披露正面信息，导致股价未来出现反转。该现象在个人投资者参与度比较稳定的定向增发市场中并不显著。本文结论为深化注册制改革、完善资本市场资源配置功能提供参考，并建议考察制度实施效果需考虑投资者结构的影响。
2025,中国债券持有人会议制度有效性研究——基于债券契约重新协商的视角,张凯亮;吕长江,债券市场转型;债券持有人会议;契约重新协商;债券投资者保护;帕累托改进,管理世界,0,中国债券市场正逐步实现从行政化管理向市场化治理转型。债券持有人会议制度旨在通过债券契约双方之间市场化的契约重新协商防范化解债券违约风险，保护债券投资者利益。基于我国债券持有人会议决议公告数据，本文探究了债券持有人会议召开的影响因素、债券市场反应及治理效应。研究发现，过往业绩表现越差、财务杠杆越高、信用违约风险越大、契约不完备性越强及契约重新协商成本越低的债券，存续期内越有可能召开债券持有人会议。债券持有人会议决议公告日短窗口内具有显著正向的债券市场反应，并且长期能够降低债券信用违约风险，保护债券投资者利益。异质性分析表明，该正向债券市场反应在债券发行人信用状况越差、债券持有人参会率越高及议案能更好地保护债券投资者利益时更加显著。机制分析表明，限制资本性支出、约束资产转移、避免债权稀释及提高会计信息稳健性是债券持有人会议保护债券投资者利益的重要机制。进一步分析表明，债券持有人会议决议对债券发行人具有一定约束力，并且能显著改善债券发行人的业绩表现，表明市场化的契约重新协商有助于实现债券市场契约双方福利的帕累托改进。本文拓展了债券契约重新协商的理论文献，并且评估了我国债券持有人会议制度的有效性及其潜在缺陷，对于我国债券市场深化改革与实现高质量发展具有重要的政策启示。
2025,“人工智能+”如何赋能券商高质量发展？——基于IPO抑价率的解释,王嘉鑫;赵牧,券商人工智能技术;IPO抑价率;信息处理;市场预测;风险识别,管理世界,0,人工智能的迅猛发展正深刻改变证券行业的运行逻辑与发展路径。作为数据密集、技术密集且场景复杂的重要领域，券商首次公开募股（以下简称IPO）业务在传统模式下难以应对日益复杂的市场环境，智能化转型迫在眉睫。基于此，本文通过机器学习识别并量化券商的人工智能专利信息，以IPO抑价率为切入点，探讨人工智能技术是否为券商IPO业务注入了强劲动能。研究发现，券商的人工智能技术实力显著降低了IPO抑价率，背后机制在于其提升了券商的信息处理、市场预测和风险识别能力，从而有效抑制了抑价率水平。进一步分析表明，这一效果在人工智能大模型复杂度较高、应用劳动节约型技术与注册制背景下尤为显著。此外，从券商个体及行业看，券商的人工智能技术实力不仅进一步增强了低IPO抑价率对业务优势的正面作用，体现在提升券商声誉、降低承销风险和增加承销收入方面，还能影响不同券商的发展路径，为大券商实现IPO规模化发展和小券商打造特色化竞争力提供了有力支持。总之，本文不仅丰富了技术进步对IPO影响的相关文献，还为推动证券行业的智能化与高质量发展提供了有益参考。
2025,规模依赖型减税政策与企业税收规避行为,崔小勇;卢鹏举;卢国军,规模依赖型减税政策;群聚现象;企业税收规避;虚增成本,管理世界,0,本文利用2016～2020年全国税收调查数据，采用群聚识别与结构模型，系统研究了规模依赖型减税政策引发的群聚现象及企业税收规避行为。在理论上，本文将企业应税收入弹性分解为真实反应与税收规避反应，实证结果表明：群聚企业应纳税所得额变化的70%以上源于税收规避行为，且群聚企业主要通过虚增成本（尤其是增值税进项税额）实现规避。反事实分析表明群聚现象中的税收规避行为使政府减税成本增加1/3，同时导致经济总产出下降0.38%。此外，由于真实反应与税收规避反应之间存在替代效应，严征管政策虽能有效打击企业税收规避行为，但对减少企业群聚现象、缓解税收规避行为对财政收入和宏观经济扭曲的效果有限，而降低税率差异是缓解扭曲的关键。本文为理解企业税收规避行为及深化企业所得税改革提供了重要参考。
2025,电价市场化改革与市场势力——基于成本传导率视角的经验证据,宋枫;兰梓艺;郭伯威;崔健,成本传导;电力市场;市场势力;价格市场化,管理世界,0,深化能源管理体制改革是构建高水平社会主义市场经济体制的重要内容。本文从成本传导率视角切入，评估自2015年新一轮电力市场改革以来价格市场化形成机制与竞争性市场的建设成效。首先，构建电力市场成本—价格传导的理论分析框架，考察电力市场成本传导率如何受到市场竞争程度、需求价格弹性和边际成本弹性等因素的影响；然后，利用广东省电力市场小时级别的高频市场出清数据和发电机组微观数据，量化估计成本传导率。研究发现，电力价格能够显著地传导发电成本，成本传导率约为55.7%，经过一系列稳健性检验后上述结论依然成立。这一结果表明，电力市场化价格形成机制已经初步建立，能够实现成本有效传导，但市场结构更偏向非竞争性。分成本类型看，电力价格能够显著传导燃料成本，传导率达到54.8%；尽管对碳排放成本的传导率也达到42.9%，但统计上并不显著。进一步分析发现，在市场竞争程度更高、需求价格弹性更小、边际成本弹性更低的时段，成本传导率更高。本研究对于完善电力市场建设、推动电碳协同发展、提升电力行业监管效能、加快构建新型电力系统具有重要的政策启示。
2025,如何促进小农户与现代化大农业发展有机衔接？——基于平台生态系统包容性创新的案例研究,汪旭晖;卢星彤;张建军,小农户;现代化大农业;包容性创新;平台生态系统,管理世界,0,如何促进小农户与现代化大农业发展有机衔接，使其共享发展红利，既是建设农业强国的关键，也是包容性创新的重要前沿课题。本研究基于拼多多平台生态系统重塑云南保山潞江镇咖啡产业案例，采用“障碍识别—机制解构—效应分析”研究框架，系统剖析小农户经市场接入、能力提升与生产标准化、价值开发与产业融合3个阶段，与现代化大农业发展有机衔接的过程机制。研究发现，平台生态系统通过依次实施以市场进路疏通、产业适应性重构、价值共同体建构为核心的包容性创新活动，助力小农户逐步克服市场进路阻塞、产业适配性不足、价值创造潜能受限的障碍，促使其实现机会获取、差异弥合和位势跃迁，推动其在个体、组织、网络和系统层面全面发展。平台型企业在上述过程中先后发挥引导信息有序集散、推动数据多边共享、促进资源耦合协奏的作用，以整合多元组织的优势资源和关键举措，使其在生态系统层面聚合形成包容性创新合力。本研究构建起推动小农户融入现代化大农业发展的关键机制，提出“生态共创式”包容性创新范式，深化了如何实现高效包容性创新以促进衔接的底层逻辑。本文丰富了农业现代化、包容性创新和平台经济的理论研究，也为小农户的现代化发展提供了市场化的路径指导。
2025,乡村特色产业如何实现包容性市场构建？——一项双案例研究,李毅;吴茂英;王龙杰;杨俊,乡村特色产业;全国统一大市场;包容性市场;自组织;结构性约束,管理世界,0,因地制宜大力发展乡村特色产业，不仅是推进乡村全面振兴的重要路径，也是畅通城乡资源双向流动、纵深推进全国统一大市场建设的重要着力点。本文基于包容性市场理论，选取浙江省长兴县顾渚村和磐安县乌石村两个典型案例进行归纳式案例分析，深入探究乡村特色产业构建内生式包容性市场的过程机制。首先，本文提炼出我国乡村特色产业情境下，内生式包容性市场构建面临的制度性、网络性和认知性结构约束三维分析框架。随后，本文揭示出乡村特色产业经过外发促内生、内联促外引、内外相融合，逐步实现“特色资源市场化”“产业实践市场化”“村庄场域市场化”的内生式包容性市场构建过程。在这一过程中，乡村特色产业通过自组织逐步嵌入社会、产业和行政的递进式嵌入策略，实现自组织“创优争强”与政府“选优扶强”同频共振。研究结果通过揭示以本地化制度供给构建与全国统一大市场相衔接的基础制度、以协同型网络搭建打破城乡区域的“封闭小市场、内部小循环”、以服务型政府角色定位实现有效市场与有为政府的有效结合，为我国实现乡村全面振兴以及纵深推进全国统一大市场建设提供了启示。
2025,经济周期学理思辨：对一个概念辨析和两个研究争议的再探讨,刘达禹;徐斌;宋洋;李子林,经济周期;广义“谷—谷”分割法;“Uhlig争议”,管理世界,0,长久以来，有3个问题始终困扰着经济周期研究，它们被统称为一个概念辨析和两个研究争议。一个概念辨析是指经济增长率的周期性波动和经济周期成分之间的辨析，两者均被称为经济周期，到底有何异同；而两个研究争议则分别是指“谷—谷”分割困境和“Uhlig争议”。本文系统地对上述问题进行了解答，得出结论如下：第一，经济增长率的周期性波动和经济周期成分均是经济周期，两者具有学理同源性和相近量纲，只是描述各有侧重，前者与后者之差可以近似替代潜在增长率；第二，严格执行“谷—谷”分割法并不能准确刻画经济周期，现实中常用的广义“谷—谷”分割法实则暗含了“基钦约束”与“刘易斯约束”；第三，采用年度数据和季度数据划分经济周期通常会面临不一致的问题，其中，前者适合于刻画“朱格拉周期”，后者更适合于刻画“基钦周期”；第四，“Uhlig争议”的本质是在经济事实与统计预测之间进行权衡，它所关注的参数只是计量评价空间中的角解点；若是从常规视角审视，将用于表征趋势平滑程度相较于拟合程度重要性的权重参数设定为12.5才是占优选择，这也是对“Uhlig争议”的中国解答。
2025,“市场发现”与“信息监督”：自媒体在资本市场中的功能,王晓宇;朱菲菲;杨云红,自媒体;股价信息含量;信息中介;信息监督,经济研究,0,在数字技术深刻变革信息生产与传播机制的背景下，自媒体正日益成为资本市场中不可忽视的信息力量。本文基于13万余篇财经类微信公众号文章，创新性地构建了自媒体关注度相关指标，系统评估了自媒体在资本市场中的信息功能。研究发现，自媒体是兼具“市场发现”与“信息监督”功能的重要信息中介。首先，自媒体关注度通过加速信息传递和增加信息生产能够显著提高股价信息含量。其次，该效应在小规模公司和机构持股比例较低的公司，以及当自媒体的影响力较大、文章长度较短、内容效度较高时更加明显。进一步分析发现，自媒体与分析师之间存在较强替代性，而与新闻媒体之间的替代性较弱。最后，自媒体还具有一定的治理效应和预测价值：自媒体关注有助于纠偏分析师预测、促使公司提升可持续发展水平，而其文本情绪倾向对公司未来股价具有显著预测能力。本文对规范自媒体行业发展、完善资本市场信息生态与监管体系、推进数字中国建设具有重要启示。
2025,从“落地”到“生根”：中国自由贸易试验区建设与外资企业融入,韩剑;张中意;陆毅,自由贸易试验区;外资企业境内再投资;制度型开放;雁阵模式,经济研究,0,在构建“双循环”新发展格局的战略背景下，如何引导外资高质量融入国内大循环已成为关键议题。本文关注自由贸易试验区对此发挥的作用，理论上阐释制度型开放对“准入—落地—运营—拓展”全链条全生命周期改革的重要性，经验上借助空间复刻、企业投资穿透等多维数据，构建地理格网双重差分模型开展检验。研究发现，自由贸易试验区外资准入环节改革虽能解决外资“落得下”的问题，但对“长得好”“融得进”的作用有限，而公平竞争、知识产权、政府职能等准入后领域改革举措兼具投资吸引、再投资促进功能。自由贸易试验区对高质量外资培育成效显著，市场规模及产业配套优势可以强化试验区的引资效能。进一步分析发现，外资企业依托试验区开展的再投资活动呈现出以点带面、东西互济、产业链融合延伸等多维特征。本文研究对于正确理解和把握自由贸易试验区制度创新增长极功能，更好发挥引导外资高质量融入国内大循环的平台与“跳板”作用，助推外资与国内市场、产业链、区域网络深度耦合具有启示和借鉴意义。
2025,地方公共债务在实体部门的风险传导——基于关联担保的视角,周小昶;曾艺;程可为,地方公共债务;实体经济;关联担保;风险扩散,经济研究,0,充分认识地方公共债务风险的溢出机制是防范化解金融风险的重要课题，实体企业网络是金融风险扩散的关键渠道，而现有研究对此鲜有讨论。本文利用独特的企业集团数据，考察了地方公共债务扩张对关联担保的影响和担保风险在集团内的传染问题。研究发现：（1）子公司所在城市的公共债务扩张会显著推升母公司对子公司的关联担保，且推力源自非公开发行的债务，通过公开市场发行的地方债对关联担保没有影响；（2）机制分析表明，地方公共债务挤占了企业信贷资源，关联担保可以帮助子公司在融资竞争中获得有利地位；（3）异质性分析显示，地方公共债务扩张促使母公司采用风险更大的连带责任保证，并将担保向融资能力差、偿债能力弱的子公司倾斜；（4）由地方公共债务扩张引起的关联担保会增加母公司的诉讼风险、财务风险和经营风险，加剧企业市场风险，降低集团整体价值；（5）提升债务置换力度可以显著抑制地方公共债务扩张对企业关联担保的影响。本文的研究对于理解地方公共债务风险的传播机制，促进金融与实体经济的良性互动具有重要价值。
2025,绿色金融政策的要素配置效应,李鹏,绿色金融;要素配置;金融发展;市场竞争,经济研究,0,本文在理论分析的基础上，利用2015—2020年全国税收调查数据，采用渐进双重差分法，评估绿色金融改革创新试验区政策对高碳排放企业要素配置效率的影响。研究发现，该政策显著降低了试验区高碳排放企业的资本错配和劳动力错配程度，且对后者的抑制作用更大。在进行了替换被解释变量、考虑行业上下游和地区溢出效应，以及考虑企业进入退出等一系列稳健性检验后，主要结论仍然成立。机制检验结果显示，该政策主要通过增大融资成本、激发绿色技术创新、引导要素流动和要素投入组合调整、增强市场竞争影响企业内部要素错配。异质性估计结果表明，该政策对大规模、民营性质、生产率水平较高、初始要素错配程度较高、劳动力解雇成本较高的高碳排放企业的改善效果更显著；在金融发展水平较低、市场化程度较高的地区，政策效果更为明显。进一步研究发现，以环境“费改税”政策为代表的绿色财政政策尚未与绿色金融政策形成较好的协同效应；中央政策与地方政策在单独实施时的效果相对有限，但二者叠加能够产生显著的协同效应。本文为理解绿色金融政策的微观作用机制提供了新证据，对完善绿色金融体系和优化要素配置具有重要启示。
2025,数据网络外部性与垄断平台数据收集,李三希;刘希;张明圣,网络外部性;数据收集;数字平台;平台监管,经济研究,0,当前对数字平台数据收集的监管实践普遍强调“数据最小化”原则，倾向于将平台的市场势力视为过度收集个人隐私数据的根源。然而，这一监管思路和现有理论分析未能充分刻画数据收集对平台网络外部性的内生决定作用。本文构建了一个将平台数据收集行为纳入双边市场分析的理论框架，创新性地将数据使用方式细分为赋能式与掠夺式，并说明不同数据使用方式如何决定了数据网络外部性的性质。研究发现，决定垄断数字平台数据收集行为的关键在于数据使用的方式：当平台以赋能式数据使用为主且为消费者提供的链接网络外部性较强时，其数据收集强度可能低于社会最优水平，存在收集不足问题；反之，当以掠夺式数据使用为主时，则总是存在过度收集风险。这一发现对基于平台市场地位的同质化监管范式具有重要启示：针对不同类型的数字平台，以及同一数字平台收集数据后的不同使用方式，应实施差异化监管以避免政策错配。
2025,人工智能、产业结构转型与跨越“中等收入陷阱”,蒋为;陈星达;倪诗程,人工智能;产业结构转型;中等收入陷阱;生产率;收入差距,经济研究,0,本文通过考察人工智能与高、低技能劳动力的互补替代关系，以及产业间劳动力技能密集度的差异，构建了一个多部门一般均衡模型，以分析人工智能对产业结构转型的影响，并从生产率和收入差距的双重视角，探讨中国跨越“中等收入陷阱”的政策路径。研究发现，人工智能通过资本结构效应与技能结构效应推动了服务业占比加速上升，提升了总劳动生产率水平，但拉大了高、低技能劳动力之间的收入差距。在此基础上，本文从劳动力技能结构转型、人工智能偏向性技术进步、人工智能渗透程度深化三种情境进行反事实分析。在三种情境下人工智能都提高了总劳动生产率水平，但只在劳动力技能结构转型情形下缩小了高、低技能劳动力之间的收入差距。进一步分析发现：生成式人工智能发展会增大就业极化风险，过度依赖技术替代将限制长期劳动生产率增长潜力；只有当人工智能技术与劳动力技能结构实现最优匹配时，才能实现效率与公平的共赢，构建人机协同的新型生产模式是未来的战略方向。
2025,企业数字化与供应链多元化：来自中国的证据,沈国兵;沈彬朝,企业数字化;供应链多元化;信息摩擦;供应链韧性,经济研究,0,在数字经济快速发展的背景下，企业数字化如何赋能供应链多元化、提升韧性，变得尤为重要。本文构建理论模型探究风险规避型企业如何在信息摩擦下配置供应商结构，揭示出企业数字化促进供应链多元化的微观机制。基于中国上市公司样本数据，本文研究表明：（1）企业数字化显著提升了其供应链多元化水平，在使用倾向得分加权法、外生政策冲击和工具变量之后依然稳健；（2）企业数字化对供应链多元化的促进作用对于数字经济发展水平较低地区的企业和非制造业企业的影响更大；（3）企业数字化通过提升信息搜寻能力、创新能力和议价能力间接促进了供应链多元化。据此，大力发展数字经济可推动企业供应链多元化，提高企业供应链韧性。
2025,坚持统筹发展和安全，推动中国经济行稳致远,董志勇,习近平经济思想;高质量发展;高水平安全;统筹发展和安全,经济研究,0,习近平总书记强调，“安全是发展的前提，发展是安全的保障”。这一重要论断深刻阐明了发展和安全之间的辩证统一关系，体现了中国共产党以人民为中心的发展思想，是马克思主义政治经济学的重要理论创新，是全球经济格局深刻变化和国内结构性矛盾日益突出背景下的客观必然选择。当前，党的集中统一领导、超大规模市场与全产业链优势以及重大国家战略的成功实践，为统筹发展和安全奠定了坚实的制度基础和物质保障。然而，我国在统筹发展和安全中仍然面临着区域国家全球安全的嵌套冲突、短中长期战略节奏不协调、多元治理主体的目标分歧，以及局部动态与整体安全的非均衡陷阱等核心矛盾。为此，必须以习近平经济思想为指导，坚持创新驱动与安全韧性双轮并进、市场化改革与安全监管协同发力、区域协调与全球布局综合推进，以及多元共治与数字赋能深度融合的治理路径，全面提升经济治理体系和治理能力现代化水平，实现高质量发展和高水平安全的良性互动，推动中国经济行稳致远。
2025,以科技创新与产业创新深度融合培育和发展新质生产力,盖凯程;韩文龙,习近平经济思想;新质生产力;科技创新;产业创新,经济研究,0,科技创新和产业创新是发展新质生产力的基本路径。只有推动科技创新和产业创新深度融合，才能形成促进新质生产力加快发展的强大动力。新质生产力丰富和发展了马克思主义生产力理论，是习近平经济思想的重要创新成果。科技创新与产业创新深度融合的本质是两者的有效衔接和资源的优化组合，融合的基础在于高质量科技供给、广泛的产业需求与应用场景、激励相容的体制机制等，融合的机制包括以企业为主体的协同创新机制、科技成果转化应用的衔接机制、市场需求牵引机制等。当前，新一轮科技革命和产业变革正在重构全球创新格局与经济发展模式，遵循“科技创新—产业创新—生产力跃迁”的发展范式，中国需要突破科技自主创新能力不足的障碍，点燃新质生产力发展的核心引擎；需要加快建设现代化产业体系，夯实新质生产力发展的重要载体；需要加快破除影响科技创新与产业创新深度融合的体制机制障碍，助力生产力质态跃迁；需要建立推动劳动者、劳动资料、劳动对象优化组合和更新跃升的体制机制，不断提高生产要素创新性配置效率。
2025,行业技术进步与中国就业增长,都阳;封永刚;项智取,就业增长;劳动节约型技术进步;卢德主义,经济研究,0,本文基于投入产出理论，将技术进步对就业增长的影响划分为本行业技术进步的直接影响效应、上游行业技术进步的间接影响效应、下游行业技术进步的间接影响效应和总体技术进步（包括本行业与上下游行业的技术进步）的最终需求间接影响效应四类。通过构建1995—2020年中国分省、分行业的投入产出与就业数据，本文对我国技术进步与非农就业增长之间的关系进行了重新识别。研究发现，1995—2020年，我国技术进步使得非农就业规模以年均1.45%的速度扩张。就业增长效应分解表明，本行业技术进步对非农就业增速的直接影响效应为年均-1.41%；上游行业技术进步对非农就业增速的间接影响效应为年均0.87%；下游行业技术进步对非农就业增速的间接影响效应为年均-0.02%；总体技术进步对非农就业增速的最终需求间接影响效应为年均2.00%。虽然劳动节约型技术进步对非农就业增长造成了不利影响，但通过上下游行业的联动关系，以及通过最终需求扩张，促进了总体非农就业增长。实证分析揭示了未来应以更积极的眼光看待技术进步与劳动力市场的关系。同时，要持续深化经济体制改革，促成技术进步在上下游行业间的传导，以及朝着扩大最终需求的方向转化。本文的分析还表明，技术进步对劳动力市场的影响具有卡尔多改进属性，在新技术革命背景下不断完善社会保障体系，是未来公共政策不可或缺的内容。
2025,户籍身份转换与中国家庭消费流动性,姚健;臧旭恒;周博文,户籍身份转换;户籍制度;家庭消费;消费流动性;扩大内需,经济研究,0,深化户籍制度改革是释放内需潜力的有效举措。本文主要研究户籍身份转换对家庭消费流动性的影响。首先，基于中国家庭追踪调查（CFPS）面板数据，本文通过消费转移矩阵、Shorrocks指数以及消费流动质量系统分析了中国家庭消费流动性的特征和演变趋势。随后，本文考察了户籍身份转换对家庭消费流动性的影响和作用机制。研究发现：（1）中国家庭消费流动性整体呈现下降趋势，相比户籍身份不变的家庭，户籍身份转换的家庭具有更高的消费流动性，且消费流动性下降幅度更小、质量更高；（2）户籍身份转换显著提升了家庭消费流动性，其作用机制在于户籍身份转换为家庭带来了更多的经济机会，包括提高非农就业机会、享受更多产品和服务以增加消费多样性，同时提升家庭对未来的信心，但户籍身份转换对消费流动性的影响也受到消费惯性的约束；（3）相对而言，户籍身份转换对消费流动性的影响在收入和净资产较高、受教育程度较高以及处在经济发展水平较高地区的家庭中更明显。本文为理解中国式现代化进程中放松户籍制度约束的消费提振效应提供了新的微观证据，也为在进一步全面深化改革中畅通社会流动渠道、增进民生福祉提供了更具针对性的政策启示。
2025,学术创业驱动科技创新与产业创新深度融合的贯通机制研究——以智能计算领域为例,朱子钦;李振东;赵晨;梅亮;陈劲,学术创业;未来产业;智能计算;科技创新与产业创新融合;贯通机制,管理世界,0,未来信息技术突破性成果持续加速涌现，成为国际技术竞争前沿高地，而其中的智能计算领域是支撑人工智能创新应用的关键基础，但其在科技创新与产业创新的深度融合中仍存在较多堵点难点。本文采用纵向多案例研究方法，从“创业准备—创业过程—创业外延”三阶段，基于角色认知理论与知识基础观，对学术创业活动中的角色认知转变、融合等与知识技术的进阶、转化、扩散共创等活动展开关联分析。研究发现：（1）知识进阶与角色再识激发的学术创业，能够有效牵引智能计算领域前沿知识成果向应用端转移转化，但创业发起的制度逻辑存在差异；（2）学术创业者多重角色融构联动，能带动智能计算科技创新与产业创新实现嵌入式或耦合式融合，推动知识成果高效转化与扩散共创；（3）基于学术网络的广义学术创业活动更利于知识技术溢出与反哺，以构筑科技主体与产业主体共生共演的集群与创新生态系统，促进创新活动的长效深度融合。本文深入揭示了学术创业驱动智能计算领域科技创新与产业创新深度融合的内在机理，为智能计算等未来信息产业的高质量发展提供有益参考。
2025,"掌握研究工具,成就学术卓越——《管理世界》大讲堂之方法课合集",,,管理世界,0,"<正>本合集包含方法课第1至6期和S1期(共39节课),原价2452元,限时优惠价格为1800元,优惠期至2025年11月1日。合集观看有效期为120天。第1期共6讲(408元/30天):1.组态理论与QCA方法:原理、应用与前沿东南大学经济管理学院杜运周教授2.断点回归方法(RD):原理、应用与前沿浙江大学经济学院张川川研究员3.群聚分析法:Bunching西安交通大学经济与金融学院冯晨教授4.双重差分估计量何时可信?——若干有用的建议上海财经大学经济学院张征宇教授5.知识图谱理论、应用与挑战中国科学院自动化研究所郑晓龙研究员"
2025,欢迎报名参加2025年第十二期“学术研究与论文写作”(科技创新与产业创新融合发展专题)研修班,,,管理世界,0,"<正>为深入贯彻国家“扎实推动科技创新和产业创新深度融合,助力发展新质生产力”的重大部署,推动学术研究服务国家发展大局,《管理世界》经济研究院与辽宁大学经济学院合作,在辽宁省沈阳市举办2025年第十二期“学术研究与论文写作”(科技创新与产业创新融合发展专题)研修班。"
2025,国际标准采用与企业国际市场拓展——理论与来自中国上市公司的经验证据,王艳艳;王孝松;胡玫,制度型开放;标准国际化;国际标准采用效率;国际市场拓展;生产率门槛,管理世界,0,在全球经贸格局深度调整和高水平对外开放背景下，提升国家标准的国际化水平已成为中国推动制度型开放的重要抓手。然而，标准国际化能否有效推动企业层面的国际市场拓展，仍缺乏系统的实证检验。本文以中国上市公司为研究对象，基于全国标准信息公共服务平台数据，以国际标准采用效率衡量中国的标准国际化水平，并结合企业出口行为数据，实证评估了标准国际化对企业国际市场拓展的影响及其作用机制。研究发现，国际标准采用效率的提升显著促进了企业的国际市场拓展，表现为出口收入占比的提升、出口国家和产品数量的扩展以及出口市场占有率的增长。机制识别表明，标准国际化通过降低行业生产率门槛、增加内外贸一体化企业数量，提高了企业的对外拓展能力。异质性分析显示，外资企业、董事具有海外背景以及具有较高技术水平的企业在标准国际化过程中获益更为显著。此外，企业在强制性国家标准制定中的实际参与行为也表现出显著的协同增强效应。本文的研究在理论上丰富了标准国际化与企业国际市场拓展之间的影响机制，在实践上为推动标准战略服务国家贸易发展提供了微观层面的经验证据与政策启示。
2025,AAA担保机构与债券市场高质量发展——关于担保供给的理论与实证分析,林晚发;卢洁宜;刘岩;宋敏,AAA担保机构;担保供给;信息优势;债券市场;高质量发展,管理世界,0,近年来中国债券市场在快速发展的同时，出现了资源配置效率较低的问题。本文构建了一个债券融资担保模型，以此说明AAA担保机构提供的市场化担保，可以通过更好的风险分担机制，改善债券市场配置效率。对基准模型的拓展进一步表明，在省级集中资源设立AAA担保机构，相对于在地市级分散设立担保机构，能实现更高的债券市场配置效率。本文基于城投债数据对上述理论预测进行检验，发现AAA担保机构能够提高城投公司债券的发行金额和发行数量；省级AAA担保机构通过更好的信息处理能力和项目风险评估，促进了城投债市场资源配置效率的提升。此外，AAA担保机构通过改善城投债市场配置效率，进一步促进地方基建投资与经济增长，同时有助于降低地方银行信贷风险。本文研究表明，提高担保机构的信息处理能力，增加优质担保供给，能够提升直接融资体系的资源配置效率，从而推动金融更好地服务经济社会高质量发展。
2025,数字技术与企业价值——基于数字并购场景的研究,谢红军;齐翔,数字并购;数字技术;企业价值;数字化转型;全要素生产率,管理世界,0,从外部并购的数字技术能否提升企业价值？这不仅是企业数字化转型面临的战略性问题，也是理解技术来源与组织价值关系的关键问题。本文将数字并购视为企业实现数字技术能力跃迁的通道而非简单的技术移植工具，并利用2001～2021年的上市企业并购案例，揭示了外部并购带来的数字技术通过驱动企业数字化转型和生产要素创新性配置，不仅在短期内获得资本市场的显著认可，而且实现了约8%的长期全要素生产率提升。其中，利用其他并购作为对照组剥离并购效应显示，约50%的短期宣告效应可归于并购的数字技术；而在长期由数字化转型和研发、人力资本、数字资本等互补要素投入引致的生产率提升，主要是水平型而非垂直型的增长，这与数据中观察到的专利产出未有明显变化的发现一致。此外，非国有企业、数字企业以及控股并购的长短期价值更高，跨境和产业数字化并购更受市场短期青睐。上述结论表明，从外部收购的数字技术为并购企业创造了显著价值，积极的数字并购是促进数字经济和实体经济融合的有效路径，但要实现外部并购技术的垂直增长效应仍需数字创新能力的根本性跃迁，这可能是政策制定者和企业在决策数字并购活动中需要重点考虑的。
2025,风险偏好能否成为我国金融风险的前瞻性指标？——来自前沿机器学习方法的新证据,杨子晖;李东承;陈雨恬,银行风险偏好;金融风险;风险预测;机器学习,管理世界,0,近年来，全球金融市场不确定性攀升、金融系统震荡加剧，如何完善金融机构的风险预警体系、及时防范化解金融风险隐患，引起了我国监管机构的高度重视。2007年次贷危机与2023年硅谷银行破产相继表明，银行风险偏好的大幅上升是信贷扩张乃至金融风险加速积聚的重要原因。有鉴于此，本文基于银行业资产负债表数据，准确测度我国银行业风险偏好，并采用前沿的机器学习方法对金融风险展开预测。分析结果显示，风险偏好是我国金融风险的前瞻性指标，其中，大型商业银行的规模加权风险偏好较高，而城商行、农村金融机构的单位资产风险偏好相对更高。与此同时，在高风险时期，金融机构的风险偏好也会加剧金融市场异常波动，甚至进一步诱发金融风险。此外，前沿的机器学习方法能够对我国银行风险进行稳定、有效的预测。而且，较之银行杠杆等传统监管指标，基于风险偏好指标构建预测模型时，其样本外预测拟合优度出现了明显的提升。在此基础上，本文提出了基于银行风险偏好实施差异化管理、结合机器学习方法加强金融风险实时监控的若干政策建议，从而有助于我国提高金融系统稳定性，完善全方位、前瞻性的系统性金融风险预警体系。
2025,外部需求转移与企业创新：理论、机制与中国证据,钟腾龙;闵悦;张晓涛;蒋海威,外部需求转移;创新;专利;上市企业,管理世界,0,在外部需求规模冲击之外，我国还面临外部需求转移，包括进口国将需求从中国转移至别国的负向外部需求转移和进口国增加从中国进口的正向外部需求转移。本文研究外部需求转移影响中国企业创新的理论、机制和效应。本文存在以下几点研究发现。第一，基于创新租金和企业前景理论进行理论分析，负向外部需求转移倒逼企业创新，尤其是实质性创新；正向外部需求转移下企业通过边际创新维持竞争优势。第二，构建“压力机制—能力机制—外部环境机制”框架进行机制分析，外部市场机会获取压力、业绩压力和市场竞争压力较大企业，生产能力、内部融资能力、前沿技术赶超能力较强企业，所处外部环境对知识产权保护程度高、金融市场发达、经济韧性强的企业在面临负向外部需求转移时创新力度更大。第三，基于中国上市企业—海关数据库匹配数据证实了以上理论推论和作用机制。基准回归结果显示负向外部需求转移增加1个标准差会导致企业创新增加1.69%个标准差。第四，拓展性分析表明面临负向外部需求转移的企业在进行创新后出口明显上升。此外，使用行业数据拓展样本期限，本文主要结论仍然成立。本研究为企业通过创新应对外部需求转移，以及促进我国国际贸易高质量发展提供了理论依据。
2025,国际经济贸易发展中的商务英语翻译——评《中国语言服务产业研究》,任琳,,管理世界,0,<正>在当今经济全球化的浪潮中，语言服务产业在中国文化与经济的国际化进程中，尤其是在对外贸易领域，正扮演着愈发关键的角色。随着“中译外”商务翻译需求的激增以及多语种信息处理的迫切需要，语言服务产业已迅速崛起为一种新型的服务业态。罗慧芳与蒙永业合著的《中国语言服务产业研究》一书，深入探讨了对外贸易与语言服务产业发展之间的内在联系及其具体表现，同时剖析了当前语言服务产业面临的挑战，并提出了未来调整策略以更好地适应对外贸易的发展需求。该书的研究成果为制定科学合理的语言服务产业发展政策提供了重要支撑，旨在推动语言服务产业更高效地服务于对外贸易的蓬勃发展。
2025,国有企业管理数字化能力拆解与量化模型——评《企业战略管理数字化新范式》,黄勇;陈锋,,管理世界,0,<正>数字经济时代的到来对企业而言，不仅是战略的数字化转型或战略的数字化升级，也是一场从战略推演结构到战略制定工具与方法的根本性变革，还是一次战略管理范式的革命与迭代。由郭小川、汤奇峰等撰写的《企业战略管理数字化新范式》一书，围绕着数字经济时代企业战略推演形成过程和企业战略管理数字化新范式两个焦点问题展开研究，为构建中国式企业战略管理新范式提供了理论支撑，并为推动国有企业数字化转型和提升国有企业管理数字化能力提供重要借鉴。
2025,专精特新企业如何打破成长锁定？——基于明飞科技的案例研究,冯永春;曹鑫锐;邬爱其;王玲;周轩,专精特新企业;成长锁定;战略动态响应;优势侵蚀;优势束缚,管理世界,0,专精特新企业发展壮大对于助推我国经济高质量发展具有重要价值，但此类企业在发展过程中容易受环境复杂变化影响陷入成长锁定。为探明专精特新企业如何打破成长锁定困境，本文基于战略动态响应视角，深入剖析明飞科技遭遇并破解两次成长锁定困境的企业实践。研究发现：（1）在市场竞争加剧情境下，专精特新企业的“专精”和“特新”优势容易被竞争者侵蚀，致使其成长空间受到挤压，陷入“优势侵蚀型”成长锁定；在市场需求转移情境下，专精特新企业的“专精”和“特新”优势容易被束缚于原有领域，无法满足新需求，致使企业遭遇成长“天花板”限制，陷入“优势束缚型”成长锁定；（2）遭遇“优势侵蚀型”成长锁定时，专精特新企业可以通过“跃迁式”战略动态响应行动，从原市场跃迁至更具发展潜力的目标市场，重新建立竞争优势并实现变革式成长；（3）遭遇“优势束缚型”成长锁定时，专精特新企业可以通过“延拓式”战略动态响应行动，延展现有核心技术并拓展应用至高附加值业务领域，逐渐释放竞争优势并实现渐进式成长。本研究探明了专精特新企业成长锁定的形成机理及其破解机制，能够贡献于专精特新企业成长研究及战略动态响应研究，对促进专精特新企业发展壮大具有重要意义。
2025,环境规制政策与劳动力市场动态结构变迁——基于搜寻摩擦与专用技能异质性的视角,李俊青;李响;高瑜,环境规制;搜寻摩擦;技能异质性;就业结构,管理世界,0,如何平衡保护环境的需求和促进高质量充分就业的压力是中国在实现生态文明建设目标和高质量发展过程中亟需解决的关键问题之一。本文通过构建一个包含搜寻摩擦和专用技能的两部门搜寻匹配模型，探究了环境政策如何在短期内引发产出和失业率的较大变化，进而长期改变就业市场的部门结构与技能结构。研究发现，环境政策引发的短期失业效应比长期更为明显。环境规制的需求转移效应会使就业结构趋于清洁化，但专用性技能在行业间的异质性和迁移摩擦会使就业结构在一定程度上呈现低技能工人对高技能工人的替代。反事实政策实验发现，征收环境税并将其用于企业扩岗补贴的政策组合在实现环境目标的同时能够优化就业结构，抑制就业结构的低技能化趋势，降低环境政策的人力资本成本。本文的研究有助于我国更有效地应对环境规制引发的短期就业市场波动，缓解工人在绿色转型过程中面临的冲击，从而实现保护环境与稳定就业的“双重红利”。
2025,教育经费配置、流入地义务教育供给与儿童随迁——基于城市义务教育经费保障机制改革的研究,张明昂;刘亚卫;肖鹏,义务教育;财政支出责任;子女随迁;流动人口,经济研究,0,保障随迁子女在流入地平等接受义务教育，是教育公平的重要体现，这与政府间义务教育支出责任划分以及补助经费配置方式密切相关。本文基于2016年起实施的城市义务教育经费保障机制改革，结合2011—2018年流动人口调查数据，识别了完善城市义务教育中央经费配置对农村流动人口子女随迁的影响。研究发现：第一，城市义务教育经费保障机制改革显著提升了流动人口子女随迁的概率；第二，政策对父母受教育水平较低家庭儿童、女孩、学龄较低儿童影响更大，在流动人口占比较高、财政分权程度较高的城市更为明显，表明该政策有利于促进群体间、性别间的教育机会公平；第三，作用机理在于，改革通过明确央地间城市义务教育支出责任划分、优化中央补助资金配置的方式，激励流入地增加教育投入、降低义务教育异地入学门槛、扩大招生规模，从而改善了随迁子女在流入地接受义务教育的机会。进一步研究表明，随着子女随迁概率的增加，流动人口的长期居留意愿也显著提升，城市劳动力供给得到了改善。本文为理顺中央与地方之间义务教育支出责任，完善中央转移支付补助机制，推动教育公平以及保障城市劳动力供给提供了经验依据和政策参考。
2025,绿色信贷、非正规金融融资与重污染企业绿色创新,李世辉;尤碧莹;牛珂;殷敬伟,绿色信贷;非正规金融融资;绿色创新;重污染企业,经济研究,0,绿色信贷是一项旨在调整信贷结构以推动绿色发展的政策工具。但既有文献对其执行效果却存在争议，究其原因在于绿色信贷政策下重污染企业往往“有心无力”，缺乏充裕的资金来实现绿色创新。基于此背景，本文认为以影子银行为代表的非正规金融有助于缓解重污染企业面临的正规金融信贷限制，进而促进重污染企业绿色创新。本文研究发现，《绿色信贷指引》实施以后，重污染企业增加了影子银行融资规模，并且影子银行能够发挥积极的资金配置作用，使绿色信贷政策对重污染企业绿色创新行为的作用效果从挤出效应逐步转为倒逼效应。随后，本文还发现了绿色信贷政策对重污染企业正规金融可得性、商业信用水平的负向影响。进一步分析发现，在影子银行活跃度较高的地区，以及面临较强融资约束的企业中，影子银行发挥的资金配置功能更为显著。最后，重污染企业长期依赖影子银行融资渠道会加剧财务风险，存在消极的反噬效应，这揭示了重污染企业期望通过绿色创新最终回归正规金融融资体系的内在驱动力。本文对进一步完善绿色信贷政策和全面认识影子银行的“双刃剑”作用有一定的启示作用。
2025,数字经济、市场结构变迁与货币政策传导的双重效应,战明华;卢垚,数字经济;货币政策传导;市场竞争结构;真实刚性,经济研究,0,基于名义刚性是货币政策有效性的基石，真实刚性会放大名义刚性而真实刚性源自市场竞争结构和技术等因素变化的逻辑，本文结合理论模型推导与实证检验，探究了数字经济引起的商品市场竞争结构变化如何改变货币政策的传导。基于新凯恩斯主义价格动态调整模型的分析表明，数字经济会通过改变商品市场竞争结构而对货币政策的传导产生总量效应和分布效应。前者的产生是因为数字经济会改变商品市场竞争程度，并由此改变企业价格调整对货币政策冲击引起的利润变化的敏感度；后者是因为数字经济改变了商品市场竞争格局，导致货币政策由于金融加速器机制而对不同类型企业传导效果出现差异。本研究主要得出如下结论：一是数字经济会提高商品市场竞争程度，并因此从总体上弱化了货币政策的传导效果；二是数字经济因改变商品市场竞争格局而通过金融加速器机制改善了中小企业的信贷配给地位，产生货币政策分布效应；三是数字经济通过市场竞争结构对货币政策的影响受到货币政策立场和地区发展水平等因素的影响。本研究对于贯彻党的二十大报告提出的在数字强国战略下提高宏观经济治理水平，缓解当前的经济压力具有重要的政策含义。
2025,国际生产网络与全球金融周期：基于资产价格联动视角,王欣康;谭小芬;虞梦微,国际生产网络;资产价格联动;全球金融周期;网络效应,经济研究,0,在全球产业链供应链加速重构的背景下，我国防范化解输入性风险面临更复杂的要求和挑战。本文基于开放条件下的静态均衡理论框架，揭示了外部冲击通过跨境生产联系驱动各经济体资产价格联动，进而形成全球金融周期的内在机制。本文运用力导向算法和力学建模方法，对国际生产网络结构进行测度，验证了生产网络对国家（地区）间金融变量协同变动的驱动作用。研究发现，生产联系不仅通过双边贸易驱动资产价格联动与金融风险传染，更通过复杂网络效应放大联动和传染程度。从动态视角看，生产联系对资产价格联动的驱动作用，在经济与金融市场的平稳运行期更明显，而在国际金融危机、重大公共卫生事件等危机阶段则有所减弱。国际投资者风险偏好等典型外部冲击能够通过网络效应扩散并放大，加剧全球金融市场的波动。本文从贸易、产业与金融互动的综合视角，为我国从源头上防控输入性风险、推动资本市场高质量发展和深化高水平对外开放提供了有益参考。
2025,商业设施、消费空间与内需拉动,张齐圣;王雅琳,商业设施;城市消费;消费空间;重叠消费空间;独占消费空间,经济研究,0,刺激消费、扩大内需是激活中国城市经济活力、推动城市高质量发展的重要路径，践行这一路径的举措之一是扩建城市商业设施，但建设可能带来竞争性挤出，导致过度建设问题。为探讨城市商业设施扩张与城市内需拉动之间的关系，本文首先从商业设施的外部性、空间分布特征与市场竞争关系出发，将“城市消费空间”研究从社会学视角引至经济学视角，通过引入“消费空间”概念，构建“商业设施对城市内需影响”的理论模型，为实证模型提供理论基础。其次，使用赢商网、LandScan、高德地图POI等微观数据对商业设施独占消费空间与重叠消费空间进行测算，检验商业设施建设引起的两类消费空间变化是否对城市消费产生影响，并使用GPS、DML、“商业设施关停冲击”等方法控制可观测和不可观测内生因素带来的估计偏误。研究发现，在设施数量与距离基础上引入消费空间有助于进一步理解商业设施扩张与城市消费之间的关系。在控制了商业设施扩张对中小店铺的“竞争挤出”影响后，实证数据显示3公里内重叠消费空间相对独占消费空间有更强的内需拉动能力。但由于独占与重叠消费空间之间的转化关系，商业设施扩张带来的城市消费空间变化，并不必然同城市消费增长正相关，这构成了城市商业设施过度建设问题的理论根源。为此，地方政府应以内需拉动为目标，按照“高度集中”和“间隔覆盖”原则制定商业设施发展策略与设施扩张边界，以便在“满足居民内需”与“确保商业地产市场有序发展”中寻求政策平衡。
2025,产业互联网发展中的平台创新激励与政策设计研究,欧阳耀福,产业互联网平台;平台创新;创新方向;政策设计,经济研究,0,本文构建了一个包含产业平台、企业用户、开发者三方的平台模型，研究企业用户异质性和网络外部性对产业平台创新的影响，探究产业平台创新的偏向性问题，并比较分析不同政府政策的有效性。研究发现：在均衡条件下，企业用户异质性越大、企业用户与开发者之间的网络外部性越小，产业平台的均衡创新水平越低，且平台均衡创新水平低于社会最优水平。产业平台创新的偏向性取决于其创新能力禀赋与发展阶段：当产业平台产品创新能力具有比较优势或处于发展初期时，产业平台更偏向于产品创新；当产业平台生态创新能力具有比较优势或处于发展后期时，产业平台更偏向于生态创新。在适度政府补贴下，补贴企业用户“上云上平台”和补贴产业平台创新均能够促使更多企业用户加入产业平台并提高产业平台创新水平和整体社会福利。但是，无论是为了促进企业用户“上云上平台”还是为了提高整体社会福利，补贴产业平台创新总是比补贴企业用户“上云上平台”更为有效。基于上述结果，本文提出了推动产业互联网发展的政策建议。
2025,人工智能如何重塑要素收入分配格局？——基于企业劳动力市场垄断势力的微观证据,苏治;李颖;程稚渊,人工智能;劳动力市场垄断势力;劳动力需求;劳动力结构;多产品企业,经济研究,0,新一代人工智能在引领生产力变革的同时，也会重塑收入分配格局。社会各界普遍担忧，人工智能是否会加剧企业垄断而损害劳动者议价能力？本文将劳动力市场不完全竞争和劳动技能异质性引入多产品企业的理论框架，论证企业垄断势力取决于劳动力需求规模和劳动力技能结构，进而探究人工智能对企业劳动力市场垄断势力的影响及作用机制。本文基于2003—2023年制造业上市公司的生产数据和年报文本，对理论模型结论进行实证检验。结果发现，上市公司拥有显著的劳动力市场垄断势力，劳动者仅能获得其创造价值的63%，但人工智能能够显著降低企业垄断势力，改善劳资收入分配关系，人工智能带来的工资增长中有23%源于收入分配格局改善。机制分析表明：人工智能会推动企业扩张生产规模并拓展生产边界，增加劳动需求；促使企业将复杂度更高的新产品纳入生产线，增加高技能劳动力的投入比例。劳动需求扩大及技能结构升级，降低了企业在劳动力市场的垄断势力，这在市场竞争程度高、产品需求富有弹性、智能物质资本密集、新产品研发能力强、初始垄断势力高的企业中更加明显。总体看，人工智能技术并未损害劳动者的议价能力，反而有助于缓解劳动和资本在初次分配中的市场势力不平衡问题。
2025,中国消费券发放的多维经济效应——基于居民文旅消费微观数据的估计,胡羽珊;张鹏龙;郑新业,文旅消费券;居民消费;价格效应;收入效应;空间溢出效应,经济研究,0,提振消费、扩大内需是加快构建以国内大循环为主体、国内国际双循环相互促进新发展格局的必然选择。文旅消费券是中国结合社会主义市场经济发展规律，为有效释放消费需求、扩大文旅消费规模进行的政策探索与创新。本文构建产品间互补、地区间替代的消费决策理论模型，系统诠释了消费券发放的价格效应、收入效应和空间溢出效应。利用2022年一季度至2024年四季度全国居民国内出游情况多截面微观抽样调查数据，在考虑空间溢出效应的基础上，全面评估文旅消费券的政策效果。研究发现：（1）消费券发放使得居民文旅消费提高19.9%—21.2%；成本收益上，每发放1元消费券可以拉动4.1—4.4元居民消费支出。（2）消费券的带动作用主要集中于中青年、城市居住、受教育水平或收入水平较高的群体，而对于相对弱势群体的带动作用微弱，甚至出现挤出效应。（3）消费券在地区内通过作用于核销产品和互补产品提高居民消费，在地区间通过空间溢出促进居民消费，有效辐射半径约为100公里。本文对完善具有中国特色的消费券政策体系和形成内需主导、消费拉动、内生增长的经济发展模式具有政策启示。
2025,产业型战略股东与国有企业创新,蔡贵龙;贺家琼;郑国坚;易阳,产业型战略股东;国有企业;企业创新;经营范围相似度,经济研究,0,全面提升国有企业创新能力是国有企业改革深化提升行动的重要目标，也是加快发展新质生产力的必然要求。本文采用文本分析方法测量法人股东与上市公司经营范围相似度，识别产业型战略股东，进而探究其对国有企业创新投入、效率、产出与质量的综合影响。研究发现：引入与公司经营范围相近的产业型战略股东有助于提升国有企业的创新产出数量；当产业型战略股东的持股比例更大、持股时间更长以及产业型战略股东为非国有性质时，其对国有企业创新产出的促进效应更强。机制分析表明：产业型战略股东一方面能更有效地抑制管理层短视行为，提高国有企业的创新投入；另一方面有助于提升国有企业的资源协同与整合能力，提高国有企业的创新效率。此外，产业型战略股东不仅有助于促进国有企业的创新产出数量，也显著促进了国有企业的创新产出质量。本文丰富了关于国有企业产权改革的研究，揭示了产业型战略股东推进国有企业创新的机理与治理价值，对于进一步深化国有企业产权改革，提升国有企业创新能力和实现高质量发展具有重要的政策启示。
2025,新发展理念引领下我国发展全局的深刻变革,张辉,新发展理念;发展全局;深刻变革,经济研究,0,新发展理念深刻阐释了高质量发展的核心要义，明确了全面建设社会主义现代化国家首要任务的具体实践要求。新发展理念的提出是适应新发展环境和条件的必然要求，为解决发展不平衡不充分问题提供了系统性指导，体现了党在执政兴国、履行领导经济工作职能过程中对经济社会发展规律认识的不断深化。新发展理念作为党的十八大以来关于经济社会发展的最重要和最主要的理论体系，具有直面发展难题并厚植发展优势的历史逻辑，从经典文本走向伟大实践、由多个分散概念形成辩证统一整体的理论逻辑，以及在过去十年实现开辟发展新境界的历史性成就、面向未来指导我国基本实现社会主义现代化、全面建成社会主义现代化强国的实践逻辑。创新、协调、绿色、开放、共享的新发展理念汲取了国内外发展经验教训，瞄准了当前社会的发展大势，针对已存在和可能出现的发展短板，强调了以系统性的经济发展方式的转变塑造形成长期协同的新优势与新动能的深刻变革，从而“把质的有效提升和量的合理增长统一于高质量发展的全过程”。
2025,安徽财经大学金融学院实验教学中心简介,,,管理世界,0,<正>安徽财经大学金融学院实验教学中心（以下简称实验中心）始于1998年，最初设立证券实验室，成为安徽省属高校中较早探索实验教学的经管类实验室之一，随后陆续增设银行实验室和保险实验室。2020年，学院将三个实验室重组为量化交易实验室和金融科技实验室。目前，实验中心建有低碳发展与碳金融实验室、金融资产配置与管理实验室、经济学类跨专业综合实验教学中心、量化交易实验室和金融科技实验室。实验教学的开展旨在为学生提供高度仿真的金融市场环境和实践操作平台，通过模拟真实业务场景，全面提升学生的专业技能和综合素质，致力于培养适应现代金融发展需要的高质量金融人才。
2025,科技金融的信贷支持研究——来自银行微观贷款数据的证据,佘楷文;申宇;赵绍阳,科技金融;科技支行;信贷专业化,管理世界,0,构建科技金融体制是高水平科技自立自强的有力支撑。本文采用微观逐笔信贷数据，研究了银行如何通过设立科技支行加强科技金融服务。研究发现：（1）银行设立科技支行显著降低了科技企业贷款的利率，且该效应在设立知识产权交易中心和科技信贷风险分担基金的地区更加显著；（2）机制分析发现，科技支行设立通过提升银行对科技型企业的信贷专业化水平和信息甄别能力降低科技企业贷款利率；（3）进一步分析发现，科技支行设立后处于成长期企业的首贷率显著上升，成熟期企业的信贷融资金额上升，并且当地高新技术企业的专利数量均显著上升；（4）科技信贷风险分担基金没有提升银行的道德风险，但当地科技信贷市场垄断会削弱科技支行对降低科技型企业贷款利率的效果。本文的研究表明，银行设立科技支行提高了银行的科技金融服务能力，且为科技企业提供了全生命周期的金融服务，提升了企业创新产出。本文的研究为银行如何更好地支持科技型企业融资、助力科技企业发展提供了经验证据和政策启示。
2025,低价发行与债券市场高质量发展——基于簿记建档新规的研究,邓伟;张荣;余明桂,债券市场;低价发行;簿记建档新规,管理世界,0,高质量的债券市场是建设金融强国的关键要素，然而，我国债券发行中承销商操纵簿记建档的现象较为严重，致使债券低价发行问题突出，不仅违背了公平公正的市场化原则，也损害了发行效率和市场秩序。本文以2023年7月1日在银行间市场正式实施的簿记建档新规为准自然实验，基于中国独特的债券市场结构构造实验组和对照组，利用双重差分模型考察簿记建档新规能否改善债券低价发行及其作用机制。结果表明，簿记建档新规显著降低了债券的一二级市场利差，有效改善了银行间市场的债券低价发行问题。异质性检验发现，簿记建档新规对债券低价发行的改善作用在高评级债券和短期债券、高评级和盈利能力强的发行人、大规模承销商和银行承销商中更为有效。作用机制检验表明，簿记建档新规通过加强簿记建档管理显著提升了投资者参与询价的积极性，增强了价格发现功能，促进了债券一级市场发行利差的上升，并降低了承销商延长簿记建档截止时间的概率，抑制了承销商利用加时策略压低投资者申购利率的行为，进而发挥出改善债券低价发行的作用。本文为我国债券市场监管政策的有效性提供了实证证据并揭示了其作用机制，对于促进债券市场高质量发展、健全资本市场功能和建设金融强国具有重要政策启示。
2025,跨境电商、央行合作与人民币国际化,宋科;朱斯迪;张津硕,跨境电商;跨境贸易人民币结算;人民币国际化;中央银行合作,管理世界,0,跨境电商作为新兴贸易模式，有望在提升中国的国际贸易影响力、推进人民币国际化方面发挥重要作用。本文基于出口贸易人民币结算视角，使用双重差分法研究了跨境电商对人民币国际化的影响。研究表明，跨境电商显著提升了出口贸易人民币结算规模，有效推动了人民币国际化。影响机制分析表明，跨境电商能够提升出口企业计价货币话语权、降低人民币交易成本，从而促进出口贸易人民币结算。异质性分析表明，对于汇率波动较大、资本账户开放程度较高的国家，以及与中国共建“丝路电商”、签订自由贸易协定和区域全面经济伙伴关系协定的国家，跨境电商对出口贸易人民币结算的推动作用更强。进一步地，本文发现涵盖双边货币互换、双边本币结算以及境外清算机制安排等在内的中央银行间的合作，可以增强跨境电商对出口贸易人民币结算的影响。本文为在新发展阶段充分发挥跨境电商对出口贸易人民币结算的推动作用，加强中央银行间协同合作，持续完善人民币国际化金融基础设施和制度安排，进而推动人民币国际化提供了重要的经验证据和政策启示。
2025,结构性货币政策支持科技创新的有效性研究,李力;王博;郝大鹏,结构性货币政策;科技创新再贷款;科技创新;全要素生产率;投贷联动,管理世界,0,2022年以来，中国人民银行不断丰富结构性货币政策工具箱，在做好“科技金融”这篇大文章方面持续发力。本文聚焦于科技创新再贷款这一结构性货币政策工具，在梳理科技创新再贷款与科技企业相关的经验事实的基础上，构建了包含内生全要素生产率、科技创新、金融摩擦与结构性货币政策调控的新凯恩斯动态随机一般均衡模型，研究发现科技创新再贷款政策的实施可以提升科技企业获得的银行信贷资源，并促进科技企业创新活动的增加，进而提升全要素生产率，推动产出和投资等实体经济活动持续扩张。科技创新再贷款利率的下降，一方面可以促进商业银行增加科创贷款的投放，并推动股权投资机构加大对科技企业的股权投资，进而改善科技企业的融资状况；另一方面也增强了科技企业对于未来的积极预期，这些因素均有利于促进创新活动的增加。政策福利分析表明：随着科技创新对经济增长的贡献度上升以及投贷联动业务监管的放松，科创贷款占银行总资产的最优比重应逐渐上升。同时，科技创新再贷款政策应进一步搭配瞄准科创贷款增速的宏观审慎政策以及针对科技企业的财政补贴政策，三者形成协同支持科技创新的政策合力，共同做好“科技金融”大文章。
2025,银行流动性创造降低系统性风险的机制研究,谭姝颖;刘莉亚;吕之安;方培杰,流动性创造;系统性风险;金融监管;银行关联,管理世界,0,银行创造流动性服务实体经济时存在风险聚集的可能。然而，本文发现中国商业银行流动性创造整体降低了系统性风险，该效应源自流动性创造不同子成分系统性风险特征的异质性表现。本文以“双重解构”框架剖析微观机理：依据业务引发机构间关联性的强弱，把流动性创造分解为传统存贷业务流动性创造与其他业务流动性创造；基于宏微观审慎视角将系统性风险拆分为个体尾部风险和系统连接风险。研究结果表明：存贷业务流动性创造加剧个体尾部风险；其他业务流动性创造虽增加系统连接风险，却凭借机构关联的风险缓释效应与业务多元化的抗风险效应，发挥降低个体尾部风险的正向作用。银行流动性创造降低系统性风险的关键机制在于：2018年金融强监管有效遏制了其他业务中影子银行业务的系统连接风险，使得其他业务流动性创造降低个体尾部风险的正向效应占据主导地位。本文拓展了对银行流动性创造风险特征的认知，证实当前中国商业银行业流动性创造结构较好地实现了发展与安全的平衡。
2025,金融服务型数据平台企业数据资产会计处理——基于数库科技的案例分析,黄蓉;陶长风;韩若琦,数据资产;会计处理;案例研究;平台企业;金融服务,管理世界,0,在数字经济时代，如何对数据这一生产要素进行会计处理，一直是学术界与实务界亟待解决的问题。本文以首批在上海数据交易所挂牌的金融服务型数据平台企业——数库科技为研究案例，结合财政部《企业数据资源相关会计处理暂行规定》，探讨企业在数据资源入表过程中的会计处理问题。首先，本文明确了数据资源入表的先决条件，包括数据资源化、资源产品化及产品价值化。其次，本文分析了企业在数据资源入表实践中关于科目归属、成本计量和披露要求等方面所面临的问题。最后，本文总结了数据平台企业的数据资源入表框架，并提出相应政策建议，以促进数据要素市场流通、驱动我国数字经济发展。本文不仅拓展了关于会计选择和数据要素流通价值链的理论研究，也丰富了数据资源入表典型案例。
2025,数字化供应链金融可以降低企业质量风险吗?——来自中征应收账款融资平台的证据,巩冰;徐照宜;成程;陈彦名,数字化供应链金融;中征应收账款融资平台;质量风险;供应链协作;裁判文书,管理世界,0,加强质量强国建设是推动我国经济高质量发展，满足人民日益增长的美好生活需要的必经之路。本文通过对裁判文书网2009～2021年8500.7万篇裁判文书全文进行文本分析，对我国上市公司与各地区的质量纠纷案件进行了客观统计，实证检验了企业开展数字化供应链金融业务对质量风险治理的影响。首先，企业加入中征应收账款融资平台（以下简称“中征平台”），开展数字化供应链金融业务可以显著减少企业的质量纠纷案件数量和赔款金额，使企业的质量风险得到有效降低。其次，突破信贷配给瓶颈并优化企业融资，推进供应链协作创新与提升创新成果质量，增强质量标准建设是中征平台降低企业质量风险的有效渠道。最后，本文发现加入中征平台对降低企业产品质量风险和综合质量风险的影响效果最为显著；同时，各地区增加中征平台的支持政策数量也可以使当地的质量纠纷案件总数得到显著下降，说明支持中征平台发展对降低当地企业的质量风险具有重要的溢出效应。此外，加入中征平台也有利于降低企业的股价崩盘风险并提升企业价值。在经过一系列内生性与稳健性检验之后，本文的结果依然显著。本文的研究发现拓展了企业质量管理与金融市场的交叉研究，并为推进高质量发展、提升金融服务实体经济功能提供重要的经验证据和政策参考。
2025,劳动节约型创新、买方垄断与超额利润——兼论自动化背景下的工资支付保障机制,喻理;王淑婷;李凡;艾春荣,劳动节约型创新;劳动增强型创新;买方垄断;专利引用网络;大语言模型,管理世界,0,为扩大内需和推动高质量发展，近期国家层面多次强调要完善劳动者工资决定、合理增长与支付保障机制，并健全要素的初次分配体系。在此背景下，本文研究了劳动节约型创新如何影响劳动力买方势力，为在自动化背景下完善劳动者工资决定机制提供微观证据。本文基于2007～2016年全国税收调查数据，借助大语言模型构建标注集，在此基础上微调BERT模型，以对企业研发活动的类型进行分类。研究发现，劳动节约型创新通过租金转移、替代例行任务与促进超级明星企业崛起等渠道，显著增强了企业的劳动力买方势力，并在供应链间产生显著溢出效应；而劳动增强型创新则能够有效抑制劳动力买方势力的扩张。进一步研究发现，由劳动节约型创新引致的劳动力买方势力扩张，是导致企业劳动收入份额下降、超额利润上升以及资源配置效率下降的重要原因。值得注意的是，最低工资和劳动保护等政策在缓解这一问题上效果有限，因为这些政策反而会激励企业加快研发劳动节约型技术。本文建议，在设计研发补贴政策时，应区分专利类型，对劳动节约型专利适当减少补贴，同时采取加大对劳动增强型技术创新的研发激励、完善户籍制度等措施，推动不同功效的技术进步与工资决定机制良性互动，实现创新发展与共同富裕的有机统一。
2025,数据资产泡沫：理论框架与政策权衡,李金璞;孙浩宁;汤珂;董丰,数据资产;资产泡沫;数据要素市场;数据价值链;监管政策,管理世界,0,在数据要素市场快速发展、数据资产化深入推进的背景下，由企业策略性虚构行为引致的“数据资产泡沫”已成为新的宏观风险源。本文基于数据价值链特征构建了多部门动态一般均衡模型，引入面临融资约束的异质性数据要素型企业，揭示数据资产价格系统性高估的理论机制。研究发现：数据资产的质押融资与策略性虚增是泡沫形成的核心机制。数据泡沫能够为数据要素生产部门投资收益更高的企业提供额外流动性以缓解其融资约束，缓解金融摩擦带来的资源错配，带来产出和消费的扩张；而过大的数据资产泡沫规模可能带来数据质押市场崩溃的潜在风险。当政策部门同时关注消费者福利与数据质押市场风险时，将面临“促生产”与“防风险”之间的政策权衡，存在最优的监管强度。随着数据质押市场走向成熟，最优监管强度可适度调整。对此，本文建议健全数据资产质量和价值评估体系，完善数据资产金融服务的风险管控机制，加强跨部门数据资产治理协同，优化数据资产相关信息披露。
2025,公共数据开放与企业数字劳动需求,李宏兵;孙丽棠;万海远,公共数据开放;数据要素;数字劳动需求;数字基础设施投资;工作任务,管理世界,0,公共数据有序开发开放，对实现数据要素价值和高质量充分就业具有重要意义。本文通过手动整理上市公司在线招聘职位数据，构建公共数据开放指标体系，研究公共数据开放对企业数字劳动需求的影响效应和机制。研究结果表明，公共数据开放通过增加企业数据任务需求，提高企业数字基础设施投资，形成数字新职位创造和工作任务数字化，进而显著提升数字劳动需求；其中，金融服务类、企业服务类、机构政务类及经济社会类数据集的影响更为显著。相比于省级平台，城市公共数据开放平台对数字劳动需求的影响更加显著；此外，数字经济行业、技术资本密集行业、高管具有信息技术背景及市场地位较低企业受到的影响更大。公共数据开放提升了企业对非常规分析任务、常规认知任务及技术岗位的需求，减少了对谈判、协调等互动任务的需求，并推动企业总体就业增长。上述研究结论对加强公共数据汇聚共享、加快数字中国建设和促进高质量充分就业具有重要政策参考价值。
2025,气候变化、贸易成本与经济增长——基于国际航运数据的定量估算,王欢欢;郭策;倪童,气候变化;极端天气;国际航运;贸易成本;投入产出关联,管理世界,0,在全球气候变化的大背景下，本文借助全球船舶航行高频数据识别海运航程，并估计海运遭遇的极端天气冲击对贸易成本的影响。实证结果显示，相较于世界其他国家，中国海运航程遭遇极端天气的概率更高，航程平均延误时间更长，贸易成本增加更多，约为0.86%。本文进一步将极端天气冲击和投入产出关联纳入多地区多部门的一般均衡框架，定量评估了海运极端天气对中国经济的影响，并对气候变化的长期影响进行了预测。研究发现，海运极端天气冲击对中国国内生产总值的负面影响约为-0.07%，是世界其他国家受到极端天气影响的1.32倍；而投入产出关联会放大极端天气冲击对国内生产总值的负面影响。通过对气候变化的长期影响进行预测和估算，本文发现，伴随着气候变化的加剧，海洋高强度气旋时间占比将持续提升，极端天气引致的中国和世界贸易成本的差异将持续扩大，到2100年，对我国经济的负面影响将上升至当前的1.68倍，约为-0.12%。
2025,体育经济与区域产业结构优化的互动关系——评《区域一体化背景下我国体育产业结构优化与高质量协同发展研究》,王丹,,管理世界,0,<正>在区域经济一体化发展战略下，长江三角洲地区的体育产业迎来新的发展机遇，开启了高质量发展的新征程。由肖琴撰写的《区域一体化背景下我国体育产业结构优化与高质量协同发展研究》一书，以长三角为例，针对当前我国区域体育产业的发展现状、长三角体育产业的结构现状提出了优化策略，为促进我国长三角体育产业的结构优化与高质量协同发展提供了参考和引导，并为其他区域体育产业的一体化发展提供了借鉴。
2025,政府行为新叙事：异地信息选择与跨区域合作创新,李建成;邓慧慧;陈亲亲;吴胜男;支晨,有为政府;异地信息选择;合作创新;全国统一大市场,经济研究,0,本文通过归纳和提炼中国独特的地方政府交流与互动行为，发现在弱市场信息选择情境下，中国地方政府衍生出对异地政府施政信息的获取、整合与学习功能，并通过政府间信息和知识传递提供了施政方案和公共品供给所需的决策信息，从而有效弥补了市场信息选择机制的不足。本文对地方政府的异地信息选择行为进行了系统性的理论阐释与量化测度。具体来说，本文收集整理了中国各地级市政府间互动行为的新闻文本大数据，刻画了各地级市政府之间考察调研、共办会议、政产学研交流等由浅入深、复杂多样的信息获取与学习活动，以此量化政府间异地信息选择行为。进一步地，本文构建经验叙事与理论框架来解析其内在逻辑，并实证评估地方政府间基于科技领域的信息选择对地区间企业高质量合作创新的影响与机制。研究证实，地方政府的互动交流行为能够增强地区间企业合作意愿和企业研发收益，尤其是提升了国有企业与民营企业间合作创新的意愿与效率。本文明确了地方政府作为信息选择与信息生产主体在企业合作创新中的重要角色，创新了地方政府与市场关系、地方政府间关系的理论叙事，从地方政府行为视角对中国经济学自主知识体系进行了丰富。
2025,人工智能与企业协同创新——基于国家新一代人工智能创新发展试验区的准自然实验,权小锋;李静蕾,人工智能;协同创新;知识溢出,经济研究,0,数字经济时代，人工智能作为新质生产力发展的核心驱动力，推动了科技创新和产业变革。本文基于2014—2022年中国沪深A股上市公司数据，以国家新一代人工智能创新发展试验区的设立为准自然实验，使用多期渐进双重差分法，探索人工智能发展驱动企业协同创新的效应及作用机理。研究发现：人工智能有效提升了企业协同创新水平，即人工智能对协同创新具有正向激励效应。异质性分析表明，在合作文化浓厚的企业、劳动密集型行业以及政府对数字经济关注度较高的地区，人工智能对协同创新的激励效应更加显著。机制检验显示，人工智能通过促进知识溢出、加强信息交流以及降低协作成本三个渠道推动协同创新。进一步，人工智能发展促进了协同网络规模的扩大且在企业—企业的协同创新模式中发挥了更显著的激励作用。最后，人工智能发展通过协同创新促进了企业价值的提升。本文不仅为人工智能驱动的科技革命提供了微观企业证据，也为国家层面统筹资源、夯实人工智能科技创新底座的政策实践提供了现实启示。
2025,地方政府激励与社会保险制度改革效果：基于养老保险全国统筹制度设计的研究,唐珏;封进;赵发强,社会保险;养老保险;全国统筹;征收激励,经济研究,0,为缓解区域间城镇职工基本养老保险基金失衡，养老保险全国统筹采用了基金跨省调剂制度。本文发现，由于中央政府与地方政府之间存在信息不对称，跨省调剂制度会改变地方政府的职工基本养老保险征缴规范程度，从而导致企业的职工基本养老保险缴费率下降。由税务部门全责征收职工基本养老保险能有效抑制这一现象，而地方社会保险信息系统接入全国统筹系统的抑制效果较为有限。跨省调剂制度也会使地方政府增加职工基本养老保险基金支出，净调入和净调出地区在职工基本养老保险征缴和基金支出变动上存在异质性。此外，净调入地区放松了非税收入征收力度。本文结论表明，养老保险全国统筹会改变地方政府职工基本养老保险征缴和支出行为，这对职工基本养老保险的征管能力提出了更高要求，从而避免对养老保险基金的长期可持续性造成不利影响。党的二十届三中全会提出，要完善养老保险全国统筹制度，本文可为此提供一定的参考。
2025,央行沟通、信息溢出与宏观经济运行——基于叙事冲击的视角,郑挺国;陈琳艳;范馨月,信息扩散;文本分析;宏观调控;叙事性冲击,经济研究,0,货币政策的精准实施和有效传导是推进经济高质量发展和科学宏观调控的重要保障，也是近年来宏观领域的前沿议题。本文将信息驱动理论与货币政策框架相结合，利用高维稀疏建模方法从央行沟通和新闻报道文本中识别出叙事性冲击，并进一步运用格兰杰因果检验、高维TVP-VAR模型和平滑区制转移局部投影方法研究央行沟通向新闻媒体、经济主体和实体经济的信息扩散过程。研究结果表明，央行沟通产生的叙事性冲击与其推行的货币政策立场高度一致，且在经济改革和政策实施的关键时点，央行能将宏观调控、政策变动与经济形势等信息有效地传导至新闻媒体。进一步地，新闻媒体在央行沟通的信息扩散过程中发挥着重要作用，当央行沟通向新闻媒体的信息溢出渠道通畅时，央行沟通中的利率调控与数量调控信息能有效地管理预期和调控实体经济，但当央行沟通向新闻媒体的信息溢出渠道受阻时，两类调控的成效都被明显削弱。本研究为叙事性冲击识别及其传导机制的研究提供了新的思路和可行方法，也为宏观调控体系的升级优化提供了借鉴。
2025,气候变化和金融稳定：一个理论分析框架,史永东;邢伟泽;甄红线,气候变化;金融稳定;碳达峰;碳中和;碳配额政策,经济研究,0,气候变化对金融稳定的影响已受到世界范围的高度重视。由于生态系统与经济社会复杂的相互作用关系和不确定性，评估气候变化对金融稳定的影响仍有许多难点。本文全面刻画气候变化的影响机理，在纳入经济和金融系统循环反馈、金融脆弱的内在积累和货币内生创造机制的框架下，研究气候变化对我国金融稳定的影响和作用路径，探讨相应的风险防范化解机制，评估不同情景下“双碳”目标的实现情况。研究发现，气候风险中物理风险将对我国金融系统产生重大且持久的影响。现行的无偿碳配额政策不会带来转型风险，对金融稳定无显著影响。若有偿碳配额收入全部用于企业绿色投资补贴，则有偿碳配额政策可以在几乎不影响金融稳定的前提下有效降低碳排放总量。适度提高碳减排力度可以减缓有偿碳配额政策对金融稳定可能的影响。不同情景下的碳排放分析表明，为实现“双碳”目标，现行的无偿碳配额政策未来需要向有偿碳配额政策转变。本研究为在更长时期内牢牢守住不发生系统性金融风险的底线、积极稳妥推进碳达峰碳中和提供了重要启示。
2025,增值税税制完善与创新量—质困境破解——基于留抵退税政策的经验证据,诸竹君;俞萍;鲁建坤,增值税;留抵退税;渐进性创新;颠覆性创新;创新路径,经济研究,0,当前，中国的创新呈现“数量多、质量低、颠覆性程度低”（“一多两低”）的发展困境，增值税留抵退税总体上促进了以渐进性创新为主的研发活动。本文以2019年增值税留抵退税政策作为准自然实验，基于2016—2020年中国企业税收调查和专利匹配数据，构建双重差分模型评估政策冲击对企业创新活动的影响。研究结果表明：（1）总体方面，留抵退税政策使得处理组企业专利创新规模增加2.14%。（2）机制方面，留抵退税政策通过融资约束效应、要素升级效应和竞争逃避效应显著增加了企业创新数量，但对创新质量的影响存在局限性。（3）留抵退税的政策利好更突出反映在增加了企业渐进性创新活动，同时影响了企业的创新路径选择，相对挤压了颠覆性创新的可用资源，一定程度上降低了颠覆性创新实施概率和创新质量。扩展企业资金来源的政策有助于克服这一局限性，经验研究表明增值税税制完善与金融支持政策协同则显著提升了企业颠覆性创新水平。（4）提升产业链上游部门退税强度和构建全国统一大市场等制度改革，有助于发挥增值税留抵退税的创新困境破解作用。本文研究对理解留抵退税与企业创新活动的关系，更有效推进增值税税制完善，促进颠覆性创新具有参考价值。
2025,小微企业税收优惠效果偏离与群聚响应——基于调整摩擦的分析,郭晨浩;李林霏;齐闻达;曲卫东,小微企业;减税政策;调整摩擦;税收弹性;群聚分析,经济研究,0,在当前国内经济结构调整与转型升级的关键时期，小微企业作为国民经济的“毛细血管”，其税收政策的优化对激发市场活力、促进就业与创新具有重要的战略意义。本文聚焦小微企业税收减半征收政策引起的群聚响应行为，通过构建非参数识别调整摩擦与收入弹性的分析框架，结合改进的群聚分析模型与Bunching-DID方法，有效分离了税收减免的外生激励效应与企业内生策略性响应。本文创新性地引入不完全信息、企业异质性及调整成本等多维度摩擦因素，系统揭示其对企业群聚响应的影响机理。实证研究表明：（1）税收减免阈值附近存在显著的群聚现象，群聚效应估计值介于1.231—12.578之间，忽视不完全信息因素将导致基准结果低估3.2%—27.7%;(2)调整成本显著削弱企业响应强度，群聚区间内无反应企业比例达71.0%—91.6%，异质性因素导致群聚响应低估的比例为12.4%—32.1%;(3)观测响应弹性（0.264—3.837）显著高于结构响应弹性（0.118—0.123），这表明税收缺口可能通过扭曲隐性税率引发非效率调整行为；（4）群聚响应通过降低税负和缓解融资约束等渠道间接提升企业运营效率，但政策效果受制于摩擦因素与动态预期；（5）群聚响应对资金配置的影响呈现动态演化特征，最终在长期推动企业从劳动密集型向资本密集型转型。本研究为税收政策的精准设计与效果评估提供了新的方法论支持，强调在政策制定中需平衡激励强度与摩擦缓解，以提升减税政策的整体效能。
2025,地区经济波动下转移支付政策与风险分担,赵煦风;王筱筱,地区经济波动;转移支付;地方公共支出,经济研究,0,本文基于中国的央地财政分税体制，构建最优转移支付模型，给出了当地方经济同时具有波动性和生产力差异时的最优转移支付规则。该规则可以兼顾地区间风险分担与地方公共支出激励，最终推进地区间均等化并确保央地“两个积极性”的实现。本文的模型分析结果明确分解出了最优转移支付应对风险因素和调节地方支出激励的双重机制，给出了基于地方产出和生产力的最优转移支付公式。本文还利用2019年的县级财政数据测算出地区生产力和经济波动的分布参数，并模拟出最优转移支付。结果显示：最优转移支付可显著增强对风险的保障力度，使地区间人均产出变异系数下降5.89%，地方总财力波动性明显下降。在均等化方面，转移支付使得基本公共服务的变异系数从0.07下降到0.03。数值模拟结果还发现，相比于信息不对称问题，对风险分担的考量更关键。
2025,习近平经济思想在福建的理论溯源与实践探索,黄茂兴,习近平经济思想;福建;理论贡献;实践探索,经济研究,0,1985年6月至2002年10月，习近平同志在福建工作十七年多，推动了福建的改革开放和现代化建设事业。他始终坚持用马克思主义的立场、观点、方法指导实践，结合福建经济发展实际，把自身对经济发展的理论思考同福建的资源禀赋、区位优势等有机结合起来，提出了一系列重要理念，开创了一系列重大实践，为习近平经济思想的孕育、萌发与实践提供了丰富的理论源泉和实践土壤。党的十八大以来，以习近平同志为核心的党中央不断深化对经济工作的规律性认识，提出一系列新理念、新思想、新战略，形成习近平经济思想。作为马克思主义政治经济学基本原理与中国具体实际相结合的最新理论成果，习近平经济思想的孕育、形成与发展植根于习近平同志在福建工作期间对经济工作的探索思考，为这一思想后续的系统性发展奠定了坚实的理论和实践基础。新征程上，我们对习近平经济思想在福建的理论溯源与实践探索进行深入研究，有助于更加深刻理解习近平经济思想的真理伟力，加快构建中国自主的经济学知识体系，不断开拓马克思主义政治经济学新境界。
2025,住房租赁制度改革对居民消费倾向的影响：基于2017年“租购并举”政策的经验研究,刘守英;李昊泽;孙浦阳,住房租赁市场;租购并举;消费倾向;扩大内需,经济研究,0,推动住房租赁制度改革不仅能够调节住房市场结构、保障和改善民生，而且有助于促进居民消费。本文基于中国扩大内需的现实背景，结合租房权利深化的分析视角，探究了住房租赁制度改革对居民消费倾向的影响。在实证分析中，以我国2017年实施的“租购并举”政策作为典型性冲击，结合微观家庭调查数据以及城市宏观住房市场信息，构建双重差分模型进行检验。研究结果发现，租房权利深化使家庭消费倾向显著增加。研究指出，发展租房市场改善了城市住房和土地供需结构，使租赁房源供应增加，城市房价与租金增速放缓，由此形成的“预期效应”降低了居民的储蓄动机和住房对消费的挤出，从而提高了居民的消费倾向。此外，租房权利深化增强了产权强度较弱群体的消费动机，通过“产权效应”提高了租房家庭和单套房家庭的消费倾向；同时赋予农村土地财产权利、外来人口城市租住资格，通过“权利效应”矫正住房不平等问题，提升了农村居民和流动人口的消费倾向。为了缓解内生性问题，本文分别构造了家庭收入和试点城市的工具变量进行实证分析，并且排除同期政策影响。从政策含义上看，本文的研究为政府通过发展住房租赁市场，改善“以购为主”的住房结构扭曲，遏制住房市场非理性扩张，释放全社会消费潜力提供了证据。
2025,集体诉讼制度与金融市场高质量发展——来自中国代表人诉讼制度的证据,薛笑阳;刘红劭;王永钦,法治建设;集体诉讼制度;债券信用利差;金融强国建设,管理世界,0,构建高效的直接融资体系是实现中国金融强国战略的关键一环。作为破解金融市场中中小投资者“集体行动困境”的重要制度创新，集体诉讼制度为金融合约的履行提供了有力的法律保障。本文以中国债券市场首次引入代表人诉讼制度为准自然实验，系统研究了集体诉讼制度对债券市场定价效率及企业融资成本的影响。研究发现，制度实施后诉讼风险暴露较高的企业债券信用利差显著扩大，表明市场已将制度带来的法律风险溢价纳入定价，体现出其对违法违规行为的有效威慑作用。机制分析显示，该制度通过增强投资者的诉讼激励，并经由抵押品可得性、抵押品质量、债权人控制权及集体行动协调等途径发挥作用。此外，二级市场的定价调整亦会传导至一级市场，并显著推高诉讼风险较高企业的融资成本。本文不仅为集体诉讼制度在金融市场中发挥的作用提供了系统的理论解释与实证检验，也为优化直接融资市场制度环境、推动金融强国建设提供了重要政策参考。
2025,家庭借贷约束、人力资本形成与长期发展——基于大学生生源地助学贷款的研究,梁超;于鑫凡;张荣杰,借贷约束;人力资本;生源地助学贷款;成年收入,管理世界,0,促进脆弱人群的人力资本形成对于实现共同富裕至关重要，但现实中借贷约束往往限制了他们的人力资本投资。本文从家庭借贷约束视角出发，研究政府提供大学教育信贷对人力资本形成和长期发展的影响。基于中国家庭金融调查数据，匹配手动整理的区县层面生源地助学贷款政策，研究发现：第一，政府提供生源地助学贷款可以显著促进青少年人力资本形成，平均教育年限增加0.26年，获得大学学位的概率上升3.1个百分点；第二，助学贷款政策提高了家庭为读大学子女进行教育借贷的概率和金额，且低收入家庭受到的影响更大；第三，助学贷款政策在经济发展水平较低、传统金融可及性较差的地区促进人力资本形成和成年收入增长的正面效应更大。本研究表明家庭借贷约束仍然是抑制人力资本投资的重要因素，这为大学学费调整和学生助学贷款相关政策的讨论提供了研究支撑。
2025,中国可转债高转股之谜——来自促转动机的解释,刘劲松;谢德仁;张新一,可转债高转股之谜;促转动机;策略性信息披露;机会主义促转行为,管理世界,0,与传统理论预期和欧美成熟市场不同，我国绝大部分可转债在较短时间内完成转股并退市，本文称之为“中国可转债高转股之谜”。本文认为，发行公司在可转债存续期间的促转动机以及由此诱发的机会主义促转行为是该谜题的一大解释。为此，本文选择具有相对成本优势的策略性信息披露作为机会主义促转行为的典型表征，实证检验促转动机的存在性并解释我国可转债高转股之谜。研究发现，相较于对照组，发行公司在可转债存续期间会异常披露更多净利好消息，表现为利好消息异常增加和利空消息异常减少，即存在策略性信息披露行为；基于债券层面的证据显示，公司的策略性信息披露随其促转动机的增强而增加，且能显著提高可转债转换价值，引导投资者债转股。可转债发行规模、票面利率及公司偿本付息能力与税收负担所反映的财务危机成本、利息节约效应和税盾效应，能显著调节发行公司的策略性信息披露，印证了促转动机的成本收益权衡机制。此外，在市值管理真实行为实施成本较高的发行公司中，策略性信息披露更为显著，进一步揭示了促转行为的决策机理。本文从策略性信息披露视角验证了可转债发行公司的促转动机，为我国可转债高转股之谜提供了注解，同时有助于完善现行可转债监管框架，提升跨正股与可转债市场的监管效能，增强资本市场内在稳定性。
2025,资本市场出清与实体经济投资——基于上市公司强制退市的实证研究,徐巍;梁上坤;钱宇航,资本市场出清;实体经济投资;强制退市;竞争对手,管理世界,0,通过强制退市实现资本市场出清是健全资本市场功能的应有之义。近年来，随着退市监管的逐渐加强，退市公司数量逐渐增多，资本市场出清速度显著加快。在此背景下，本文立足于强制退市公司竞争对手视角，实证检验资本市场出清对实体经济投资的影响。相关结果表明，强制退市发生后，退市公司竞争对手的投资水平会显著增加，且产品市场地位较低、连锁股东持股比例更高、经营能力更强的竞争对手更容易因为上市公司强制退市而进行投资扩张。拓展性分析表明，强制退市所腾退的产品市场空间，以及投资者对强制退市的反馈，是强制退市驱动实体经济投资的主要机制。此外，强制退市同时增加了竞争对手的规模扩张和质量提升，但在不同的行业产能条件下，竞争对手的投资类型选择存在差异。进一步地，本文发现强制退市通过缓解投资不足而提高了竞争对手的投资效率。最后，强制退市也有利于竞争对手企业价值的提升。这些发现不仅在理论上为资本市场出清的后果提供了证据，也在实践上为更好地完善强制退市监管政策，发挥资本市场服务实体经济功能，提供了部分借鉴。
2025,承销商竞争、交叉补贴与债券发行溢价,千茜倩;钟宜文;寇宗来,承销商;债券溢价;额外收益;交叉补贴,管理世界,0,与欧美国家债券市场存在发行抑价不同，我国债券市场存在发行溢价，即相较于债券二级市场价格，一级市场的发行价格更高、发行利率更低。既有研究表明，为增加赢得未来承销业务的概率，获取更多承销费，承销商有动机取悦发行人，帮助其压低发行利率，产生发行溢价。但同样作为承销商，券商所承债券并没有显著溢价，承销费未能解释承销商的异质性。本研究发现，银行拥有承销商和托管行的双重身份是债券溢价的主要成因，托管行意味着银行可利用托管的募集资金获取额外收益，体现在既能满足流动性需求也能获得存贷款业务收入。即使压低发行利率会损失承销费用，券商无利可图，银行仍能通过额外收益交叉补贴，实现综合收益最大化。但由于债券期限越长，持有债券风险越高，溢价现象主要出现在银行承销的短期融资券中。本文基于拍卖理论模型刻画了上述机制，并利用银行间市场公开发行债券数据提供了经验证据，在了解清楚承销商对债券定价影响机制的同时，也为债券市场高质量发展提供有益的参考依据。
2025,异质性家庭视角下的中国货币政策传导与不平等效应——基于具有金融摩擦异质性的HANK模型,周上尧;骆哲翀,货币政策;不平等;异质性个体模型;金融摩擦,管理世界,0,异质性家庭视角下的货币政策传导及其不平等效应一直是各界关注的重要问题，但现有研究基本忽略了银行部门的作用，且大多聚焦于价格型货币政策，因此不适用于中国情景的分析。基于此，本文将有摩擦的银行部门引入异质性个体的新凯恩斯（HANK）模型中，该部门为不同的家庭之间融通资金，形成融资溢价的异质性，同时受央行存款准备金约束的限制，形成数量型货币政策调控的基础。本文利用多种家庭微观调查数据估计家庭消费对货币政策冲击的异质性响应，同时验证了校准后的量化模型。本文对两类货币政策的传导进行比较分析，发现其传导渠道存在显著差异，且这一差异引致两类货币政策在宏观效应与财富及消费不平等效应上的分化。数量型货币政策主要通过实际工资的间接效应产生影响，价格型货币政策则更依赖于利率调整的直接效应，也更易引发负债家庭与高净值家庭之间的财富再分配。在宽松的货币政策环境中，后者能有效缓解家庭的财富与消费不平等，这一结论在包含非流动性资产投资组合与房产投资组合的拓展模型中依然成立。此外，银行部门的资产负债表渠道可以通过家庭面临的异质性信贷利差放大货币政策的不平等效应，加速财富再分配的过程。
2025,新兴市场跨国企业如何融入全球粮食供应链？——基于资源编排理论的多案例探索性研究,侯晓康;于亢亢;程国强;赵佳佳;刘天军,粮食安全;全球粮食供应链;新兴市场跨国企业;资源编排;案例研究,管理世界,0,企业全面融入全球粮食供应链是确保中国粮食安全的关键，然而全球80%的粮食生产交易被国际大粮商垄断，新兴市场跨国企业（EMNEs）如何融入全球粮食供应链，目前暂未得到充分理论解释。本文基于资源编排理论，选取5家企业进行嵌套式多案例研究，遵循“情境—机制—结果”研究逻辑，深度剖析EMNEs融入全球粮食供应链的机制机理。研究发现：EMNEs融入全球粮食供应链的跨国情境可解构为“资源潜力—不确定性”两个维度，在异质性情境驱动下，EMNEs匹配相适宜的资源编排机制融入全球粮食供应链，由此产生了3种供应链领导力和供应链整合结果。本文将跨国情境作为现象挖掘和资源编排理论发展的重要增量，探索性打开EMNEs融入全球粮食供应链的过程“黑箱”，拓展资源编排理论应用边界，为中国建立安全稳定、富有韧性和自主可控的全球粮食供应链提供参考。
2025,新能源电力的经济和碳排放效应分析——基于量化空间模型的研究,段玉婉;吴承骏;蔡龙飞,量化空间模型;新能源电力;国内生产网络;碳排放;地区间收入差距,管理世界,0,本文提出了一个囊括新能源电力、化石能源电力、化石能源生产和贸易以及碳排放的多地区多行业一般均衡模型，量化研究了中国新能源发电对地区经济和碳排放的影响。论文提出了分解各地区实际收入变化和碳排放变化的方法，揭示了新能源发电影响各地区经济和碳排放的关键渠道。结果表明，2011～2022年我国新能源发电量增长使得我国实际国内生产总值增长1.44%，单位实际国内生产总值碳排放量下降5.24%，能解释期间内现实中单位实际国内生产总值碳排放量下降的近1/5。新能源发电量增长有效缩小了我国地区间的人均收入差距，推动电力密集型行业向西部地区聚集，促进西部地区经济增长与东中部地区产业结构升级，助力区域协调发展。电力贸易成本的下降将提升新能源发电对我国实际国内生产总值增长的作用。实现“十四五”规划新能源发电目标将使我国实际国内生产总值增长5.31%，单位实际国内生产总值碳排放量下降18.57%，显著改善了区域间收入差距。
2025,事前确权、事后奖励与高校科技成果转化,亢延锟;郭家宝;葛晶,科技成果转化;产权制度;专利转让,经济研究,0,推动高校科技成果转化是实现我国高水平科技自立自强的重要途径。本文通过构建一个包含科技成果定价风险的动态博弈模型，刻画了国有资产流失风险分担机制对高校科技成果转化的影响。研究发现，被视为国有资产的职务发明成果能否顺利转化取决于高校对科技成果转化中收益和风险的权衡。当收益降低，风险不变时，高校科技成果转化的激励被削弱，从而提高科技成果转化的门槛，仅能使高价值成果转化。当收益和风险同时降低时，高校科技成果转化的激励增加，从而降低科技成果转化的门槛，有利于低价值成果的转化。在此基础上，通过对比以“事后奖励”为特征的收益权改革和以“事前分割产权”为核心的所有权改革的异质性效果，本文发现收益权改革在降低高校科技成果转化收益的同时，并没有降低其承担的风险，因此总体上并未促进科技成果转化，但对高价值成果转化有促进作用。相反，所有权改革则通过降低高校的风险，进而降低了成果转化的门槛，使得高校科技成果转化数量提高了约24.4%。此外，本文发现所有权改革带来的专利转让并未显著改善企业绩效，但也未扭曲科研人员开展基础研究的激励。
2025,公共实施机制与私人实施机制的监管联动——基于信号博弈和大语言模型的证据,陈运森;高毅达;于耀;刘赫,中小股东行权;股东投票;问询函;大语言模型;信号博弈,经济研究,0,推动公共实施机制和私人实施机制的联动协同对于强化中小股东的行权力量和构建监管协同的资本市场至关重要。本文构建信号传递博弈模型，通过手工搜集的股东大会投票数据并结合FinBERT大语言模型对理论模型进行检验后发现，在中国这一新兴资本市场中，公共实施机制（交易所监管问询）与私人实施机制（中小股东异议）存在监管联动效应。交易所监管问询能够影响中小股东信念和吸引中小股东参与，激发中小股东的异议投票行为。公司通过回函等信息披露行为能传递分离信号，缓解市场信息不对称和逆向选择问题。进一步分析显示，中小股东无法主动识别机器学习预测的公司被问询风险，凸显了公共监管问询在信息传递和监管协同中的关键作用。事件研究法等检验表明，公共监管问询能够引导中小股东进行信息生产行为。最后，交易所监管问询和中小股东行权的监管联动效应在投资者关系管理较差的公司中更为显著。本文对于全面系统地评判以交易所监管问询为代表的公共实施机制的经济后果提供了新视角，并为2024年国务院“加强监管防范风险推动资本市场高质量发展”的资本市场顶层设计提供了政策启示。
2025,地方公共债务与要素收入分配：效应与机制,马光荣;李紫薇;王婕茹;聂卓,地方公共债务;劳动收入份额;资本偏向性,经济研究,0,在高质量发展中促进共同富裕是实现中国式现代化的必然要求，理解财政政策对要素收入分配的影响具有重要意义。本文从理论和实证两方面研究了地方公共债务的要素收入分配效应及其作用机制。理论分析显示，地方公共债务扩张可通过要素替代效应和市场结构效应两种机制影响劳动收入份额。要素替代效应体现在，在要素替代弹性小于1的情况下，信贷成本上升会导致单个企业内部劳动收入份额下降。市场结构效应体现在，由于地方公共债务形成的支出具有资本偏向性，地方公共债务扩张会导致资本密集型企业市场份额相对扩张，从而带来地区经济中的劳动收入份额下降。实证分析发现，地方公共债务扩张的确会导致当地劳动收入份额的下降。机制检验表明，地方公共债务对劳动收入份额的负向影响同时来自要素替代效应和市场结构效应，且后者作用更强。本文的研究为通过财政政策优化收入分配和健全宏观经济治理体系提供了参考。
2025,政策引导与融资平台市场化转型,毛捷;王梓旭;柏金春,政策引导;地方国有企业;政府融资平台;市场化转型,经济研究,0,地方政府融资平台公司的市场化转型是地方国有企业深化改革的必由之路，也是防范化解重大经济金融风险的关键举措。本文通过梳理融资平台市场化转型的政策沿革，从收入构成、现金流构成、业务构成、股权构成和市场风险预期五个维度测度了融资平台市场化转型。结合多维测度结果，本文利用企业层面和债券层面数据，以2014年施行的“43号文”和2017年召开的金融工作会议作为代表性举措，实证研究了政策引导对融资平台市场化转型的影响。研究发现：以“43号文”为代表的政策引导明确了融资平台的功能定位，对融资平台的业务构成产生了显著影响；以2017年金融工作会议为代表的政策引导重视对融资平台的综合治理，全面推进了融资平台的市场化转型。异质性分析发现，政策引导对融资平台市场化转型的促进作用呈现明显的区域差异，市场化水平和财政自给率是影响区域异质性的重要因素。调节效应分析发现，政策引导的上述效应受地方政府重视程度和宏观政策调控效果的影响。本文研究结论为科学制定和有效实施融资平台市场化转型政策，帮助融资平台尽快实现市场化发展提供了依据。
2025,科技金融与企业全要素生产率：来自“企业创新积分制”的证据,王修华;刘锦华,创新积分制;科技金融;全要素生产率;企业创新,经济研究,0,“企业创新积分制”作为深化科技金融改革的新型政策工具，是做好科技金融大文章、提升企业创新能力的重要举措，本文旨在探讨创新积分制是否促进了企业创新并提升了企业全要素生产率。研究发现，创新积分制显著提升了试点高新区企业的创新产出与全要素生产率，且这一效果在成长期、员工总数较少以及创新投入较高的企业中更加明显，说明创新积分制很好地发挥了“投早、投小、投科技”的靶向优化作用。机制分析表明，创新积分制既能矫正市场失灵引发的资本与人才错配问题，引导金融资源与创新人才向科技型企业聚集；也能突破政策资源配置的低效困局，促进财政补贴、税收优惠等政策资金的精准投放，从而提升企业全要素生产率。进一步分析发现，创新积分制可以有效缓解银企信息不对称，降低债务契约对抵押品的依赖，增加企业银行借款。同时，创新积分制能够化解关键数字技术创新项目“非标属性”与金融机构“标准化评估”的制度性矛盾，为突破“卡脖子”关键数字技术提供制度保障。本文从资源配置视角构建“市场—政府”双轮驱动分析框架，揭示了创新积分制提升企业全要素生产率的作用机理以及创新积分评价体系在科技创新中的制度价值，为拓展创新积分制应用场景，构建科技—产业—金融良性循环体系提供了理论支撑与实践指引。
2025,数字金融竞争、中小银行优势与农村金融组织——来自农村商业银行农户贷款发放的证据,张洋;郑海荣;何婧;穆争社,农村金融组织体系;数字金融竞争;中小银行优势,经济研究,0,数字金融竞争是否打破了中小银行服务软信息丰富群体的比较优势？本文根据农户数字信息丰富度差异，将银行掌握的客户信息细分为传统型软信息、数字型软信息、传统型硬信息和数字型硬信息四类，运用百万条农户贷款发放数据，考察数字金融竞争下中小银行服务于四类信息群体的优势变动情况。研究发现，数字金融竞争对中小银行优势的影响呈现群体性差异：数字金融竞争弱化了中小银行对数字型软信息丰富农户群体的服务优势，强化了其对传统型软信息丰富农户群体的服务优势，加剧了其对硬信息丰富农户群体的服务劣势。同时，数字金融竞争还发挥了培育效应，巩固中小银行对软信息丰富农户群体的整体服务优势。本文研究表明，应根据区域农户信息类型和数字金融需求特征，健全适配性的农村金融组织体系。
2025,产业集群政策与创新型创业,范欣;刘志新,产业集群政策;创新型创业;资源集聚;知识溢出;融资约束缓解,经济研究,0,大力推进创新型创业是提升创业质量、实现经济高质量发展的有效途径，但从政策层面来探讨有效推动创新型创业的文献并不多见。本文以创新型产业集群试点为准自然实验，将中国工商注册企业数据与中国专利数据进行匹配来识别创新型创业，并系统考察产业集群政策对创新型创业的影响。研究发现，产业集群政策显著促进了创新型创业。机制检验表明，资源集聚效应、知识溢出效应和融资约束缓解效应是产业集群政策发挥作用的主要机制。进一步分析发现，产业集群政策能更具针对性地促进低注册资本、非国有创新型创业水平的提升，且创新应用的场景主要集中在高新技术领域。这也一定程度上佐证了产业集群政策的有效性。本文研究结论从创新型创业角度为中国产业集群政策的成本收益分析提供了新的经验证据。
2025,节能目标约束与供应链碳减排,屠西伟;张平淡,碳排放;节能减排;供应链;绿色低碳技术创新,经济研究,0,供应链绿色低碳转型是实现经济高质量发展的重要途径。本文以企业被设定的节能目标作为规制强度的度量指标，基于上市公司供应链匹配数据，实证研究《万家企业节能低碳行动实施方案》对规制企业及上下游碳排放的影响。研究发现，该节能减排政策显著抑制了规制企业和上游供应商的碳排放，但对下游客户碳排放作用并不显著。机制分析发现，节能减排政策通过产能调整和绿色低碳技术创新推动规制企业碳减排，通过供需匹配、供应链竞争实现上游供应商碳减排，绿色低碳技术创新在上游供应商和下游客户中均不显著。异质性分析发现，政策效果在规制企业规模较小、处于污染行业以及更靠近产业链上游时更为显著，而对上游供应商的降碳溢出效应在规制企业更靠近产业链上游、与上游供应商的产业链供应链关联度高时更加强烈。进一步研究发现，该节能减排政策推动了城市经济结构向第三产业转型，但也带来一定程度的资源错配和经济效率损失。本文分析结论可以为加快打造绿色低碳供应链、培育绿色生产力，以及积极稳妥推进“双碳”工作提供参考。
2025,人工智能、人力资本结构与灵活用工——来自在线招聘大数据的经验证据,刘行;张昊天;田轩,人工智能暴露度;人力资本结构;灵活用工;在线招聘平台;经营绩效,经济研究,0,本文构建了一个人工智能技术的应用如何影响企业灵活用工需求的理论模型。模型预测：人工智能简化和标准化了一些工作任务，允许企业可以利用劳动力成本较低的灵活用工人员与人工智能配合，来替代全职员工完成任务。进一步，本文采用2014—2024年中国在线招聘大数据，利用自然语言处理方法识别了企业灵活用工需求，实证研究人工智能对企业灵活用工的影响效应与作用机制。研究发现：（1）人工智能暴露度每提高1个标准差，企业灵活用工需求占总用工需求的比例将显著提高1.130个百分点。这一结论在处理内生性问题以及经过稳健性检验后依然成立。（2）机制分析表明，人工智能降低了企业要求灵活用工人员所具备的技能数量，实现了对工作任务的简化和标准化；同时，人工智能减少了企业招聘较低学历、较低工资、较少经验的全职员工的数量，而增加了企业招聘相似背景的灵活用工的数量，这意味着人工智能与灵活用工人员协同可以替代全职员工完成一些简单任务；最后，人工智能提升了企业招聘员工的平均技能水平，促进企业人力资本结构升级。（3）拓展分析表明，企业可以通过增加灵活用工需求来降低劳动力成本，从而提高经营利润率等经营绩效。
2025,西部陆海新通道与城市人口集聚——基于量化空间模型的估计,陈勇兵;涂云峰;李笑萦,西部陆海新通道;城市人口集聚;市场可达性,经济研究,0,以大开放促进大开发是推动区域协调发展的核心策略。本文以西部陆海新通道建设为政策冲击，采用交错型双重差分方法，探讨西部陆海新通道建设对城市人口集聚的影响。研究结果表明，相比于未参与西部陆海新通道建设的地级市，参建地级市的城市人口集聚水平得到显著提高。在考虑一系列干扰后，该结果依然稳健。基于以上简约式估计结果，本文进一步构建国内—国际市场联动的空间一般均衡模型，对该项建设进行政策模拟与有效性评估。借助铁路、公路及水路的交通基础设施矢量数据，构建仅新增西部陆海新通道建设的矢量地图，以此开展反事实实验。反事实估计结果表明，市场可达性是西部陆海新通道影响城市人口集聚的关键渠道，且该模拟结果与简约式估计结果相互验证。进一步的福利分析发现，西部陆海新通道的建设对实际收入和贸易利益均有明显提升。本文的发现凸显了贸易开放对人口空间集聚的导向性，为中国以西部陆海新通道建设推动西部城市化发展的战略布局提供了科学的微观证据、理论依据和政策评估。
2025,统筹好政府和市场关系的中国理论创造,黄泰岩,政府和市场关系;有效市场;有为政府;中国理论,经济研究,0,统筹好政府和市场关系这一重要理论是我们党立足新的时代条件推进经济领域理论创新、实践创新、制度创新形成的宝贵经验。系统化、学理化阐释这一重大理论，对于加快构建中国经济学自主知识体系和构建高水平社会主义市场经济体制具有重要的理论和实践价值。统筹好政府和市场关系的中国理论创造集中体现在：一是明确了市场是配置资源最有效率的形式，强调社会主义解放和发展生产力必须发挥市场经济的资源配置效率优势；二是创造性提出市场在资源配置中起决定性作用是市场经济的本质和一般规律，突破了把私有制作为市场经济本质的西方经济学理论；三是创造性地将社会主义制度内嵌到市场经济体制中，使社会主义市场经济具有了制度优势和资源配置效率优势，从而使社会主义市场经济能够创造出更高的效率和更加公平的分配，以及更加完善的国家治理体系和更高的国家治理能力；四是创造性提出了因地制宜、相互促进、系统推进、与时俱进、守正创新等统筹好政府和市场关系的成功之道，为破解政府和市场关系的世界性难题提供了中国方案；五是创造性提出了通过加快构建“高标准市场体系”“健全宏观经济治理体系”和因地制宜统筹好政府和市场关系等全面深化改革的举措，进一步统筹好政府和市场关系，为推进中国式现代化建设提供强大动力和制度保障。
2025,对中国金融法监管体系构建的镜鉴——评《国际金融监管法律冲突研究》一书,叶勇飞,,管理世界,0,<正>在全球经济百年未有之大变局的背景下，国际金融市场日趋复杂和动荡，迫切需要通过监管体系的构建与完善来保障金融市场的稳定和安全，进而推动社会经济的健康运行。由吴永辉编著的《国际金融监管法律冲突研究》一书基于经济全球化的社会背景探讨了新时代国际金融监管实践中存在的冲突现象，并在公法冲突的研究范式下探索解决国际金融监管法律之间的冲突问题，提出了协调实体法、冲突法和程序法的进路安排，以更好地处理国际金融监管中的法律冲突问题，合理管控跨国金融风险，维护国际金融稳定。
2025,人工智能时代中国管理学学术体系建构,戚聿东;朱正浩;赵志栋,人工智能时代;知识创造;中国管理学;学术体系,管理世界,0,中国式现代化实践和人工智能时代的到来，对中国管理学学术体系建设提出了新要求。然而，当前中国管理学的学术影响力仍显不足，理论发展现状与人工智能时代需求之间存在明显的“错位”。这一现象引发了一个核心理论问题：如何在人工智能时代构建中国管理学学术体系？为了系统性回答这一问题，本文首先分析了中国管理学学术体系建构的主要制约因素，继而从知识创造的视角，剖析了人工智能技术赋能管理学知识创造的过程，以及人工智能驱动下中国管理学学术体系的建构机理。在此基础上，本文提出了中国管理学学术体系的发展策略和未来研究机会。研究表明，随着“社会化—表出化—组合化—内部化”螺旋式上升的知识转化过程，中国管理学理论得以发展和完善。相应地，中国管理学学术体系经历了一个相互依赖、循环递进的建构过程，包括跨领域个体经验分享和人机协同、学术共同体间的交流与理论整合、学术生态的丰富与优化，以及学术生态与管理实践的深度融合。本文为人工智能时代中国管理学学术体系的构建提供了理论分析框架和方向性启示。
2025,公募基金的市场认知能力及业绩表现——基于管理报告文本活跃度视角,张维;陈卓;林兟,市场认知能力;基金表现;管理人报告;文本相似度,管理世界,0,在国家培育一流投资机构的政策背景下，科学评估基金管理能力已成为学术界、实务界及监管机构共同关注的核心议题。但现行依赖结构化数据的评价体系存在信噪比偏低、数据易受操纵、策略性隐藏等问题。为此，本文将传统基于“持仓行为—业绩表现”的基金评价逻辑前移至“市场认知”层面，并提出基于非结构化数据的度量方法，发展了基金能力评价框架。基于2008～2021年46050篇基金管理报告的文本数据，本文结合机器学习模型Doc2Vec，从管理报告意见的文本活跃度视角切入，衡量了基金的市场认知能力。研究发现：认知能力显著预测了基金的未来表现，并揭示了基金在择时能力上的差异，为现有主要侧重于捕捉择股能力的基金评价体系提供了重要补充。本文进一步从市场变化的异质性、认知到行为的转化路径以及投资者有限关注的外部影响这3个方面，探讨了该指标的预测机制，并验证了“认知—行为—表现”的逻辑通路。本研究丰富了现有的基金能力评价体系，有助于引导社会资金流向高能力基金，从而在宏观层面提升资金配置的市场效率，在微观层面改善中小投资者与社会保障性资本的长期福祉。
2025,政策取向一致性与企业高质量绿色转型,王渊;李牧南;梁彦希,政策效应评估;环境政策组合;科技政策效应;高质量绿色转型;双重机器学习,管理世界,0,随着我国经济社会发展全面绿色转型，宏观政策规划和设计愈发复杂和敏感，亟待构建跨政策类型的评价理论和计量框架。为此，本文将环境政策与科技政策纳入到理论模型，尝试分析宏观政策取向如何影响企业高质量绿色转型。首先，本文构建了一个跨类型的政策组合效应评估框架，并基于2010～2022年中国A股上市公司数据，使用双重机器学习方法分析了政策组合对企业高质量绿色转型的影响。其次，本文在机制分析部分研究了市场扭曲和市场壁垒对政策组合综合效应的影响。最后，本文分析了上述政策组合在企业产权属性、创新能力、所在地域、污染类型与资源集聚能力等方面的异质性影响。研究发现：政策组合能够发挥一定的协同促进作用，但是环境政策“以点带面”效果有限；环境政策和科技政策均能单独促进企业高质量绿色转型，但科技政策对于“规制+激励”型环境政策组合的赋能作用有限，而对其他环境政策工具组合具备一定的协同效应；通过适宜的调控策略降低市场壁垒有助于提升政策协同效果。本文为进一步优化现有政策组合、促进全国统一大市场建设提供了有益参考。
2025,税收制度改革的税负不平等效应分析——来自“营改增”的经验证据,倪红福;李佶冬;周倩玲,营改增;税收公平;税率差异,管理世界,0,税负公平是税收制度的基本原则。如何在税收制度结构调整中兼顾效率与公平问题是新一轮税制改革的重要问题。本文利用2007～2020年全国税收调查数据，从企业层面实证检验了“营改增”政策的企业税负公平效应与减税效应。研究结果表明：“营改增”兼具提高税负公平性和减税的效果。具体地，“营改增”政策显著降低了行业—地区整体企业的实际税负水平，同时也降低了行业—地区内部企业间实际税负的差异，即提高了税负公平性。异质性分析表明“营改增”政策使改革前高税负企业的税负下降更多，因此减少了行业内的税负差异，实现了减税与公平兼具的效果；对纳入增值税抵扣链条更深，改革前重复征税更严重的下游行业、避税动机更强的行业的减负和税负公平效应更好。机制分析显示，“营改增”通过完善抵扣链条消除了税制扭曲，达到了减税和降低税负差异性的目标；通过更多企业注册为增值税一般纳税人提高征管公平，提升优惠政策的规范性，降低了企业间税负不平等。本文的结论对于构建更现代化科学化的财税体系具有重要的政策价值。
2025,中国人工智能技术暴露度的测算及其对劳动需求的影响——基于大语言模型的新证据,张丹丹;于航;李力行;胡佳胤;莫怡青;李泓孛,人工智能;大语言模型;劳动需求;就业;ChatGPT,管理世界,0,大语言模型人工智能技术发展迅速。本文利用2018年1月～2024年5月之间发布的125万条在线招聘信息，基于对岗位工作任务的具体描述，构建了各职业“大语言模型人工智能技术暴露度”，估计了人工智能技术对劳动力需求以及对岗位学历和薪资等要求的影响。研究发现，在样本期内，中国劳动力市场上新增职位的大语言模型人工智能技术暴露度呈现降低的趋势；暴露度较高的职业主要是对受教育程度要求较高和薪资较高的白领职业，包括会计、编辑、销售及程序员等。基于职业层面的工具变量的回归结果显示，技术暴露度与劳动力需求呈现负相关关系，高暴露度的职业薪资增幅下降、职业内部的薪资差距变大，对教育和工作经验方面的要求也越高。本文强调，中国劳动力市场对新技术的适应性有待加强，建议在加大对大语言模型人工智能技术的研发投入的同时，降低应用门槛，鼓励企业和劳动者使用新技术。
2025,数字平台跨界并购如何影响企业绩效？——基于平台间用户互动的视角,徐洪海;张贵娟;刘玉斌;刘婵,数字平台;跨界并购;平台间网络外部性;企业利润;双边市场,管理世界,0,随着数字平台经济发展和市场竞争加剧，平台企业围绕核心业务通过跨界并购拓展新业务、构建生态系统的现象日益普遍，引发诸多新的经济学问题。本文以平台间网络外部性（即不同业务平台用户之间存在的交互作用）为切入点，通过构建霍特林竞争模型探究平台跨界并购对企业利润绩效的影响机理，利用2014～2021年上市数字平台企业并购样本数据对部分理论分析结果进行实证检验，并结合平台间重合用户数对“百度跨界投资知乎”案例进行分析。研究发现，跨界并购能够提高平台企业的竞争优势和盈利能力。在平台间网络外部性的作用下，平台企业在跨界并购后可以利用跨平台的非对称定价策略扩大用户规模，以高价业务平台收益弥补低价业务平台损失的交叉补贴方式提高整体利润。并且，目标平台竞争优势越大、主并平台市场覆盖率越低，则跨界并购越能提高利润水平。由于更多的用户向实施跨界并购的平台聚集，未实施并购的独立平台将处于竞争劣势，其利润绩效通常会遭受损失。本文基于平台间网络外部性揭示平台跨界并购的经济动因和内在逻辑，丰富了企业并购和双边市场理论，对于平台跨界竞争与合作问题研究具有一定的参考价值，对平台企业商业实践和相关公共政策实施也有启示意义。
2025,共同富裕目标下农产品区域公用品牌的收入效应研究——来自原国家级贫困县的经验证据,杨丹;朱珠;刘自敏;余建宇,农产品区域公用品牌;共同富裕;新型农业经营主体;产业集聚;双重机器学习模型,管理世界,0,支持脱贫地区打造农产品区域公用品牌是推动农业高质量发展的重要引擎，然而该策略是否有助于脱贫地区实现共同富裕有待于深入研究。本文从新型农业经营主体带动农户增收的视角出发，构建了一个包含区域公用品牌农产品、中间农产品以及劳动力3类市场的一般均衡模型，从理论上检验共同富裕目标下农产品区域公用品牌的收入效应；然后聚焦于中国820个原国家级贫困县，采用双重机器学习模型，从绝对水平与相对差距两个维度对农产品区域公用品牌的收入效应进行实证检验。研究发现，农产品区域公用品牌有助于促进农户增收，缩小城乡收入差距，且这一效应存在异质性。具体地，农产品区域公用品牌的收入效应在革命老区和重点贫困县表现更为明显。从不同品牌种类来看，经济作物和水产品类品牌比其他类品牌的收入效应更强。机制分析表明，地区产业集聚与新型农业经营主体增加是农产品区域公用品牌发挥收入效应的重要渠道。最后，进一步分析发现，农产品区域公用品牌建设对邻近地区的收入效应存在正向溢出效应。本研究为更好地促进农产品区域公用品牌价值实现、增强脱贫摘帽地区内生发展能力提供了有益借鉴。
2025,全球价值链、动态分工边界与中国经济结构转型,钱学锋;高婉,全球价值链;动态分工边界;经济结构转型,管理世界,0,自20世纪90年代以来，中国在加速融入全球价值链的同时，经济结构转型过程中出现了一些新的特征，将对长期均衡发展形成一定压力。在此背景下，本文分别建立两国三部门和三国三部门产品内动态分工的全球价值链模型，探究制造品零部件动态分工对中国经济结构转型的影响及其内在机制，并使用中国现实数据进行计量验证，以期深化全球价值链与中国经济结构转型之间的规律性认识，从而明确高水平对外开放的具体策略和路径，助推中国经济结构不断优化。理论分析表明，中国与发达国家进行产品内分工，或者积极与其他发展中国家进行产品内分工，并以其为枢纽与发达国家进行间接的产品内分工，提升动态分工边界均有利于制造业技术水平持续上升，同时促进经济份额向高效率的制造业转移。实证分析结果验证了理论分析的结论，表明提高动态分工边界可有效缓解现阶段中国经济转型过程中的结构性压力。因此，中国必须坚持对外开放基本国策，坚持以开放促改革，依托超大规模市场优势，持续深化与发达国家的价值链合作，拓展与其他发展中国家的中间品贸易，加快建设更高水平开放型经济新体制。
2025,碳排放权交易制度、产业绿色转型及其外部性,孙传旺;陈智龙;孙博文,新质生产力;碳排放权交易制度;产业绿色转型;外部性效应,经济研究,0,绿色发展是高质量发展的底色，产业结构绿色转型有利于推动新质生产力的形成与发展。已有研究表明，中国碳排放权交易（下文简称“碳交易”）制度能够促进本地产业绿色转型。本文研究发现，碳交易试点制度对周边非碳交易试点地区（下文简称“周边地区”）的产业结构低碳化具有负外部性效应。具体而言，本文根据中国税收调查数据库构建区县产业结构低碳化指标，基于双重差分等方法进行经验研究。研究结果表明，碳交易试点制度阻碍了试点地区相邻省份辖区内区县的产业结构低碳化，尤其是与试点地区直接毗邻或者外围50公里以内的区县；此外，这种负向作用会受到周边地区规制力度和试点地区碳价水平的影响。值得注意的是，本文立足于新质生产力的发展逻辑，分析碳交易制度外部性的机制渠道，验证了产业布局、要素配置以及技术创新三种不同的机制因素。为阐明技术创新对于碳交易制度负外部性的缓解效应，本文进一步测算了各行业低碳效率指标，并采用三重差分方法发现高技术行业低碳效率会因碳交易制度而提升。聚焦于碳交易制度的产业绿色转型外部性，本文结论不仅对于当前碳交易市场范围从试点扩大到全国的制度改革提供理论依据与经验支持，而且为构建全国生态环境要素统一大市场的新型生产关系、加快形成新质生产力贡献生动案例与学理参考。
2025,理解要素宏观和微观替代弹性的差异：基于行业和政策影响的视角,崔小勇;曾海洲;龚六堂,微观弹性;宏观弹性;制造业;生产性服务业;政策效应,经济研究,0,本文基于2016—2020年的税收调查数据，估计了制造业和生产性服务业的微观资本—劳动替代弹性，并在引入政府政策后，测算了宏观资本—劳动替代弹性，在此基础上还测算了政府政策对宏观弹性的影响。研究发现，在微观企业层面，制造业和生产性服务业中资本与劳动呈现互补关系，但在宏观层面，制造业中资本与劳动则表现为替代关系，替代弹性约为1.5；而生产性服务业的替代性显著弱于制造业，在2016—2018年间表现为互补关系，但2018年起逐步呈现弱替代性特征，政策实施会削弱制造业和生产性服务业中资本对劳动的替代性。本文进一步讨论了政府政策如何影响要素成本，进而影响要素回报份额。以2019年社会保险费率调整为例，社会保险费率的下降对不同企业的劳动成本影响不同，整体上引起制造业和生产性服务业的劳动收入份额分别上升了6.47个和1.45个百分点。本文的研究揭示了微观弹性与宏观弹性的联系与区别，并定量识别了政策对要素份额的影响，为优化初次分配格局提供了理论依据。
2025,增值税区域间转嫁：机制与规模,汪昊,增值税;税收转嫁;区域经济;多区域可计算一般均衡模型,经济研究,0,税收转嫁直接影响区域间税收分配公平和区域间均衡发展。本文基于多区域一般均衡税收转嫁模型，从理论上分析了增值税通过劳动、资本和消费三条路径在区域间转嫁的机制。基于2017年中国多区域社会核算矩阵，本文构建了一个包含东、中、西三区域和一、二、三产业的中国多区域可计算一般均衡（MRCGE）模型。研究结果显示：东部地区为税收流入地，中部和西部地区为税收流出地，现有增值税分配制度加剧了区域发展不均衡。2017年东部增值税流入5660亿元，占其增值税收入的15.01%；中部增值税流出4420亿元，占其增值税收入的40.49%；西部增值税流出1240亿元，占其增值税收入的16%。东、中、西部第一产业税收流出分别为1481亿元、1357亿元和967亿元；第一产业税收流出，绝大部分是其劳动税收流出。稳健性检验表明，随着统一大市场的完善和要素替代弹性增加，东部税收流入逐渐增大，中部税收流出逐渐减少，西部税收流出逐渐增大。最后，本文提出建立有利于区域均衡发展的增值税分配制度及深化财税体制改革的建议。
2025,城市网络嵌入、信息可得性与企业创新边界,陈旭;邱斌;纪展鹏,城市网络;创新边界;信息可得性;地位临近优势,经济研究,0,在国内统一大市场建设过程中，企业的创新动能越来越依赖于城市网络所产生的空间外部性。本文对企业创新动力来源的解析从传统的“场所空间”视角延伸至“流动空间”视角，运用多维流数据构建城市网络地位指标，探讨城市网络嵌入如何影响企业创新边界。研究发现，城市网络嵌入能够显著拓展本地企业的创新边界。基于信息可得性的机制检验显示，城市网络嵌入一方面有助于企业拓展技术网络和贸易网络，另一方面能够增强企业之间技术关系紧密度和上下游关联度，表现为信息可得性广度和深度的增加，从而促进企业创新边界的拓展。同时，研发能力突出的大型企业作为“知识守门人”，承担着区域内外“信息接口”的角色，这对于增强城市网络嵌入的创新边界促进效应具有重要价值。最后，本文提出“地位临近优势”观点，即当城市间网络地位较为接近时，中心城市对临近城市才能发挥知识溢出效应。本文认为，中国未来城镇化发展思路应在城市群形态基础上，在更大空间尺度上推动城市合作，同时应注重培育“知识守门人”型企业，以增强本地企业在城市网络形成过程中的外部知识利用能力。
2025,战略性新兴产业政策与高校创新,宋华盛;杨梦霞;罗德明,战略性新兴产业;产业政策;高校创新;产学研合作,经济研究,0,作为基础研究的主力军，高校能否瞄准国家重大需求，突破关键核心技术和关键共性技术，对新兴产业的发展至关重要。本文以战略性新兴产业政策为自然实验，使用高校层面的微观数据，运用双重差分法分析产业政策对高校创新的影响及作用机制。研究发现，战略性新兴产业政策的实施显著提升了高校在相关领域的创新产出。路径分析表明，该产业政策提高了政府对高校的科研经费投入，扩大了企业对高校的科技服务需求，加强了高校对相关新兴学科的建设。产业政策对高校创新的正向促进效应在211高校、部属高校以及东部地区高校中更显著。产业政策也显著提升了高校的专利质量和论文产出水平。此外，产业政策诱导的高校创新活动促进了地区经济发展。本文的研究对于发挥高校在产业发展中的创新引领作用，推动产学研合作，促进科技创新和产业发展深度融合，为地区经济发展提供新动能，具有一定的政策启示。
2025,区域绿色协调发展：来自“西电东送”工程的证据,陈邱惠;杭静;徐现祥,绿色贸易;绿色协调发展;绿色转型,经济研究,0,党的二十届三中全会提出，“加快经济社会发展全面绿色转型”。过去二十年，中国绿色转型呈现出区域经济差距缩小和环境污染下降的绿色协调发展现象。本文以电力为切入点构建理论模型，证明了绿色贸易可促进区域绿色协调发展：绿电替代火电可降低受端污染，改善环境质量；跨区贸易可提高送端产出，缩小区域经济差距。本文利用“西电东送”作为绿电贸易的政策冲击。研究表明，西电东送绿电输电线路每增加一条，送端的经济增速显著提高0.8个百分点，受端的PM2.5浓度下降2%，整体上缩小了区域经济差距、降低了大气污染。机制分析发现：价格上，西电东送显著缩小区域电价差距；数量上，西电东送促进省际电力贸易，提高送端发电量，降低受端发电量，缩小区域经济差距；结构上，西电东送提高送端绿电发电量，替代受端高污染火电，降低大气污染。本文的研究揭示出绿色贸易在推动经济社会发展全面绿色转型中的重要作用。
2025,协同视角下构建全国统一大市场的事前评估研究——以电力市场为例,宋枫;冯彦博;黄阳华;崔健,全国统一大市场;市场分割;电力市场;社会福利;碳中和,经济研究,0,本文以电力市场为典型样本，立足我国电力体制实际和技术经济特征，从效率、公平、环境与安全四个维度，量化评估建设全国统一电力市场对不同市场主体和地区的影响。本文基于电力市场均衡模型和高颗粒度供需数据的模拟结果显示，电力市场一体化程度的提升，能够使得年度全社会总剩余增加148亿元—256亿元，供电总成本下降0.8%—1.5%，平均电价下降1.7%—4.2%。其影响在不同市场主体与地区之间存在异质性：由于电力需求弹性低，电力批发价格的潜在下降幅度大于成本下降，使消费者受益更多；省间电力贸易增加，促进电力价格趋同；电力生产集中于西部省份，部分电力进口省份的对外依存度上升；统一电力市场建设对碳减排的效果不显著，碳排放将更加集中于电力出口省份。在推进全国统一电力市场建设时，应优先考虑在贸易和福利改善潜力较大的华北、西北、华中地区建立区域市场，或基于网架结构，在供需互补性强的东西部省份构建跨越型区域市场。本文的量化分析结果为全国电力市场建设路径的选择提供了科学支撑。
2025,区域比较优势演化、深度分工与国内大循环,李雪莲;贾鸿雁;周茂;李雨浓;蒋芊,国内大循环;比较优势;区域分工;结构模型,经济研究,0,充分发挥各区域比较优势以促进省际深度分工是畅通国内大循环的重要途径。本文首先考察国内各区域产业结构同构和生产率的变化趋势，揭示了比较优势趋同的现象。其次，基于相关特征事实，借助贸易结构式模型与反事实模拟方法，量化分析区域比较优势演化及实现深度分工对中国省际贸易和福利的影响。最后，探究了规模经济和区域间壁垒对深度分工经济效应的作用。结果表明：（1）产业空间深度分工会显著提升中国省际贸易和福利。若在各区域部门生产率实现绝对增长的同时，保持区域间相对生产率结构不变，则省际贸易流量相较于现实情形提升约9%，福利水平提升约15%。（2）规模经济的存在以及区域间壁垒降低（如贸易成本和劳动力流动成本下降）能够对深度分工畅通国内循环和提升福利产生放大效应。本研究有助于从地区间分工的视角为优化中国生产布局、促进区域间产业协作以及畅通国内大循环提供理论支撑和政策参考。
2025,产业升级测度与国际比较：基于价值链关联和功能专业化的视角,习媛杰;王直;马弘,产业升级;功能专业化;全球价值链;国际比较,经济研究,0,推动产业深度转型升级需要加快生产要素创新性配置。本文从全球价值链关联与功能专业化视角出发，构建与国民经济核算框架一致的前向与后向产业升级测度指标，聚焦研发与营销两类高附加值功能。基于内嵌中国各省份的全球投入产出表和区分所有制的省际投入产出表，系统评估了中国产业升级水平及其国际地位，并探讨了各省份产业升级的驱动机制。研究发现：中国各省份通过嵌入全球价值链加快了制造业升级步伐，但整体水平仍低于发达国家；外资企业在高附加值环节优势明显，内资企业竞争力持续增强，省际循环的重要性日益提升。中国各地区产业升级正从外需驱动逐步转向以省内结构优化和省际协同为主的内生模式。本文丰富了产业升级测度体系，为推动分区域、分功能、分所有制的精准升级提供了政策参考，并为理解中国在全球价值链中的升级路径提供了新视角。
2025,中国人口老龄化与结构性就业矛盾转换,蔡昉,人口转变;结构性就业矛盾;搜寻与匹配;倒U字形匹配曲线,经济研究,0,结构性就业矛盾是劳动力市场常态，由多种因素决定，也以多种形式表现出来。与人口转变过程和未富先老特征相关的劳动力年龄结构变化，是中国面临结构性就业矛盾的独特且显著因素，也应该成为构建中国特色就业理论的主要研究方向。本文利用中国独特的数据，展示结构性就业矛盾的存在、特征和变化趋势。根据劳动力年龄分布及其相关的人力资本禀赋特征，本文揭示一个就业匹配的特征化事实或参照框架，并将其表述为就业匹配度随劳动者年龄增长，呈现从低到高再下降的倒U字形曲线。与此相对照，中国劳动力年龄结构已然呈现近似于U字形曲线的分布，这恰恰反映了结构性就业矛盾的中国特色，即老龄化带来的匹配难度。在分析结构性就业矛盾的微观行为和宏观结果的基础上，本文从劳动力市场匹配现状中提炼政策含义，并有针对性地提出政策建议。
2025,机器人、劳动力高龄化与工资差距,魏下海;曾晨语;陈建伟;杨广亮,机器人;劳动力高龄化;工资差距,经济研究,0,在劳动年龄人口负增长和结构老化背景下，企业需要在劳动力成本和自动化技术之间取得新平衡。有效结合自动化部署，并充分挖掘高龄劳动力资源，对经济高质量发展至关重要。本文基于特定年龄组执行不同工作任务的新视角，从理论和经验研究层面探询自动化技术（以工业机器人为载体）如何与工作场所高龄劳动力形成互动，进而改变企业内部劳动者的工资差距。本文首先通过构建一个体现劳动力年龄结构的工作任务自动化模型，基于不同年龄组劳动力在常规任务和非常规任务上具有不同优势的假设前提，从理论上阐述了机器人应用影响企业内部年龄工资差距的内在逻辑。理论预测，企业引入机器人一方面可能通过替代劳动要素完成常规任务而使得非常规任务更加重要，另一方面可能推动高龄劳动力向非常规任务再配置，从而促使高龄劳动力获得更高的工资回报。接下来，利用制造业“雇主—雇员”匹配调查数据和相关配套数据为上述理论预测提供了经验证据。经验研究发现，机器人应用为高龄劳动力带来显著的工资溢价，并且高龄劳动力在就业前景和工作满意度方面也显示出更积极的回报。机制检验表明，相比于年轻劳动力，高龄劳动力更多地从事非常规任务。本文的研究结论意味着，在老龄化不断深化的背景下，高龄劳动力与机器人技术形成互补协同效应，从而为积极应对人口老龄化的国家战略提供了有益的政策启示。
2025,高校体育资源与体育产业的联动发展——评《高校体育产业高质量发展研究》一书,龚其超,,管理世界,0,<正>体育强国既包括更好、更快、更高、更强的竞技体育，也包括更亲民、更便利、更普及的全民健身，同时离不开更大、更活、更优的体育产业。体育产业不仅为开展各项体育活动提供必要的物质基础，还为体育科技创新、体育文化传播提供重要的产业载体。各类体育赛事都离不开体育产业的强力支持，世锦赛等顶尖体育赛事更是体育产业的盛宴。
2025,国有银行低位估值困境与资本金补充路径——基于邮储银行定增案例的探索性研究,王茂斌;刘津宇;叶涛;陈雅馨,银行资本金;定向增发;价值创造;估值纠偏;案例研究,管理世界,0,中国邮政储蓄银行向中国移动的溢价定增，构成了“国有银行资本金补充+国企资本运作与产业转型”共赢模式的经典案例。本文基于该案例的详细刻画和阐述，采用案例剖析—实证探索—理论演绎的逻辑线，试图厘清长期处于估值低位的国有银行如何借助于溢价定增实现核心一级资本的有效补充，并从国有资产估值纠偏的“价值创造”视角入手，探讨国有企业和国有银行之间具有战略投资性质的定向增发如何通过战略协同实现共赢，提振市场信心，实现国有企业估值重塑。进一步的实证研究发现定增有显著的正向财富效应，长期来看也有利于银行估值修复，且这一效应在中特估成份股银行、系统重要性银行、溢价发行和大股东参与认购时更强。本文的研究不仅充实了商业银行定向增发和资本金补充的相关理论，而且从顶层设计维度为当下国有银行和国有企业通过资本层面战略合作完成资本流动与保值增值的可行路径提供了政策参考。
2025,要素替代非对称性与资源配置效率,林毅夫;王勇;岳威铮;朱礼军,要素资源配置;禀赋结构;要素替代非对称性;要素替代弹性,管理世界,0,现有关于资源错配的主流文献假设不同生产要素之间的替代是对称的，将美国的资源配置作为标准，认为中国、印度等发展中国家存在严重错配。本文基于现实观察，提出要素替代非对称性这一新的理论概念，指出技术进步使资本可以不断替代劳动，但劳动替代资本却有边界。本文证明，即使要素市场不存在任何扭曲，要素替代非对称性的约束会导致在资本稀缺的发展中经济体中，企业间全要素生产率收益方差内生的大于资本充裕的发达经济体。现有文献以美国的全要素生产率收益方差为标准来衡量不同发展阶段经济体的资源配置效率，这存在严重误导。若通过外部干预来强行降低这种内生方差，反而会给发展中经济体带来资源配置效率的损失。本文进一步利用中国制造业企业数据证实了模型推论，并通过结构估计方法，控制要素替代非对称性影响后重新测算中国和美国资源配置效率间的差异，发现其结果显著低于现有文献的测算值。本文创新性地提出发展阶段对要素资源配置的内生影响，并提出了度量不同发展阶段经济体的资源配置效率的方法，这对于我们准确理解给定发展阶段下的经济运行效率具有重要意义。
2025,量化交易的市场价值效应——信息优势的作用,陆蓉;张瑞瑞;闵思凯,量化交易;订单流信息;基本面信息;信息透明度;股票收益,管理世界,0,量化交易是否具有信息优势，它们如何交易，对市场有何影响？本文根据A股市场量化交易执行策略“母单拆分”的特点构建量化交易活跃度指标，探讨该指标对股票未来收益的预测能力，并试图打开其决策黑箱，得出以下三方面研究发现。第一，量化交易活跃度对股票未来收益具有显著正向预测能力，构建的多空组合可实现年化24%的超额收益。机制分析表明，量化交易利用信息优势，策略性地聚集在低信息透明度股票中。量化交易通过捕捉散户订单流出的信息并执行频繁的套利策略，即客观表现为活跃在低估的股票池中，从而正向预测了股票未来收益。该多空组合在更易预测订单流信息、散户存量更大的股票中以及散户投资者增多的时期可以获得更高的收益，进一步证实了上述机制。第二，量化交易的信息关注呈现结构性差异，对基本面信息的关注仅存在于高透明度股票，而在主要布局的低透明度股票中缺乏有效的信息挖掘。第三，市场效应存在双重性：量化交易虽提升股价信息含量（修正市场类异象定价偏差），但抑制基本面信息生产（对基本面类异象无影响）。此外，量化交易还会提高股票的尾部风险，加剧市场的不稳定。为了缓解潜在风险，建议对交易拥挤度高且缺乏融券对冲机制的股票实施差异化监管。本文的结论丰富了量化交易对金融市场影响的研究，对于引导我国未来量化投资领域的发展具有启示。
2025,基金抱团的成因、演化与经济后果研究——基于网络社区的方法,田正磊;刘洋溢;罗荣华,基金抱团;网络社区;私有信息互补;羊群效应;基金业绩;股价信息效率,管理世界,0,基金抱团在中国资本市场上广泛存在且饱受争议，理解其本质成因、演化路径与经济后果是学术界和实务界共同关心的重要问题。不同于已有文献主要借鉴羊群行为的概念，并关注基金抱团的负面后果来展开研究，本文首次使用基金网络社区划分的方法，更全面深入地探究了基金抱团的理性内核（私有信息互补效应）与非理性外衣（机构羊群效应）之间的关系。本文的实证结果显示，同一网络社区中存在显著的私有信息互补效应：（1）基金通过观察和学习社区内其他基金的交易行为，对抱团股票的基本面信息变得更加敏感；（2）更加积极参与社区内私有信息互补的基金其未来业绩更好，受基金私有信息互补影响程度更大的股票其信息效率更高。进一步分析表明，社区内的私有信息互补效应常常与羊群效应相互杂糅：（1）私有信息互补的程度越高，后续越容易引发买方羊群效应并抑制卖方羊群效应；（2）随着抱团股的股价持续上涨，基金私有信息互补的程度逐渐削弱，导致基金抱团的理性内核瓦解、卖方羊群的压制随之松绑，最终产生股价崩盘等负面后果。本文的研究不仅有助于加深市场对于基金抱团的全面性认知，也能为监管实务提供政策参考，从而保障资本市场的平稳运行、促进基金行业高质量发展。
2025,空间集聚视角下长期护理保险的供方效应——来自养老产业的经验证据,朱铭来;何敏;马智苏,长期护理保险;供方效应;养老产业;空间集聚;银发经济,管理世界,0,建立长期护理保险制度是积极应对人口老龄化、推动养老事业与养老产业协同发展的关键举措，然而，其对养老产业发展的影响尚未被揭示。本文以微观企业和城市统计年鉴数据为基础，利用长期护理保险制度试点，从养老产业空间集聚视角出发，评估长期护理保险的供方效应。研究发现：长期护理保险有助于推动养老产业空间集聚，尤其在养老照护服务领域效果明显；需求规模效应和知识溢出效应是主要机制；更广的保障范围、多元服务补偿类型及灵活待遇给付方式可产生更大效应。本文提供养老产业的全国性经验证据，拓展当前聚焦于养老护理机构的研究框架，并评估长期护理保险不同试点方案的制度成效，研究结论为长期护理保险制度优化提供有益参考，对发展银发经济、增进老年人福祉有借鉴意义。
2025,深耕百年金融沃土铸就一流学科新篇——西南财经大学金融学院、中国金融研究院简介,,,管理世界,0,"<正>西南财经大学金融学院、中国金融研究院顺应新时代金融学科发展新趋势和金融行业发展新需求,按照“两种建制、一体建设”的思路,于2022年在原金融学院、保险学院、证券与期货学院、中国金融研究中心、金融研究院等单位基础上合并组建而成,以崭新的面貌聚合金融学科资源,全力打造金融学科新高地。"
2025,税收征管信息技术进步与最优税制设计,刘贯春;张高荣;陈肖雄,信息技术进步;企业所得税;法定税率;税收稽查强度,管理世界,0,在税收征管信息技术水平不断提高的背景下，本文通过构建一个包含政府部门与代表性企业的三期动态博弈理论模型，系统探讨了企业所得税的最优税制设计问题。研究发现，当政府部门只关注税收收入单一目标时，由于税收征管信息技术进步会减少企业逃税行为，最优的法定税率与税收稽查强度理应向下调整。与之形成鲜明对比的是，当政府部门同时关注税收收入与经济产出双重目标时，税收征管信息技术进步对最优法定税率与最优税收稽查强度的影响具有非线性特征。具体地，当政府部门对经济产出的关注度较低时，最优税制设计与单一目标情形保持一致，否则最优法定税率与最优税收稽查强度理应向上调整。进一步讨论发现，随着税收征管信息技术进步，最优税制设计的调整幅度与宏观经济形势和资本调整成本相关，而且会对企业实际税负、经济产出、税收净收入和社会无效损失产生重要影响。本文研究丰富了中国情境下的最优税制设计理论，为决策层调整企业所得税以缓解财政压力和助力经济“稳增长”提供了理论指引和实施方案。
2025,新质生产力赋能农村经济高质量发展——评《新质生产力赋能新型农村集体经济高质量发展研究》,龙力涛;龙方,,管理世界,0,<正>乡村振兴战略的实施已步入全面发展阶段，而乡村经济振兴作为乡村全面振兴的重要抓手，需进一步实现高质量发展。与此同时，在全球新一轮科技革命和产业变革深入发展的当下，新质生产力作为推动经济高质量发展的重要力量，正以前所未有的速度和力度重塑各个领域的发展格局。
2025,跨地投资扭曲、产品市场分割与资本的空间配置效率——基于量化空间均衡模型的研究,赵扶扬;王都;戴若尘;陈斌开,跨地投资;市场分割;资本空间配置;量化空间均衡模型,管理世界,0,建设全国统一大市场，需要同时促进要素和商品在地区间畅通流动。本文聚焦资本要素的跨地区流动，从跨地投资扭曲和产品市场分割的交互关系出发，研究我国“资本逆回报率流动”的空间错配现象。本文认为，招商引资逻辑下的跨地投资扭曲是直接原因，而在产品市场分割下，企业为规避跨地贸易成本而直接在市场所在地投资建厂的动机同样会导致资本要素的空间错配。本文构建了一个包含跨地投资决策和地区间产品、资本、劳动力市场的量化空间一般均衡模型，发现跨地投资扭曲和产品市场分割对资本空间错配的影响占比基本相当，而忽略产品市场与资本市场的交互效应将导致国内贸易开放带来的总体利得被低估约20%；造成资本空间错配的深层原因，是地方政府在经济和财税激励下的扭曲行为。政策模拟显示，地区间资本市场和产品市场一体化程度提高可以有效缓解资本空间错配从而带来整体效率提升，但也会面临一定成本与困境：第一，欠发达地区资源被压缩导致地区差距扩大，需要推动劳动力的同向集聚才能实现“公平”和“效率”的统一；第二，市场一体化的建设将在地方执行层面面临潜在阻力，而消费税征收环节后移等财税制度改革可以推动地方政府的激励相容。
2025,在模型误设的统一框架下理解双重差分方法的最新发展,林梦芸;徐阳;郭汝飞;易君健,双重差分方法;模型误设;负权重;双重固定效应回归,管理世界,0,"以安格里斯特为代表的经验主义范式主导了最近30年的经济学实证研究，但近年来屡受质疑。争议的焦点之一在于双重固定效应回归模型的误用。安格里斯特（1998）最初基于条件独立假设，发现“无伤大雅”（Mostly Harmless）的常系数回归模型可以近似估计出异质性处理效应的平均值。安格里斯特和皮施克（2009,2014）则将“无伤大雅”思路运用于平行趋势假设下的双重差分方法，扩展了原本用于实施2×2经典双重差分的双重固定效应回归模型，提炼出该模型3个维度的推广，促进了该模型的广泛使用。本文研究发现，安格里斯特和皮施克的3个推广都可能带来严重的模型误设。在平行趋势假设下，常系数双重固定效应回归无法估计出异质性处理效应的凸组合，即不同个体或组的处理效应的加权平均（权重非负且和为1）；此时，忽略处理效应的异质性不再是“无伤大雅”的，这是安格里斯特经验主义范式的根本问题。本文以模型误设的统一框架理解双重差分方法的最新发展，提倡研究者基于具体问题的现实背景与经济理论来设定经验分析模型，深化了中国经济实证研究的方法论基础。"
2025,地方债务化解与地区经济增长：来自融资平台转型的证据,周博;梁蕴佳;赵绍阳,剥离融资职能;市场化主体;溢出效应;资源配置效率,经济研究,0,推动融资平台改革转型既是防范化解地方债务风险的内在要求，又是新一轮财税体制改革的关键内容。本文利用多套微观数据从经营绩效、资源配置、经济增长的视角考察了融资平台改革转型的化债效果及其经济效应。研究发现：（1）融资平台改革转型显著降低了自身的负债和资产规模，同时提高了其盈利能力；（2）在机制上，改革转型的融资平台一方面通过偿还存量债务使其负债和资产规模下降，另一方面通过开展更多的经营性业务来实现自身盈利能力的提升；（3）融资平台改革转型在地区层面使低效率企业的信贷融资与投资水平显著减少，而高效率企业的信贷融资与投资水平明显增加，从而改善了地区层面的资源配置效率，促进了地区经济增长。本文的研究结论为当前统筹高质量发展与高水平安全背景下如何有效化解地方债务风险提供了重要参考。
2025,货币政策与市场结构：来自龙头企业供应链资金占用的证据,顾雷雷;王南萱;彭俞超;简苏尔·居来提,货币政策;商业信用;市场结构;反垄断,经济研究,0,强化反垄断、深入推进市场公平竞争是完善社会主义市场经济体制的内在要求。近年来，一些企业采用基于供应链资金占用和金融获利的市场扩张模式，可能对货币政策传导造成影响。通过构建一个考虑商业信用占用特征的两阶段博弈模型，本文发现：当货币政策扩张降低客户提供商业信用的成本时，客户更偏好购买行业龙头企业所生产的产品；行业龙头企业在扩张性货币政策下会采取主动降价的措施实现市场份额扩张，占用更多商业信用资金进行金融市场投资。基于上市公司季度财务数据的一系列实证检验支持了上述理论发现。机制分析表明，货币政策扩张并未直接影响龙头企业的信贷规模，而是通过缓解供应链上下游中小企业的融资约束，使信贷资金以商业信用的形式流向市场地位较高的龙头企业。本文的研究结论揭示了货币政策扩张存在加剧市场集中的效应，为政府制定相关政策推进市场公平竞争、帮扶中小企业发展提供了有益思路。
2025,减税政策的区域异质性投资效应,刘勇政;徐贻帆;邓怀聪,减税政策;企业投资;区域异质性效应;政府财政筹资策略,经济研究,0,中央政策目标的实现在一定程度上取决于地方政府的有效执行。在“减税难减支”的现实背景下，需要关注中央减税政策带来的收入冲击是否会因地方政府采取差异化的财政筹资策略而产生区域异质性政策效应。本文以固定资产加速折旧政策为切入点，基于中国工业企业数据研究了中央减税政策在区域间产生的异质性投资效应及其形成机理。研究发现：总体上，固定资产加速折旧政策具有显著的投资促进效果；政策效果呈现明显的区域异质性，政策的投资促进效应主要集中在发达地区，而欠发达地区的企业投资无显著增加。进一步研究发现：地方政府应对减税冲击的差异化财政筹资策略是导致这种区域异质性效应的重要原因。具体而言，在减税冲击下，发达地区政府拥有包括发行地方城投债和增加土地出让在内的多元筹资渠道以支撑其贯彻落实减税政策；而欠发达地区由于缺乏相应的筹资渠道，可能通过减少政策落实、加强税收征管等方式应对收入下降冲击，最终削弱或抵消了减税的政策效果。本文研究结论的政策启示在于，在地方财政压力未得到有效缓解的情况下，中央减税政策可能产生明显的区域异质性效应，并因此在一定程度上影响区域均衡发展。
2025,公路网络、产品贸易与区域协调发展,郭冬梅;郑怡林;李昕;吴雨恒;吴楠,内生路网;贸易成本;区域协调发展;量化空间模型,经济研究,0,行政区之间协调的高成本导致具有准公共品属性的跨区公路资源配置不足，潜在地损害区域经济发展。本文聚焦京津冀城市群，以公路网络作为区域贸易的核心载体，通过构建地区生产结构和生产效率异质的空间一般均衡模型，基于2019年京津冀200个区县的微观数据量化分析公路资源的空间配置效率及其对区域经济的影响，同时探讨了公路资源有效配置的实现路径。研究结果表明，公路资源的错配大约会造成674.8亿元的福利损失，跨省、跨城乡的路段公路资源配置相对不足，降低了各地区优势产业的专业化程度和地区间产品贸易规模。最优公路扩容规模约为公路存量的3%，将更多公路资源配置在跨省和跨城乡之间，能够有效提高公路网络效率，并缓解错配造成的福利损失。本研究旨在为打破区域行政壁垒、优化公路网络、提升基础设施建设与区域发展的协同性提供政策借鉴。
2025,外部市场冲击与本国企业创新：以人力资本外部性为视角,邓仲良,外部市场冲击;企业创新;人力资本外部性;创新韧性,经济研究,0,本文的理论研究表明，外部市场负向冲击对本国企业创新有着抑制效应，但企业所在城市的人力资本外部性具有“生产效率提升效应”，有利于促进生产成本最小化的企业创新产出，进而缓解外部市场冲击对创新的不利影响。本文利用2000—2013年“中国工业企业—海关—专利”匹配数据和联合国商品贸易统计数据库，考虑外部需求和成本冲击，构建了企业层面的统一外部冲击变量，并通过经验研究证实了基本理论假说。本文进而采用明代进士数据作为工具变量、使用2006—2020年上市公司专利数据、进行反事实分析以及考虑更具外生性的冲击政策影响，基本结论依然成立。异质性分析表明，外部市场冲击对企业发明专利产出影响更大，大企业、国有企业和技术密集型企业应对外部冲击更有效。机制分析进一步证实，除生产效率提升效应外，人力资本外部性还可通过产业多样性和本地知识网络可及性对冲外部市场负向冲击。本文可以为新发展格局下推动高质量发展和高水平安全实现良性互动提供政策启示。
2025,自愿性国际标准协调与企业出口决策调整,王明涛;李宏亮;谢建国,标准协调;选择性创新;出口信念;出口调整;自愿性,经济研究,0,产品标准协调是中国对接高标准国际经贸规则和制度型开放的重要内容。本文基于异质性企业贸易模型，在自愿性国际标准协调情形下，探究企业如何调整出口决策，并利用2001—2015年全球国际标准协调数据与中国海关企业贸易数据对理论预测进行实证检验。研究表明，自愿性国际标准协调限制了企业进入出口市场，同时促使企业退出出口市场。机制分析发现，自愿性国际标准协调具有选择性创新效应，只对高生产率企业产生创新激励，加剧了市场竞争的筛选作用，挤压中小企业的出口生存空间。同时，自愿性国际标准协调抑制非标准化产品的出口信念预期，且该抑制作用随标准化产品出口规模的扩张而增强。进一步研究发现，自愿性国际标准协调提升了企业产品出口集中度，扩大在位产品出口规模，提升了在位产品的出口质量。本研究有助于从企业出口动态视角深入理解当前正在推进的标准制度型开放政策可能的影响，同时为政府设计配套政策提升企业对标准的适应力、降低国际市场过度退出风险提供决策参考。
2025,碳关税、碳减排及其福利影响的定量研究：基于内生碳价的一般均衡模型,王欢欢;吴骁骏,碳关税;碳减排;福利变化;技术效应,经济研究,0,基于多国多部门的一般均衡模型，本文首先在无减排技术与有减排技术两种模型下，定量估算了碳关税的经济与福利影响。结果显示：碳关税改善了加征国实际国内生产总值（GDP）和福利水平，但是降低了中国和其他国家的实际GDP和福利；相较于无减排技术的模型，减排技术提升了单位能源的碳排放效率，降低了企业生产的碳排放水平，显著改善了能源使用效率，进而减弱了碳关税的负面影响。其次，就作用机制而言，碳关税通过影响碳价、碳减排技术以及生产和贸易格局发挥作用，并借由规模效应、技术效应和资源再分配效应影响碳排放。再次，就行业而言，碳关税的影响在上下游行业间传导，并呈现显著的行业异质性；就地区而言，能源密集型地区受到的负面影响最大。最后，行业和区域政策模拟表明，为了削弱碳关税的负向影响，可考虑对高碳排放行业和地区采取预防性的碳价提升和强化监管措施。
2025,数据开发与占有权最优安排：基于数据要素财产权利的分析,龙登高;刘紫卓;王勇,数据产权;占有权;数据开发;扩权赋能,经济研究,0,借助算力和算法对数据要素进行开发利用是数字经济高质量发展的关键。由此产生的问题是开发过程中新增的财产权利如何有效配置才能更好地激励数据开发企业的积极性，同时又能保护数据所有者的利益和隐私。本文借鉴土地占有权理论，从数据开发的视角，提出数据要素占有权理论，分析其最优安排和相应的福利效应。数据要素占有权是企业投资数据开发所获得价值增量的产权形态，属于非所有者支配的财产性权利，具有产权激励与风险管理的经济功能。本文构建了数据所有者和数据开发企业之间的两阶段动态博弈模型，在纳什讨价还价模型框架下分析最优的占有权安排。研究发现，为实现社会福利最大化，数据占有权的最优安排需要基于数据要素及其市场特征进行调整。与现有文献相比，本文的主要创新是基于要素开发的视角阐明了数据要素产权的最优安排，凸显了占有权的开发激励功能，为完善数据要素的产权制度提供了一定的理论支撑。
2025,数字经济核心部门技术进步、新增产业关联与经济效应——基于生产网络的分析框架,李杰;杨海生;谢婉晴;王圣哲,数字技术;生产网络;经济韧性;劳动力份额;居民消费,经济研究,0,促进数字技术与实体经济深度融合是以科技创新引领现代化产业体系建设以及稳就业、促消费、增强经济韧性的重要抓手。本文基于产业关联的视角对生产网络模型进行了拓展，利用全国投入产出表反事实模拟了数字经济核心部门技术进步产生的新增产业关联，从国内生产总值（GDP）、经济韧性、劳动力配置、居民消费四个方面展开经济效应分析，并与美国进行对比。研究发现，数字经济核心部门发生技术进步后，中国新增的产业关联主要表现为产业数字化，而美国表现为数字产业化。其经济效应主要表现在四个方面：第一，推动GDP增长；第二，数字经济核心部门呈现就业需求创造效应，新增产业关联部门呈现就业需求替代效应；第三，增强了GDP应对价格上涨冲击保持稳定的能力，并加快了数字产品价格上涨冲击后总产出的恢复速度；第四，促进了代表性家庭对其产品的消费。最后，本文从如何通过数实融合进一步推动经济增长、增强经济韧性、促进就业并优化就业结构及增加居民数字产品消费的角度提出了政策建议。
2025,农业要素合理配置、劳动力市场一体化与经济高质量发展：以劳动力转移为视角,龚斌磊;胡沛楠;魏霄云,农业要素配置;迁移成本;劳动力转移;高质量发展,经济研究,0,劳动力转移是实现经济结构转型、促进劳动生产率收敛的重要手段。当前，中国农业部门仍有大量剩余劳动力，但新增转移人口却趋于停滞。为推动经济高质量发展，本文创新地构建允许兼业的三部门模型，探究农业要素合理配置的“推力”与劳动力市场一体化的“拉力”如何影响劳动力就业决策与转移，进而影响整体就业结构及各部门的效率与产出。研究结果表明：一方面，仅依靠“推力”能明显优化就业结构，并使农业劳动生产率大幅提高68.9%，但进入非农部门的低效劳动力会使非农劳动生产率降低4.4%；另一方面，仅依靠“拉力”会极大提高转移人口的产出，使非农部门与整体经济分别增长20.4%和18.0%，但无差别地吸引农业劳动力会使农业产出降低9.8%，对农业发展和粮食安全造成威胁。“推拉结合”的政策组合则能实现多部门协同发展，避免结构性失衡。本文还结合新型城镇化不断推进的背景对上述政策效果进行了再评估。
2025,完善与新质生产力更相适应的生产关系,赵振华,生产力;生产关系;新质生产力;新型生产关系,经济研究,0,按照马克思主义政治经济学基本原理，完善生产关系是生产力发展的客观要求。完善与新质生产力更相适应的生产关系意义重大而深远，有助于抢抓发展机遇和应对风险挑战，化解社会主要矛盾，更好满足人民日益增长的美好生活需要，成功跨越中等收入陷阱，发展绿色生产力，实现高质量发展，如期全面建成社会主义现代化强国。完善与新质生产力更相适应的生产关系，必须坚持党中央对进一步全面深化改革的集中统一领导，坚持系统思维，坚持因地制宜，坚持重大改革于法有据等原则，统筹好有效市场和有为政府的关系，统筹教育科技人才体制机制一体化改革，深化财税金融体制改革和分配体制改革，扩大高水平对外开放。
2025,新发展格局与全国统一大市场建设：分析框架、内在逻辑与政策重点,刘志彪,新发展格局;全国统一大市场;经济全球化;产品内分工;扩内需优供给,经济研究,0,建设全国统一大市场是构建新发展格局的基础支撑和内在要求。形成新发展格局的核心，在于通过全国统一大市场建设重塑经济内外循环体系。本文以“全球化动力机制重塑—资源配置机制优化—全球产业分工调整—国内市场性状演变”为主线，构建新发展格局与全国统一大市场互动的理论分析框架，系统阐释二者的内在逻辑与实践路径，尤其突出新发展格局对全国统一大市场建设的引领作用分析。研究表明，驱动中国经济全球化动力机制从依赖外部市场的“客场全球化”向依托本土市场的“主场全球化”转型。与此相适应，资源配置机制需从政府主导的赶超型配置转向市场为基础的“质量—效率型”配置，通过有效市场与有为政府的协同，实现要素配置效率与质量的双重提升。全球产业分工则从遵循效率优先的产品内分工，转向追求效率与安全并重的产业链供应链韧性重构，要求打破国内市场分割与行政保护，构建“统一又强大”的市场体系，以协同产业链与防控风险。在上述分析基础上本文指出，进入高质量发展阶段，只有坚持统筹扩大内需和深化供给侧结构性改革，实施建设强大国内市场取向的改革，增强供需双方在总量与结构上的适配性，才能依托于超大规模国内市场优势实现经济顺畅循环，才能提升市场主体建设全国统一大市场的获得感。为此，本文提出，要用逆周期政策修复总需求结构，适度增加政府支出规模；要加强微观经济层面的改革，尤其要进行收入分配改革，提高居民收入占比，以壮大市场规模；要以制度创新和技术创新促进供给结构调整，提高供给适应不断升级的需求结构的能力，构建供需良性循环机制。
2025,国际油价冲击、国内生产网络与行业PPI,谭小芬;杨雅涵;王欣康;林木材,国际油价冲击;国内生产网络;行业PPI;结构冲击分解,管理世界,0,国际油价波动与全球各国宏观经济稳定密切相关。随着产品内分工深化和工业链条延长，中国作为行业齐全的工业大国，以投入产出关系形成的生产网络效应愈发显著。本文将原油部门引入生产网络模型，识别出油价变化的不同冲击来源，然后构建异质性空间自回归模型，分析国际油价冲击如何通过生产网络影响行业PPI，考察供给和需求两类油价冲击的传导路径与影响差异，主要有以下研究发现。第一，国际油价变动会显著影响国内分行业PPI，其中约30%是由行业间生产联系带来的网络效应，且生产网络在不同行业面临油价冲击时发挥着放大或拮抗作用。第二，供给驱动型油价冲击对行业PPI的平均抬升作用高于经济需求驱动型油价冲击，背后的原因在于生产网络结构与行业异质性。若该行业的上游度越高、垄断程度越强、能源转型压力越大，结构传导不对称性越明显。第三，从动态角度看，供需驱动型油价冲击还存在影响程度和影响时滞的不对称性，即供给驱动型油价冲击向下游传播时，具有直接传导短暂迅速且以生产网络传导为主的特征，而需求驱动型油价冲击向上游传播时，则具有直接传导缓慢且逐渐放大的特征。本文的研究为完善中国原油市场化改革、防范化解输入性风险和加强宏观政策协调配合提供理论参考。
2025,金融市场极端风险动态网络溢出与高风险点识别研究,刘晓星;周东海;张颖,金融市场极端风险;高风险点识别;风险溢出机制;监测预警,管理世界,0,值此百年未有之大变局，金融作为现代经济制高点，日益成为大国博弈的关键领域。金融市场极端风险通过高度关联的市场网络极易引发系统性金融风险，危及国家金融安全，亟需有效识别风险动态网络的高风险点，精准施策予以及时应对和化解。本文通过分析金融市场极端风险事件，运用时变参数向量自回归模型和加权有向网络方法，构建6类金融市场的极端风险测度指标，深入研究不同金融市场风险的共性与特性及其网络拓扑结构、极端风险的成因机理和溢出效应，揭示风险防范需要着力的方向。研究发现：金融市场风险的跨国传导、经济基本面、消费者信心和政策不确定性是极端风险溢出的主要影响因素；我国金融市场间存在显著且非对称的尾部风险依赖，左（右）尾部风险的微小变化可能导致风险大幅溢出且呈现“微笑曲线”效应；不同于传统金融风险，类似新冠肺炎疫情的重大公共卫生事件通过诱发市场结构变化溢出极端风险；股票市场和基金市场是极端金融风险的主要输出者，其他市场则表现为净接受者；债券市场面临重大风险事件时，其风险溢出显著增强，其潜在的高风险特性不容忽视。为强化金融市场极端风险监测和预警能力建设，服务国家金融强国战略，本文提出相关政策建议。
2025,金融的绿色功能——从学说史到理论模型构建,文书洋;王之扬;张琳;刘锡良,绿色金融;经济发展;金融的绿色功能;绿色增长理论,管理世界,0,绿色金融不仅是中国特色金融发展之路的重点领域，也是全球可持续发展的重要支撑。近年来，相关研究呈“井喷式”增长，实证证据虽日益清晰，但相关理论仍显薄弱。绿色金融的学术研究进入了理论攻坚、体系构建的关键期。梳理学说脉络、提炼理论要点是构建绿色金融理论体系的“必修课”。鉴于此，本文系统性地梳理了绿色金融的理论渊源、学说脉络和前沿趋势，将经典的金融功能观与绿色金融现实问题有机结合，提出金融的“绿色功能”观点，并将金融的“绿色功能”归纳为一项基础功能（促进资源的绿色配置）和两项扩展功能（管理环境风险、环境要素价格发现）。三大功能可以在统一的理论框架下充分概括绿色金融对经济发展的影响机制，有效整合现有研究结论并拓展未来研究视野。在此基础上，本文构建了系列理论模型，在一个可扩展、一致性的框架下解释了多种绿色金融工具和金融政策的经济学属性，并对政策实践的发展逻辑和未来趋势进行了探讨。相比现有研究，本文首次从学说史的角度，系统性溯源绿色金融理论，扩展了经典的金融功能观，丰富了绿色金融理论，同时本文理论模型结论为绿色金融的实证研究提供了新的思路，相关模型设定也对绿色金融的宏观建模具有参考意义。
2025,文化产业金融支持体系构建与创新路径研究——评《文化产业跨要素融合与金融资本支持研究》,赵琦,,管理世界,0,<正>文化及其创意产业是高附加值产业，能够促进宏观经济发展、引领大众消费，是满足人民日益增长的美好生活需要的重要载体。由姬新龙撰写的《文化产业跨要素融合与金融资本支持研究》一书，以文化产业价值评估及文化产业跨要素融合为出发点，深入探讨了文化产业融合发展的路径模式及与金融资本有效对接的方式，设计了资本进入和退出文化产业投资业态的有效路径，多维度剖析了文化产业的融合态势及金融支持模式，以推动文化产业融合发展。
2025,鲍莫尔成本病再考察——基于开放经济与产业关联的视角,张群;邱斌;孙少勤;易昱玮,鲍莫尔成本病;生产率进步;国际贸易;投入—产出关联;量化模型,管理世界,0,提升劳动力资源配置效率是发展新质生产力的重要内容。与此同时，鲍莫尔-福克斯假说认为，行业间的生产率发展差异将使劳动力资源自发向生产率停滞的行业集中。本文将经典的成本病模型和李嘉图模型相结合，构建了一个包含多国多行业的一般均衡模型，并在此基础上采用简化模型证明了国际贸易、投入—产出关联、服务进口贸易自由化和服务业生产率进步对劳动力结构的影响。之后，本文在模型框架内计算了我国多年多行业的生产率变化和贸易成本变化，并在简化模型和完整模型中代入以上数据，进而采用量化分析的方法就国际贸易等因素对我国劳动力结构的影响进行估计。模型和量化估计的结果均显示，贸易的开放能够有效缓解我国劳动力向停滞部门集中的趋势，且投入—产出关联也具有相同作用。与此同时，我国服务业的生产率进步速度相对制造业而言仍是滞后的，而服务进口贸易自由化能够起到一定的优化劳动力资源配置的作用。此外，进一步细分服务业分类的异质性检验较好地验证了本文结论的稳健性。
2025,乡村数字经济包容性发展的政策组合及其治理——基于“电子商务进农村综合示范”的案例研究,易法敏;古飞婷;罗必良,乡村数字经济;包容性发展;政策组合;利益相关者治理,管理世界,0,本文通过考察“电子商务进农村综合示范”政策推动下广东省英德市农村电商发展实践，分析地方政府的政策组合及其治理如何推动乡村数字经济包容性发展的过程。本文基于“政策组合运用—利益相关者治理—乡村数字经济创新包容发展”的分析框架，有如下研究发现。第一，中国情境下的乡村数字经济包容性发展过程，是地方政府在中央政策指导下，着眼于本区域现状，推动区域数字经济创新发展，并保障农村群体参与和共享的过程。第二，乡村数字经济发展的政策组合机制，是在中央宏观政策引领下，地方政府以全新布局、产业培育、创新引领等差异化政策组合，形成的联合效应、互补机制和协同机制。第三，乡村数字经济发展治理是宏观层面的试探性治理和地方政府层面的利益相关者治理的协同。试探性治理保证乡村数字经济发展的方向性，利益相关者治理则通过“电商效果评估—政策工具调整—农产品交易电商化”“电商参与度评估—政策工具调整—电商资源配置市场化”和“电商产业发展评估—政策工具调整—电商产业生态化”等过程将数字经济发展推向更高的包容性水平。本文通过对地方政府综合采用政策组合推动农村电商创新发展及政府主体的治理保障电商包容性发展的过程分析，揭示了中国乡村数字经济产业创新发展过程中以政策组合治理保障乡村数字经济包容性发展的实现机制。
2025,数智时代的秩序重构与治理合作：合理合意双重目标,江小涓,数智经济与社会;社会秩序;规则重构;数字治理;人工智能治理,管理世界,0,数智技术对现有经济社会秩序带来多方面冲击。长期以来，关于如何构建数智时代新秩序的讨论，特别是关于数字技术与人工智能规则和伦理方面的讨论，主要集中在道德、理念和意愿层面，且缺乏可操作性、落地见效缓慢。本文希望寻求一个有明确定义的评价体系以及未来秩序重构的着力点和动力源。经济社会秩序优劣之根本，在于是否有利于经济发展、分配公平和社会和谐，因此可以用经济学的“合理性”和社会学的“合意性”作为评估新秩序优劣的两个核心维度。首先，本文讨论了自发秩序与制度秩序、强秩序与弱秩序这两组基本概念及其在数智时代的新特点。其次，本文分析了数智技术的两类冲击，即对原有社会秩序的冲击和对数字原生秩序的冲击。最后，本文沿着合理与合意这两个主要维度，讨论了数智时代秩序演进的方向、目标和路径，研究发现：“弱秩序”具有向合理与合意方向趋近的内在驱动力，将长期存在并迭代演进；“强秩序”必须在场，筑牢合理合意底线并为弱秩序保驾护航。本文研究表明人文社会科学要在数智时代的秩序重构与治理合作中承担重任，确保技术进步和秩序重构有利于人类社会总体福利水平提升和社会公平正义。
2025,常态化财会监督体系建设的风险防范效应研究——基于企业违规视角,叶永卫;王帅;丁怡帆,常态化财会监督体系建设;风险防范效应;财会监督改革试点;企业违规,管理世界,0,财会监督作为国家监督体系的核心组成部分，对于防范各类重大经济金融风险具有重要作用。本文借助加强财会监督改革试点政策，从企业违规视角切入，系统考察了常态化财会监督体系建设的风险防范效应。实证结果表明，加强财会监督改革试点显著抑制了企业违规行为，且该效应在法律制度环境较差的地区和内在监督驱动力不足、负面媒体关注度较高以及业务复杂程度较高的企业中更为明显。机制检验发现，加强财会监督改革试点显著降低了企业管理层短视主义倾向、提高了企业违规成本以及会计师事务所对企业的审计质量。进一步分析发现，加强财会监督改革试点主要抑制了企业的信息披露违规和严重违规，并且降低了企业违规倾向，但对企业违规被稽查概率无显著影响。得益于企业违规行为减少，加强财会监督改革试点显著提高了企业信息披露质量和股价稳定性。本文从企业违规行为视角为加强财会监督改革试点的有效性提供了经验证据，对于健全常态化财会监督体系建设以统筹发展与安全具有重要启示。
2025,非遗赋能乡村共同富裕的路径与机制研究——基于国家级非遗道明竹编本土创业的纵向案例研究,刘玉焕;彭洋;尹珏林,乡村共同富裕;非物质文化遗产;乡村本土创业;道明竹编,管理世界,0,非物质文化遗产是中华优秀传统文化的重要组成部分，在乡村实现共同富裕过程中发挥着重要作用。现有研究多聚焦农业产业对乡村繁荣和振兴的带动作用，却忽略了非遗赋能乡村共同富裕的路径和机制。本文通过对国家级非遗道明竹编赋能乡村实现共同富裕过程的动态追踪，构建了非遗赋能乡村共同富裕的过程模型，深入剖析了非遗手艺人、地方政府、艺术高校和企业等多方主体的合作互动机制，提炼出“非遗功能属性产品化”“非遗创新属性产业化”“非遗大众属性生态化”3类本土创业路径，强调了“延伸型组织生存机会集”“聚焦型产业创新机会集”“开放型乡村发展机会集”在本土创业行动与乡村共同富裕之间的传导作用，系统刻画了非遗赋能乡村从个体富裕、群体富裕迈向共同富裕的动态轨迹。研究结论为乡村共同富裕的内生路径提供了新的理论洞见，同时对乡村依托非遗资源实现共同富裕亦有实践启示。
2025,1992～2020年间中国城镇劳动者工资不平等的变化与解释,张川川;杨婕,城镇劳动者;工资不平等;高等教育回报,管理世界,0,"工资不平等是劳动经济学研究的核心议题，降低工资不平等也是实现共同富裕的重要途径。本文使用中国城镇住户调查数据（UHS）以及中国家庭追踪调查数据（CFPS）研究1992～2020年中国城镇劳动者工资不平等问题。本文有以下研究发现：（1）在样本期间，城镇劳动者工资不平等程度不断扩大，工资收入的基尼系数从1992年的0.25上升到2009年的0.37,2010～2020年间基尼系数维持在0.40左右，工资不平等的快速上升主要发生在1992～2009年，其在2010～2020年间保持高位波动状态；（2）在样本期间，性别间工资差距持续扩大，教育回报不断上升，职业间工资差距明显，地区间工资差距持续存在，经验、教育等因素对工资不平等的贡献发生了明显变化，教育成为影响工资不平等的最主要因素；（3）高等教育回报在过去30年经历了一个先快速增加后趋于平稳的变化过程，1992～2009年高等教育回报率从28%上升到56%，增长了1倍，2010～2020年则从56%上升到60%;(4)高等教育回报的上升主要源于高学历劳动力相对需求的增加，技术引进以及在高学历劳动力供给和产品需求扩张共同作用下的内生技术进步可能是推动高学历劳动力相对需求增加的重要原因。本文的研究为全面了解我国过去30年，特别是新时代以来城镇劳动者工资不平等的演变及其成因提供了经验证据，也为扎实推动共同富裕提供了有益参考。"
2025,教育投入、人口流动与区域协调发展,赵扶扬;陈斌开;熊勇杰,教育差距;人口流动;地方政府;转移支付;动态量化空间均衡,经济研究,0,"优化教育资源的空间分布对于强化现代化建设人才支撑、构建新发展格局具有重要意义。我国长期以来主要依靠转移支付推动教育机会均等化，将教育相关转移支付在内的各类资源向欠发达地区倾斜。然而，地区间教育质量差距和人力资本水平差距的收敛较为有限。本文认为，不同技能劳动力集聚趋势的差异、地方政府的激励机制和教育投入的规模效应，是导致地区间教育投入和教育质量差距的主要原因。本文构建了一个包含异质劳动力动态迁移、地方政府内生行为、内生代际教育变化、转移支付等的动态量化空间一般均衡模型，在统一的框架下验证了本文提出的导致地区间教育差距的三个核心机制。基于多维度的反事实和政策模拟发现，在现有的转移支付体系下，为了促进劳动力跨地区流动，需要为流动人口提供常住条件、将流动人口纳入城市公共服务体系,否则无法从根本上实现教育资源的均等化和人力资本空间分布的优化，反而会加重留守儿童和大城市公共支出负担等问题。未来应进一步优化转移支付体系，尤其是应针对流动人口推进公共服务的均等化，从而更好地促进共同富裕和区域协调发展。"
2025,地区间税收分成差异与资本要素流动：以企业异地投资为视角,谢贞发;王震,税收分成;资本要素;统一大市场,经济研究,0,各地区间利益协调和合作联动是构建全国统一大市场的制度基础，在财税领域表现为完善激励相容且区域协调的财税体制。省际税收分成差异性依然是当前财税体制的核心特征之一，由此形成的地区间财政激励差异是影响要素自由流动的重要阻碍。本文基于2016年新增值税分成改革的特征事实，以制造业上市公司的异地投资来衡量资本要素的跨地区流动，通过强度双重差分方法分析了由省际税收分成差异导致的地区间分成激励差异对资本要素流动的影响。研究发现，在2016年新增值税分成改革下，资本要素存在由低分成激励地区向高分成激励地区的流动特征，这一特征在非国有制造业企业、劳动密集型和技术密集型制造业企业中更为明显，且受到地方政府对市场干预程度的影响。途径分析发现，不同分成激励地区在税费优惠、信贷支持和工业用地出让行为上的差异是引起资本要素流动的驱动因素。据此可以推测，现行增值税收入划分关系下的省际税收分成差异是引发地方政府干预资本流动和影响统一大市场建设的重要财政动因。本文可以为加快构建全国统一大市场背景下谋划新一轮财税体制改革提供参考。
2025,数字政府建设与企业融资约束,王辉;李相辰;陈旭,数字政府建设;融资约束;银企信息壁垒;融资成本;企业数字化转型,经济研究,0,数字政府建设作为数字中国建设中的关键一环，对推动经济高质量发展具有重要意义。本文以2017—2022年中国A股上市企业为研究样本，通过手工收集数据构建地级市数字政府建设指标体系，实证检验了数字政府建设对企业融资约束的影响及作用机理。研究表明，数字政府建设有助于缓解当地上市企业面临的融资难、融资贵问题。机制分析发现，数字政府建设通过引领企业数字化转型、打破银企信息壁垒以及优化地区融资环境三个机制，缓解企业融资约束问题。异质性检验发现：我国数字政府缓解企业融资约束的作用对于平台经济发展程度高的样本更显著。进一步分析发现：数字政府建设能够帮助企业以更低的融资成本获得更多的银行信贷，促进企业数字化投资。本研究从融资约束视角揭示了数字政府建设服务实体经济运行的内在机理，为破解企业融资难题及优化中国数字政府建设政策设计提供依据。
2025,“绿色”乘数：新能源汽车财税政策的碳减排效应,李戎;邱任翔,财政补贴;税收优惠;碳减排;新能源汽车;动态离散选择模型,经济研究,0,为了定量分析新能源汽车财政补贴和免征购置税等一系列财税政策对碳减排的影响，本文构建了一个家庭购车决策的动态离散选择模型，并利用中国2013—2020年间新能源汽车销售和汽车分车龄保有量占比的数据估计模型参数。基于该模型，本文进行反事实模拟并结合政策支出计算其成本效益比（即“绿色”乘数）。本文发现，虽然相对于无退坡情况，财政补贴的退坡抑制了新能源汽车的需求，但在缓解财政压力的同时提高了财政支出的碳减排效率。在此基础上，免征购置税能够有效地对冲补贴退坡和外部冲击导致的新能源汽车需求下降现象，并显著提升碳减排效益。以2020年为例，在现有补贴政策下，财政支出的“绿色”乘数为每万元1.07吨碳减排量，远高于未实行补贴退坡的0.61吨/万元，如再加上免征购置税，则“绿色”乘数为每万元0.89吨碳减排量。尽管“绿色”乘数有所下降，但其总体将额外减少181.7万吨碳排放量。上述发现说明，中国在新能源汽车领域的一系列财税政策措施有效促进了碳减排。进一步的政策优化需推动财税工具与市场机制深度协同，从而实现环境效益与经济效益的有机统一。
2025,区域贸易协定是“碳创造”还是“碳抑制”：统计证据和量化模拟,李春顶;李萌;李董林;徐奇渊,区域贸易协定;碳排放;增长效应;结构效应;技术效应,经济研究,0,"本文从统计回归和结构模型反事实量化模拟两个维度,全面系统地分析了区域贸易协定（RTA）对全球碳排放是“创造效应”还是“抑制效应”，并揭示了具体机制。计量分析发现：RTA显著增加了成员国的碳排放，但有环境条款以及环境执行措施的协定能够降低碳排放水平。构建大型全球一般均衡结构量化模型进行的反事实量化模拟结果发现：第一，缺少中国加入的《全面与进步跨太平洋伙伴关系协定》（CPTPP）、《美墨加协定》（USMCA）以及《印太经济框架》（IPEF）可能会使全球碳排放有所增加，更符合环境损害型RTA的特征,而假设有中国加入的CPTPP、《区域全面经济伙伴关系协定》（RCEP）以及《亚太自由贸易区》（FTAAP）则可能有助于减少全球碳排放，更接近于环境友好型RTA。第二，考虑绿色技术革新的技术效应以及RTA中包含绿色条款的环境效应之后，大部分RTA都有望在一定程度上促进全球碳减排。进一步，基于量化模拟数据进行的统计计量分析发现：RTA开放度、RTA环境条款深度、成员国绿色技术水平、成员国平均排放强度、成员国平均关税水平以及需求偏好替代弹性等因素，都会显著影响RTA的全球碳排放效应；有中国参与的RTA大多表现为环境友好型，而有美国参与的RTA则更倾向于表现为环境损害型。"
2025,智能制造应用与出口企业加成定价,陈创练;王舒丹;王浩楠;姜富伟,智能制造政策;出口企业;智能制造;成本加成率,经济研究,0,国家智能制造政策以及企业的智能制造转型是否有助于提高中国出口的成本加成率，这是能否增强中国企业在国际竞争中市场势力的关键所在。鉴于此，本文构建一个嵌入需求侧和供给侧的寡头垄断模型，分析价格黏性或灵活定价时智能制造应用对企业成本加成率影响的直接效应和间接效应。实证表明，智能制造应用显著提高出口企业的成本加成定价水平，该效应在非国有、高科技和不受融资约束的企业中表现更为显著，且仅在数字技术发展成熟期或数字基础设施完善地区显著成立。机制分析发现：短期内企业智能制造应用的成本加成率效应直接通过资本效率和劳动效率渠道发挥作用；从长期看，智能制造应用是通过行业内和行业间的竞争渠道间接提升企业成本加成率。进一步研究表明：国家智能制造试点政策显著提高企业成本加成率的行业内竞争效应和行业间竞争效应；但市场集中度效应并未全面显现，而仅对处在产业链低端的企业群发挥作用。文章最后就如何利用智能制造转型契机重塑中国出口竞争新优势提出对策建议。
2025,企业数字化转型程度的统计测度：以数字技术人才需求为视角,谭莹;刘颖杰;张勋,数字技术人才需求;企业数字化转型;国家大数据综合试验区,经济研究,0,党的二十届三中全会强调“健全促进实体经济和数字经济深度融合制度”，而企业数字化转型是促进实体经济和数字经济深度融合的关键途径。然而，现有研究对于中国企业的数字化转型程度的评估存在分歧，主要原因是企业数字化转型的测度存在问题：一是测度视角多聚焦于生产环节，鲜有文献从劳动投入的角度展开；二是测度对象多聚焦于上市公司，存在样本选择偏误。为更好地处理上述难题，本文在论证测度策略的科学性的基础上，采用2014—2021年中国3339187家包括中小微企业在内的企业网络招聘数据，通过文本分析识别企业对数字技术人才的需求，进而对中国企业数字化转型程度进行重估。估计结果显示，截至2021年，中国企业的数字化转型率仅有43.2%，显著低于使用上市公司为样本的测算结果，意味着我国中小微企业的数字化转型程度依然较低。基于该测度，本文还检验了以国家大数据综合试验区为代表的数字经济相关政策对企业数字化转型的影响，发现国家大数据综合试验区政策显著促进了企业数字化转型，该结论在事前趋势检验、安慰剂检验以及一系列稳健性检验后仍然成立。进一步的研究发现，国家大数据综合试验区主要促进了企业的数字技术应用，而非底层技术研发，这可能是中国中小微企业数字化转型程度较低的重要原因。根据本文的研究，关注中西部企业和中小微企业的数字化转型发展，尤其需要注重底层数字技术的研发，这有助于提升中国企业数字化转型程度，促进实体经济和数字经济深度融合。
2025,中国企业的成本加成率测算和趋势分解：1998—2023,刘志阔;陈诺;马欣榕,成本加成率;生产法估计;趋势分解,经济研究,0,本文系统测算了1998—2023年中国制造业企业的成本加成率，并对其长期趋势进行分解。研究发现：第一，整体成本加成率呈持续上升趋势，主要源于新进入企业与存续企业之间的市场份额再配置；第二，新进入企业的成本加成率普遍高于存续企业，体现出更高生产效率所带来的成本优势；第三，高成本加成率的新进入企业规模较小，其持续涌现与快速扩张构成了再配置效应的核心驱动力；第四，在新进入企业不断增加而低效率企业退出不足的背景下，整体企业的利润空间持续受到挤压，呈现一定程度的内卷式竞争风险。基于上述特征，政策设计应着力维护新进入企业的市场活力，推动低效率企业的有序退出，为公平竞争和新兴企业的持续成长营造良好环境。
2025,新质生产力若干基本理论问题的政治经济学探讨,刘伟,新质生产力;全要素生产率;新型生产关系;经济结构;政府与市场,经济研究,0,习近平总书记关于新质生产力的论述，从理论和实践的统一上深入阐释了什么是新质生产力、如何发展新质生产力，论述了发展新质生产力是推动经济高质量发展的内在要求和重要着力点，特别是从马克思主义唯物史观出发，分析了新质生产力与新型生产关系的内在联系，具有极其重要的理论和实践意义。本文围绕新质生产力发展与创新逻辑、新质生产力发展与全要素生产率、新质生产力发展与经济发展的质态、新质生产力发展与基本经济制度、新质生产力发展与资源配置机制等问题进行了政治经济学考察。
2025,坚持深化供给侧结构性改革和着力扩大有效需求协同发力,郭克莎,供给侧结构性改革;扩大有效需求;宏观调控;协同发力,经济研究,0,供给侧结构性改革和扩大有效需求的结合，是中国宏观调控的特色和创新。本文认为，需求不足制约中国经济发展有长期性特点，主要是发展阶段转变引起的阶段性问题，国际上也有类似历史经验。本文评述了这两大政策结合的演进过程和相关研究，指出两大政策都要定位为长期性战略政策，把长期性的需求管理、供给管理和深化改革有机结合起来，才能有效应对需求制约和结构性制约的复杂挑战。宏观调控要坚持两大政策协同发力，必须认识“坚持”的必要性、“协同发力”的重要性和深化改革的引领性。为了使这两大政策更好实现协同发力，要关注经济运行矛盾转化和政策重点调整，统筹新型工业化、新型城镇化和乡村全面振兴，提升宏观政策统筹协调的高度和深度。习近平总书记关于统筹好“五大关系”的重要思想，对于促进这两大政策协同发力具有重大指导意义。统筹好有效市场和有为政府的关系，是促进两大政策协同发力的基础和框架；统筹好总供给和总需求的关系，是促进两大政策协同发力的出发点和落脚点；统筹好培育新动能和更新旧动能的关系，是促进两大政策协同发力的动力来源；统筹好做优增量和盘活存量的关系，是促进两大政策协同发力的主要依托；统筹好提升质量和做大总量的关系，是促进两大政策协同发力的长期目标。
2025,地区间技术互补与创新驱动型经济增长,郑江淮;冉征;陈喆,地区间技术互补;经济增长;经济发展水平;创新资源配置,经济研究,0,"产业的技术密度增长重塑了研发的地理格局，催生地区间技术互补的创新发展模式。本文构建地区资源有限条件下的两地区两部门内生增长模型，分析本地企业与邻地企业形成竞争或互补关系的技术创新决策机制，揭示了地区间技术互补下的地区经济增长方式，即各地区在技术互补中扩展高技术部门的技术频谱,形成生产规模优势，同时提高每项技术进一步创新的预期利润,促进企业进行更多的研发投入，进而提升地区经济增长率。本文基于中国2000—2018年城市发明专利数据测算得到城市间的技术互补指数，并通过实证研究发现：地区间技术互补对于地区人均GDP及其增长率均存在显著的促进作用；与创新水平更高的地区形成技术互补，更有助于本地经济增长；本地知识产权保护水平越高，地区间技术互补的经济效应越强。本文提出了以技术互补为纽带、地区协同创新的经济增长模式，其政策含义是，基于中国超大规模人才优势，建设更多的创新型中心城市，促进创新要素的自由流动，消除知识产权保护的地区间差异，营造联动共享的创新环境，最终形成更广泛的地区间技术互补。"
2025,可变折旧率的最新估计：基于神经网络模型的分析,陈昌兵,神经网络模型;损失函数;全局性参数估计;可变折旧率分解,经济研究,0,本文通过构建数理模型推导出可变折旧率函数表达式，结合人工智能技术与永续盘存法，将可变折旧率作为待估参数表示为净投资和国内生产总值（GDP）增长率的函数表达式，并基于净投资和GDP增长率函数表达式构建对可变折旧率进行全局性参数估计的神经网络模型。该神经网络模型涵盖函数近似器、损失函数、参数估计更新机制及训练培养数据集四个部分，创新性体现在：（1）克服了极大似然法迭代参数估计可变折旧率存在的诸多缺陷，如折旧率的局部近似、迭代法估计造成的误差等；（2）提出神经网络模型全局性参数估计可变折旧率的一系列新方法，包括构建参数估计大数据样本以及设计用于检验参数估计有效性的方法等；（3）基于神经网络模型参数估计值测算中国31个省份的可变折旧率，并构建可变折旧率分解及其增量变动分析框架，对可变折旧率进行分解分析。分解结果表明，中国31个省份1991—2017年的可变折旧率主要是由资本体现式技术进步决定，而1992—2017年中国31个省份的可变折旧率增量变动主要受净增资本变动的影响。总体而言，本文构建的全局性参数估计可变折旧率神经网络模型是有效的，且优于极大似然法和局部性神经网络模型。
2025,“零成本”员工持股计划：共同富裕还是谋谁之利？,雍红艳;袁浩洋,零成本员工持股计划;道德风险;利益输送;共同富裕;投资者权益,管理世界,0,近年来，中国资本市场频现零成本员工持股计划。“零成本”使员工不出资或仅象征性出资就可认购激励计划对应股份，显然打破了“盈亏自负，风险共担，与其他投资者权益平等”基本原则，增加了持股计划实施动机复杂性。本文探究了零成本员工持股计划的经济后果及其背后动机，研究发现：投资者并不认同零成本员工持股计划，其发布后会带来相对较差的市场反应，且福利属性使绩效未能因激励得到改善，也并不能推动企业内部共同富裕；若激励股份更多由高管认购、解锁行权约束不严格，则零成本员工持股计划的市场反应更糟。在实控人缺位或大股东为谋求私利而与管理层共谋下，零成本员工持股计划沦为内部人开展利益输送、谋取私利的工具，严重损害了中小股东利益。本文有助于全面理解员工持股计划的公司治理角色，并形成探究零成本员工持股计划这一新颖且重要问题的逻辑框架，推动已有文献发展，为探讨人才激励等现实问题提供政策建议。
2025,公共服务平台化变革下“政府创制平台企业”兴起的动因及影响,宋锴业;徐雅倩,政府创制平台企业;政府平台公司;混合平台组织;平台化变革,管理世界,0,政府创制平台企业的兴起，彻底改变了公共服务的组织结构和运行方式，尽管它们在中国数字公共服务场景乃至全球范围内的地位日益突出，但鲜有对这一新兴组织形式的经验探索。本文以数字政府省级平台公司为主要研究对象，结合全国范围内多个政府部门和省级平台公司的实地调研，系统分析中国情景下政府创制平台企业兴起的动因及影响。研究发现，政府创制平台企业的产生，源于政府塑造集中可控的平台权力和治理架构，以及政府与平台企业减少需求信息匹配的不对称困境。在数字智能时代，社会公众对政府可持续和系统地回应复杂需求的期望，加快了这种组织形式的产生。进一步研究表明，政府创制平台企业在省级层面大力进行数据平台和标准规范的一体化建设，这种平台国有、省级统筹的思路促成了数字公共服务的平台化和生态化，同时促进了省级层面公共服务的均等化和普惠化，但是其间接创建的“公司化/平台化领地”在促进公共服务均等化的同时亦影响基层政府自主性。本文构建和发展了“公共服务公司化/平台化”的新型理论，为在数字智能时代有效地推进公共服务的平台化变革，促进有效市场与有为政府在公共服务领域更好地结合提供了理论参考和实践启示。
2025,银行业宏观审慎政策存在融资涓滴效应吗？——基于央行宏观审慎评估增设行业信贷指标的准自然实验,马传慧;姚驰;方军雄,宏观审慎政策;商业信用;融资涓滴效应,管理世界,0,建立宏观审慎评估体系支持实体经济发展一直是我国金融制度建设的核心，2019年中国人民银行在宏观审慎评估体系中增设的制造业中长期贷款和信用贷款等指标为检验宏观审慎政策的实体经济效应提供了难得契机，在此背景下，本文采用双重差分模型系统检验银行业宏观审慎政策融资涓滴效应的存在性及其机理和经济后果。研究发现，相比其他公司，宏观审慎评估指标增设受益的相关制造业上市公司，其获得的银行信贷显著增加，这使得其增加了对上下游企业的商业信用，这说明银行业宏观审慎政策存在供应链的“融资涓滴效应”。机制检验表明，指标增设受益公司融资约束缓解是产生融资涓滴效应的重要渠道。对经济后果的进一步研究发现，宏观审慎政策存在实体经济效应，具体表现为宏观审慎政策指标增设后，政策受益公司新客户数量和企业利润呈现上升趋势。综上，本文的研究结论表明中国银行业宏观审慎政策存在明显的融资涓滴效应和实体经济效应。
2025,信用管理对消费者行为的双重影响——基于哈啰单车驾照分的实证分析,李晶晶;陈帅;秦萍;耿可心;王雅璨,共享经济;信用管理制度;消费行为;双重差分;高频大数据,管理世界,0,在共享经济蓬勃发展的背景下，如何有效管理信用，既规范消费者行为，又促进共享经济消费，已成为学术界和政策制定者共同关注的焦点。本文以哈啰单车的驾照分制度为研究对象，利用2018年5月至2020年12月间14个城市超过3000万条日度行为高频数据，构建双重差分模型，实证分析该制度对消费者违规行为与消费行为的双重影响，并探讨其激励机制。研究表明，驾照分制度显著增加了消费者的骑行行为，尽管短期内对违规行为影响有限，但随着时间推移，消费者违规行为逐步减少。特别是在一线城市以及活跃稳定型消费者群体中，驾照分制度实现了减少违规行为与促进骑行行为的双重目标激励相容。机制分析进一步表明，驾照分制度通过信誉激励与经济激励干预消费者行为，且奖励性激励效果明显优于惩罚性激励。本文研究结果为通过信用管理制度规范市场秩序并推动共享经济可持续发展提供了实证支持。
2025,关税波动对国内市场价格的影响,樊海潮;吴彩云;戴觅,关税变动;国内市场价格;投入产出联系,管理世界,0,关税变动不仅会影响中国的对外贸易，亦会对中国的国内市场产生影响。本文基于中国国内市场的产品价格监测数据、关税数据以及进出口海关数据，研究了进出口关税变化对中国国内市场产品价格的影响。结果显示，美国对中国额外加征的进口关税降低了中国国内市场的产品价格。这主要是由于中国产品出口美国受阻且同类产品未充分转销至第三国，企业将销售重心更多地转向国内市场，导致国内市场竞争加剧。与此相对，中国对美国额外加征的进口关税显著提高了国内市场的产品售价。这主要是由于自美国进口产品的含税价格整体抬升，以及受贸易保护的国产产品价格上升。结合世界投入产出表和中国行业间的投入产出联系，本文进一步考察了关税在产业间的传导。总体而言，中国国内物价整体未明显受到国际市场关税波动的冲击，但不同产品受到的影响存在显著差异。此外，关税上升虽然对价格的整体影响有限，但仍带来了一些负面的经济影响。本研究为深入理解关税变动对国内市场的传导提供了新的经验证据，同时也为我国构建“双循环”新发展格局、保持经济平稳运行提供了重要的政策启示。
2025,直播电商价值链中数字守门人与农产品质量安全把守机制研究,马九杰;陈俊良;赵永华,直播平台;电商价值链;数字守门人;农产品质量安全;数字化治理,管理世界,0,强化直播电商平台和主播的数字守门人角色、建立健全直播电商价值链商品质量控制机制，有效把守农产品质量安全，是实现农产品直播电商市场健康发展的一项基本要求。本文从守门人视角探究了直播电商价值链各环节主体对农产品质量安全的把守机制，重点分析了直播电商价值链中农产品质量安全把守成功与失效的边界条件。基于扎根理论和模式匹配的分析路径，本文构建了“守门人系统、把守机制与农产品质量安全”的关系模型：平台、主播等直播电商价值链各环节凭借对于农产品流通渠道的控制，发挥着准入把控、秩序维护的作用，成为农产品质量安全的守门人。下游守门人可凭借激励安排，防控上游守门人可能出现的不端行为，共同保障农产品质量安全。作为价值链中的数字守门人，平台与主播拥有强大的把守权力，但会因不适当的利益结构和不完善的激励安排失去守门意愿和能力，致使守门失灵，引发直播电商市场中的农产品质量安全问题。本文为理解直播电商价值链中各环节特别是数字平台和主播的角色与地位，以及直播电商市场中农产品质量安全问题的产生原因提供了一个独特视角，能够为完善直播电商价值链治理政策提供参考。
2025,中国制造业的数字鸿沟——“接入—应用—转化”的分析框架,孙晓华;马雪娇;孔一杰;于婷,数字鸿沟;基尼系数;数字接入;数字应用;数字转化,管理世界,0,在数字技术与实体经济融合过程中，制造企业之间的数字化进程存在差异，由此产生的数字鸿沟问题是数字经济赋能制造业高质量发展过程中需要讨论的关键议题。本文从理论上探究了制造业数字鸿沟的内涵，基于数字接入、数字应用和数字转化3个层次构建分析框架，提出数字转化沟的形成机理。方法与实证层面，选择基尼系数法对中国制造业全国和区域层面的数字接入沟与数字应用沟加以测算，进而检验了数字转化过程的生产率鸿沟效应。结论如下：数字接入与数字应用分别反映“客观上具备的数字化生产条件”和“主观上采取的数字化实践”，制造业的数字接入沟和数字应用沟均呈现出逐年递减态势；制造业数字转化沟表现为企业数字接入水平与全要素生产率之间的正U型关系；以数字应用水平作为门槛变量，可以将数字转化过程分为掉入数字化陷阱的阵痛期、开始享受数字化红利的转换期和驱动效果由量变到质变的加速期；机制检验显示，经营成本增加是阵痛期企业数字投资失效的重要原因，技术创新成为转换期阶段数字化提升企业生产率的核心动力，协同合作在加速期发挥促进数字蝶变的作用；由数字基础设施、数字人力资本与数字发展政策构成的数字生态建设对数字转化沟弥合存在调节作用。
2025,数字平台自我优待的经济分析：竞争机理与福利效应,许恒;王申,数字平台;自我优待;竞争机理;福利效应;忠诚消费者,管理世界,0,作为一种新型的竞争行为，数字平台的自我优待受到理论研究和竞争政策实践越来越多的关注，但关于自我优待的竞争效果和福利效应尚不明确，给相关的反垄断执法与竞争政策的实施带来挑战。本文通过构建经济学模型对自我优待的行为激励、竞争机理和福利效应进行了系统的规范性研究，为该领域的经济学分析提供研究框架和理论支撑。本文认为自我优待的实质是平台利用信息优势构建自营商品竞争优势的过程，平台上较大规模的转移消费者强化了平台实施自我优待的动机。结合平台自身和平台内经营者竞争策略特征，本文归纳出依附型、抗衡型和“内卷”型3类竞争机理并分析了相应的福利结果。本文进一步发现激烈的平台内竞争有利于自我优待实现平台、平台内经营者和消费者共赢的结果，且忠诚消费者在平台内竞争关系中起到重要的调节作用。基于此，监管者应充分认识自我优待的分配效应，同时激励数据驱动型创新、强化品牌战略，提高自营商品质量。本文不仅对自我优待行为的规范分析具有理论层面的边际贡献，同时也为优化数字经济竞争政策目标和实现平台经济高质量发展提供相应的实践方案。
2025,构建辅助宏观决策的就业价格指数：理论、方法与应用,万海远;李帆;李强;申萌;贺伟东,就业价格指数;岗位工资出价;供求匹配;空缺填补率;工作找寻率,管理世界,0,本文使用全样本的招聘平台大数据，基于搜寻匹配理论来构建具有前瞻性的就业价格指数，以及时反映总体经济形势，并更好服务于宏观决策。针对特定条件的具体岗位，在企业率先给出报价后，求职者随后申请对应岗位并提供出价，在多层多维供求匹配后估计均衡工资增长率，就得到岗位层面的就业价格指数。以平台成交工资、平台求人倍率、调查工资、调查失业率来检验，发现指数表现都非常稳健。以供求匹配后的极小岗位颗粒度作为底层数据，发现新指数能及时反映市场均衡工资变化，为研判总体价格走势提供参考，具有指示失业率和宏观经济的作用。就业价格指数是就业数量和工资价格的结合，可以更敏感捕捉量价分离现象。新指数具有明确的宏观指引、顺畅的中观传导，且在微观层面能真实可感，能先导性体现市场预期，前瞻性指示经济形势变化，有助于弥合宏观经济与微观感受温差，可作为宏观决策的辅助性指标。
2025,专精特新企业产学研知识共创与工艺类关键核心技术突破——基于隶属集团型企业中集圣达因的案例研究,郑刚;朱国浩;邬爱其;刘春峰,工艺类关键核心技术突破;产学研知识共创;专精特新企业,管理世界,0,现有研究对专精特新企业突破工艺类关键核心技术的问题探讨有限。本文对中集圣达因开展纵向案例研究，构建了隶属集团型专精特新企业通过产学研知识共创突破工艺类关键核心技术的过程模型。本文有以下研究发现。（1）工艺类关键核心技术突破经历了“工艺技术机会确认—关键工艺原理突破—关键工艺流程突破—工艺技术拓展适应”的过程。（2）隶属集团型专精特新企业可以借助集团的“桥梁者”作用部分缓解技术突破过程中面临的资源禀赋、身份合法性、基础研究和创新搜寻等约束。（3）工艺技术机会确认阶段，企业发挥创新驱动优势，以桥接型互动结构下关键技术需求社会化机制弥补认知性知识缺口；关键工艺原理突破阶段，企业发挥专注聚焦优势，以融合型互动结构下关键技术原理外部化机制弥补原理性知识缺口；关键工艺流程突破阶段，企业发挥精益流程优势，以联合型互动结构下关键技术流程外部化机制弥补程序性和事实性知识缺口；工艺技术拓展适应阶段，企业发挥创新驱动优势，以扩展型互动结构下关键技术场景组合化机制弥补多元知识缺口。本文构建的过程模型和提炼的产学研知识共创机制，丰富了工艺类关键核心技术突破过程理论的研究，为专精特新企业突破工艺类技术“卡脖子”困境提供管理启示。
2025,数字经济对农村劳动力非农就业的影响——评《数字经济对农村劳动力非农就业的影响研究》,罗吉;王亚华,,管理世界,0,<正>近年来，以数字化、信息化、网络化、智能化等为特点的数字经济对经济社会发展的影响日益凸显。由田鸽著写的《数字经济对农村劳动力非农就业的影响研究》一书，在充分挖掘数字经济丰富内涵的基础上，证实了数字经济在提高农村劳动力非农就业量、推动城镇化发展方面扮演的重要角色，进一步分析了数字经济对促进城镇化发展过程中的有效社会分工形成和优化农村劳动力非农就业结构的重要作用。本书的研究既是对现有的关于信息化、网络化等经济效应研究的拓展，又为实施相关政策以进一步促进数字经济发展，着力保障数字经济促进不同技能农村劳动力从事不同类型非农工作提供了理论支撑，因而具有重要的学术和政策价值。
2025,大数据时代工商管理方法与实践探究——评《工商管理理论与实践研究》,张旭亮;傅泽,,管理世界,0,<正>大数据时代的到来，对工商管理带来了深刻的变革。信息技术迅猛发展，海量数据不断产生，由此对数据的处理能力也显著提升，企业在管理决策、市场分析和客户关系等方面面临新的机遇与挑战。数据的爆炸性增长源于互联网的普及、物联网的兴起以及移动设备的广泛应用，使企业能够通过各种渠道收集到丰富的数据，包括客户行为、市场趋势和竞争态势等。
2025,数字经济发展、资本跨区域非对称流动与异地分类投资,孙伟增;司璐;吕越,数字经济;资本流动;企业投资模式;全国统一大市场;投资多元化,经济研究,0,促进资本自由充分流动和合理配置，是全国统一大市场建设的关键环节。毋庸置疑，数字经济是助推资本自由充分流动的重要动能。本文利用上市公司异地投资数据以及母子公司生产关系信息，从规模、模式和方向三个维度分析了数字经济发展对资本跨城市非对称流动的影响。研究表明，数字经济发展的作用包括：第一，显著促进本城市企业的对外投资和外地资本的进入，但对资本流出的促进作用相对更大；第二，同时促进市场扩张型、跨行业型以及分工型资本的非对称流动，对生产型、销售型和研发型的资本流动存在积极作用，但会限制加工型投资的流入；第三，对资本跨区域流动的影响呈现出明显的“数字鸿沟”现象——本城市与数字经济水平更高的城市之间资本互动的增加明显超过与数字经济水平较低的城市之间的联动。进一步的机制分析表明，母子公司所在城市的数字经济发展对母公司的融资约束和委托代理成本具有非对称性影响，而两地之间的数字鸿沟会降低企业的异地投资效率。本文研究对于全面理解数字经济发展对资本流动的影响、在数字经济背景下促进全国统一大市场建设、加快发展新质生产力以及构建新发展格局具有重要的理论和政策价值。
2025,债券注册制实施与市场高质量发展：以取消债券余额比例上限为视角的分析,林晚发;郭雅婷;杨大宇;刘颖斐,40%比例上限放开;债券信用利差;债券定价效率;最优资本结构,经济研究,0,债券注册制改革放松了对债券余额比例上限的硬约束监管，本文重点分析了该政策对债券市场的影响。特征事实描述发现，随着40%债券余额比例上限硬约束的放开，债券发行人的债券余额比例显著上升，其中有约8.1%的债券是由余额比例超过40%的企业发行。回归分析发现，相比未超过40%上限的债券，超过40%比例的债券发行信用利差较低，且一二级市场价差更小，展现了这部分债券较高的定价效率。扩展性分析发现，事前受到更大约束且资质良好的企业，其所发行的债券定价效率更高。同时，这些企业发行债券融资更多流向经营与投资活动，促进了盈利能力的提升，降低了债券违约风险，进一步体现出债券市场资源配置效率的提升。上述结果表明，40%比例上限硬约束放开在提升债券市场直接融资比重的同时，也提高了资源配置效率，从而为监管部门从不同角度继续深化注册制改革提供一定的理论依据与经验参考。
2025,金融创新、金融结构与企业创新,陈雨露;蓝焕琪;马勇,金融创新;金融结构;企业创新,经济研究,0,本文基于中国金融体系结构的实际特征，通过在离散时间熊彼特模型中引入银行部门与资本市场，系统考察了银行部门金融创新对企业创新的影响，以及这一影响在不同金融结构下的表现差异。模型分析表明，银行部门的金融创新能够有效降低银行对企业创新贷款所要求的风险溢价，从而降低企业的创新融资成本，激励企业进行更多的研发投入，且这一激励效应在银行部门占比更高的金融结构中表现得更为明显，说明银行主导型的金融体系更应该重视银行部门创新的作用。在此基础上，本文使用中国A股上市公司及其贷款银行的匹配数据对上述模型结论进行实证检验，相关结果指向了与理论模型一致的结论。本文的分析进一步深化了对银行部门金融创新如何影响实体经济创新的理解，并为金融创新与企业创新“双轮驱动”的新质生产力发展新模式提供了理论支持。
2025,货币政策对企业预期的影响——基于工业企业微观调查数据的分析,李力;李学楠;刘晓蕾,货币政策;企业预期;微观调查;稳预期;融资状况,经济研究,0,本文聚焦于货币政策的“稳预期”效果，构建了包含实际摩擦和金融摩擦的动态随机一般均衡模型，探究货币政策对经济主体预期变动的影响，并基于一套独特的工业企业微观调查数据，考察货币政策冲击对微观企业产量预期的具体影响。研究发现：宽松的价格型和数量型货币政策冲击均能推动企业形成积极预期，两者在边际上分别使得企业对于下季度产量形成积极预期的概率增加5.3%和23%左右，且数量型工具“稳预期”的影响比价格型工具更广。在宏观经济景气程度较高以及消费需求扩张的状态下，扩张性货币政策“稳预期”的效果会更加明显。宽松货币政策有利于改善企业的外部融资状况，也会使得企业新增投资的意愿更加积极，进而推动企业形成积极预期。本文的研究表明，适度宽松的货币政策应进一步加大逆周期调控力度，并统筹使用数量和价格两类货币政策工具，多措并举扩大内需，以增强货币政策“稳预期”的效果。
2025,财政金融协同的实体经济促进效应：基于信用创造的视角,余明桂;张萌萌;安剑锋,财政金融协同;抵押品;信用创造;实体经济促进效应,经济研究,0,党的二十届三中全会强调，要统筹推进财税、金融等重点领域改革，健全宏观经济治理体系。为了加强财政和金融政策的协调配合，我国各地区地方政府先后实施了政府采购合同融资政策（简称“政采贷”政策）。该政策支持中小企业将政府采购合同对应的未来收款权作为抵押品向银行申请贷款，并通过设立“政府—企业—银行”专用账户，确保合同款项支付到专用账户用于偿还银行贷款。本文以“政采贷”政策的实施作为冲击，研究财政金融协同是否有助于中小企业融资，促进实体经济发展。结果发现，“政采贷”政策通过信用创造效应显著增加了中小企业的银行贷款。此外，“政采贷”政策也显著促进了中小企业的固定资产投资和劳动雇佣水平。本文的研究具有重要的政策启示，即创新型财政金融协同有利于盘活存量政府资源，发挥信用创造效应，支持实体经济发展，实现政府不增加财政负担、企业增加抵押品、金融机构获得安全资产的三方共赢。因此，未来的改革可以进一步发挥基于财政政策的抵押品创造功能，引导金融资本投向实体经济，同时也应优化地方政府债务结构，重视化解地方债务风险，实现财政与金融的良性互动。
2025,政府就业增长目标、民生保障性财政支出偏好与稳就业效应,王海军;伍骏骞;谢凯;刘炎周,就业增长目标;民生保障性财政支出偏好;稳就业效应,经济研究,0,就业增长目标是我国重要的就业制度安排。政府提高就业增长目标是否会促使企业增加招聘，是否会采取策略性招聘？长期以来地方政府存在“重生产投资、轻民生保障”的财政支出结构扭曲问题，政府就业目标能否对该问题进行定向矫正？本文在序贯博弈框架下刻画政府就业目标、民生保障性财政支出偏好与企业招聘之间的互动关系，并通过手工收集的1967份地级市政府工作报告城镇新增就业目标数据、中国地方政府财政预决算独特数据以及近5800多万条企业互联网招聘数据进行实证检验。研究发现：（1）地方政府就业增长目标的提高显著促进了企业招聘，具有稳就业效应，且主要通过增加就业补贴的途径发挥作用。（2）政府就业目标既促使企业招聘高技能劳动力，具有人力资本升级效应，也兼顾了对低技能劳动力的招聘，发挥了包容性就业效应。（3）由于就业目标会激励政府兑现其稳就业承诺，在民生保障性财政支出初始偏好较低的地区，就业目标的稳就业效应更显著，表明就业目标能够定向矫正财政支出结构扭曲问题。（4）企业切实增加了吸纳就业的人数，而非采取“招而不聘”“招新裁旧”“35岁门槛”等策略性招聘行为。成本收益测算也显示，政府为完成就业目标投入的就业补助所带来的收益大于成本，即就业目标政策兼顾了社会与经济效益，但其效果依赖于目标形式和政策执行环境。本研究对于理解并优化就业目标制度、防范规模性失业风险具有重要意义。
2025,中国数据资本形成总额与数据资本存量测算,许宪春;雷泽坤;胡亚茹,数据资本形成总额;数据资本存量;大数据;机器学习,经济研究,0,数据是数字经济时代的关键生产要素，其资产化是必然趋势。然而，数据资产的概念、核算范围、核算方法等统计核算问题，在国内外尚未形成统一标准。本文在国民经济核算框架下，从理论、方法与应用分析三个层面开展国际可比口径的数据资产测算研究。本文结合智联招聘数据、天眼查企业数据、上市公司财务数据、就业工资统计数据等资料来源，利用机器学习、文本分析等统计分析工具，基于双链结构数据价值链的成本法测算了全国、地区和行业层面的数据资本形成总额，利用永续盘存法测算了相应的数据资本存量。结果显示，中国数据资本形成总额由2003年的509.28亿元上升至2021年的14738.27亿元；中国以2003年为基年的不变价数据资本存量由2003年的896.35亿元上升至2021年的19075.90亿元。分区域看，东部经济发达地区数据资本形成总额与数据资本存量位于前列，西部和东北地区较低。分行业门类看，制造业数据资本形成总额与数据资本存量规模最大。中国数据资本形成总额和数据资本存量增速明显高于美国和加拿大；中国数据资本形成总额在2021年略超过美国，但数据资本存量相较美国还存在一定差距。
2025,国内和全球创新网络的协同嵌入与企业技术赶超,王康;苏盖美;李逸飞;肖琼琪,国内创新网络;全球创新网络;企业技术赶超;二元创新;新发展格局,经济研究,0,准确把握和运用国内与全球创新网络的协同嵌入对企业技术赶超的影响机理，是实现高水平科技自立自强，以中国式创新推进中国式现代化的关键抓手。本文建立国内和全球创新网络协同嵌入与企业技术赶超的理论研究框架，并基于中关村海淀科技园全样本企业数据集和IncoPat专利数据库，实证分析企业技术赶超目标下国内和全球创新网络的协同嵌入机制。研究发现：第一，国内和全球创新网络都具有促进企业技术赶超的独特优势，但随着单一网络的结构性过度嵌入，国内创新网络同质化特征和全球创新网络风险性特征较为明显，导致利用式创新与探索式创新失衡，出现边际递减效应；第二，国内与全球创新网络的协同嵌入能克服上述不足，促进二元创新高水平动态平衡，实现技术轨道跃迁，促进企业技术赶超；第三，在动态协同关系中，国内与全球创新分别在技术水平较低和较高阶段发挥更加突出的作用；第四，现阶段，应在两个网络协同嵌入的同时，进一步强化国内创新网络的作用，推动全球价值链攀升，实现中国企业新一轮技术赶超。研究结论为新发展格局下优化企业技术赶超路径，打好创新网络嵌入“组合拳”，构建具有全球竞争力的开放创新生态提供了理论支撑和实践启示。
2025,农村集体经济发展、农户收入增长与差距缩小——基于制度环境与治理结构的分析,张浩;程名望;张财经;郑淋议,农村集体经济发展;外部制度环境;内部治理结构;增收效应;拉平效应,经济研究,0,农村集体经济作为社会主义公有制经济的重要组成部分，是中国实现乡村振兴和共同富裕的重要途径。本文采用中国农村家庭追踪调查（CRHPS）数据，从外部制度环境与内部治理结构双重视角，实证考察了农村集体经济发展的农户增收效应及收入差距拉平效应。研究发现：第一，农村集体经济发展能够显著促进农户增收，主要通过加强资产整合利用、创造非农就业和创业机会、推进农业规模经营等途径实现。第二，外部制度环境下，政府扶持项目、农村基础设施建设、政府考核目标等能够强化农村集体经济发展的农户增收效应；内部治理结构中，自治规章制度、农村信息公开能够强化农村集体经济发展的农户增收效应。第三，农村集体经济发展对低收入农户的增收效应更为显著，能够拉平农户内部收入差距，有利于促进共同富裕。第四，农村集体经济发展对农户收入的影响，在农户收入结构、基层组织建设、宗族网络等方面具有显著的异质性。该研究为发展农村集体经济以促进乡村振兴和共同富裕的国家战略提供了经验证据和决策参考。
2025,系统观念下中国共产党领导经济工作的实践路径,方涛,系统观念;中国共产党的领导;经济工作;政治经济学,经济研究,0,以习近平同志为核心的党中央坚持系统观念，全面、系统、整体地落实党对经济工作的领导，丰富了马克思主义政治经济学关于经济和政治关系的理论，揭示了党领导经济工作的实践路径。一是坚持总揽全局，全覆盖、全方位、全过程地把党的领导贯彻到经济工作的各领域各方面各环节。二是坚持统筹兼顾，在处理好各种重大关系中形成推动经济高质量发展的强大合力。三是坚持一体推进，在政治和经济的统一中整体落实党对经济工作的领导，把党的全面领导的最大政治优势转化为经济发展实绩。加强党对经济工作的领导，既为经济发展提供了政治保证，也夯实了政治发展的经济基础，使政治和经济在良性互动、动态平衡、有机统一中共同推动中国式现代化行稳致远。
2025,中间品扩展型技术进步、生产网络结构转型和产业结构变迁,吴涵;郭凯明,产业结构变迁;生产网络;中间品扩展型技术进步;全要素生产率,经济研究,0,本文构建了一个内生产业结构变迁和生产网络结构转型的系统性分析框架，在理论上提出中间品扩展型技术进步，即来自不同产业的中间品在特定产业生产过程中的相对生产率变化，是促使生产网络结构转型进而推动产业结构变迁的重要动力；细分行业生产网络广延边际效应或细分生产任务结构转型等因素都可能带来产业层面的中间品扩展型技术进步。本文的定量分析发现：1995—2014年中国特定产业中间品扩展型技术进步对该产业中间投入中各产业比重变化的解释力在30%以上，特别是在第三产业中的解释力超过了90%；第二产业中间品扩展型技术进步对第一产业就业比重的降低作用超过了5个百分点，第三产业中间品扩展型技术进步对第三产业就业比重的提高作用超过了2个百分点；三次产业全要素生产率提升虽然对产业结构变迁也有影响，但影响程度基本小于第二和第三产业中间品扩展型技术进步。本文从中间品扩展型技术进步视角为产业结构变迁的经济动因提供了一个新的经济解释，也由此在中国以科技创新引领现代化产业体系建设方面提出了具体政策建议。
2025,中国共产党经济思想中的“第二个结合”,裴长洪,中国共产党经济思想;文化传承;“第二个结合”,经济研究,0,中国共产党坚持和发展马克思主义，不仅强调把马克思主义基本原理同中国具体实际相结合，而且还强调同中华优秀传统文化相结合，只有植根本国、本民族历史文化沃土，马克思主义真理之树才能根深叶茂。这是习近平总书记总结的中国共产党百年来不断实现马克思主义中国化时代化的基本经验和基本规律。对于在一个半殖民地半封建社会如何解决走社会主义道路的问题，中国共产党从土地革命入手，激发了千年传统的社会动力，利用植根于中华土壤的深厚传统互助精神，引导亿万农民走上了社会主义农业合作化道路。新中国成立后，国家制度和治理不仅吸收了马克思主义的理论养分和其他国家的经验教训，而且鲜明地保留了中国文化传统的底色。在创立中国特色社会主义市场经济理论和实践中，吸收了具有浓郁中国文化特征的国家经济治理思想。中国共产党的改革思想和理论运用了贯通古今的辩证法思维，与中华优秀传统文化渊源相通。它把种种相互矛盾的事物有机统一起来，形成了中国特色的制度体系。求富是中国千年经济思想史讨论的重要话题，而改革开放后以经济建设为中心并实现“小康”则是中华民族千年传统文明的延续与发展。实现共同富裕是中国古代经济思想的传统，今天已成为迈向中国式现代化目标的文明传承因素。实现中国式现代化并创造人类文明新形态，既包括生产力的高度发展，也要求文明的其他领域，生产关系和上层建筑、意识形态发生伟大变革。这些方面都离不开中国历史文化传统的创造性转化和创新性发展。
2025,创新驱动、激励机制与高校科技成果转化——以省部共建国家重点实验室为例,亢延锟;郭家宝;胡志安;陈斌开,省部共建实验室;校企合作;科技成果转化;激励机制,管理世界,0,促进高校科技成果转化，尤其是加强高校创新与产业的精准对接是实施创新驱动发展战略的重要举措。本文以省部共建国家重点实验室的设立为背景，讨论了高校层面的考核激励对其创新行为和成果转化的影响。在理论层面，基于一个高校创新的多任务模型，本文指出，当高校面临创新数量和质量的双重考核时，数量型考核压力越大，高校越容易出现“重数量轻质量”的问题，并且当高校单位投入可实现的创新数量越多时，该问题愈加明显。在实证层面，本文首先发现省部共建国家重点实验室对高校创新的影响具有“重数量轻质量、重申请轻实施”的特征，且对于处在实验室考核年和学科评估临界值附近的高校，这种现象更加明显；其次，以专利成果署名顺序为切入点，研究发现省部共建实验室设立后，高校为了以更低的投入获取专利第一申请人的身份，更多与议价能力较低的小规模企业开展合作研发，产生的合作专利质量明显更差；最后，本文发现实现高校与地方产业的精准对接，有利于弱化高校创新中“重量轻质”的内在激励，促进高校科技成果的提质增效。
2025,政府资助社会组织的行动逻辑、实现机制和政策效果研究,沈永东;毕荟蓉;郁建兴;王晓蓬,政府资助;社会组织;政策效果;行动逻辑,管理世界,0,政府资助社会组织成为增进民生福祉、提高公共服务优质共享的重要举措。本文基于2012～2021年中央财政支持社会组织参与社会服务十年政策执行的经验现象分析，提出了“行动逻辑—实现机制—政策效果”的解释框架。本文发现：（1）政府资助社会组织具有提升社会服务供给、提高社会组织发展、改善政社关系等多元政策效果；（2）政府在工具性行动逻辑和社会性行动逻辑的驱动下资助社会组织，且在不同资助阶段产生动态变化；（3）在双重逻辑的动态驱动下，政府资助社会组织的不同政策效果经由资源撬动、规范赋能、引领示范等3种机制得以实现，并呈现出差异化特征。本文从行动逻辑层面拓宽了西方政府资助社会组织理论，贡献了政府资助社会组织的中国模式，为政策制定者和社会组织开展政策评估与机制选择提供有益启示。
2025,科创板企业上市标准选择对IPO通过的影响研究,郑国坚;刘潋;马新啸,科创板企业;注册制;盈利标准;非盈利标准;上市标准选择,管理世界,0,本文首次针对性关注同时满足“盈利标准”和“非盈利标准”的申请上市科创板的企业，研究其上市标准决策能否以及如何影响IPO通过，主要发现：（1）同时满足“盈利标准”和“非盈利标准”时，科创板企业选择“非盈利标准”通过IPO的概率比选择“盈利标准”平均高出19.58%;(2)机制检验表明，企业选择“非盈利标准”更符合科创板制度设计的合法性要求，从而更易通过IPO，而信号传递渠道不成立；（3）进一步考察科创板制度优化的外生影响，相关制度加强了拟上市企业整体的规制合法性，削弱了选择“非盈利标准”对IPO通过的正向作用；（4）异质性检验显示，包容性上市标准有助于解决地区间创新发展不平衡的问题，位于非长三角地区和非一线城市以及承销券商声誉更高的企业，选择“非盈利标准”通过IPO的可能性更大；（5）部分企业仍然选择“盈利标准”申请上市的原因在于，其会基于“成本—收益”权衡作出理性决策，选择“非盈利标准”通过IPO的同行企业数量和募资越多，以及合作保代的注册制保荐经验越丰富时，上述企业选择“盈利标准”的倾向越小；（6）经济后果检验表明，企业选择“非盈利标准”上市后的财务舞弊可能性更低、经营业绩更好。
2025,关税和境内税收协同视角下的国际贸易政策设计,纪珽;陆毅;段玉婉,国际贸易;贸易政策;结构方程;最优关税;量化贸易,管理世界,0,增值税和不完全出口退税的政策组合会产生出口税的效果。在这样的前提下，中国保持了强劲的出口势头，这展示了中国制造的竞争力，同时也为贸易政策的调整创造了新的维度和空间。本文提出关税和境内税收应协同发挥作用的政策理念。为此，本文建立了一个包含关税和多种境内税收的多国贸易模型，首先通过理论推导展示了开放环境下各种税收如何影响经济运行，再基于数值模拟，逐步进行了单税收、单国多税收、多国多税收互相博弈的定量优化设计分析。研究结果表明：关税和部分境内税种在作用机制上直接相关，并以高度耦合的方式影响居民福利及其他重要经济指标，因此进行国际贸易政策设计时应当将它们统一规划和调整。增值税的不完全退税特征会通过改变相对价格直接影响国际贸易，因此出口退税是贸易政策体系设计中的重要一环，在形式上也具有探索创新的空间。在世界主要国家当前的税制现状下，当国际贸易政策博弈从关税扩充到更多税收的组合时，中国能够显著改变竞争态势，获得明显优势。
2025,减税政策与地方预算统筹,张牧扬;费冒盛,预算统筹;减税政策;预算间资金调动,管理世界,0,在深化财税体制改革、健全预算制度背景下，如何加强财政资源和预算统筹，提升地方财政的稳健性和可持续性显得尤为关键。本文立足现行《中华人民共和国预算法》对四本预算相衔接的要求，以2017～2019年增值税减税政策为外生冲击，运用231个地级市财政预决算数据，研究地方政府在减税政策之下的预算统筹行为。研究发现，对增值税依赖度较高，从而受减税政策影响较大的地区，一般公共预算调入资金规模更大，且地方政府为应对减税冲击有主动提升土地出让收入的倾向，以支撑一般公共预算调入资金规模的扩张。进一步分析表明，调入资金确实降低了地方政府的赤字依赖度与债务负担。研究结论表明，加强预算统筹是实施积极财政政策的重要工具，但从健全预算制度层面出发，仍有一定改进空间。深化财税体制改革需要在增加地方自主财力的同时，构建规范、透明的预算间资金衔接准则。
2025,从基层“三保”的财力保障看财政转移支付的效果和优化路径,仇童伟;彭嫦燕;甘犁,基层“三保”;财政支出偏好;财政转移支付;财政资金直达机制,管理世界,0,做好基层“三保”（保基本民生、保工资、保运转）工作，关系到政府履职尽责和人民群众的切身利益，是维护经济运行正常和社会大局稳定的“压舱石”。本文利用2016～2020年中国地方政府财政预决算数据库数据，描述了基层“三保”特征，并评估了财政转移支付的效果。研究结果显示，2016～2018年全国区县“三保”支出平均占比略高于40%，但2019年后出现大幅增长并超过了50%。如果不考虑财政转移支付，那么东部、中部和西部分别有超过30%、50%和60%的区县无法负担“三保”支出；如果考虑财政转移支付，那么基层“三保”保障将不存在财力不足问题。在“三保”支出内部，虽然基层政府在早期偏好保工资和保运转支出，但2019年之后保基本民生支出占比大幅增加，体现了新常态下中央财政保障民生的基本取向。进一步证据显示，财政转移支付有利于提高基层保工资支出，但仅专项转移支付对西部基层保基本民生支出存在激励作用；落实财政资金直达机制有利于提高基层“三保”支出，且对保基本民生支出的效果最佳。其中，落实专项转移支付直达机制对基层“三保”的保障作用更强。鉴于此，当前亟须测算基层“三保”的合理支出水平、强化共同财政事权转移支付专款专用属性、调整专项转移支付的规模与结构、因地制宜实施财政激励政策。
2025,全国统一大市场建设、地区间技术互补与省际贸易增长,陈喆;郑江淮;冉征,全国统一大市场建设;技术互补;省际贸易流动份额,管理世界,0,在因地制宜发展新质生产力阶段，全国统一大市场建设应持续推进创新资源跨地区优化配置，引领地区间互动机制从生产联系深入到技术联系，持续增强地区间技术互补以不断扩大省际贸易联系、促进省际贸易持续增长。本文通过构建包含技术互补关系的多地区采购贸易模型，深入探讨技术互补在强化省际贸易流动份额中的关键作用。基于中国1992～2017年发明专利数据测算得出省际层面技术互补指数与贸易流动份额指数，本文有以下研究发现。（1）技术互补显著提升了省际贸易流动份额，相比于技术结构简单产品，省际在技术结构复杂产品上进行技术互补对推动省际贸易流动份额的贡献作用更突出。（2）随着地理范围的不断扩大，技术互补对省际贸易流动份额的促进作用呈现持续存在特征，具有明显的省际贸易放大效应。（3）基于强化技术互补的检验发现，降低创新资源配置不确定性能够加快省际技术互补提升；优化营商环境将推动中低收入省份融入高收入省份互补性技术体系；促进发明人才合理配置有利于各省份在技术结构复杂产品上开展技术互补活动。本文的研究揭示了全国统一大市场建设下的技术互补演变及其对省际贸易增长的影响，为我国建设技术和发明人才全国统一大市场，形成以贸易增长为导向的技术互补体系，进而因地制宜布局有本地优势的新质生产力找准政策发力方向。
2025,链主企业对技术压力型政策变化的创新响应策略——基于比亚迪的纵向案例研究,何琪;王昶;邓婵;耿红军,链主企业;技术压力型政策变化;创新响应;技术轨道;认知,管理世界,0,技术压力型政策是政府促进新兴技术创新发展的重要手段，但企业尤其是链主企业如何对其进行创新响应，尚未得到充分的理论阐释。本文融合认知视角与技术轨道理论，通过对比亚迪动力电池技术的纵向单案例研究，探索链主企业对技术压力型政策变化的创新响应策略及其背后的机制。研究发现：第一，面对技术压力型政策变化，链主企业通过实施实质性顺轨创新、策略性变轨创新、前瞻性并轨创新策略，实现对政策变化的灵活响应；第二，链主企业依据对政策变化与自身能力的认知判断，通过对技术方向选择与知识编排调整，自主转换技术轨道响应政策变化，实现技术优势深度挖掘、广度拓展和全面领先；第三，链主企业凭借技术与关系领导力以及在产业链中的地位，在技术压力型政策变化的创新响应上较一般企业更具能动性。这一发现拓展和深化了企业对政策的创新响应理论研究。本文的研究结论为强化企业创新主体地位，尤其是充分发挥链主企业的创新引领作用，进而更好实现有为政府与有效市场的结合提供启示与借鉴。
2025,重大工程价值创造过程的适应性迭代机制——以都江堰水利工程“惠泽永敷”为例,陈光宇;税发萍;鲁若愚;李仕明;李志琴,重大工程价值;惠泽永敷;都江堰水利工程;适应性迭代;代际义务,管理世界,0,人与自然和谐共生的价值永续是重大工程高质量发展的核心理念。本文对都江堰水利工程千年古堰价值的质性研究，系统探索了重大工程“惠泽永敷”价值创造过程的行为机制、演化路径与理论内涵。研究发现：（1）重大工程价值创造过程的适应性迭代存在乘势生物、合道成物与合和共生3种行为机制，依次涌现在生物迭代、成物迭代和共生迭代3个过程，整体呈现螺旋上升的动态演进趋势；（2）在道与器的传承与创新交互作用下，呈现“简约速效—制度匹配—区域协同”的经济性演化路径，这种路径依赖对良性迭代产生连续的强化作用；（3）普惠价值演化经历功能形成、环境复合、区域融合的阶段性系统跃升，价值目标依赖对良性迭代产生稳定的保障作用；（4）重大工程“惠泽永敷”演化过程中隐含的价值基因，呈现代际属性、代际传承、代际义务的逐级进化，对经济性路径突破与普惠价值演化发挥驱动作用。本文提出的理论框架既是对中国特色重大工程价值理论的自主性探索，也是在中国式现代化背景下对重大工程价值普惠路径及适应性理论的挖掘与探索。
2025,乡村品牌身份重构如何助力乡村振兴？——基于贵州“村超”的探索性案例研究,王泽宇;周翔;王增文;王英奇;邓智平,乡村振兴;关系战略;品牌身份;身份建构;最优区分,管理世界,0,乡村是中国社会的基础。鉴于乡村的资源积累相对薄弱，利用特色品牌建设来吸引利益相关者的资源投入已经成为推动乡村发展的重要途径。本文将乡村视为品牌社群，运用最优区分理论，以贵州省榕江县“村超”带动乡村发展的实例为切入点，深入探究乡村如何凭借品牌身份构建来动员利益相关者资源投入的机制逻辑。具体而言，欠发达乡村可以通过两种身份区分机制——内化式平衡与外衍式平衡，逐步强化对内外部利益相关者的资源动员效果。一方面，通过内化式平衡，乡村能够重新凝聚内部的利益相关者，共同培育出具有地方特色的核心竞争力；另一方面，借助外衍式平衡，乡村进一步整合外部利益相关者，吸引并汇聚优质资源，携手推进核心竞争力的深度开发，进而为乡村振兴注入了持久的发展活力。此发现不仅为乡村振兴战略提供了微观关系战略层面的实践启示，同时也拓宽了身份构建理论与最优区分理论在实践中的应用范畴。
2025,中国式现代化视域下新质生产力的政治经济学研究——兼评《新质生产力赋能中国式现代化》,谭学想,,管理世界,0,<正>新质生产力是推动中国式现代化建设的强大新动能，基于中国式现代化的战略要求进行新质生产力的政治经济学阐释，对推动新质生产力高质量发展，并赋能中国式现代化建设具有重要意义。洪银兴、任保平所著《新质生产力赋能中国式现代化》一书根据中国式现代化的时代任务，基于政治经济学范式阐释了新质生产力的丰富蕴涵，结合新科技革命背景论述了新质生产力赋能中国式现代化的理论机理，围绕科技创新和产业创新深度融合的现实要求阐明了适应和促进新质生产力高质量发展的主要举措，系统构建了中国式现代化视域下新质生产力的政治经济学架构。
2025,数字平台与制造业企业利润率,谢富胜;邓可为;江楠,数字平台;制造业;利润率;商品流通;价值提取,经济研究,0,数字平台作为新的商业资本的具体形态，凭借其加速制造业商品流通与资本周转的功能，能够提取制造业企业创造的价值从而获取利润。数字平台的“加速周转”效应与“价值提取”效应共同作用于制造业企业利润率，随着制造业的数字平台投入越过一定门槛，前者的影响逐渐被后者抵消，致使利润率下降。本文吸收任务模型和利息议价模型中对流通时间和博弈过程的设定，以一个拓展的资本循环模型刻画了上述过程；随后通过投入产出表数据构建数字平台中间投入量指标，使用门槛回归等方法验证了上述机制。相关政策需要推动制造业企业积极接入数字化产业生态系统，使平台与制造业企业之间的博弈从竞争走向合作，才能使得数字平台成为中国企业打通要素循环、塑造新发展格局的关键力量。
2025,中国企业数字技术风险暴露对企业价值的影响——来自大语言模型的文本分析证据,陆瑶;施函青;周欣怡,数字技术风险;供应链外溢;大语言模型;企业价值;数据安全,经济研究,0,做优做强数字经济，需要统筹发展和安全两个方面，高度重视新一轮数字技术变革中的风险防范问题。本文利用FinBERT和GPT大语言模型对A股上市公司年报管理层讨论与分析部分进行文本分析，构建多层次数字技术风险暴露程度的衡量指标，探讨我国企业数字技术风险的暴露情况及对企业市场价值的影响。研究发现:第一，年龄较大、杠杆率较高、资产收益率较低、公司治理水平较差的企业面临更严重的数字技术风险暴露。第二，数字技术风险暴露会显著降低公司的长期市场价值。其中，数据安全风险和网络安全风险均有明显负面影响。在利用美国同行业数字技术风险暴露作为工具变量缓解内生性问题后，本文实证结果保持稳健。第三，主要的影响机制在于数字技术风险通过数字基础设施的互联性，对供应链生产网络产生溢出效应，且给企业带来长久的声誉损失。本文的结论对如何平衡数字化转型中的收益与风险、推进企业持续优化数字化转型路径、护航数字经济长期健康发展具有政策意义。
2025,商业银行绿色治理信贷溢价效应研究,梁琪;李温玉;余峰燕,绿色治理;信贷定价;主动型绿色治理;遵从型绿色治理;企业绿色表现,经济研究,0,目前鲜有研究下沉到微观业务层面探讨银行绿色治理对其绩效的影响，而对该问题的回答关乎银行能否兼顾“绿色”与“盈利”双重目标、保持服务经济绿色转型的内在动力。有鉴于此，本文在构建我国银行绿色治理指数基础上，利用手工收集的2008—2018年17552笔中国上市公司银行贷款数据，考察了银行绿色治理对信贷定价的影响。研究发现：第一，银行绿色治理会显著提高信贷定价，即存在银行绿色治理信贷溢价效应。第二，银行绿色治理会通过绿色声誉效应和绿色成本效应提高信贷定价。第三，考察银行端绿色治理类型发现，银行主动型绿色治理的信贷溢价效应显著强于遵从型绿色治理。第四，分析企业端绿色表现异质性发现，企业绿色表现提升可缓解银行绿色治理信贷溢价效应的影响。此外，与高绿色治理水平银行建立借贷关系有助于降低企业后续贷款成本。本文为监管部门深化绿色银行体系建设提供理论基础，也为银行通过绿色治理获取竞争优势、为企业持续提升绿色表现提供经验证据。
2025,基于宏观经济运行状态与企业异质性的积极财政政策效果研究,田磊;林建浩;蒲龙;彭玉磊,宏观经济运行状态;金融摩擦;实际摩擦;积极财政政策;挤入效应,经济研究,0,2024年中央经济工作会议定调实施更加积极的财政政策。如何贯彻落实中央经济工作会议精神引起社会各界广泛关注。为此，在考虑现阶段我国宏观经济面临稳增长压力的运行状态下，本文构建能够准确拟合多个微观企业层面和宏观层面经济指标的一般均衡模型，量化研究积极财政政策的刺激效果和优化路径。研究发现，将经济由稳态运行状态拖入经济增长承压运行状态的负向外生冲击导致产品价格下降、融资约束企业占比升高，进而使得增值税税率下调、政府消费扩张和政府投资扩张等积极财政政策的刺激效率受到不同程度的影响，支出扩张类刺激政策的作用持续性也有所下降。即便如此，面对负向外生冲击，政府消费扩张和政府投资扩张也依然能够产生明显大于1的产出乘数，增值税税率下调也能够持续地对经济产生刺激作用。拓展分析发现，在经济面临稳增长压力状态下，积极财政政策的迟缓响应将在一定程度上削弱其刺激效果，而降息类宽松货币政策的协同配合则可明显增强积极财政政策的效果。最后，本文从政策内容、实施时点、财政与货币等政策的取向一致性方面，就如何贯彻实施更加积极的财政政策提出针对性建议。
2025,财政收入、支出结构激励与民生性公共服务供给,卢盛峰;田慧;李成,财政收入;民生性公共服务供给;支出结构激励;石油价格冲击,经济研究,0,增强公共服务的均衡性和可及性已成为共识，但如何实现这一目标：应该增强地方财力建设，还是需要调整支出结构激励？本研究首先通过构建空间一般均衡模型，分析了财政收入冲击对地方政府公共服务供给行为的影响，并基于2012—2020年民生性公共服务站点的时空大数据，利用国际油价暴跌的外生冲击，实证检验了财政收入对公共服务供给的作用。研究发现：财政收入的增加对民生性公共服务供给具有显著的促进作用，但其改善效应依赖于地区财力是否优先满足生产性公共服务建设的基本需求。只有在生产性支出得到充分保障的前提下，地方政府才可能兼顾民生领域支出，逐步实现“重民生、促投资”的财政支出结构优化目标。此外，用于民生性公共服务供给的新增财力也存在政府投资局部化和集中化现象，这凸显出资源配置的空间不均衡。本研究有利于理解中国公共服务供给不均等形成的背后机理，并对公共服务供给的政策实践具有借鉴意义。
2025,全球价值链下贸易政策的跨国协同研究——兼论中国扩大开放的全球开放引领作用,张鹏杨;冯阔;唐宜红,贸易政策跨国协同;全球价值链;中国进口;歧视性贸易政策,经济研究,0,贸易政策跨国协同对重塑全球多边贸易体制意义重大。本文通过构建双边关税互动模型，论证了全球价值链下各国实施贸易政策的引致关联，探讨了大国开放对其他国家贸易政策开放的引领作用。进一步，使用中国《进口商品暂定税率表》调整作为进口开放政策冲击的“准自然实验”，实证检验理论命题。研究发现，中国对部分产品实施进口开放政策后，各国在对应产品上实施的歧视性贸易措施显著减少，呈现中国开放与世界开放的协同性。中国的进口开放政策拉动了各国在相应产品上的全球价值链参与，提升了各国出口中的间接国内增加值与国外增加值使用，这是各国歧视性贸易政策下降的重要原因。对中国进口依赖度高和全球价值链位置趋近下游的产品，中国进口开放政策下贸易政策跨国协同效应更加明显。本文诠释了中国开放对全球共同开放的引领作用及内在逻辑，为中国以实际行动构建开放型世界经济提供了理论证据。
2025,全球供应链关系中的行业不确定性对中国企业的影响——基于中美供应链关系的研究,杜茜茜;孔东民;潘玉坤;申睿,行业不确定性;全球供应链;企业利润;投资活动,经济研究,0,处于全球供应链关系中的中国企业，如何应对愈发不确定的外部行业环境，是关乎产业链、供应链韧性和安全水平，也是关乎企业生存与我国经济高质量发展的重要问题。本文基于中美跨国供应链关系，通过对美国金融市场卖方金融分析师报告的文本大数据信息进行分析，构建美国行业经济不确定性指标作为供应链上的行业不确定性的代理变量，进而研究了跨国供应链上的客户行业不确定性对中国供货商企业的影响。实证分析发现，美国下游行业的不确定性越高，中国上游企业会计收入和会计利润越低，这一结果符合成本黏性理论的预期。同时，国内上游企业会减少投资活动作为应对措施，这与实物期权和投资不可逆理论的预期一致。进一步的研究显示，跨国供应链上的下游行业不确定性对于未来股票收益率具有一定的预测作用，表明资本市场并未有效地反映该不确定性信息。本文的研究从中美供应链关系的视角考察了外部行业不确定性对中国企业行为的影响及其经济后果，这对于加强供应链的风险管理，帮助我国企业应对外循环中的不确定性具有重要的启示意义。
2025,中国宏观经济韧性的理论框架、实践路径与政策选择,隋建利;霍子蓬;刘金全,中国式现代化;中国宏观经济韧性;理论框架;实践路径;政策选择,经济研究,0,本文通过构建宏观经济韧性的理论框架，从收缩规模、抵抗能力、恢复潜力的视阈，剖析经济基本面、社会发展、经济行业、微观经济活力维度下宏观经济的收缩、抵抗以及恢复韧性，归纳中国宏观经济韧性的实践路径，结合对韧性提升方面经济性政策与非经济性政策的有效性评估，探讨增强中国宏观经济韧性的政策选择。研究发现：（1）高质量发展转型时期，宏观经济的收缩韧性呈现“稳中向好”的发展态势。2022年以来，经济基本面、社会发展、经济行业以及微观经济活力维度收缩韧性的稳健增强，助推了宏观经济收缩韧性的快速回暖。（2）新发展格局时期宏观经济的抵抗韧性已初具规模，经济基本面、社会发展、经济行业以及微观经济活力维度的抵抗韧性，均展现了不同程度的增强迹象。（3）在韧性提升方面，同业拆借利率、税收收入以及国债收益率的政策有效性较好，非经济性政策的有效性总体较为优异。
2025,公共数据开放与中国绿色全要素生产率：数据要素的视角,郭家堂,索洛悖论;数据要素;公共数据开放;绿色全要素生产率,经济研究,0,2010年以来，全球数字经济规模不断扩大，数据高度渗透到各领域，然而主要发达经济体和重点发展中国家的经济增长速度却普遍放缓，引起了学界对索洛悖论的再次关注。针对该经济现象，本文从数据要素减少信息误差（第一经济价值）和创造新的知识（第二经济价值）的角度出发，系统分析了数据要素中公共数据开放对中国绿色全要素生产率的影响并提出研究假说。借助中国省级公共数据开放平台逐步上线的准自然实验，利用城市宏观数据和企业微观数据展开实证检验。研究发现：公共数据开放释放大量数据要素，对中国绿色效率改进有显著的促进作用，对中国绿色技术进步的作用暂未显现，总体上对中国绿色全要素生产率有显著的促进作用。在上述作用中，公共数据开放具有显著的规模报酬递增、区域绿色协调发展和节能减排等效应特征。微观层面实证研究证实了以公共数据为代表的数据要素两大基本经济价值，大部分中国企业有效利用了其第一经济价值，少数拥有丰富专有数据的企业有效利用了其第二经济价值。基于研究结论，本文对索洛悖论给出了新的解释，认为索洛可能忽视了能源和环境对经济发展的刚性约束从而给出“计算机对生产率无效”的片面判断。本文研究为中国的公共数据开放、数据要素价值认知以及相关政策制定提供了证据。
2025,社会主义市场经济的新篇章,张宇,社会主义市场经济;高水平社会主义市场经济体制;政府和市场关系;“两个毫不动摇”,经济研究,0,社会主义制度建立以后，选择什么样的经济体制，是一个重大的理论和实践问题。社会主义市场经济的伟大创造和历史贡献在于，它从理论和实践上超越了资本主义市场经济，创造了市场经济的新形态，赋予了社会主义以新活力，为中国式现代化创造的人类文明新形态奠定了坚实的物质基础和体制保障。党的二十届三中全会聚焦构建高水平社会主义市场经济体制，对进一步深化经济体制改革作出战略部署，开辟了发展社会主义市场经济伟大创造的新篇章。构建高水平社会主义市场经济体制，要把社会主义制度与市场经济两方面的优势更好发挥出来，实现有效市场和有为政府更好结合，坚持“两个毫不动摇”，促进资本健康发展，扩大高水平对外开放。构建高水平社会主义市场经济体制，也将有利于推动世界经济的繁荣和发展，为人类探索更好社会制度贡献中国智慧和中国方案。
2025,北京工商大学经济学院简介,,,管理世界,0,"<正>北京工商大学是北京市高水平研究型大学,由原国内贸易部直属的北京商学院和原轻工业部直属的北京轻工业学院于1999年6月合并组建而成。现已发展成为理、工、经、管、法、文、艺等学科相互支撑、协调发展的多科性大学。北京工商大学经济学院起源于原北京商学院商业经济系,1960年开始招收本科生,1981年成为全国首批硕士学位授权单位。应用经济学入选北京高校高精尖学科,应用经济学、产业经济学为北京市重点建设学科。"
2025,行稳方能致远：中国煤炭市场运行特征与价格政策评估,张赟懿;苏彤;王思泉;林伯强,能源价格;供求冲击;碳达峰碳中和;煤炭定价机制;时间序列估计,管理世界,0,煤炭作为中国能源安全的“压舱石”，在积极稳妥推进碳达峰、碳中和目标进程中发挥重要作用。利用贝叶斯结构向量自回归（BSVAR）模型，本文首先分析了中国特色煤炭市场的历史形成机制，识别了“有效市场”和“有为政府”在煤炭市场中的协同作用，指明了煤价“行稳”的意义与途径；随后，基于BSVAR识别的煤炭政策冲击，构建时间序列反事实政策评估模型（Policy-TVAR），评估“双碳”目标下现行煤价政策工具的实施效果，从定价机制的角度厘清了煤炭市场的“致远”之路。研究发现，经济景气引发的需求冲击是煤炭价格趋势的决定因素；煤炭定价机制的调整则会改变特定需求冲击的影响程度，干预短期价格行情的形成。反事实政策评估表明，现行煤价政策工具能够基本满足煤炭市场所承担的经济任务需要，但是，如果考虑“双碳”长期目标，煤炭市场运行机制仍有优化空间。“双碳”目标下应当明确煤炭的角色定位，关注价格冲击源头，当前“长协价+市场价”的定价模式有利于发挥供需信号作用，阻隔供给侧风险对宏观经济的传导。在此基础上，应充分重视煤价政策工具对“双碳”目标的支持作用，动态调整煤炭市场化规则，促进煤炭市场与“双碳”能源转型进程有效对接。
2025,财政金融协同的地方债务管理路径探索——基于城投公司承建专项债券项目的研究,钱一蕾;钟宁桦;沈一童,专项债券;城投公司;财政金融协同;稳增长;防风险,管理世界,0,优化地方债务管理模式需要发挥财政与金融的协同效应。专项债券是落实积极财政政策的重要抓手，而城投公司则是专项债券项目的重要承建主体和金融市场的重要融资方，可以为符合收益要求的项目配套市场化融资。两者的结合衔接了财政和金融资源。本文将6.7万个专项债券项目数据、城投公司财务数据和地区经济基本面数据进行匹配，探究了城投公司承建专项债券项目这一模式对于微观企业和宏观区域层面的影响。研究发现，该模式一方面改善了城投公司的经营绩效，并为其带来更多低成本、长期限的债务融资，有助于防范化解城投债务风险；另一方面也可以发挥政府投资对于社会资本的引导作用，放大专项债券的投资撬动杠杆，提升区域投资效率。进一步分析发现，上述积极效应能否有效发挥，与专项债券项目的投向领域高度相关。在投资回报情况较好的市政和产业园以及生态环保领域，提质增效的作用更为明显；而在收益情况不容乐观的交通领域，反而导致经营绩效和投资效率的恶化。因此，建议在高质量专项债券项目上，积极探索使用城投公司承建专项债券项目的模式，助力实现“稳增长”与“防风险”的长期均衡。
2025,知识产权维权保护、创新风险和企业研发外包——基于“专利保险试点”政策的微观检验,孙浦阳;栾泽华;于春海,研发外包;知识产权维权;创新风险;市场竞争;自主研发,管理世界,0,研发外包已经逐渐成为企业的一种重要创新方式，但其过程中往往存在外部技术泄露的创新风险。本文构建了我国企业研发外包的面板数据，并以2012年实施的专利保险试点政策作为准自然实验，探究了对知识产权的维权保护会如何影响企业的研发外包。研究结果表明：（1）试点政策开始后，与控制组企业相比，处理组企业的研发外包支出增长了6.14%～7.53%;(2)通过安慰剂检验、工具变量等一系列方法进行检验后，基准回归的结果依然稳健；（3）使用司法数据的检验结果表明，试点政策的冲击有效保护了企业的知识产权维权；（4）机制分析发现，政策降低了企业的创新风险，从而对研发外包起到促进作用；（5）进一步分析显示，维权保护同时在广延边际和集约边际上促进了企业的研发外包，并且具体效果与自主研发的情况密切相关。本文对我国企业的研发外包及其面临的创新风险展开了实证研究，为进一步有效推进我国企业创新、建设科技强国提供了有价值的微观证据。
2025,国地税机构合并与政府补助策略性调整,张浩天;卢盛峰,国地税机构合并;政府补助;策略调整;全国统一大市场,管理世界,0,在建设全国统一大市场的背景下，规范地方政府竞争行为、提高财税政策配置的有效性是当前改革亟待解决的问题。本文从政府竞争过程中收支策略互动的角度出发，通过构建双重差分模型，实证检验了国地税机构合并对政府补助政策配置的影响。结果表明，国地税机构合并使得企业获得的政府补助显著减少，并且这一效应从时间趋势上是持续的。机制分析发现，国地税机构合并遏制了与税费挂钩的低效政府补助、减少了不合规的政府补助，整体上看虽然降低了企业获得的政府补助，但提高了政府补助资金的配置效率。进一步研究发现，国地税机构合并增加了地方财政收入，而地区市场化程度的提高能够抵消其对企业进入的负向影响。本文的研究成果有助于进一步理解地方政府补助策略调整的逻辑，对优化地方政府竞争格局、推动全国统一大市场建设提供了有益的政策启示。
2025,涉税信息跨部门共享的税收治理效应研究——来自集团企业海外避税的证据,赵仁杰;赵欣仪;孙华臣;周小昶,跨部门信息共享;税基侵蚀;利润转移,管理世界,0,数字时代政府部门的海量数据能够为提升国家治理现代化提供重要支撑，但部门间信息共享不畅会制约大数据治理效能的发挥，加快跨部门数据融通和信息共享迫在眉睫。本文围绕跨国企业海外避税治理中的信息获取难题，基于各城市商务部门向税务部门共享企业境外投资信息的政策实践和手工整理的2009～2021年上市集团公司关联网络数据，分析境外投资信息共享的税收治理效应。研究发现：境外投资信息的跨部门共享会显著降低母公司在避税天堂的投资，但对企业在非避税天堂的投资没有明显影响；涉税信息跨部门共享对企业海外避税的抑制作用主要体现在民营企业、融资约束较大和面临更强税收征管的企业中，在税率较高的避税地表现更为明显；涉税信息跨部门共享会降低跨国公司与避税天堂的关联交易，并且主要表现为减少向关联方低价销售的转让定价行为，这是跨部门信息共享抑制税基侵蚀的重要机制。本文不仅为新一轮全球税收竞争背景下治理跨国公司利润转移和促进投资回流提供了重要启示，更为数字时代通过构建政府部门间信息共享长效机制、发挥大数据信息的国家治理效能提供了有益参考。
2025,链“岛”成“陆”：公共数据开放的技术创新效应研究,沈坤荣;林剑威,公共数据开放;数据要素;创新;数字技术;不确定性,管理世界,0,随着链接各部门数据的政府数据开放平台陆续上线，原本封闭在政府各部门内的“数据孤岛”，有望形成推动经济高质量发展的“新大陆”。本文以地方政府数据开放平台上线作为公共数据开放的外生政策冲击，基于2009～2020年中国专利全量数据集构造的多维数据结构，实证检验公共数据开放对技术创新的作用。研究发现，公共数据开放显著促进了技术创新，并且由于数据要素与数字技术创新的内在关联，公共数据开放对于数字技术创新的促进作用相对其他技术领域更强。进一步分析发现，公共数据开放一方面通过降低企业外部环境的不确定性而促进技术创新；另一方面，公共数据资源的增加既满足了技术创新对公共数据资源的需求，也通过创设数据应用场景而促进了技术创新，这使得更多专利内嵌入数字技术，推动了数字技术向各技术领域的渗透融合。本文量化评估了公共数据开放的技术创新效应，为数字时代背景下政府优化新型公共服务供给，以加快培育新质生产力、推动经济高质量发展的相关实践提供了经验启示。
2025,文化和旅游产业对区域经济增长的影响——兼评《文化和旅游产业发展与区域经济增长》,于强福,,管理世界,0,<正>由孔少华、张崇雨撰写的《文化和旅游产业发展与区域经济增长》一书，从理论和实践层面深入剖析了文化和旅游产业对区域经济增长的影响机制。本书围绕产业集聚、溢出效应、文化资本、乡村振兴等维度，结合详实案例展开了深度探讨，并重点以西部地区旅游经济为研究样本，运用空间相关性方法，证实旅游产业集聚对区域经济增长的正向推动作用，同时深入挖掘旅游经济的空间溢出效应，阐释了文化资本对区域经济增长的直接与间接影响路径。
2025,以能源节约集约利用促进高质量发展——基于生产网络模型的重点节能增产行业选择,傅春杨;于也雯;龚六堂,高质量发展;能源节约集约利用;生产网络,管理世界,0,高质量发展是全面建设社会主义现代化国家的首要任务，必须统筹好质的有效提升和量的合理增长，加强能源节约集约利用是促进高质量发展的有益抓手。本文构建了包含能源技术效率的生产网络模型，分析了生产端的能源技术效率提升对能源总消费和经济总产出的影响，识别出节能增产目标下的重点行业。研究发现，最终消费以及冶金制造、能源、交通运输、建筑和现代制造5个生产行业是新发展阶段节能增产的重点，且用发展的眼光来看，最终消费和建筑业的重要性愈发突出。本文将能源技术效率提升的节能效应分解为效率效应、结构效应和规模效应，其中，效率效应是减缓我国能源总消费增长的最重要因素。本文考虑了不同中间品投入之间、中间品投入和劳动投入之间的替代关系及其行业异质性，并估计了中国不同行业的替代弹性，提高了节能效应测算的准确性。聚焦重点生产行业和最终消费的节能增产，全面促进消费绿色低碳转型，扎实推进建筑领域清洁低碳发展，是实现高质量发展的重要抓手。政策制定还应充分考虑三大效应的行业异质性以及要素替代关系的影响，并加强市场化政策工具的组合运用。
2025,出口跟随：国内生产网络微观视角下的贸易身份转换,廖赛男;包群,国内生产网络;间接出口优势;贸易身份转换,经济研究,0,凭借日益复杂的国内生产网络关系，出口行为通过国内客户-供应商之间的供应链溢出进行逐级传导，使得中国企业出口呈现出网络型扩张的微观新特征。通过构建国内生产关联和出口决策的理论模型，并使用2009—2016年中国上市企业的客户-供应商数据，研究发现：（1）间接出口优势显著提高企业新进入出口市场的概率，证实了从间接出口到直接出口的典型事实，且出口身份转换主要体现在自身出口能力欠佳的中小型企业和出口意愿更强烈的行业；（2）间接生产率溢出和出口信息溢出是促进企业出口身份转换的两个重要渠道，供应商更可能紧随客户销往与其目的地相同或者相近的国外市场；（3）有过间接出口经历的企业在出口生存和出口产品质量方面表现更好，出口产品范围更为集中，而企业出口身份转换后仍然倾向于保留原有的间接出口关系。本研究对双循环新发展格局下的国内外市场联动机制提供了一种新的微观解释。
2025,信息披露违法追责与中小投资者保护——来自证券虚假陈述民事诉讼的证据,吴溪;江雨佳;王彦超,信息披露违法;民事追责;中小投资者保护;虚假陈述揭露日;赔偿责任比例,经济研究,0,"信息披露违法对资本市场的影响是一个持续和耗散的过程：在曝光初期，违法行为虽未认定，但信息冲击和投资者的损失较大；随着违法事实逐步揭示和认定，增量信息衰减，市场波动和投资者损失趋弱。选择哪个时点作为法定的虚假陈述揭露日并认定违法者的赔偿责任，关乎中小投资者保护和违法成本。本文基于我国证券虚假陈述民事诉讼的证据显示，法院在揭露日选择和赔偿责任比例这两个关键的判决上，对原告主张的揭露日投资者损失呈现显著敏感性,而被告的主张无此特征。法院过往审理经验越丰富，其判决对投资者的损失幅度越敏感。证据还显示，法院判决对投资者损失补偿最大化原则的支持程度越大，投资者越倾向于选择其损失最大的时点提出赔偿主张。本文对从严打击财务造假、加强立体化追责、推动资本市场高质量发展具有参考价值。"
2025,税收安排与地方债务压力——来自债券利息收入税率调整的证据,周佳音;陆毅;王伟同,地方债;税收安排;债务压力;融资成本;弹性系数,经济研究,0,隐性债务规模扩张带来的财政风险和付息压力成为阻碍中国经济可持续发展的主要症结，以债务置换为代表的化债工作是下一阶段的财政要务。在债券类型转换过程中，不同债券税收安排的差异将有可能对债务融资成本产生间接影响。本文基于债券利息收入税率调整的准自然实验，运用双重差分法对税收安排与地方政府融资成本的因果关系进行识别。实证结果发现，债券利息收入税率的上升会导致地方政府债务融资成本的上涨，其弹性系数约为0.4185。利用弹性系数对债务置换等减税情景进行反事实估算，发现降低债券利息收入税率的“减支效应”大于“减收效应”，因而有助于部分缓解地方债务压力，并提高国家财政整体福利。本项研究为防范化解地方债务风险提供了一种更为市场化的新思路。
2025,美国电商税法与中国跨境电商出口及其税收负担,马述忠;杜特;房超,跨境电商;税收政策;贸易弹性;价格传递,经济研究,0,全球范围内电子商务的快速发展在很大程度上得益于其相对于传统商务活动的税收优势，而随着各国对于线上税收损失的日益重视，“线上避税天堂”很可能会因此消失。本文以美国电商税法的两轮立法为准自然实验，基于2017—2020年中国向美国跨境电商出口的州—月度面板数据，采用多时点双重差分方法，实证考察了税收政策变动对跨境电商出口的影响。研究结果表明：第一，规定由卖家自行缴税的《经济关联法》对跨境电商出口没有显著影响，规定由平台代收代缴销售税的《电商平台促进法》的实施则使得中国向美国的跨境电商出口额平均下降了7.31%，弹性约为-1.129，消费者在贸易中的税收敏感度远低于企业；第二，《电商平台促进法》的实施主要影响跨境电商出口数量而非出口价格，即税收负担主要由美国消费者承担；第三，异质性分析表明，政策执行力度越强、渠道和产品越容易被替代，以及消费者收入水平越低时，《电商平台促进法》的政策影响越大。本文研究拓展了数字经济时代贸易税收领域的研究边界，为中国提升跨境电商税收政策的科学性以及促进跨境电商贸易自由化、便利化发展提供了理论支持与政策参考。
2025,增值税改革与行业间资源配置效率演变：1997—2020,聂海峰;杨玉萍;陈晓光,增值税;生产网络;效率损失;投入产出,经济研究,0,本文通过建立生产网络中增值税影响经济总产出的模型，结合1997—2020年的历年投入产出表，分析增值税制度对经济效率损失的历史演变，考察营改增和增值税税率简并与下调等税制改革对经济增长的贡献。研究发现，随着产业多元化和分工细化，2012年之前增值税和营业税并存的税制引起的效率损失逐渐增加。2012年之后的营改增打通行业间增值税抵扣链条，大大降低了增值税和营业税并存产生的效率损失，使得税制对总产出的扭曲减少了约4倍。2017年以后增值税税率的简并与下调，缩小了增值税税率档次差异，使得增值税对产出的扭曲进一步减少，仅为理想产出的0.07%。经济增长来源核算的分解显示，2012年之前税制扭曲降低了全要素生产率，抑制了经济增长，而2012年之后的营改增和税率简并与下调使得增值税制度走向统一和完善，促进了全要素生产率的提升和经济增长。研究表明，2012年以来的营改增和税率简并与下调完善了增值税制度，进一步实现了增值税的税收中性，促进了资源配置改善。
2025,电子商务与企业跨地区交易：交易成本经济学的视角,唐跃桓;黎静霖;杨其静,电子商务;跨地区交易;区域间贸易;供应链网络;统一大市场,经济研究,0,随着数字信息技术的深化使用，电子商务正在国内贸易活动中发挥日益重要的作用。本文基于国家电子商务示范城市的准自然实验，考察电子商务究竟能够在哪些环节降低交易成本，从而影响企业的跨地区交易活动。研究发现：第一，电子商务有助于促进企业跨城市和跨省份交易，这主要源于电子商务降低了事前的搜寻成本和谈判成本。其中，对于本地偏向型企业，电子商务降低搜寻成本的作用更明显；对于外地偏向型企业，电子商务降低谈判成本的作用更明显。第二，交易范围的扩大在一定程度上增加了相关企业事后的治理成本，而这些成本与企业同新对象交易的不确定性、专用性投资和交易频率有关。强化企业组织、第三方平台、电子商务协会和商业信用环境的治理机制，将有助于缓解该成本上升。第三，电子商务不仅有助于促进高行政壁垒地区的企业实现跨地区交易，而且还能帮助企业在高行政壁垒地区展开交易。总之，本文研究揭示了电子商务影响企业跨地区交易的内在机制，对电子商务赋能双循环新发展格局、助力全国统一大市场建设具有一定的理论和实践价值。
2025,产业链再造视角下的关键技术创新激励机制,荣健欣;王大中;张天衡,关键技术创新;产业链再造;创新激励机制;激励模式;政策协调,经济研究,0,当产业链上的关键中间品面临外部断供风险时，政府可通过靶向设计协调创新激励机制，引导企业研发核心技术并推动技术产业化，实现产业链安全稳定发展。本文构建包含产业链上下游的创新激励机制框架，研究再造产业链的创新激励政策。首先，针对原型研发阶段的创新激励，考虑创新政策对中间品市场的内生影响，探究政府科技部门在最大化全产业链价值的目标下，对获补企业数量与补贴额度的最优权衡。本文发现在最优机制中，筛选规则呈现“阈值”结构，组合补贴的门槛高于单独补贴；补贴额度受企业预期的中间品市场利润影响，组合补贴下企业获补额度高于单独补贴。其次，针对技术产业化阶段，本文探究了政府产业管理部门对创新激励的最优股权设定，并考察政府对资金回报的敏感性如何影响最优持股比例。进一步探析产业管理部门选择多元资金支持模式时，在股权投资-科技信贷-无偿补贴三者之间做出最优选择的内在机理。在此基础上，分析政府不同职能部门之间创新政策的协调，发现产业管理部门对技术产业化的激励会通过影响技术研发预期收益内生调节科技部门的创新政策设计。最后，本文还探讨了上游技术创新与下游需求培育联动的“推-拉”协同式创新扶持政策设计。本研究结合现实，发展了创新激励理论，并为我国提升产业链韧性和安全水平的制度建设提供了学理依据。
2025,企业数字化与技术采用：中国整体技术升级路径的探讨,高远东;陆子顺;项后军,技术采用;技术扩散;企业数字化;调整成本,经济研究,0,本文基于投资的调整成本理论，提出企业能否以较低的调整成本最大化技术采用报酬，将直接决定企业是否、何时采用新技术，并论证了企业数字化如何通过降低调整成本加速了技术采用。实证层面，本文基于过去十年上市企业发明专利的引文信息，发现企业数字化会加速其采用外部技术，在排除了企业数字化本身对数字技术采用需求后上述结论依然成立，从而证实了企业数字化背后的数字技术属性具有通用目的。多维渠道分析表明，企业数字化确实通过降低技术采用的调整成本加速了技术采用，且不存在通过侵占知识产权以加速技术采用的作用渠道，这意味着企业数字化强化了其采用外部技术的内生动力。进一步通过构建企业层面的生产率追赶模型，还发现企业数字化加速了落后企业通过技术采用实现技术升级。本研究对于理解企业新旧技术转换中存在的调整摩擦，以及如何从广泛适用的一般性视角助力当前大规模技术改造投资具有明确实践价值。
2025,数据驱动、精准创新与社会福利,尹振东;马昕;龚雅娴;尹志锋,精准创新;消费者数据;数据要素,经济研究,0,随着数字经济的快速发展，企业的研发策略和创新模式发生了深刻变化。本文研究一种新涌现的创新模式——精准创新，即消费者大数据驱动企业精准研发以改进产品的创新模式。为此，本文构建了企业获取数据和应用数据创新的两阶段动态博弈模型，从理论上研究精准创新模式的微观传导机制及其福利后果。研究发现：与无大数据支持的传统创新模式相比，精准创新不一定会提高创新效率和社会福利，只有当数据驱动创新的效果较大时才会如此；随着数据驱动创新效果不断增强，研发投入会持续增加，创新效率有可能先下降后上升，最后达到社会最优水平，同时社会福利会一直提高；数据通过创新产生的收益，总体上更多地分配给了消费者；在企业应用数据创新的阶段，当数据创新效果较大时，数据收益则完全分配给了企业。本文的发现有助于理解数字经济时代的新型创新模式，并且可以为政府设计促进企业创新和保护消费者福利的政策提供理论指导。
2025,全球价值链风险暴露与需求冲击传递——一个统一的分析框架,李之旭;彭水军,全球价值链;风险暴露结构;需求冲击传递,经济研究,0,当前世界之变、时代之变、历史之变前所未有，全球价值链不仅应当是高效的，更应该稳定可控。本文提出了一个全球价值链风险暴露结构的新分析框架，定量分析全球产业部门在全球价值链中面临的潜在风险和“结构性弱点”。进一步，在当前全球有效需求不足、外需冲击频发的背景下，聚焦需求冲击在价值链中的传递过程，探究全球价值链风险暴露对需求冲击的放大效应并厘清其背后的作用机制。研究发现，在全球价值链网络“三足鼎立”格局中，2000—2022年美国的价值链风险暴露一直处在较低水平，2022年德国价值链风险暴露远高于中国和美国，中国整体全球价值链风险暴露水平先升后降。中国典型制造业行业价值链风险暴露结构的演进反映了更为安全化的产业链布局，全球价值链两端暴露大幅下降，其中供给端浅层—需求端浅层、供给端深层—需求端浅层风险暴露水平明显下降。针对需求冲击传递的实证研究表明，全球价值链风险暴露较高的行业部门将受到源自最终需求端的更大冲击。相对两端风险暴露和浅层需求端风险暴露，深层需求端风险暴露对下游需求冲击的放大作用更明显。机制分析表明，全球价值链风险暴露对需求冲击的放大作用源于“长鞭效应”和不确定性引致的风险转嫁效应。本文研究结论为加强价值链风险管理、优化产业结构、推进高水平对外开放提供了政策参考。
2025,第八届张培刚发展经济学青年学者奖评选公告,,,经济研究,0,"<正>为促进中国经济学学术进步,推动经济学学科建设,鼓励经济学青年人才的成长,提高中国经济研究水平,张培刚发展经济学研究基金会(以下简称基金会)特设立“张培刚发展经济学青年学者奖”。张培刚发展经济学青年学者奖每年评选一届,坚持公开、公平、公正的原则,重在鼓励和支持在发展经济学及相关领域拥有创新性的学术研究成果并且具有较强科研潜力的中国青年经济学者。本奖项评选不收取任何费用。"
2025,智慧健康养老与医疗费用——来自智慧健康养老示范基地的证据,解垩;杨玉琪,智慧健康养老;医疗费用;普惠型养老服务,管理世界,0,中国已进入深度老龄化社会并伴随着医疗费用的持续攀升，智慧健康养老作为“互联网+医疗健康”下的新型养老模式能否降低老年医疗费用从而实现医疗减负？本文构建世代交叠模型，基于中国家庭追踪调查（CFPS）2012～2020年5期面板数据，使用多期双重差分法检验智慧健康养老对医疗费用的影响。研究发现：智慧健康养老试点政策使老年人住院概率降低了3.84%，使住院费用、门诊费用、总医疗费用和自费医疗费用分别降低了31.26%、57.65%、63.91%、47.53%，在经过一系列稳健性检验后，此结论仍然成立。机制分析发现，智慧健康养老通过降低交通成本、加强慢性病管理、增加预防性锻炼等方式降低医疗费用，但是其促进“享老”发展的作用还有待提高。异质性分析发现，智慧健康养老提供生活照料、健康管理和情感陪护等服务；智慧健康养老的发展满足“普惠型养老服务”的要求，对不同人群特征和地区特征的老年群体均发挥了医疗减负作用。本文研究结论为积极应对人口老龄化和减轻老年人医疗负担提供了有益参考。
2025,央行外汇干预与汇率预期,缪延亮;程坦;谭语嫣,汇率预期;央行外汇干预;干预规则清晰度,管理世界,0,我们发现人民币汇率预期呈现“外推型”特征，且“外推系数”——为即期汇率变化对汇率预期的影响大小——曾发生过数次结构性变化。2015年“8·11”汇改前，人民币汇率预期呈现“即期贬（升）值缓解贬（升）值压力”的收敛态势，对应外推系数为负；但汇改后曾一度出现“即期越贬，预期越跌”的发散情形，对应外推系数转正；2017年以来，伴随央行逐步退出外汇市场常态化干预，外推系数趋向于0。本文通过构建包含央行外汇干预与汇率预期形成的动态均衡模型，发现汇率预期形成同时受央行外汇干预力度和规则清晰度的影响。当即期汇率贬值，央行外汇干预若强力且规则清晰，则可通过缩减外汇市场的人民币供给，使预期收敛；但若干预规则不清晰，则会加剧市场中人民币供给的不确定性，削弱干预效果。基于模型推论构建的央行外汇干预力度与清晰度的实证指标显示，干预规则清晰度的下降能够解释汇改后外推系数上升幅度的37%～44%。
2025,房地产调控的风险溢出效应——来自融资平台购地的证据,曹婧,房地产调控;风险溢出;融资平台;土地出让,管理世界,0,在房地产业向新发展模式转型的过程中，房地产风险与隐性债务风险交织互溢，防范化解上述两大重点领域风险是统筹好发展和安全的关键所在。在此背景下，本文基于2016～2021年微观土地交易数据和融资平台财务信息，选取房地产贷款集中度管理作为外生冲击，分析房地产信贷调控通过融资平台购地托底产生的风险溢出效应。研究发现，房地产信贷调控趋严显著增加了融资平台购地金额和面积，这一影响主要来自融资平台低溢价购置郊区地块，发挥土地市场托底作用。由于土地溢价率较低和房地产开发能力不足，融资平台举债购地后较少开展土地抵押融资、房地产开发经营和土地转让出租，而是以地方政府部分返还土地出让金的方式缓解流动性压力。因此，房地产信贷调控收紧后，融资平台低溢价购地使其偿债压力加大和盈利能力弱化，从而引发房地产风险外溢至地方政府隐性债务风险。本文的研究结论为经济金融风险的跨市场溢出效应提供了新的经验证据，对于构建房地产调控长效机制和防范房地产业引发系统性风险具有政策启示。
2025,乡村振兴战略下农村金融服务发展探究——评《金融支持新型农业经营主体模式研究》,李明锡;曾梦晴,,管理世界,0,<正>新型农业经营主体是建设现代农业的新生力量，其培育和发展离不开金融资本的支撑。在《管理世界》杂志2024年第10期上，由刘晨冉等撰写的《小农户与现代农业衔接的机制和关键因素研究》一文，引用了李志平、郭沛等主编的《金融支持新型农业经营主体模式研究》一书，该书全面分析了我国当前金融支持新型农业经营主体的供给与需求情况，及时总结各地的典型模式和做法，系统梳理我国金融支农的政策措施，并在借鉴国际组织和有关国家相关经验的基础上，提出完善我国金融支持新型农业经营主体模式的政策建议，旨在为“十四五”期间提升我国金融高质量支持新型农业经营主体发展提供思路。
2025,构建科学规范的财政支出政策绩效评价体系——评《财政支出政策绩效评价》,刘家庆;魏玮,,管理世界,0,<正>如何对财政支出政策实施效果进行衡量与优化是国内外财政改革研究的重要课题。由施青军著的《财政支出政策绩效评价》一书着眼于新时代政策评价体系的建构与完善，以促进财政支出政策绩效评价中价值理想与工具理性的统一。在该书中，作者运用绩效原理分析了财政支出政策评价的概念、原理、原则以及评价的程序、方法等，并通过多元化的政策绩效评价方法，如观察法、专家评判法、成本—效益分析法等，提升财政支出政策绩效评价的科学性和有效性。
2025,共建“一带一路”倡议与服务贸易合作——基于服务贸易网络视角,吕炜;王杰;王伟同,共建“一带一路”倡议;服务贸易合作;服务贸易网络,管理世界,0,共建“一带一路”倡议作为构建人类命运共同体的重大实践，在构建共生共荣的新型国际关系过程中发挥了重要作用。本文聚焦服务贸易这一兼具人文交流和市场发展双重特征的国际交往方式，基于服务贸易网络视角，构建2006～2019年国家层面的面板数据，并利用双重差分方法研究共建“一带一路”倡议对共建国家间服务贸易合作的影响。研究结果显示，共建“一带一路”倡议显著提高了共建国家之间的服务贸易合作。研究机制分析发现，共建“一带一路”倡议提出后共建国家间的制度环境、人文环境、通信环境、运输环境以及融资环境明显改善，使得共建国家间服务贸易合作愈加紧密。进一步分析表明，该倡议对于沿海国家、海上丝绸之路国家和低收入、低风险国家的服务贸易合作具有显著正向影响；按照服务贸易类型和服务贸易基础进行划分，这一倡议有助于增加共建国家间新兴服务贸易和传统服务业的服务贸易合作，发挥了“搭桥建路”的作用。本文为高质量共建“一带一路”提供了理论支撑，力图为全球治理中的国际合作实践提供更多共建启示。
2025,多重制度逻辑下的安全生产监管数字化转型——基于X化工园区的案例研究,杨露;林雪;张艳;周建国,安全生产监管;政府数字化转型;多重制度逻辑,管理世界,0,安全生产监管数字化转型对于提升政府治理效能和公共安全水平至关重要。本文基于制度逻辑理论，构建了一个包含国家逻辑、科层逻辑、市场逻辑、数字逻辑和风险逻辑的分析框架。以X化工园区为典型案例，纵向追踪了安全生产监管数字化转型的进程以及多重制度逻辑间的互动与演变。研究发现，在国家观念建构阶段，以公共安全为价值引领的国家逻辑吸纳以高效和客观为特点的数字逻辑、以不确定性和外部性为特点的风险逻辑，表现为国家将数字化转型塑造为提高公共安全治理能力的关键路径；在地方实践塑造阶段，以向上负责、规避风险为行动规则的科层逻辑与以数字全知、数字全能为核心规则的数字逻辑相互强化；在前两个阶段被国家逻辑吸纳并与科层逻辑互相强化之后，数字逻辑的优先级得以提高，而风险逻辑的优先级有所下降，导致在基层策略回应阶段，出现市场逻辑被挤出、风险逻辑与其他逻辑相竞争的局面。本文综合全过程与多行动者视角，揭示了多重制度逻辑及其相互作用对安全生产监管数字化转型过程和结果的影响，并探讨了多重逻辑的协调策略，为完善安全监管体系和政府数字化转型提供参考。
2025,地区创业比较优势演化——路径依赖抑或路径跃迁,刘啟仁;吴绍永;冯桂媚,高质量创业;创业比较优势;路径依赖;区域联动,管理世界,0,高质量创业不仅是解决居民就业问题的有效途径，更是推动经济高质量发展的重要引擎。本文借鉴产品空间框架理论，在定义地区创业项目比较优势的基础上，利用1996～2020年中国工商注册企业数据首次测算了337个地级市创业发展的路径依赖指数，并界定各地区创业比较优势演化的具体模式，借此研判我国创业发展的总体质量水平。研究发现以下3个基本结论。（1）中国创业整体上呈现为路径依赖模式，反映出我国创业发展存在低质量趋同问题。仅有少数发达地区可以成功地脱离创业路径依赖，开拓新兴产业疆域，实现创业比较优势的整体跃迁。（2）金融发展水平、高等教育质量水平、人口流动水平的提升均有利于地区创业比较优势摆脱路径依赖、实现跃迁式发展。（3）区域协调联动发展有助于各地区打破创业的路径依赖锁定。本文从比较优势演化分析的角度为地区创业发展质量测度研究提供了新的探索视角，也为政府激发市场活力、推动创业高质量发展提供了理论支撑。
2025,全国统一大市场建设的福利效应研究,张洪胜;谢月星;杨高举;鲁建坤,全国统一大市场;消费者福利;复杂循环生产;结构估计;反垄断法,管理世界,0,建设全国统一大市场是构建新发展格局的基础支撑。本文使用省际投入产出表，构建含复杂循环生产的一般均衡模型，利用《中华人民共和国反垄断法》实施的准自然实验和结构估计方法量化评估了全国统一大市场建设的消费者福利增进效应。研究发现，全国统一大市场建设显著提升了国内消费者福利水平，具体机制体现在统一大市场建设促进了最终品跨区域贸易、中间品跨区域生产和跨区域复杂循环生产。全国统一大市场建设的福利效应存在明显异质性：高垄断行业通过行业间投入产出关系产生比行业内更高的福利收益；中间品流动的福利收益高于最终品流动福利收益。全国统一大市场建设有利于通过复杂循环生产发挥区域协同生产比较优势，促进东部地区福利收益向中西部地区转移，实现东中西部地区相对福利收益差距的缩小。本文估计了《反垄断法》实施带来的跨区域一般均衡影响，为理解全国统一大市场建设的效应机制提供了启示。
2025,标准定则市场兴——技术标准对专利交易的促进作用研究,曹春方;龚曼宁,技术不确定性;技术标准;专利交易;技术资源配置优化,管理世界,0,技术不确定性是制约技术要素市场发展的重要因素，但现有研究未充分探讨。本文以国家标准化指导性技术文件的出台作为技术不确定性降低的外生冲击，基于全国专利交易数据，构建双重差分模型，实证研究发现：（1）技术标准出台促进该行业专利交易提升7.1%;(2)行业特征方面，这种促进作用在搜索成本、信息不对称以及套牢风险较高的行业中更强；（3）标准类型方面，技术内容型、市场导向型和持续有效的技术标准对专利交易的促进作用更强。交易主体方面，这种促进作用主要体现在公司买方中；（4）这种促进作用也优化了专利交易市场的结构和效率，增加了交易主体数量，降低了交易主体集中度，促进了跨行业交易，还促进了交易完成后专利的价值提升。本文的研究表明，更好地发挥技术标准降低技术不确定性的作用，是促进技术要素市场高质量发展、优化技术资源配置的有效途径。
2025,劳动供给冲击与青年劳动力工资水平——来自高职扩招的证据,邢春冰;徐懿凡,职业教育;高职扩招;供给冲击;劳动密集型企业,管理世界,0,始于2019年的高职扩招使我国劳动力市场中的青年劳动力数量短期内显著下降。本文将此次高职扩招看作一次准自然实验，考察了其对劳动密集型企业青年员工工资水平的影响；利用扩招幅度的省际差异，同时以中年员工作为参照组的双重差分分析表明，扩招幅度较大（以扩招幅度的75%分位为划分标准）的省份中，青年员工的月工资水平显著上升了3.7%。异质性分析表明，相对于本地居民和高教育水平员工，外来务工人员和低教育水平员工的工资水平增加更多。本文发现，扩招带来的供给冲击减少了劳动密集型企业的总用工人数，提升了劳动力市场中青年劳动力的就业概率。本文的研究结果对于认识教育扩展对收入差距的影响以及劳动密集型企业的劳动需求弹性都有较好的借鉴意义。
2024,煤炭价格冲击与新能源业务扩张叠加下的企业融资约束,杜克锐;李旻旸;王思泉;林伯强,煤炭价格冲击;融资约束;新能源产业;市场非理性,经济研究,0,党的二十届三中全会提出，完善主要由市场供求关系决定要素价格机制，防止政府对价格形成的不当干预，引导新兴产业健康有序发展，加快规划建设新型能源体系，完善新能源消纳和调控政策措施。由此，需要从政府对市场信息的引导作用出发，破解新能源产业发展的短期供需失衡问题。本文基于行为金融学的理论研究了煤炭价格冲击与新能源业务扩张对企业融资约束的影响，提供了一个解释新能源企业融资约束变动的新视角。当煤炭价格出现预期之外的变化时，市场投资者会产生非理性认知偏差，进而影响新能源企业的融资约束。实证研究发现：当煤炭市场价格出现预期之外的上涨时，新能源业务增长迅速的企业，其融资约束会得到缓解；而当煤炭价格出现预期之外的下跌时，新能源业务变动与融资约束不存在显著的关系。异质性分析发现这种现象主要表现在非传统能源企业、成熟的企业和规模大的企业。对连续煤炭价格冲击的分析表明，企业的融资约束随冲击次数增长呈现先上升后下降的规律。本研究为理解中国新能源产业发展过程中的特殊现象提供了新的解释和经验证据。
2024,融资平台整合与城投债风险溢价——基于融资平台整合模式的分析,郭晔;黄梦琪;许达,融资平台;整合模式;风险溢价;盈利能力,经济研究,0,党的二十届三中全会提出，应加快地方融资平台改革转型。融资平台的整合是实现改革转型的关键方式之一。本文通过对近24万条融资平台债券公告/新闻的文本分析和手工筛选，整理出2011—2020年间融资平台整合的公开事件，系统检验融资平台整合对城投债风险溢价的影响。研究结果显示，融资平台整合显著降低了城投债风险溢价。在此基础上，进一步分析不同整合模式的效果，发现聚焦核心资源、合理优化治理结构以及推进市场化的整合模式更受债券市场认可。机制分析表明，融资平台通过整合提升自身盈利能力是化解风险的核心因素。本文研究结果不仅在政策层面为推动融资平台市场化改革和化解地方债务风险提供了经验证据，也弥补了现有文献对于融资平台整合研究的不足。
2024,新型稳定性监管效果研究——来自债券市场的证据,郑怡君;吴文锋;胡悦,金融监管;市场稳定性;市场有效性;偏离度监管;债券市场,经济研究,0,如何平衡市场的稳定性和有效性是金融监管面临的重要问题。利用2018年1月债券市场偏离度监管这一政策冲击，本文考察了以提高交易预期成本而非限制交易为主要特征的新型稳定性监管对市场稳定性和有效性的影响。研究发现，偏离度监管显著降低了高偏离债券的波动性，相比涨跌停板和熔断等传统稳定性监管政策更好地实现了市场稳定的目标。机制分析表明，这种新型稳定性监管有效限制了因负外部性产生的磁吸效应，以及订单不平衡带来的波动性外溢效应所导致的波动性增加。但与此同时，本文也发现偏离度监管使得部分投资者选择等待估值变动和延迟交易，这显著降低了债券价格对基本面的预测能力，且这种价格有效性的下降在民企和低评级企业中更加明显。进一步考察对实体经济的影响后发现，市场定价效率的下降会对金融资源的配置产生结构性的影响，导致民企和低评级企业债券融资和投资水平的显著下降。上述结果表明，债券市场的新型稳定性监管政策较好实现了市场稳定的目标，但对市场效率和金融资源的配置产生了结构性的影响。本文的发现为监管机构更全面地评价估值偏离度监管的经济后果、制订更为灵活有效的稳定性监管政策提供了参考。
2024,关税冲击与企业数字技术应用,李涛;涂玮;李兵;金星晔,关税冲击;数字技术;中美贸易摩擦;大语言模型,经济研究,0,本文使用2015—2020年中国上市公司年报文本数据，采用大语言模型方法构建企业层面的数字技术应用程度指标，并结合中国上市公司数据、中国海关数据和关税变化数据构建由中美贸易摩擦带来的企业层面关税冲击指标，进而实证考察关税冲击对中国企业数字技术应用的影响。结果表明，美国加征关税对中国企业数字技术应用具有显著抑制效应，而中国加征关税的效应不显著。本文进一步验证了关税冲击影响企业数字技术应用的供应链机制、竞争压力机制、经济政策不确定性机制以及融资成本机制，并发现关税冲击对数字技术应用的影响随企业的贸易特征、规模以及对美国出口依赖程度等方面的变化而出现异质性。此外，企业的上下游受到美国加征关税冲击也会影响其数字技术应用决策。本文研究拓展了数字技术应用动因的讨论，丰富了国际贸易对企业经营决策影响的研究，对在微观层面理解贸易摩擦的作用渠道和制定应对策略也具有参考价值。
2024,数字赋能、技术创新与空气污染治理——来自专利文本挖掘的证据,陈晓红;张静辉;汪阳洁;杨千帆,数字技术;数字赋能;空气污染;专利挖掘,经济研究,0,数字技术的快速发展及其应用场景的多元化极大改变了传统经济治理模式，但这种技术创新的环境效应尚不明晰。本文利用文本挖掘分析技术，构建了精细化的全国数字技术专利数据，系统研究了数字技术创新对我国环境空气质量的影响、作用渠道及其异质性效应。研究发现：数字技术创新显著降低了我国空气污染水平，尤其体现在人工智能、大数据和5G通信等数字技术的应用上。测算表明，数字技术专利增长使得全国PM2.5浓度年均降低1.013μg/m3，减少了约166亿元统计生命价值的损失。机制分析发现，数字技术创新通过绿色创新端的技术效应和生产管理端的治理效应提高了工业企业的空气污染治理成效。进一步分析表明，数字技术赋能效果在不同技术类别、区域和企业类型特征的情况下存在显著差异。本文结论对数字技术有重点、分类别地赋能空气污染治理，完善落实精准化差异化管控措施，协同推动环境高水平保护和经济高质量发展具有重要政策启示。
2024,市场结构、创新收益供应链分配与产业发展,孟珊珊;李艳;杨汝岱,供应链;市场结构;创新收益分配;产业发展,经济研究,0,自由进入和竞争是市场经济的核心理念，这对于减少扭曲、促进增长至为重要。本文在一个简洁的理论模型中，讨论了不同市场结构下创新收益供应链分配的差异，并以2010—2021年中国企业供应链数据为基础验证了模型的推断。第一，市场上存在创新收益供应链分配现象，市场力量较强的企业会获得更多的产业链创新收益。第二，不同的市场结构下，创新收益供应链分配存在很大的差异。地方行政垄断使得市场力量较强企业能获得更多的供应链创新收益，市场准入限制使得垄断企业创新动力不足，不利于整体产业发展；竞争性垄断程度较高的企业也会获得更多收益，但后续的创新集聚会使得行业规模不断扩大、行业竞争力不断提升，关联企业有更大的发展空间。本文研究表明，减少地方保护、形成全国统一大市场对于扩大供应链溢出效应有重要意义，以市场自由进入为基础而形成的竞争性垄断企业，对扩大全产业链规模、促进就业、提高全产业竞争力有重要作用。
2024,基于信息优势与技术优势的企业竞争策略：一个非对称双寡头博弈模型,韩海鹏;李明志;郑捷,差别定价;不对称竞争;消费者信息;技术优势;信息优势,经济研究,0,随着数字经济的快速发展，企业能够获取越来越多的消费者信息，并具备对消费者实行差异化定价从而提升自身利润的能力，这体现为企业的信息优势。同时，企业可以致力于技术创新，通过降低生产成本从而增加自身利润，这体现为企业的技术优势。本文通过构建Hotelling双寡头模型，分析了竞争环境下分别具有信息优势和技术优势的寡头企业如何进行博弈互动，及其对市场结构和社会福利的影响。本文的结论表明：（1）站在企业的角度，技术优势的效应具有连续性，任何细微的技术提升对企业提升利润都有利无弊；信息优势的效应具有突变性，只有当信息优势足够大时，企业才有动机选择发挥信息优势。（2）站在社会规制者的角度，发挥信息优势的企业需要同时拥有足够大的技术优势才能提升社会福利。企业如果只拥有单方面的信息优势，实行差异化定价对社会弊大于利。本文进一步讨论当每家企业的可行策略发生变化时的市场均衡，发现在一定条件下政府可以通过适当的规制政策引导企业进行技术创新，从而提升社会福利。本文的结论不仅有助于深入理解数字经济市场中企业的竞争策略，还能够为政府促进数字经济健康有序发展提供理论指导和政策建议。
2024,全国统一大市场与地方产业政策竞争,林晨;李宇潇,全国统一大市场;地方竞争;产业政策竞争;量化空间一般均衡,经济研究,0,本文构建了一个包含产业补贴和产品（人口）流动的量化空间均衡模型，将全国统一大市场和地方产业政策竞争建立内在联系，定量分析了地方产业政策竞争对实际经济增长等的影响。研究发现：（1）当市场一体化程度较低时，地方产业政策竞争更有助于经济增长和总福利的提高；当市场一体化程度较高时，中央产业政策更优。其中，贸易成本降低是主要原因；人口流动成本降低对产业政策的影响较小，但更有利于市场发挥规模经济效应、提高总福利和降低区域间收入不平等。（2）在全国统一大市场背景下，由于规模经济效应，市场逐渐发挥决定性作用，补贴效应在减小。（3）中央转移支付不具有调节地方产业政策竞争的作用，同时考虑转移支付和产业政策合作可以兼顾经济增长和区域协调发展，实现更有效率的公平。（4）地方产业政策合作通过规模经济和深化分工提高经济增长，但是进一步提高还需要用足用好超大规模市场优势。在全国统一大市场下，自上而下的产业政策是最有效率的。本文的分析结果为理解地方产业政策竞争，推动全国统一大市场建设，更好地发挥市场与政府的作用提供了参考。
2024,中小股东诉讼的治理效应研究——基于大股东利益侵占的证据,陈运森;于耀;赵瑞瑞,股东诉讼;证券监管;投资者保护;大股东利益侵占,管理世界,0,本文立足中国特色现代资本市场的重要私人实施机制，手工搜集上市公司中小股东诉讼数据，检验中小股东诉讼的实际治理效应。结果发现：上市公司中小股东诉讼具有增量治理效应，能够显著抑制大股东利益侵占行为。分析中小股东诉讼强度发现，原告涉案人数、涉案金额以及案件关注度越高，治理效应越强；此外，中小股东诉讼的治理效应因企业内部股权结构、治理特征、外部治理环境和所处行业特征的不同而变化。事件研究发现，被中小股东诉讼的公司股价会经历显著的下跌，而市场反应越负面，中小股东诉讼的治理效果越明显。基于中小股东诉讼特征分析发现，当中小股东诉讼的案件诉由直接与大股东利益侵占相关、被告包含公司的大股东、受理法院是金融法院时，对大股东利益侵占行为的治理效果更为显著。最后，法律基础建设对提升中小股东诉讼的治理效应具有促进作用。本文结果表明中小股东诉讼对大股东利益侵占具有实际的治理作用，为完善中国特色现代资本市场监管及投资者保护提供了启示。
2024,到期债务压力与融资平台举债期限——兼论地方债务的流动性风险,马光荣;窦艺;聂卓;胡赟之,到期债务压力;融资期限错配;债务期限;流动性风险,管理世界,0,本文研究到期债务压力对地方债务期限的影响，并由此分析地方债务的流动性风险。研究发现：融资平台到期债务压力的增加显著降低了其新发行债务期限；而显性债务到期压力对新发行地方政府债券期限则无此影响。进一步地，融资平台远期到期的债务负担不会对当前举债期限产生负面影响。对期限溢价的分析显示，融资平台到期债务压力增加会导致较长期债务的利差相比较短期债务上升更多，即强化了正向期限溢价。这些发现表明，当下中国地方债务风险的重要部分是前期融资期限错配导致的债务集中到期引发的流动性风险，而这一问题又根植于融资平台的公益性、长周期投资与非政府信用融资之间的错配。进一步研究发现，债务置换不仅有助于降低平台到期债务压力对举债期限的负向作用，还能直接拉长平台债务期限，从而显著降低风险。本文揭示了地方债务流动性风险的成因和影响，为正确认识和化解当前地方债务风险提供了新的启示。
2024,货币政策预期管理的策略选择：模糊沟通与精确沟通,陈良源;林建浩,模糊沟通;适应性学习;货币政策;预期管理,管理世界,0,在当前复杂多变的经济环境下，政策沟通作为预期管理的主要手段，经常面临着精确沟通和模糊沟通的策略选择难题。本文在适应性学习框架下使用信息区间建模方式刻画央行沟通的模糊特征，考察模糊沟通作用于信息偏差、学习偏差以及预期偏差3个环节，最终影响了货币政策的有效性，并导致社会福利损失。基于此，通过数值模拟探究模糊沟通的可行性和适用范围，研究发现，第一，当央行掌握的信息质量优于私人信息时，精确沟通能够更好地引导公众预期，而模糊沟通会阻碍公众认知并降低学习效率，进而削弱货币政策有效性。第二，当央行受到低信息质量和高经济不确定性约束时，适度模糊沟通能够避免公众对噪声的过度反应，有助于减少错误引导和经济波动所带来的福利损失。第三，适度模糊沟通要求信息区间在一定范围内，如果区间过大则无法发挥预期引导作用，导致社会福利损失。本文首次在适应性学习框架中刻画模糊沟通策略，为健全预期管理机制提供了新的理论支撑。
2024,市级政府撤县设区行为的土地出让收入逻辑,李永友;张真真,撤县设区;行为逻辑;空间配置;中心—外围,管理世界,0,科学的宏观调控、有效的政府治理是发挥社会主义市场经济体制优势的内在要求。更好发挥地方政府作用，前提是精准识别地方政府行为逻辑，这也是健全地方政府治理激励机制的关键。本文聚焦中国2008～2019年期间市级政府的撤县设区行为，尝试通过呈现从目标到行动的完整逻辑链条，建立一个地方政府行为逻辑的识别策略，以验证市级政府撤县设区追求土地出让收入的行为逻辑。实证结果证实，市级政府为了扩大土地出让收入，通过撤县设区这种行政区划调整实现撤并县的管理权集中，在此基础上利用其城市发展规划权，对建设用地指标实施空间再配置，将更多建设用地指标配置到土地溢价更高的中心城区用于商住开发。同时，其通过推动空间一体化基础设施建设，强化了中心城区和外围城区（撤并县）房地产价格的联动。本文基于市级政府撤县设区行为逻辑的研究丰富了行为经济学的应用场景，拓宽了财政管理权集中理论的研究边界，为健全地方政府改革激励机制提供新思路。
2024,不确定性下新兴产业监管的组织学习——以中国电商平台监管为例,蔡泽洲;薛澜,新兴产业监管;电商平台;不确定性;组织学习,管理世界,0,在新一轮科技革命和产业变革中，如何对技术路径和商业模式具有高度不确定性的新兴产业进行有效监管是全世界监管者面临的难题。过去十多年，中国消费互联网蓬勃发展，走在国际前列，也带动了中国新兴产业监管的进步与发展，但由于信息收集的困难，鲜有研究去反映这一实际过程，尤其缺乏对中国监管机构的实证研究。本文基于田野调查和系列深度访谈获取的大量一手数据，结合历史资料，为认识中国监管机构和监管体系提供了实证基础。本文选取中国电子商务平台监管实践为背景，以主要监管机构为研究对象，运用组织学习理论，分析了监管机构对新兴产业作出监管回应的动态演进过程。研究发现，对新兴产业的监管本质上是在不确定性下监管机构通过组织学习作出监管回应的过程。伴随产业发展和监管机构组织学习的过程，监管机构感知到的主导不确定性类型发生变化，面对产业实质、行动策略和政策环境不确定性，监管机构对应采取整合性、互动性和制度性等主要组织学习模式加以应对，形成差异化的监管回应。在中国监管体系中，除新兴产业本身的不确定性外，被监管企业、横向和纵向的地方政府和职能部门、宏观决策层等方面的不确定性，都会对监管机构的组织学习产生影响。为进一步提高政府监管效能，一方面监管机构要持续加强组织学习，另一方面在整体监管思路上要妥善处理监管与发展的关系。
2024,从“研发”到“市场”：链主企业如何实现关键核心技术的商业化？,邵云飞;陈燕萍;吴晓波;谭文,关键核心技术;技术商业化;链主企业;新质生产力,管理世界,0,链主企业是我国关键核心技术自立自强的核心力量。随着技术研发的不断突破，关键核心技术商业化问题日益凸显，链主企业如何破解这一难题成为亟须解决的重要问题。为此，本文通过对京东方的纵向案例研究，构建了链主企业实现关键核心技术商业化的过程模型，揭示了链主企业关键核心技术研发与商业化的交互过程机理。研究发现：链主企业实现关键核心技术商业化经历市场启航、市场扩张、市场领先3个阶段，不同阶段具有不同的商业化路径，并形成了“认知—行为—能力—结果”的内在实现逻辑。在市场启航阶段，聚焦于技术提升，采取“需求驱动的市场渗透”策略，通过技术吸收能力满足市场初步需求；在市场扩张阶段，聚焦于市场适配，采取“市场驱动的多元发展”策略，通过协同创新能力拓展市场应用；在市场领先阶段，聚焦于产业协同，采取“场景驱动的业务创新”策略，通过敏捷适应能力实现关键核心技术商业化。研究进一步发现，在关键核心技术商业化过程中，技术研发与商业化之间存在耦合交互关系，且呈现“拉动式→迭代式→联动式”的跃升，最终形成一个高度协同的耦合交互系统。本研究有效解码了链主企业如何实现关键核心技术商业化的难题，为关键核心技术“卡脖子”问题提供了新的理论视角和实践启示。
2024,生育假的企业成本与分担机制优化,叶菁菁;周骁遥;邹红;甘犁,生育成本;成本分担机制;生育假政策;劳动力需求;企业用工成本,管理世界,0,生育支持政策的落地见效对促进人口长期均衡发展具有战略性意义。本文通过构造包含企业和劳动者双方的一般均衡模型，刻画出企业负担的生育成本通过就业风险传递的作用路径，为企业劳动力需求缩减和劳动者休假利用不足的双重困境提供了理论解释。利用2016年生育假政策调整强度构建双重差分模型，本文提供了企业负担生育成本的经验证据。机制分析显示，企业负担成本的来源不仅包括工资补偿的直接成本，也包括岗位空缺引致的间接成本；劳动要素调整还伴随着企业生产总值下降和生产效率损失。数值模拟结果发现，在生育假充分落地的政策目标下，需政府补足的资金缺口与企业缴费金额的分担比例约为1∶2.7。本文不仅拓展了劳动保护政策成本分担的相关理论研究，还有助于更为全面地认识生育假政策的企业成本效应，对完善生育成本在政府—企业—家庭中的“三方分担”机制具有一定借鉴意义。
2024,超越市场不完美：垂直结构中的上游国企效率悖论,陈金至;刘元春;宋鹭,市场不完美;垂直结构;上游国企;效率悖论,管理世界,0,市场不完美的存在是政府调控发挥作用的前提。结合危机中国企逆势扩张及其微观效率下降的基本事实，本文认为，在国企与非国企分别主导上、下游产业的“垂直结构”中，为了消除市场不完美导致的资源错配，上游国企难以避免周期性的“微观失效但宏观有效”的“效率悖论”。理论分析显示：（1）市场不完美抑制了下游行业对上游生产的中间品的需求，虽然分散均衡中各行业的微观效率相同，但此时上游行业的产出相对不足；（2）在全局最优均衡下，虽然上游扩张和更多的中间品供应能够提升宏观效率，但也损害了上游国企的微观效率；（3）垂直结构的强化和市场不完美的加剧使得上游国企更容易出现“效率悖论”。企业和省级层面的实证检验亦支持了上述结论。进一步地，模型分别从引入中游部门、上游垄断、政府补贴、下游国企和资本积累五方面进行了拓展，从而在强化了核心结论的同时，丰富了研究的现实意义。据此，本文从推动国民共进、综合评价国企效率和打通供应链堵点这三方面提出了政策建议。
2024,马克思主义政治经济学的当代创新——兼评《马克思主义政治经济学的发展与创新》一书,况达;况漠,,管理世界,0,<正>马克思主义政治经济学自19世纪60年代中期诞生以来，迄今已走过了150多年的发展历程。由中国人民大学张雷声教授撰写的《马克思主义政治经济学的发展与创新》一书，探讨了马克思主义政治经济学的一些重要理论问题的发展与创新，探讨了马克思主义政治经济学中国化的发展创新历程，探讨了习近平经济思想对中国特色社会主义政治经济学的开创与发展。总览全书，呈现出三个方面的主要特点。
2024,标准国际化与出口产品质量——来自中国企业的证据,韩剑;朱海;许亚云,出口产品质量;标准国际化;质量信号效应;技术创新效应;内外贸一体化效应,管理世界,0,"当前中国经济正由高速增长阶段转向高质量发展阶段，以标准制度型开放推动高水平对外开放，进而实现经济高质量发展至关重要。本文基于国家标准数据和微观企业数据，从国际标准采用和中国标准“走出去”两个角度度量中国标准国际化程度，理论分析并实证检验了标准国际化对企业出口产品质量的影响。研究发现，中国标准国际化程度的提高主要通过质量信号效应、技术创新效应与内外贸一体化效应3个渠道推动出口产品质量的提升。异质性分析结果表明，标准国际化对本土企业、高生产率企业以及技术密集型企业的促进作用更大；产品标准、方法标准与基础标准国际化的推动作用更加明显。从标准国际化实现路径的影响看，中国标准“走出去”比被动接受国际标准更能有效促进出口产品质量提升。本文研究揭示了中国标准国际化的发展演进特征及其对中国出口质量提升的影响路径,进而为增强中国外贸综合竞争力找准政策发力方向。"
2024,信心加速器、宏观经济波动与货币政策有效性,郭豫媚;郭俊杰,信心加速器;经济波动;零利率下限;政策有效性,经济研究,0,科学的宏观调控应当有效提振信心。因此，深刻理解信心在宏观经济波动和货币政策调控中的作用至关重要。本文通过构建一个包含信心、借贷约束和零利率下限的动态随机一般均衡模型，探究了信心对宏观经济波动和货币政策有效性的非线性影响，并给出了应对方案。本文研究发现，信心不足会通过增加预防性储蓄产生与负向需求冲击类似的效果，这使得衰退冲击的负面影响会通过减弱信心而被放大，产生“信心加速器”效应。与此同时，当货币政策力度不足时，“信心加速器”还会弱化甚至完全抵消降息的宽松效果。在基准情形下，“信心加速器”会导致衰退冲击引发的产出下滑幅度扩大27%，货币政策降息25个基点的稳增长效果下降50%。进一步分析表明，“信心加速器”还会导致经济进入零利率下限的风险增加。加大货币政策力度和实施前瞻性指引能够有效减弱“信心加速器”效应，避免零利率下限困境和经济衰退。本文不仅为研究信心问题提供了理论分析框架，从“信心加速器”视角为理解信心在宏观经济中的作用提供了新视角，还为破解“信心加速器”下信心不足和产出缺口为负之间的负向反馈机制提供了新思路，对于实施科学的宏观调控、健全宏观经济治理体系具有重要的理论与现实意义。
2024,央行沟通“简明—专业”权衡与公众行动,吕之安;刘莉亚;谭姝颖;闵敏,央行沟通;公众分歧;信息处理成本;高频事件研究法,经济研究,0,更加注重与公众沟通是现代中央银行制度的特点之一。然而面对缺乏经济学知识的普通公众，央行应如何权衡沟通语言的简明性与专业性？首先，本文建立基于个体异质性信息处理能力的沟通模型。在模型中，使用更多专业概念能更准确地描述经济基本面，但也同时增加了公众的信息处理成本，阻碍公众获得共同知识。理论分析表明，央行沟通存在最佳沟通专业性（或简明性）使得公众行动分歧最小或社会福利最大。然后，本文手动构建中国货币政策词典，应用于测度沟通文本专业性，基于微博大数据和高频股价数据，证实微博分歧和股票价格分歧均与央行沟通专业性是U型关系。通过区分微博中专家与普通人群体，本文发现专家对专业性沟通的接受能力更强，论证了异质性信息处理能力假设的合理性。本文结论有助于央行通过平衡简明性与专业性实现更有效的公众沟通。
2024,跨境投融资便利、资本流动与经济稳定,孙坚强;张展培;杨馥菁,跨境资本流动;开放经济模型;金融稳定;预期管理,经济研究,0,我国金融开放目前进入加快推进跨境投融资便利、有序扩大资本项目开放的关键阶段。本文考虑我国渐进推进金融开放的典型事实和香港作为内地跨境资本流动重要通道的典型特征，拓展传统小型开放模型，构建包含内地、中国香港和美国的多经济体非对称开放模型，探究跨境投融资便利下的资本流动规律。研究发现，跨境投融资便利使内地和香港形成互补性资本流动循环，缓解内地（或香港）受风险溢价冲击导致的资本外流，进而降低冲击导致的经济波动和福利损失。具体而言，风险冲击在第一阶段直接导致内地（或香港）资本外流，但跨境投融资便利所形成的资本流动循环降低了资本外流，缓解货币贬值和利率上升。风险冲击在第二阶段进一步使居民消费和企业投资下降并触发金融加速器，导致经济产出对稳态负向偏离，但跨境投融资便利发挥正向作用，显著降低经济产出波动和负向偏离程度。冲击引致的总产出波动随着跨境投融资便利程度提高而下降。论文进一步分析市场情绪恐慌的重要情景，研究发现恐慌情绪打破内地和香港的良性资本流动循环，引发内地多方向大规模资本流出，跨境投融资便利此时起反向作用，加剧资本外逃和经济波动。政策启示我国坚定推进跨境投融资便利和金融高水平对外开放，建议实时监测市场情绪和及时管理预期。
2024,研发补贴与渐进式创新锁定：基于机器学习的专利文本分析,孙雅慧;时省;彭飞;吴华清,研发补贴;渐进式创新;专利相似度;文本挖掘;技术路径依赖,经济研究,0,政府研发补贴能否激励企业实现创造性突破是检验中国式“创新悖论”的关键命题。本文首先建立一个异质性创新选择模型模拟企业在渐进式和突破式创新之间的决策过程，推演数量补贴对企业创新投入结构的潜在影响。然后通过基于机器学习的文本挖掘技术，通过测算2010—2022年上市公司专利摘要相似度衡量企业渐进式创新程度，并在此基础上进行实证分析。实证结果发现，获得研发补贴显著提升了企业渐进式创新程度，这一结论在多重检验下保持稳健。进一步探讨研发补贴的影响机制，发现企业既可能存在对已有技术范式的路径依赖，并通过技术规模报酬递增和技术转换成本提升两条路径导致渐进式创新锁定；也可能由于规避政策风险和主动迎合地方官员偏好等动机，在获得研发补贴后主动选择开展渐进式创新。本文结论为提升创新政策激励效果，进而推动创新型国家建设提供了靶向性政策启示。
2024,生育补贴政策的激励效应与托底效应——来自生育补贴政策田野实验的证据,石智雷;王璋;魏爽;杨国超,低生育率;生育支持;生育补贴;生育意愿;田野实验,经济研究,0,低生育率是中国当下面临的重大挑战，然而生育支持政策能否促进生育仍存在争议。本文基于在湖北省进行的一项生育补贴政策的田野实验，识别了生育补贴政策对我国居民生育决策的影响及其作用机制。结果发现，生育补贴政策显著地促进了人们的生育意愿，但这一作用存在“阈值”，只有当补贴金额高于一定额度才能产生积极影响。生育补贴政策既能发挥激励效应，也能发挥托底效应，即生育补贴既能提高人们想生育的概率，也会降低人们明确不想生育的概率。相比之下，生育补贴的托底效应比激励效应更加明显。机制分析表明：一方面，生育补贴政策通过降低生育成本提升了居民生育意愿；另一方面，基层卫生行政部门的消极执行策略弱化了生育补贴发挥的作用。本研究评估了我国生育补贴政策的实施成效，为走出低生育率困境提供了实践经验。
2024,需求风险分散与中国出口企业创新,李敬子;何祚宇;高重阳,需求风险分散;企业创新;倒U型机制检验;新技术领域创新,经济研究,0,当今世界正处于百年未有之大变局，地缘政治冲突和全球经济不确定性持续增强，中国正试图建立起更广泛的出口目的市场组合以分散外部需求冲击的风险。本文将投资组合理论纳入贸易理论框架并与企业的创新行为结合，推导出需求风险分散指数对企业创新水平的倒U型关系及其影响机制，并进行了相应的实证检验和分析。结果发现：目的市场需求风险分散指数对中国出口企业创新呈现出显著的倒U型非线性影响，并非目的市场需求风险分散水平越高越能激发企业的创新。企业的单位创新成本、风险厌恶情况以及其他外部选择的潜在风险分散能力会影响到倒U型曲线的曲率或顶点，是上述倒U型关系的影响机制。在当前需求风险分散恶化的经济环境下，中国应当积极发挥使倒U型曲线变平坦的影响机制，谨慎应对使倒U型曲线变陡峭的影响机制。当外部需求风险较大、现有产品组合难以有效分散风险时，对新技术领域进行“探索性创新”可能是企业分散风险行为的进一步延伸。本文的研究从风险分散的角度为建设创新强国、培育新质生产力和构建产业链安全体系提供了全新的实现路径和理论参考。
2024,智慧城市建设、贸易网络与企业产品多元化,李宁静;刘冲,智慧城市建设;产品多元化;网络辐射效应,经济研究,0,"产品多元化对企业有效抵御外部风险和挑战至关重要，也是推动产业升级的重要力量。在数字中国建设背景下，智慧城市从需求侧为企业产品多元化赋能的作用日益凸显。本文拓展了Bernard et al.(2010)的多产品理论框架，并利用2007—2015年全国税收调查数据库，探究了智慧城市建设对企业产品多元化发展的影响。研究发现：（1）智慧城市建设能够发挥显著的网络辐射效应，即通过国内企业贸易网络促进信息通信技术产品多元化生产；（2）网络辐射效应主要通过扩大下游市场销量、压低上游投入成本及促进产品互补性提高的渠道发挥效力；（3）处于市场分割较低位置且更接近市场下游的企业，更易于实现产品多元化的提升，贸易网络的集中化对辐射效应的传导具有明显阻碍作用。本文研究为评估智慧城市建设的政策内涵提供了理论框架和经验证据,也为如何依托宏观政策推动信息通信技术领域产品多元化发展提供了有益参考。"
2024,从技术鸿沟到技术追赶：数字经济发展效应研究——来自“一带一路”沿线国家的证据,刘友金;张颖斌;蔡翔,数字经济;技术追赶;技术鸿沟;“一带一路”,经济研究,0,数字经济发展产生的“数字破坏”效应究竟会引发后发国家对前沿国家的技术追赶还是技术鸿沟是一个亟待探讨的理论与现实问题。本文利用2010—2021年“一带一路”沿线国家面板数据进行实证研究，结果发现：（1）在数字经济的影响下，沿线国家与前沿国家的技术差距总体上呈现先扩大后缩小的U型关系，经历了由技术鸿沟到技术追赶的转变；（2）沿线国家对外部技术的吸收能力在数字经济发展与技术差距之间发挥重要调节作用，推动U型曲线拐点向左移动，加快沿线国家实现技术追赶；（3）在数字经济背景下，部分沿线国家的技术追赶存在“小国困境”，规模较小的沿线国家相较于规模较大的沿线国家更难实现技术追赶；（4）中国作为快速发展的大国与沿线国家之间的数字经济合作具有“拉拔效应”，有利于规模较小的沿线国家突破规模局限，摆脱“小国困境”实现技术追赶。本文从技术追赶视角为高质量共建“一带一路”和构建“一带一路”数字命运共同体提供了重要启示。
2024,专利保护、创新与经济增长：基于上下游技术溢出模型的分析,潘士远;陈秀茂,专利保护;技术溢出;经济增长,经济研究,0,本文构建了一个考虑上下游技术溢出的内生经济增长模型，研究专利保护对创新和经济增长的影响。专利保护既会影响上下游的技术溢出，也会改变熟练劳动力在上下游的配置，进而影响创新和经济增长。专利保护与创新、经济增长的关系呈倒U型，最大化经济增速的专利保护组合要确保上下游利润合理分配，使技术溢出更强的部门获得更多利润。上游专利保护会产生严重的垄断扭曲，政府可以通过补贴的方式扩大上游生产，缓解上游中间产品的短缺问题，使分散均衡达到帕累托最优。校准与数值分析结果显示，发达国家对下游的专利保护强度远超上游，而中国的上下游专利保护差距较小。当上下游技术溢出强度比较接近时，中国专利制度能有效促进创新和经济增长。
2024,海外技术“引进来”与自主创新“走出去”,李磊;刘博聪;李川川,海外技术引进;技术出海;自主创新;高水平对外开放,经济研究,0,海外技术“引进来”能否提高中国技术成果的国际竞争力，推动自主创新“走出去”，是实现高水平对外开放的重要议题。本文从理论模型以及实证检验两个层面出发，发现海外技术“引进来”通过激励效应、网络效应以及竞争效应促进中国自主创新“走出去”，这一效应在高管有海外经历的企业、创新能力更强的企业、国有企业、制造业企业中表现得更为显著，来自发达国家的技术引进对中国技术出海的促进作用更强。进一步分析表明：首先，上游海外技术引进强度的提高更能促进企业自主创新“走出去”；其次，海外技术的来源国与技术出海的目的国间表现出“偏转特征”，且当技术引进国与出海目的国签订了深度贸易协定、国家间距离更近或技术更为领先时，从该国引进海外技术对自主创新出海至目的国的促进作用更强；最后，技术出海目的国与企业出口目的国表现出较高一致性，而与企业对外直接投资目的国的一致性较低。本文研究为理解中国企业技术出海行为提供了丰富的微观证据，同时为持续扩大高水平对外开放以增强自主创新的国际竞争力提供了参考借鉴。
2024,自由贸易试验区、商业信贷网络与企业出口,王永进;燕晓娟,自由贸易试验区;商业信贷;非自由贸易试验区;企业出口,管理世界,0,辐射带动非自由贸易试验区城市协同发展，是自由贸易试验区建设的重要任务。为此，本文使用2007～2016年上市公司数据和海关数据，详细考察了商业信贷网络如何影响自由贸易试验区政策的溢出效应。本文首先计算了自由贸易试验区流动性冲击的信贷传递率，并在此基础上探讨了冲击如何通过商业信贷网络影响非自由贸易试验区企业的出口。研究发现：（1）自由贸易试验区流动性冲击会显著降低片区内企业的融资约束，增加企业为客户提供的商业信贷融资。（2）该流动性冲击通过商业信贷网络影响下游非自由贸易试验区企业出口的渠道有如下两个：一是上游供应商融资约束缓解的直接效应；二是由此带来的下游客户商业信贷约束缓解的间接效应。自由贸易试验区流动性冲击的信贷传递效应受客户议价能力的影响，议价能力越高影响越大。（3）非自由贸易试验区企业信贷约束的缓解降低了企业对外部借款的依赖，也为其下游客户提供了更多商业信贷融资。本研究揭示了自由贸易试验区建设促进区域经济协同发展的内在渠道，也为科学评估自由贸易试验区政策的跨区域溢出效应提供了新的视角。
2023,劳动力成本与劳动节约型技术创新——来自AI语言模型和专利文本的证据,刘青;肖柏高,劳动节约型技术;BERT模型;劳动力成本;最低工资,经济研究,0,"从替代体力的蒸汽机到替代脑力的AI,重大劳动节约型技术的创新和应用都深度改变了世界经济发展格局，并成为学界研究焦点。然而梳理文献发现，现有关于劳动节约型技术的研究主要聚焦于其应用或引进，对其创新关注甚少。本文首次结合AI领域前沿的BERT语言模型和专利摘要较为精准地识别劳动节约型技术创新。在此基础上，考虑到中国正处于老龄化加剧、劳动力成本快速上涨阶段且劳动节约型前沿技术引进日益受阻，检验劳动力成本上升如何影响中国企业的劳动节约型技术自主创新。基于上市公司数据，本文发现劳动力成本上升显著地促进了劳动节约型技术创新的概率、数量、占比以及质量。使用考虑中国省界特征的相邻城市样本来解决潜在内生性问题后结论依然成立。本文提出的特定技术创新的识别方法可复制推广，在技术创新相关研究领域有较大应用前景。本文研究结论对于理解我国在人口红利消失、老龄化加剧、劳动力成本快速上升阶段的特定类型技术创新有重要启示。"
2023,资源约束、角色分化与地方政府的政策执行——基于公共文化服务示范区建设的案例研究,吕芳,政策执行;政府角色;公共服务;网络治理,管理世界,0,当前关于政策执行的研究多从政策属性与政府结构来探讨执行差异。然而，为何处于同样层级、同样获得中央财政拨款的地方政府在执行同样属性的政策时仍然呈现出较大差异？基于对公共文化服务示范区建设案例的数据集观测，本文提出，尽管地方政府在政策执行时普遍面临着资源有限的约束性条件，但是，为了获得不同类型的资源支持，地方政府在执行同样属性的政策时逐渐形成联合决策者、政治激励者、社会动员者、网络治理者的角色分化，从而导致政策执行模式的差异化。在此基础上，本文提出，在执行面临着资源约束条件的政策时，地方政府在建立政治激励机制、动员社会力量、治理合作网络方面的基础性权力建设至关重要。
2023,PPI—CPI分化“悖论”及其传导机制——基于生产链PPI统计指标体系的新解释,倪红福;吴立元;张志达,投入产出表;PPI-CPI分化悖论;FD-ID生产者价格指数;生产结构,管理世界,0,生产结构日益复杂，现行PPI和CPI统计指标体系的两个缺陷——覆盖面和重复计算——日益严重。本文借鉴美国劳工统计局的FD-ID PPI体系构建方法，构建了基于上游度方法的生产链PPI统计指标体系，并利用中国投入产出表及相关数据进行了测算分析。研究发现：（1）生产链PPI统计指标体系一定程度上克服了覆盖面与重复计算问题，为PPI—CPI分化之谜提供统计核算角度的新解释。现行PPI与CPI呈现显著分化现象，而新构建的FD-PPI与CPI走势相当一致，PPI-CPI分化几乎消失。（2）生产链PPI统计指标体系能更好地反映价格指数的传导机制。总体上，各阶段的价格冲击对其下游需求阶段有显著成本传导，而对其上游阶段的影响较小，且对冲击的反应在最邻近下游阶段最强，在进一步下游阶段趋于变弱。但由于中国特有的上下游生产结构特点，阶段3的价格冲击对下游阶段4和对上游阶段2都有显著的传导影响。（3）2011年1月～2022年8月，现行PPI与CPI之间不存在明显的上下游正向传导关系，而本文构建的FD-PPI与CPI之间则存在明显的上游到下游正向传导关系，价格传导具有一定的成本推动特点。
2023,比较优势与后发优势,樊纲,经济发展;比较优势;后发优势;趋同;知识外溢,管理世界,0,落后国家要想实现发展，就需要利用好自己的相对优势，即比较优势与后发优势。“比较优势”是重要的，因为只有符合要素结构比较优势的产业结构，才能避免陷入“结构赶超”的泥潭。但是落后国家的“初级要素丰裕比较优势”较为脆弱，并不久就会发生衰减甚至消失，难以产生“趋同”所需要的持久的较高增长，而发达国家凭借其“优质要素丰裕比较优势”，反倒可以持续增长。“后发优势”是指落后国家可以以较低的成本、较快的速度，通过学习、引进、吸收、利用世界上已经存在的知识与技术，增加自己的知识要素，实现可持续的较快增长。这两种相对优势可以共同发挥作用，但二者具有相互独立的特征。后发优势是落后国家特有的一种发展要素，不仅在发展的每一个阶段上都发挥着重要的作用，而且在“中等收入”及以后的发展阶段上，发挥着更加重要的作用。最终能否实现与发达国家产业结构与收入水平“趋同”，关键在于能否充分发挥后发优势。
2023,义务教育专项融资与教育投入：基于开征地方教育附加的研究,高跃光;范子英;冯晨,义务教育;专项融资;地方教育附加,管理世界,0,具有相对固定来源渠道的义务教育经费专项融资机制，对于保障义务教育经费供给具有至关重要的作用，这种专项融资不仅需要考虑资金的筹集，还要重视资金的分配。本文利用我国各省份自20世纪90年代以来的开征地方教育附加的政策变革，根据开征时间的差异以及省与市县的分配比例，引入双重差分模型，以识别拓展义务教育经费来源渠道对地方教育支出的影响。研究发现，具有专款专用性质的地方教育附加的开征，为地方教育支出提供了确定的经费保障，显著地提高了地方的教育支出水平。进一步研究发现，开征地方教育附加也实质性地促进了我国基础教育的发展，在政策覆盖范围内的年龄群组的受教育水平得到明显提升。本文的研究结论表明，为义务教育寻求具有稳定财源的专项融资渠道，并且协调好这种财政资金在政府间的分配，对于义务教育的长期发展具有积极作用，这也证实了义务教育资金下沉到基层财政的必要性。
2023,太湖环境治理工程系统思维演进与复杂系统范式转移,盛昭瀚;陶莎;曾恩钰;俞俊英;庞欣怡;常河;赵楠,太湖环境治理工程;生态文明建设;复杂系统管理;思维范式转移,管理世界,0,太湖流域是我国长三角地区一个重要的自然环境—社会经济复合型巨系统，太湖水环境治理是一项社会型复杂环境系统工程，是落实我国生态文明建设的重大战略部署。本文全景式展现了自20世纪90年代起太湖流域环境治理工程系统思维演进的生动画卷；总结和提炼了太湖环境治理从“治污”、“治水”到“共治”、“共生”的系统理念升华以及从“物理型”、“单体型”治理向着“社会型”、“经济型”、“法治型”、“生态型”、“和谐型”的协同路径拓展。本文还在太湖环境治理工程时代性进步基础上，进一步反思了当前太湖治理工程面临的各种复杂性挑战，并基于“人与自然和谐共生”的复杂整体性思维，分析和提出了基于复杂系统思维范式转移开展太湖治理变革的必要性和重要性，并归纳凝练了新形势下太湖治理变革的组织、市场化机制、数智赋能等重点。
2023,营商环境优化、人力资本效应与企业劳动生产率,牛志伟;许晨曦;武瑛,营商环境优化;劳动生产率;人力资本效应,管理世界,0,基于制度变迁的视角，本文以2015～2018年中国沪深A股上市公司数据，实证检验营商环境优化对企业劳动生产率的影响及其机制。研究发现：营商环境优化对企业劳动生产率具有正向影响；机制检验表明，营商环境优化通过改善宏观层面市场公平竞争环境、法制环境及商业信用环境，促进微观层面人力资本升级、员工权益保护和提升员工信任度，从而提高企业劳动生产率；拓展性检验发现，营商环境优化对企业劳动生产率的正向作用在非国有企业和劳动密集型企业中更为显著。本文研究重点关注了宏观制度软环境优化产生的正向人力资本效应，进而改善微观企业生产经营。这不仅丰富了相关研究文献，拓展了宏微观整合的研究视角，也对提升企业生产经营效率、实现经济高质量发展具有启示意义。
2023,中国地方财政支出绩效（2008～2020）：趋势与周期,李明;王帅,财政支出绩效;预算绩效;财政资源配置;财政支出结构,管理世界,0,预算体现国家的战略与政策，财政支出是预算执行的集中体现，其绩效反映国家战略和政策实施的效果。基于此，在总结当前我国财政支出绩效评价主要问题的基础上，依据新发展理念构建5项一级、14项二级、31项三级评价指标体系，利用2007～2020年省级数据，结合非径向超效率SBM模型与两期技术前沿方法，构建BM指数，本文从动态和静态两个维度，从产出和效益角度评估了我国地方财政支出的绩效，总结其特征。研究发现：（1）动态看（各省份跨时比较），我国地方财政支出绩效呈2008～2011年的持续下降、2012～2017年的稳步上升及2018年后的轻微下行3个阶段；（2）地方财政支出绩效的变化呈现出一定的周期性，在省级党代会召开前一年和当年，以及财政压力加大、政府债务发行加力的阶段，总体表现更好；（3）静态看（省份之间横向比较），各省财政支出绩效存在明显差异，从排序来看，北京、广东等省份稳定地处于第一阵营，贵州、河北等省份提升空间较大，省际差异总体呈震荡上升趋势。本文结论展现了我国财政支出的成效和问题，对深化预算管理制度改革的方向有一定启示。
2023,基于生成场景的数据确权理论与分级授权,刘涛雄;李若菲;戎珂,数据要素;数据确权;分级授权;产权理论;数字经济,管理世界,0,在我国数字经济快速发展的背景下，生产与研发越来越依赖于数据的采集与挖掘，数据作为一种生产要素成为信息时代的重要资源。然而数据产权归属的争议阻碍了数据要素市场化的进程，数据难以得到充分的流通与使用。基于数据要素的经济特性，从数据生成的具体场景出发，研究认为数据作为生成品其初始产权应当归参与生成过程的主体所有，初始产权的确立可以通过参与主体之间分散的市场化契约完成。数据要素分级授权作为一种协商机制能够以较低的协商成本与监管成本实现数据确权，具有高效性与可行性。政府需要保障数据确权过程的公平性并对数据流通与使用的合法性进行监督，推动数据要素分类分级治理体系的建立。
2023,制造业单项冠军企业数字创新战略及其适配组态研究,李振东;梅亮;朱子钦;吴欣桐,制造业单项冠军企业;数字创新战略;探索式数字创新;利用式数字创新;适配组态,管理世界,0,数字技术是否显著冲击了企业创新活动的要素构成与资源配置关系，直接影响着制造业单项冠军企业数字创新战略的制定，也是引导制造企业在数字化情境下优化创新要素、提升资源配置效率的核心问题。基于“迈尔斯—斯诺”战略类型分析框架，使用制造业单项冠军企业上市样本数据，以多因素组态视角分析了动态能力（感知能力/整合能力）、冗余资源、环境动态性与数字创新（探索式/利用式数字创新）4个前因条件对企业绩效的组态效应，并对典型案例进行了验证性分析，研究发现：（1）存在4类能够产生高企业绩效的数字创新适配组态：“捕获—突破”型、“编排—开拓”型、“协同—共创”型与“自驱—并创”型。前两类可归纳为探索式数字创新战略模式，后两类可归纳为双元数字创新战略模式；（2）高环境动态性下，强感知能力是制造业单项冠军企业通过探索式数字创新战略模式获取高绩效的关键条件；（3）非高环境动态性下，高冗余资源与单一动态能力（感知能力/整合能力）是制造业单项冠军企业通过双元数字创新战略模式产生高绩效的关键条件；（4）科技型制造企业更倾向于探索式数字创新战略模式，而传统制造领域企业在资源充盈时更倾向于双元数字创新战略模式。本文研究结论一方面为制造业单项冠军企业进一步提升创新能力提供了发展方向，另一方面也为更多制造业企业的数字创新活动提供战略管理启示。
2023,复杂产品系统后发企业如何实现快速追赶？——中集海工纵向案例研究（2008～2021）,郭艳婷;郑刚;刘雪锋;于亚,复杂产品系统;海洋工程装备;核心技术突破;开放协同;新型追赶,管理世界,0,复杂产品系统追赶难度高且生命周期长，给后发经济体企业构成重大挑战。不同于大多数复杂产品系统面临的本地制度型市场环境（如高铁、大飞机等），海洋工程装备具有全球竞争性、市场强周期性和需求离散等特征，现有技术追赶理论的参考价值有限。为此，本文探讨了中集海工如何从国际并购起步，从依赖国外设计和核心设备进口到实现核心技术突破与市场领先的快速追赶过程。研究发现，中集通过跨国并购高起点进入海工装备市场，采取“自主可控、开放协同、共生共演”的新型追赶模式，先通过市场牵引的资源协同快速集聚复杂产品建造所需的全球创新资源，成功交付我国首批深水钻井平台，获得国际客户认可；继而通过平台支撑的流程协同构建研发设计+工程总承包能力体系，自主掌握总体设计集成关键核心技术；再通过价值引领的战略协同突破关键核心子系统技术，带动国产装备水平提升，形成具有国际竞争力的产业生态，实现较快追赶。本研究对于后发企业打破低端锁定、提升复杂产品系统自主创新能力提供有益启示。
2023,重大水电工程项目治理40年：演进与展望,王卓甫;丁继勇;曾新华;鄢江平;杜鉴哲;胡磊,重大水电工程;项目治理;交易模式;治理结构;演进,管理世界,0,我国拥有世界上最丰富的水电资源，经过40年的大力开发，多项指标居世界第一，并成为“走出去”战略的亮丽名片，对中华民族伟大复兴将产生深远影响。在实现“碳达峰、碳中和”目标的驱动下，我国水电开发事业迎来新的历史机遇。本文系统回顾和梳理了重大工程项目治理理论发展脉络，以及我国重大水电工程项目治理40年演化进程；在此基础上，聚焦各阶段起引领作用的云南鲁布革、长江三峡和雅砻江杨房沟3个水电工程在项目治理上取得的历史性突破，透视在中国特色社会主义制度下，我国重大水电工程项目治理的发展过程：从政府行政管理逐步发展为“政府主导+市场机制”的项目治理体系，并历经了开启项目交易治理、形成项目顶层治理，以及创建“EPC+JV”新型项目交易治理结构三大里程碑。总结其基本经验、揭示其内在规律，发现我国重大水电工程项目治理发展的40年，是项目管理理论向项目治理理论不断拓展的过程，也是在实践中不断推动有效市场与有为政府更好结合的过程。最后，展望我国重大水电工程项目治理未来发展方向，试图为中国特色重大工程项目治理理论体系构建提供水电行业智慧，为我国水电开发的高质量发展乃至碳达峰碳中和目标的实现提供支持。
2023,中国式现代化、公共资源市场化配置与创新驱动发展——来自城市公共资源交易中心设立的经验证据,王竹泉;于小悦;马新啸,中国式现代化;公共资源市场化配置;公共资源交易中心;企业创新,管理世界,0,中国式现代化既有各国现代化的共同特征，更有基于自己国情的中国特色，兼具中国特色与普遍特征的公共资源市场化配置构成新时代改革实践的重要内容。基于我国各地区陆续设立公共资源交易中心的准自然实验，本文研究公共资源市场化配置对当地企业创新行为的影响作用及内在机理，主要发现：公共资源交易中心设立后，当地企业能够更好地获取创新所需资源和实现创新收益转化，从而有更强的现实能力和内在动机实施创新行为，并且前述效果在议价能力较强、实体业务比较优势突出的企业中更为明显；进一步研究发现，公共资源市场化配置的创新驱动发展效应有助于实现规模较小企业成长壮大、传统行业改造提升和区域协调发展，其影响还体现在创新结构优化、创新成效提升和地区溢出效应。本文结论表明，公共资源市场化配置能够产生良好的创新驱动发展效应，这不仅有力支持以中国式现代化方法统筹“有为政府”和“有效市场”所进行的积极探索，而且对企业创新和公共资源配置的学术研究作出重要拓展。
2023,国际冲击下系统性风险的影响因素与传染渠道研究,杨子晖;陈雨恬;黄卓,系统关联;尾部风险;风险影响因素;风险传染渠道,经济研究,0,本文基于区分宏观审慎与微观审慎这一崭新视角，采用前沿的系统性风险分解方法与相对重要性分析技术，准确测度国际输入性风险冲击下，全球49个主要金融市场的系统关联及尾部风险，精准识别我国金融市场的薄弱环节。同时，就不同市场冲击下各影响因素对系统性风险及其子成分的作用方向、影响力度等展开深入研究，剖析输入性金融风险的传染渠道。此外，对发达市场、新兴市场风险的影响因素与传染渠道展开对比分析。最后，本文采用条件分位数回归模型，探究各因素在不同风险分位数区间的异质性影响，并考察它们在各时期的渐进演变。在此基础上，为有效应对输入性风险冲击提出了相关政策建议，从而为健全国际金融风险防范机制、“守住不发生系统性风险底线”提供参考依据。
2023,社会保险缴费征管与企业人力资本结构升级,李逸飞;李金;肖人瑞,社会保险缴费征管;人力资本结构;固定资产投资;研发创新,经济研究,0,本文以2011年实施的《社会保险法》为准自然实验，构建双重差分模型考察了社会保险缴费征管对企业人力资本结构升级的影响。研究结果显示，《社会保险法》实施推动企业在实现劳动力总成本下降的同时通过调整用工策略实现了人力资本结构升级。其核心逻辑在于，《社会保险法》实施导致劳动与资本相对要素价格变化，引致以固定资产投资和研发创新投入为代表的资本投资增加，进而通过对高技能劳动力的互补效应和对低技能劳动力的替代效应提升了企业的人力资本结构水平，且这一机制过程会受到企业现金流约束的限制。进一步地，异质性检验结果发现，这一作用效果在社会保险负担较轻地区以及公司治理水平较高的企业中更为明显。最后，拓展性分析发现，规范社会保险缴费征管对企业全要素生产率和企业增加值存在动态的正向影响，有助于企业的长期发展。本文的结论为新时期加强法制建设下的企业高质量发展提供了理论基础和经验支持。
2023,资产数字化、银行风险与“双支柱”调控,何德旭;张庆君;陈思;刘蕴霆,资产数字化;银行风险;货币政策;宏观审慎政策;“双支柱”调控,经济研究,0,在数字经济蓬勃发展的时代背景下，资产数字化是经济转型与发展的重要特征之一。本文使用动态随机一般均衡方法，将资产数字化因素和监管因素纳入宏观经济模型，研究资产数字化对银行风险的影响，并讨论“双支柱”调控的效果。研究发现资产数字化能够有效抑制银行部门的风险积聚，资产数字化程度越高，银行风险降低程度越明显；监管强度和监管范围会影响资产数字化与银行风险之间的关系，银行资产数字化后，监管强度的增加和监管范围的扩大更有利于降低银行风险；相比于法定存款准备金率，资本充足率和贷款价值比工具更有利于降低数字化后的银行风险；相比于货币政策，宏观审慎与货币政策组合更有利于降低银行风险与社会福利损失。因此，在资产数字化过程中，“双支柱”调控框架能够更好地防范银行风险，增强政策有效性。
2023,人工智能、就业与货币政策目标,吴立元;王忏;傅春杨;龚六堂,人工智能;最优货币政策;福利损失;货币政策规则,经济研究,0,本文在标准新凯恩斯货币模型中引入人工智能，研究人工智能对最优货币政策及货币政策设计的影响。基于推导出的二阶福利损失函数，本文首先分析了央行面临权衡的变化，然后以福利为标准分析了人工智能对央行货币政策规则选择的影响。研究发现：第一，在标准新凯恩斯货币模型中，央行在通胀和产出缺口之间权衡，而引入人工智能后，就业与人工智能投资波动也成为央行重要的权衡项。第二，引入人工智能后，相对于盯住通胀和产出缺口的泰勒规则，盯住通胀和就业缺口的货币政策规则带来更小的福利损失。这主要是因为，在人工智能可以高度替代劳动的情况下，过度重视产出缺口会导致人工智能投资和就业的巨大波动，并显著增加名义价格和工资粘性带来的福利损失。这一发现改变了央行应盯住通胀和产出缺口的结论，具有明确的政策含义。
2023,货币政策重新寻锚：通货膨胀的概念与度量再研究,张成思;田涵晖,通货膨胀;货币政策;反事实仿真;SVAR,经济研究,0,传统货币政策以消费者价格指数通胀率作为名义锚。但是，消费价格对货币政策调控较弱的反应度与其他典型价格指标形成了鲜明对比。将传统通胀概念与度量拓展到消费者价格之外的维度是否能更好地实现货币政策最终目标尚缺乏科学证据。本文基于我国货币政策“稳物价、促增长”的最终目标构建理论模型，考察通胀调控目标由消费类拓展到非消费类和资产价格类维度之后，货币政策钉住哪种通胀指标组合方式可以最有效地实现货币政策最终目标。同时基于2000—2020年期间的时序数据估计SVAR模型，进而运用反事实仿真方法分析货币政策选择不同通胀调控目标对应的经济动态特征。结果表明：货币政策面临经济增长与价格稳定之间的权衡取舍，货币政策寻锚问题的着力点在于同时考虑消费类和非消费类价格，而资产价格则不宜作为钉住目标纳入通胀度量范畴。
2023,房产预期回报率视角下的中国家庭资产配置,赵乃宝;王玉婷;许冰;Maxwell Pak,家庭资产配置;主观预期回报率;相对风险厌恶系数;经济福利,经济研究,0,房产在中国家庭的资产配置中起绝对的主导作用，而风险金融资产特别是股票的占比过低。现有文献大多刻画了中国家庭资产配置“重房产、轻风险金融资产”的特征事实，但这种配置结构是否有效，还没有被深入研究过。利用2019年中国家庭金融调查数据和资产历史表现数据，本文首次发现了中国家庭实际资产组合收益率的均值—方差与经典投资组合理论中有效资产组合收益率的均值—方差并不一致，提出家庭对房产收益分布的预期回报率持有错误的认知可能是导致此现象的一个主要原因。进一步将这一假设引入标准的均值—方差投资组合理论框架，构建了一个具有主观认知的资产配置结构模型，实证检验了这一假设并定量研究了其对中国家庭资产配置的影响。结构估计的结果表明：中国家庭普遍高估了房产的预期回报率，且平均高估2.8个百分点。更为重要的是，家庭对房产预期回报率的认知偏差在城市级别层面存在差异：一线城市家庭低估了房产预期回报率，而非一线城市家庭则高估房产预期回报率最高达4.9个百分点。反事实分析表明，高估房产预期回报率使中国家庭的财富平均减少了相当于5.2个百分点的家庭年收入，而在非一线城市则减少了最高达8.9个百分点。
2023,现代财税体制：概念界说与基本特征,高培勇,现代财税体制;公共财政体制;中国式现代化;现代国家治理;新发展阶段,经济研究,0,现代财税体制是同社会主义市场经济和现代国家治理相匹配的财税体制形态，其本质是中国式现代化财税体制。作为国家治理体系中具有基础性和支撑性意义的组成部分，它是优化资源配置、维护市场统一、促进社会公平和实现国家长治久安的制度保障。其基本标志，就是匹配现代国家治理要求，让财政成为国家治理的基础和重要支柱，让财税体制成为国家治理体系的基础性和支撑性要素。其基本特征，就是“公共性+非营利性+规范性+基础性+支撑性”。只有契合这一基本标志且同时具备这五个基本特征的财税体制形态，才能称得上现代财税体制。说到底，建立现代财税体制是朝向实现财税治理体系和治理能力现代化、全面建设社会主义现代化国家的宏伟目标而去的。
2023,生产率排序、多产品出口试探与出口稳定性,铁瑛;刘逸群;黄建忠,不稳定出口关系;生产率排序;生产率失序;多产品出口企业,经济研究,0,"本文识别并系统研究了中国的不稳定出口关系。特征事实显示，不稳定出口关系在出口中占比高、分布广且重要性持续增长，同时出口稳定性存在生产率失序现象。理论层面，通过将经典异质性企业贸易模型拓展至不完全信息条件，本文刻画了不稳定出口关系的发生，解释了“出口关系崩溃之谜”,并引入多产品企业在不完全信息下的出口决策，从出口试探视角解释了出口稳定性的企业“组间”生产率排序和“组内”生产率失序。经验层面，基准结果显示，生产率更高的企业更有可能构建稳定出口关系，出口稳定性表现出企业组间生产率排序特征；企业生产率的提升会促使该企业产生更多的不稳定出口关系，出口稳定性表现出企业组内生产率失序特征，验证了理论命题。引入多产品出口企业行为，发现企业生产率提升抑制了核心产品相关的不稳定出口关系发生，但会促进核心目的地相关的不稳定出口关系发生。进一步研究发现，生产率提升扩大了出口范围，尤其是出口目的地数量，但不改变价值分布，仅激发了更多的出口试探，这造成了更多不稳定出口的发生。因此，多产品企业在生产率提升后的出口试探增加和出口范围扩张是解释企业生产率和出口关系稳定性之间关系的关键。本文结论意味着，实现我国出口贸易的“稳中求进”,需要鼓励有能力的企业进行出口试探并扩大出口范围，同时切实对出口关系萌芽的成长予以有力支持。"
2023,跨境电商与企业出口产品转换,李小平;余娟娟;余东升;吴俊豪,跨境电商;产品转换;成本效应;竞争效应;资源配置,经济研究,0,"本文在多产品企业异质性模型的基础上，从出口产品转换的视角考察了跨境电商的资源再配置效应。通过合并使用中国工业企业数据库、中国海关数据库及跨境电商相关数据，利用双重差分模型估计了跨境电商对我国工业企业出口产品转换的影响及其资源配置效应。研究显示，跨境电商显著提升了中国工业企业的出口产品转换率，且这种产品转换有利于企业全要素生产率和出口产品质量的提升，具有良好的资源配置效应。进一步的机制检验发现，跨境电商主要通过“成本效应”和“竞争效应”,促进了出口产品转换和资源再配置。跨境电商对出口新增产品数的促进作用最大，对删减产品数的促进作用次之，对持续存在产品数的影响最小。鉴于产品电商敏感度的差异，跨境电商产业政策促进了出口产品结构向电商敏感度高的产品进行偏移。本文的研究为理解跨境电商对产品转换和资源配置的影响提供了微观证据。"
2023,宏观经济管理理论创新与中国式现代化：标识性概念演进的视角,程霖;岳翔宇;夏艳秋,标识性概念;宏观经济管理;宏观经济治理;习近平经济思想;中国式现代化,经济研究,0,"本文从标识性概念演进角度入手，回溯了中国式现代化过程中的宏观经济管理理论创新，通过分析概念与现实之间的双重映射关系和词频定量考察，将这一历程分为三期(“综合平衡-宏观调控-宏观经济治理”),并提出了一个概念成长与更替的解释性理论框架：长期看，标识性概念的演进是学术范式与知识体系变革的标志和经济体制改革的结果，其根本动因是时代主题转变；短期看，单个概念在其生命周期内为解释和应对经济波动而逐渐成长，经历“准备-发展-成熟”三阶段演化。标识性概念的演进反映了宏观经济管理理论的创新，这些理论探索围绕中国问题中国实践，吸收承纳传统及外来学术成果又结合国情与时代特征加以创造性解读，在动态发展中不断自我超越。完善宏观经济治理对于推进中国式现代化具有重要意义，宏观经济治理理论和实践的未来发展创新，必须同中国具体实际和中华优秀传统文化相结合。"
2023,退休制度、劳动供给与收入消费动态,黄炜;任昶宇;周羿,法定退休年龄;劳动供给;收入变化;消费变化;经济不平等,经济研究,0,"本文基于2010—2012年和2014—2016年的中国城镇家户调查月度数据，用事件分析法系统地研究了中国城镇居民的劳动参与、收入消费以及不平等在退休年龄前后的季度动态变化。首先，在达到法定退休年龄后的前三年，约14%的男性和约22%的女性在领取养老金的同时会继续参与劳动力市场。这种“退而不休”的现象在养老金收入较低的群体中更为普遍。其次，家庭收入在退休年龄前后并未减少，在女性样本中还上升了7%。家户消费在退休年龄后上升了4%,消费扩张主要集中在医疗和食品等类别。最后，分位数回归结果显示，同一出生队列内部的收入不平等在达到退休年龄后有所缓解，消费不平等则进一步加剧。本文的研究发现为退休政策改革的机制设计提供了依据，也为预判改革的福利后果提供了参考。"
2023,《经济研究》连续荣获“中国最具国际影响力学术期刊”,,,经济研究,0,"<正>中国知网和清华大学图书馆自2012年起连续11年联合研制《中国学术期刊国际引证年报》(简称《国际年报》),通过统计国际期刊对中国期刊的引用,客观反映我国学术期刊在国际学术研究领域的话语实情。通过连续多年的统计与遴选,《国际年报》及国际影响力TOP期刊品牌已经得到期刊界和科研管理部门的广泛认同,在助力中国期刊走向国际舞台、树立国际学术品牌和文化自信方面发挥了积极的、重要的作用。"
2023,《管理世界》经济研究院招聘研究人员和实习生,,,管理世界,0,"<正>《管理世界》经济研究院是经国务院发展研究中心和原国家工商管理总局批准,由管理世界杂志社出资成立的集研究、咨询、培训于一体的新型智库。现根据工作需要,招聘研究人员和实习生。一、招聘岗位及任职条件(一)招聘岗位1.研究人员。从事公共政策评估、营商环境评价、公共卫生与健康管理等领域的研究工作,撰写研究报告及项目组织协调和管理工作。2.实习生。从事相关领域研究、会务等工作。(二)报名条件1.具有中华人民共和国国籍,遵守中华人民共和国宪法和法律;"
2023,政府会计监督与银行信贷行为研究——基于财政部会计信息质量随机检查的证据,祝继高;朱佳信;李天时;宫迪,政府会计监督;银行信贷行为;会计信息质量随机检查;财会监督,管理世界,0,新时代赋予财会监督新的定位，对会计监督维护市场秩序、防范金融风险提出更高的要求。本文利用财政部会计信息质量随机检查的准自然实验，以2004～2020年中国138家商业银行为研究对象，检验了政府会计监督的效果。研究发现：（1）银行接受财政部会计信息质量随机检查后，银行的贷款集中度和房地产行业贷款比例显著降低，不良贷款率显著下降，财务业绩显著提升；（2）会计信息质量随机检查通过识别银行信贷管理和信贷核算问题，对银行信贷行为发挥监督效应；（3）在会计信息质量随机检查行政执法力度较强、延伸检查至银行聘请的会计师事务所以及媒体关注较强时，政府会计监督效应更强，并且可以对同地区未接受检查的银行起到警示效果；（4）对处于市场化水平较低地区、未实现跨省经营、非上市和独立董事比例较低的银行，会计信息质量随机检查发挥的监督效应更强。本文的研究结论对完善财会监督体系、防范化解重大金融风险具有积极的启示作用。
2023,宅基地改革：制度逻辑、价值发现与价值实现,孙晓勇,宅基地改革;制度变迁;价值发现;价值实现;三权分置,管理世界,0,宅基地改革是一项复杂且长期的任务。试点地区在开展宅基地“三权分置”改革时，应关注“价值发现”和“价值实现”两个维度。既要解决价值的“欠账”，提供对新增农村人口的居住保障，延续宅基地制度的福利功能；又要回应乡村的实际需要，探索过去并未发现、或已发现但无法实现的价值。试点地区在“三权分置”探索中已经积累了一定的发现价值和实现价值的经验，下一步，建议继续充分给予地方灵活制定宅基地政策的空间，引导地方探索有效的价值实现路径；更加注重保护集体经济组织的成员权益，进一步合理把握宅基地改革与乡村治理现代化之间的衔接关系。
2023,携手应对危机共享发展机遇——亚洲金融危机25年来中国—东盟经济金融合作的启示和未来重要方向,张来明;赵昌文;蒋希蘅;周太东;周雨,亚洲金融危机;东盟;命运共同体,管理世界,0,1997年爆发的亚洲金融危机曾给中国和东盟国家经济社会带来严重影响，25年来，中国和东盟国家携手应对危机带来的系列挑战，并在制度性安排、贸易、投资、互联互通、产业链供应链价值链、金融合作等多个方面取得了丰硕成果，形成诸多宝贵经验。当前，中国和东盟国家面临全球经济增长动力不足、产业链供应链价值链加速重构、国际金融不稳定性上升、数字化绿色化转型“阵痛”等共同挑战。双方应借鉴历史经验，不断在宏观经济政策协调、产业链供应链价值链深度融合、绿色低碳转型、互联互通、数字经济、区域金融自主、普惠包容健康发展等方面深化合作，推动区域经济复苏和增长，携手共建区域发展共同体和命运共同体。
2023,新时代我国区域发展战略的演化脉络与推进路径,郝宪印;张念明,区域发展战略;中国特色社会主义区域发展理论;“双循环”新发展格局;区域协调发展,管理世界,0,当前，我国已经进入全面建成社会主义现代化强国、向第二个百年奋斗目标进军的新时代，踏上了为之奋斗的新征程。在新征程上，促进区域协调发展是加快构建新发展格局、着力推动高质量发展的必然要求。新中国成立以来，特别是经过党的十八大以来理论和实践上的创新突破，我国逐步走上了具有中国特色的区域发展之路，形成了中国特色社会主义区域发展理论，在目标定位、价值导向、实施方略、实践方法、推进策略、体系框架等方面具有鲜明特质。新征程促进区域协调发展，应在深化推动各大区域板块经济社会协调发展的同时，深入推动各类区域发展战略的融通协调，以构建优势互补、高质量发展的区域经济布局和国土空间体系。地方应从国家战略总体布局中找准定位，在顺应国家区域发展战略走势中塑造区域发展新优势。
2023,中国式现代化的百年探索与实践经验,张亚光;毕悦,中国式现代化;人类文明新形态;中国共产党;探索历程;实践经验,管理世界,0,中国式现代化是一种极具历史自觉和战略前瞻性的主动选择。自中国共产党成立以来，中国式现代化先后经历了萌发、探索、建构3个阶段，完成了“中国式”选择从历史自觉、实践自觉到话语自觉的转型；并在新时代实现了历史性的超越，表现为水平上从低位追赶到高位引领的提升、路径上从“先破后立”的老路到“破立结合”的新路的转变、方法上从局部管理到系统治理的优化。中国式现代化的突出成就得益于党的领导与社会主义制度优势相结合、人民首创和人的现代化本质目标相促进、战略目标和底线思维相统一、独立自主和顺应世界发展大势相融合。未来在实践维度上，应着重把握好长期与短期的张力，推动供给侧和需求侧的有机融合，提升引导和利用资本的能力；在理论维度上，应加强中国式现代化的学术概念、指标度量和话语体系构建，持续开辟中国式现代化的新境界。
2023,质权人困境：股票折价抛售与同行风险传染,宗计川;庄妍;李晓伟,股权质押;质权人;折价抛售;同行风险传染,管理世界,0,在中国股市“无股不押”的市场特征下，股票市场对负向冲击极其敏感，一旦发生股价跌至平仓线事件，极易引发股票折价抛售与同行风险传染。本文探索性地从质权人角度展开研究，在证实平仓线事件能够引发股票折价抛售与同行风险传染的前提下，揭示了质权人困境在这一过程中所起到的放大作用。进一步，本文讨论了质权人风险内部化动机，通过将内部化动机分解为平仓线股票驱动的内部化动机和同行资产驱动的内部化动机，证实了质权人内部化动机越大，质权人困境传导行为所受抑制作用越强。本文从质权人角度丰富了股权质押领域现有文献的研究视角，从市场风险层面拓展了股权质押后果的研究维度，对理解和认识质权人困境传导机制具有明确的理论和现实意义。
2023,中国基金投资中“笨钱”现象的实证检验与判别,张琳琳;李建宇;许索耳;刘庆富,笨钱现象;智钱现象;基金业绩评价,管理世界,0,本文通过提出显著水平最优设定方法对已有的错误发现控制方法加以改进，以此确保基金业绩评估的准确可靠，并基于此对“笨钱”现象进行实证检验和判别。研究发现：（1）持有、申购绩劣或负收益基金是一类“笨钱”现象，在中国偏股型基金投资中普遍存在；但本文发现赎回正收益基金未必都是“笨钱”现象，其中赎回业绩表现具有持续性且没有下滑趋势的正收益基金的确是一种“笨钱”现象，而对业绩表现不具持续性或呈现逐年下滑之势的正收益基金进行赎回则不是“笨钱”现象。（2）基金管理规模和存续时长会对“笨钱”现象产生影响。（3）在多重统计检验过程中最优显著水平设定和错误发现控制等方面的表现，本文方法显著优于已有文献，而且本文方法还将有助于降低、甚至消除针对“笨钱”现象所存在的诸多争议和疑问。
2023,论就业管理模式的变革趋势：从逆周期到跨周期,刘元春;丁洋,就业管理;跨周期模式;就业基本盘;人力资本,管理世界,0,现阶段中国的经济周期与就业周期之间存在一定的不一致性，稳增长未必能很好地稳就业。在跨周期调节的新型战略思路下，中国的就业管理模式不应再局限于短期的救助与刺激，而应将稳固就业基本盘作为一项长期课题来抓。要求我们在劳动力需求端和供给端采取大推进式的改革，保证政策的长效性，甚至脱敏于经济周期，一以贯之地扶持企业发展，帮助市场主体重拾信心。同时也要不断提高劳动者的就业能力，对人力资本做提前布局，使之适配于未来的产业发展和岗位需求，夯实就业根基。
2022,以中国式现代化推进中华民族伟大复兴——学习贯彻党的二十大精神笔谈(下),刘伟;裴长洪;樊纲;潘家华;王国刚;李海舰;田国强,,经济研究,0,中国共产党第二十次全国代表大会，是在全党全国各族人民迈上全面建设社会主义现代化国家新征程、向第二个百年奋斗目标进军的关键时刻召开的一次十分重要的大会。本次大会提出，科学社会主义在二十一世纪的中国焕发出新的蓬勃生机，中国式现代化为人类实现现代化提供了新的选择，中国共产党和中国人民为解决人类面临的共同问题提供更多更好的中国智慧、中国方案、中国力量，为人类和平与发展崇高事业作出新的更大的贡献!大会同时提出，从现在起，中国共产党的中心任务就是团结带领全国各族人民全面建成社会主义现代化强国、实现第二个百年奋斗目标，以中国式现代化全面推进中华民族伟大复兴。中国式现代化的本质要求是:坚持中国共产党领导，坚持中国特色社会主义，实现高质量发展，发展全过程人民民主，丰富人民精神世界，实现全体人民共同富裕，促进人与自然和谐共生，推动构建人类命运共同体，创造人类文明新形态。为深入学习贯彻党的二十大精神，本刊特邀请国内部分经济学家围绕“以中国式现代化推进中华民族伟大复兴”撰写笔谈文章，分两期发表，以飨读者。
2022,企业标准化建设与成本弹性研究——来自中国A股制造业上市公司的证据,祝继高;梁晓琴,企业标准化;成本弹性;生产外包;资源配置;供应链集中度,经济研究,0,成本弹性是成本随业务量变动而变动的幅度，由成本结构中的固定成本占比决定，固定成本占比越低的企业成本弹性越大。成本弹性大的企业拥有更强的市场竞争能力和抗风险能力，因此成本弹性是企业战略成本管理的重要一环。本文以2008—2021年A股制造业上市公司为研究样本，检验企业标准化建设对成本弹性的影响。研究发现，企业标准化建设显著提升了成本弹性，且这一关系在产品多元化程度更高、产权性质为国有以及位于契约环境较差地区的企业中更为显著。影响机制分析表明，企业标准化建设主要通过促进生产外包、优化资源配置效率和降低供应链集中度三个渠道提高成本弹性。此外，企业标准化建设还可以降低成本粘性。经济后果检验发现，企业标准化建设所推动形成的弹性成本结构可以显著提高产品的获利能力，且这一效应主要在经济收缩期显著。上述结果意味着，加快企业标准化建设是提升企业成本管理能力的重要手段，有助于企业在新发展阶段适应外部环境变化和应对内部转型升级阵痛。
2022,从竞争到协调：养老保险费率统一的资本流动效应,黄永颖;刘庆;张克中,养老保险;费率竞争;费率统一;资本流动,经济研究,0,税收竞争如何影响资本流动是公共经济学长期关注的经典话题，但相关的理论和经验证据有待深入挖掘。本文构建了一个多地区的费率竞争理论模型，分析发现地方政府为了追求经济绩效会竞相降低养老保险缴费率吸引资本流入，而区域间的费率协调有利于缓解这一现象。基于2007—2019年A股上市公司及其子公司的数据，本文利用费率统一的外生冲击构造双重差分模型，实证考察地方政府费率决策从竞争走向协调过程中对资本流动的因果效应。研究发现，处理组企业在费率统一之后资本外流减少，具体表现为上市公司到省内低费率地区设立子公司的概率、数量以及投资的概率均出现显著下降。这一效应在国有企业以及规模较大、劳动密集型的企业表现更为显著。进一步的分析表明，费率统一改革有利于缓解区域间费率竞争引致的养老保险损失，均衡地区间的缴费负担分配，增强基金的可持续性。本研究对于优化社会保险制度设计，建设全国统一大市场具有重要的启示。
2022,金融监管视角下银行稳健性与流动性资产配置,王辉;朱家雲,抛售外部性;银行稳健性;金融监管;流动性资产配置管理;流动性风险,经济研究,0,本文在机构资产配置决策中引入银行稳健程度并构建一般性理论框架，研究资产抛售外部性存在时，稳健银行与脆弱银行的最佳流动资产配置，综合讨论地区脆弱性与金融监管对银行资产配置决策的影响，并基于2007—2019年我国312家商业银行的非平衡面板数据进行实证检验。理论研究表明：(1)分散经济下，银行稳健性对机构流动性资产配置影响并不明确，同质化均衡、常规均衡和逆向选择均衡均有可能发生；(2)中央计划者情形下，逆向选择均衡消失，金融监管将增加银行流动性资产配置，且正向调节机构脆弱性对流动性资产配置的影响；(3)两种情况下，以脆弱银行占比度量的地区脆弱性均对机构流动性资产配置有负向影响。实证结果表明：(1)我国银行稳健程度对现金资产及流动性资产储备存在U型关系，该现象在城商行和农商行表现更明显，银行脆弱性还会削弱其流动性创造能力；(2)地区脆弱性对银行现金占比具有显著负向效应；(3)提高罚没收入或增加金融监管支出等监管强化措施将弱化机构脆弱性对银行流动性资产配置的负面影响；(4)银行稳健性对系统性风险存在非线性影响，银行流动性资产配置增加将降低其隐含违约率及对系统性风险的贡献。
2022,中国高校基础研究与企业创新,张杰;白铠瑞,中国高校基础研究;企业创新;脱节效应;知识池效应;人才池效应,经济研究,0,以高等院校为主要载体的基础研究，愈发成为决定一国经济可持续增长的基础性力量。基于DID和2SLS的识别策略表明，中国高校基础研究推动政策未能有效促进地区内微观企业创新投入，揭示了中国当前高校基础研究对企业创新活动可能存在“脱节”效应的重大现象。后续的各项稳健性检验结果，均支持中国情景下高校基础研究对微观企业创新活动“脱节”效应理论假说。进一步的机制分析发现，高校基础研究促进政策，既未对企业创新外包活动产生正向促进效应，也未对企业创新人员的人才结构、工资结构和工资水平产生稳定的正向促进效应。由此证明，中国高校基础研究可能并未通过“知识池”和“人才池”渠道，对地区内微观企业创新活动产生相应的正向溢出效应。本文还提供了高校基础研究对中国经济增长并未提供有效支撑力量的重要事实，深刻揭示了中国情景下高校基础研究与经济增长之间“脱节”效应。本文一系列的经验分析发现，可为中国如何促进高校基础研究能力提升以及如何通过科技创新夯实经济增长基础，提供重要的政策参考依据。
2022,安全价值、分时定价与容量投资——双碳目标下的电力市场理论与政策,冯永晟,安全价值;分时电价;容量投资;市场模式,经济研究,0,安全高效的电力供给是引领中国实现碳达峰、碳中和目标的基石，高效保障电力供给安全是电力市场建设的根本目标，容量成本回收和容量投资激励是决定电力市场设计和建设方案的关键依据。本文以经典峰谷定价理论和不确定性容量(即产能)投资理论为理论渊源，从备用容量的公共品属性和高可靠性的质量溢价入手，分析针对备用容量的规制定价政策如何影响社会最优政策组合，提出了安全价值分时定价理论，解决安全价值悖论，并用于指导政策分析。安全价值分时定价理论主张，容量成本回收和容量投资激励由安全价值和稀缺价值共同决定，两种价值的相对贡献依系统运行状态而定，且取决于备用容量的规制定价政策设计。本文理论提供了理解各类市场模式定价特征的统一分析框架，相应地改变了对典型市场模式的理解方式以及改进方向。中国的电力市场建设仍未在最佳路径上，但理论提供了改进方向，现实也有条件探索更好市场模式，未来须协调好政府与市场、规制与竞争的关系以保障长期投资激励和优化短期资源配置。
2022,能源价格、资本能效与中国工业部门碳达峰路径,杨冕;徐江川;杨福霞,能源相对价格扭曲;资本用能效率;节能减碳潜力;碳达峰路径,经济研究,0,"本文将能源价格扭曲因素嵌入到年限资本模型中，演绎其内生影响资本能效的动态过程，并通过将该拓展型年限资本模型与影子成本函数有机结合，考察能源价格扭曲对我国工业部门能源消耗以及碳排放的作用机理与影响程度。随后，基于结构化的实证模型建立跨期动态模拟模型，系统评估能源价格扭曲纠正对我国工业部门碳达峰路径的影响。基于2001—2016年省际工业部门数据的研究结果表明：（1）工业生产中能源相对于资本的价格扭曲系数为0.78,意味着能源相对于达到最优配置状况下的资本而言投入过多；（2）能源价格扭曲抑制了资本用能效率的提升；若对能源价格扭曲进行完全纠正，将促进工业部门资本存量的用能效率提升12.62%;（3）在资本实现最优配置的前提下，消除能源价格扭曲可使我国工业部门年均节能3.1亿吨标准煤，并减少10.79亿吨CO2排放；（4）模拟结果显示：在工业产出保持9%的增速下，我国工业部门CO2排放预计在2026年达峰；若将能源相对价格扭曲整体纠正20%,则可促进我国工业部门CO2排放提前两年达峰，且峰值降低5.33亿吨。"
2022,碳中和背景下的中国经济低碳转型:特征事实与机制分析,靳玮;王弟海;张林,碳中和;低碳转型;碳定价;排放效率;结构调整,经济研究,0,如何实现碳中和背景下低碳经济转型与增长是我国当前面临的重大问题之一。本文首先梳理了低碳经济转型的典型特征事实，进而在一个绿色增长模型中刻画了高碳资产、低碳资产、碳排放以及污染损害的动态特征，并分析了经济低碳转型的理论机制。本文还定量模拟了我国经济低碳转型的时间路径。研究表明：碳定价、排放效率提升与资产结构低碳化调整是实现“碳中和”经济转型的关键机制。碳定价通过纠正碳排放外部性成本释放减排激励信号，并促使排放效率提升和资产结构调整；排放效率提升和结构清洁化调整又可以抵消碳定价的经济约束效应，减轻资产搁浅等低碳转型代价，推动低碳转型平稳过渡。三种机制的联合作用既有助于实现净零碳排放目标，又可以促进经济内生增长。研究结论为碳中和背景下经济低碳转型机制设计思路提供了理论依据。
2022,第六届“期刊主题宣传好文章”活动《经济研究》所载《新发展格局的理论逻辑、战略内涵与政策体系——基于经济现代化的视角》入选,,,经济研究,0,"<正>由中宣部出版局主办、中国期刊协会承办的第六届“期刊主题宣传好文章”推荐活动(2022年度)结果在京揭晓,《新发展格局的理论逻辑、战略内涵与政策体系——基于经济现代化的视角》(黄群慧,《经济研究》2021年第4期)在本届活动中入选。“期刊主题宣传好文章”推荐活动旨在引导广大期刊坚持高质量办刊方向,推出主题宣传精品,有力服务党和国家工作大局。本届活动推荐文章的原则是,深入宣传阐释习近平新时代中国特色社会主义思想,深入宣传党的百年奋斗辉煌历程和宝贵经验,生动反映新时代的伟大变革,深入解读中国式现代化等理论创新成果,做好党史、新中国史、改革开放史、社会主义发展史宣传,生动反映英雄模范感人事迹,大力弘扬中华优秀传统文化,有深度、有温度、有品质、接地气,为营造良好社会舆论氛围做出积极贡献。"
2022,北京邮电大学经济管理学院诚邀海内外英才加盟,,,经济研究,0,<正>北京邮电大学经济管理学院的前身是1955年建校时成立的三大系之一的工程经济系，经过六十余年的建设与发展，形成了信息通信背景浓郁，学科专业特色鲜明的多层次学科与专业布局。学院设有管理科学与工程一级学科博士点和博士后科研流动站；管理科学与工程、工商管理、应用经济学、公共管理四个一级学科硕士点；工商管理硕士、工程管理硕士、国际商务硕士、会计硕士、公共管理硕士五个专业学位硕士点；大数据管理与应用、金融科技、工商管理（智能化与创新管理）、公共事业管理（智慧城市与计算社会科学）四个本科专业；
2022,持续推进“放管服”改革不断优化营商环境,国务院发展研究中心课题组;马建堂;袁东明;马源;高太山;李汉卿,“放管服”改革;营商环境;制度创新,管理世界,0,在迈上全面建设社会主义现代化国家新征程、向第二个百年奋斗目标进军的关键时刻，认真回顾和总结过去十年来我国持续推进“放管服”改革、不断优化营商环境的发展脉络，不仅有助于深化对我国推进政府职能转变的理解，也有助于客观把握改革取得的成效、问题与挑战，明确下一步改革方向和重点。本文从历史逻辑、理论逻辑和政治逻辑视角出发，系统梳理和总结我国深化“放管服”改革、不断优化营商环境的重要举措、实施成效及成功经验，提出进一步简政放权激发市场主体活力、持续降低企业经营成本、提高监管效能促进市场公平竞争、优化服务助力市场主体创新发展、营造稳定公平透明可预期的营商环境等5个方面的建议。
2022,发展大规模深远海养殖：问题、模式与实现路径,林鸣,大规模养殖模式;海水鱼类;深远海;养殖;粮食安全,管理世界,0,发展深远海养殖是事关粮食安全的战略问题，是一项为未来创造希望的事业。大规模深远海养殖技术是一项将海工技术服务于深远海养殖的技术，使得海工技术实现了一种跨领域的发展。本文扼要介绍了该技术的核心思想，着重系统地论述了这项技术的应用体系，提出了一种离岸隔离海洋灾害的防御新理念；提出了深远海养殖的目标应当是要为人类创造一种生活必需品，而不是一种生活奢侈品的观点；提出了建设海上防护基础设施作为一种新型大型公共基础设施的理念、基于大规模工业化生产的现代化大规模养殖方式，并提出了大规模深远海养殖的新模式。本文可以为政府相关部门决策研究提供参考，为地方养殖企业、渔业科技人员和渔业养殖人员的工作提供参考。
2022,加快构建中国特色公共政策评估体系,李志军,公共政策评估;中国特色;体系,管理世界,0,党的二十大报告中提出“全面建成社会主义现代化强国、实现第二个百年奋斗目标，以中国式现代化全面推进中华民族伟大复兴。”实现这一宏伟目标，需要大力推进国家治理体系和治理能力现代化。公共政策评估是国家治理体系的重要组成部分，在推进国家治理体系和治理能力现代化过程中具有重要地位，可以发挥重要作用。推进国家治理体系和治理能力现代化，需要加快构建中国特色公共政策评估体系。建议：（1）通过立法确立公共政策评估的法律地位，推动公共政策评估工作制度化、规范化、程序化；（2）加强公共政策评估机构建设，完善公共政策评估行业规制；（3）加强公共政策评估人才队伍建设，提高公共政策评估人员的专业化水平；（4）研究和探索适合中国国情的公共政策评估理论，推进公共政策评估技术、评估方法系统化和科学化；（5）提供必要经费保障，强化财政、审计部门的监督；（6）扩大公众参与，提高公共政策评估的透明度；（7）重视评估结果的应用，形成公共政策“制定—执行—评估—完善”的良性循环。
2022,对外经济贸易大学国际商学院四十周年院庆公告,,,管理世界,0,"<正>初心如磐四十载,奋楫笃行新时代。2022年12月,对外经济贸易大学国际商学院即将迎来四十华诞,在此谨向多年来关心支持学院建设和发展的各级领导、广大校友和各界人士,致以最衷心的感谢和最崇高的敬意!四十年初心不改,荜路蓝缕谱华章。对外经济贸易大学国际商学院始建于1982年,前身为国际经济管理系,1994年更名为国际工商管理学院,2005年更名为国际商学院,是国内最早引进西方工商管理教育体系的学院。回首往昔,四十年筚路蓝缕,国际商学院一直继承和发扬贸大的光荣传统,秉承着贸大“博学、诚信、求索、笃行”的校训,"
2022,注册制的溢出效应：基于股价同步性的研究,巫岑;饶品贵;岳衡,注册制;股价同步性;溢出效应;创新文本信息;信息环境,管理世界,0,从信息溢出的视角出发，本文研究注册制下的首次公开发行是否会因为更充分的信息披露而改善同行其他已上市公司的信息环境，从而降低后者的股价同步性。以2013～2020年上市公司为样本，本文发现注册上市使得同行公司的股价同步性下降，且主要体现在信息环境较差的同行公司之中。在通过机器学习方法识别出注册制招股说明书中的创新文本信息之后，我们发现创新文本信息的占比越高，特别是其中的公司特质信息占比越高、前瞻性信息占比越高，注册制的上述溢出效应越强。机制检验显示，拓宽投资者信息获取渠道和提升同行公司信息披露质量是注册制产生溢出效应的主要途径。在经济后果方面，我们发现注册制的溢出效应具有降低同行公司股权融资成本的作用。本文在溢出效应的角度检验了注册制试点的影响，不仅丰富了注册制相关的研究，还揭示了注册制试点具有提升资本市场整体资源配置效率的重要作用。
2022,企业数字化转型、人力资本结构调整与劳动收入份额,肖土盛;孙瑞琦;袁淳;孙健,数字化转型;人力资本结构;劳动收入份额;收入分配,管理世界,0,在数字经济迅猛发展和加快构建新发展格局的大背景下，从企业数字化转型的视角探究收入分配问题具有重要的意义。本文以2011～2019年A股上市公司为样本，实证考察了企业数字化转型对劳动收入份额的影响及其机理。研究表明，企业数字化转型能够显著提升劳动收入份额，该结论在一系列稳健性检验后仍然成立。渠道与机制分析发现，企业数字化转型带来的生产技术升级将引致高技能劳动的需求并挤出部分低技能劳动以优化人力资本结构，进而提升企业劳动收入份额。进一步还发现，数字化转型显著促进了企业生产效率提升，有助于推动企业高质量发展。本文研究有助于揭示数字化转型对企业人力资本结构、收入分配等的影响，为扎实推进企业数字化转型，促进经济转型升级和高质量发展提供重要启示。
2022,我国出口竞争力评估与结构性挑战——2012年以来我国商品国际竞争力研究,陈昌盛;胡翠;许伟,货物贸易;国际竞争力;出口结构,管理世界,0,本文主要考察2012年以来中国商品国际竞争力的变化趋势及现状。基于市场份额、显示性比较优势指数、出口技术复杂度、出口相似度、出口商品质量等多个指标，利用186个国家和地区的细分商品数据，测算发现，近十年来，中国商品国际竞争力持续增强，出口质量提升和出口结构优化势头显著，资本密集型和高技术商品比较优势日益凸显，第一大出口国地位进一步巩固。与此同时，出口技术复杂度提升势头放缓，传统劳动密集型和低技术商品比较优势下降偏快，资本密集型和高技术商品优势尚不巩固，疫情阻隔加大订单外流和产业链转移压力，出口竞争力提升面临新结构性挑战。
2022,平台型电商声誉向平台卖家声誉的转移机制研究：基于拓展学习迁移理论的分析,张其林;汪旭晖,拓展学习迁移理论;平台型电商声誉;企业声誉;卖方整体声誉;声誉转移机制,管理世界,0,在平台交易过程中，买家不仅会选择高声誉卖家，而且会选择高声誉平台型电商。但是，以往研究重点关注了卖家声誉的信号效应，却忽视了平台型电商声誉的晕轮效应。为此，本文对学习迁移理论进行了拓展，并以此为理论基础，建构了平台型电商声誉向平台卖家声誉的转移机制，试图据此解构平台型电商声誉的晕轮效应。实验研究和问卷研究的结果表明：平台型电商声誉的4个维度通过不同的机制向平台卖家声誉转移，具体来说，企业认知声誉和卖方整体认知声誉分别通过平台市场制度信任和平台购物效能感向卖家认知声誉转移，企业情感声誉和卖方整体情感声誉则分别通过平台品牌认同和平台市场认同向卖家情感声誉转移；并且，平台市场制度信任和平台购物效能感在企业认知声誉向卖家认知声誉转移过程中发挥链式中介作用，平台市场认同和平台品牌认同在卖方整体情感声誉向卖家情感声誉转移过程中发挥链式中介作用。以上结论既为考察平台卖家的绩效差异提供了系统的理论框架，也为探索平台情境下的营销变革提供了崭新的研究视角，还为验证本文建构的拓展学习迁移理论架构提供了扎实的实证证据。
2022,数字技术提升经济效率：服务分工、产业协同和数实孪生,江小涓;靳景,数字技术;经济效率;服务分工;产业协同;数实孪生,管理世界,0,数字技术的广泛应用促进了经济的数字化转型和效率提升。这个判断学界有共识，但系统全面的分析不多。本文尝试以数字技术促进分工与协作为主线，全面描述和深入分析数字技术提高经济效率促进经济增长的“三步曲”：一是通过服务产品内部分布式分工这种产业组织形态的重要创新，提高服务业分工与协作效率；二是数字服务通过向消费全域和生产全链赋能，提升全域全链业务贯通和协同能力，提高各类产业特别是平台的协同效率；三是通过数据全纳实现数字空间与现实空间全景融合，创造新的数实孪生叠加效率，提供双重价值。这三个方面继起和并存，提高全社会经济活动效率，提供新的增长源泉。
2022,经营投资问责与国有企业规范化运作——基于高管违规视角的经验证据,辛宇;宋沛欣;徐莉萍;滕飞,国有企业;经营投资问责;规范化运作;内部控制;高管违规,管理世界,0,问责的关键不仅在于对违规行为的事后惩罚，更重要的是其产生的事前威慑效应。本文基于我国特有的国有企业经营投资问责制度在全国分阶段实施的制度背景，以高管违规行为作为企业规范化运作的检验视角，设计多时点双重差分模型，实证检验了经营投资问责对国有企业规范化运作的影响。研究发现：在经营投资问责制度实施之后，国有企业高管违规行为显著减少，而提升内部控制质量和缓解高管短视倾向是问责发挥作用的中介机制，这一结论在多项稳健性检验后依然成立。进一步分析表明：（1）国有企业面临的问责压力越大，经营投资问责对高管违规行为的抑制作用就越强；（2）经营投资问责不仅显著降低了经营与交易类违规，也减少了信息披露类违规。经济后果检验表明，经营投资问责通过抑制国有企业高管违规行为，显著提高了国有企业经济增加值。本文为国有企业经营投资问责制度有效性提供了经验证据支持，为问责主题研究文献提供了中国制度背景下的实证证据，并对建立健全国有资产监督问责机制具有一定的政策启示意义。
2022,农地确权是否推进了乡村治理的现代化？,耿鹏鹏;罗必良,农地确权政策;差序格局;关系型治理;契约型治理,管理世界,0,农村社会的“差序格局”，决定了中国传统村庄治理模式呈现出由社会关系网络所维系的非正式治理特征。由农地确权所表达的产权明晰与稳定预期，通过地权法制化的方式，明确界定村社成员土地权利的享益边界，将诱导“关系型”的传统乡村治理秩序，向“契约型”的现代村庄治理体系转变。本文基于中国家庭金融调查数据（CHFS），通过设置准自然实验，采用双重差分模型考察农地确权政策对农户土地流转交易行为和村社人际交往的影响，以此揭示产权制度变革在推进乡村治理现代化过程中所发挥的作用。研究发现，农地确权政策实施显著抑制了村社内农户土地的熟人流转行为，地权交易呈现出向非熟人出租的市场化趋势；此外，农地确权政策显著弱化了农户基于社会网络关系维系的礼金支出水平。进一步通过“水田、旱地”和“粮食主产区、非粮食主产区”以及不同农地调整习惯村庄的对比研究发现，农地确权政策在不同区域有着相异的政策效果。文章强调，农地产权制度变革正在推进我国乡土社会的转型，一方面逐步解构由亲缘、地缘所维系的传统村社治理秩序，另一方面以契约化、正式化、法制化的现代化方式重塑村庄治理体系。
2022,以中国式现代化推进中华民族伟大复兴——学习贯彻党的二十大精神笔谈(上),蔡昉;江小涓;黄泰岩;魏后凯;韩保江;戚聿东;洪永淼,,经济研究,0,中国共产党第二十次全国代表大会，是在全党全国各族人民迈上全面建设社会主义现代化国家新征程、向第二个百年奋斗目标进军的关键时刻召开的一次十分重要的大会。本次大会提出，科学社会主义在二十一世纪的中国焕发出新的蓬勃生机，中国式现代化为人类实现现代化提供了新的选择，中国共产党和中国人民为解决人类面临的共同问题提供更多更好的中国智慧、中国方案、中国力量，为人类和平与发展崇高事业作出新的更大的贡献!大会同时提出，从现在起，中国共产党的中心任务就是团结带领全国各族人民全面建成社会主义现代化强国、实现第二个百年奋斗目标，以中国式现代化全面推进中华民族伟大复兴。中国式现代化的本质要求是:坚持中国共产党领导，坚持中国特色社会主义，实现高质量发展，发展全过程人民民主，丰富人民精神世界，实现全体人民共同富裕，促进人与自然和谐共生，推动构建人类命运共同体，创造人类文明新形态。为深入学习贯彻党的二十大精神，本刊特邀请国内部分经济学家围绕“以中国式现代化推进中华民族伟大复兴”撰写笔谈文章，分两期发表，以飨读者。
2022,知识溢出的边界效应——来自专利引用数据的证据,刘修岩;王峤,统一大市场;行政边界;知识溢出;边界效应,经济研究,0,"本文基于中国1985—2019年的专利数据，构建了街道尺度上的引用配对空间数据集，尝试识别行政壁垒所导致的知识溢出“边界效应”。研究发现，在控制了其他条件后，从属于不同区县、城市以及省份的街道，其相互间的专利引用显著受到抑制，结论经过系列稳健性检验后依然成立。进一步分析发现，知识溢出的“边界效应”随着时间推移呈现先升后降的倒U型趋势，且表现出显著的空间异质性。此外，地区间文化距离的增加会加剧行政壁垒导致的知识溢出阻隔；而修建高铁和“撤县设区”政策则能够显著降低“边界效应”,说明文化差异、交通基础设施以及地方保护是引致“边界效应”的重要因素。本文为加快构建全国统一大市场提供了有益的启示和借鉴。"
2022,违约风险传染的避险效应与溢出效应:隐性担保预期的视角,祝小全;陈卓;施展;何治国,债券违约;避险迁徙;隐性担保;溢出效应,经济研究,0,本文基于2014—2019年间信用债违约事件探讨地区内的风险传染。研究发现，债券违约造成投资者从当地民企债中逃离而流入城投债，二级市场上城投债利差表现为避险效应，民企债利差表现为溢出效应。信用风险从二级市场向一级市场的传导存在时滞，一级市场在中长期也发生信用配给，即城投债发行额增加，而非城投债的发行面临更高的评级门槛。本文从隐性担保预期的角度解释这一发现：第一，地方政府较强的担保能力或意愿增强担保预期，进而增强避险效应；第二，相较于建立在投资者预期上的信用事件，国企债违约、发行主体首次违约等预期外事件对隐性担保预期造成更强的冲击，加剧风险溢出，而避险效应则在重复博弈中渐强；第三，投资者的本地偏好会强化隐性担保预期所引致的本地迁徙，地区市场化程度的提高则削弱避险动机。债券违约在地区层面的风险传染在因果识别策略中依然稳健。研究发现有助于理解信用风险的定价与传导，对预警地方性债务风险及防范系统性金融风险具有现实意义。
2022,灾难风险与资产定价——一个拓展的长期风险模型,许秀;陈国进;于金杨,长期风险;灾难风险;股权溢价,经济研究,0,本文首先在理论上提出了带有灾难冲击风险的长期风险模型，得到了股权溢价的解析表达式。根据解析表达式，股权溢价由四部分构成：短期风险溢价、长期风险溢价、波动性溢价和灾难风险溢价，且灾难风险溢价通过灾难风险的各阶矩(矩生成函数)对股权溢价起作用。其次，对模型进行了校准并通过数值模拟与实际数据进行了比较，发现本文的模型可以较好地解释股权溢价之谜。研究发现引入灾难风险的长期风险模型无论在价格股利比例预测消费增长率和股利增长率方面，还是在价格股利比例预测消费波动性和超额回报率波动性方面都与现实较为吻合。此外，模型还能较好地解释我国股票市场过度投机、波动率较大等典型特征。
2022,市县级分成率波动与企业税收征管,许敬轩;王小龙,税收分成率;收入分享方式;分成率波动;税收征管,经济研究,0,“分税制”财政管理体制统一了中国中央和省级政府间的分税制度，但当前中国大部分省级政府并未明确规定地级市本级和县级政府的税收分成方式和比例，地级市会参与县级税收收入的分享并调整其分享比例。分成率的变动会使县级政府无法预测未来的收入，增加其不确定性。本文研究了中国市县级分成率波动与税收征管力度的关系。理论分析发现，分成率波动对地方税收征管力度的影响与地方政府的效用函数形式和风险偏好有关，总效应取决于收入效应和替代效应的相对大小。实证研究发现，分成率波动增加显著提高了地方政府的税收征管力度，增加了企业实际税率，这表明不确定性增加带来的替代效应大于收入效应。分税制度的不规范会直接增加政府税收收入风险，还会因差异化的征管力度造成企业实际税率不统一，妨碍企业公平竞争。因此在财政体制改革背景下，政府应进一步制定和完善财政税收法律法规，规范和统一省以下收入划分制度，降低税收收入风险，建设公平统一的市场，促进企业公平竞争。
2022,国际贸易、区域政策与区域经济长期增长——来自“三线建设”地区的考察,庄嘉霖;陈雯;杨曦,国际贸易;区域政策;区域经济增长;三线建设,经济研究,0,建设全国统一大市场需要政府科学制定区域政策，以形成分工明确、优势互补的区域经济布局。国际贸易深刻塑造各地区比较优势，为区域政策制定提供重要指引。本文基于中国近代出口贸易与三线建设的历史经验，实证探讨国际贸易与区域政策对区域经济长期增长的综合影响。研究发现，近代出口贸易与三线建设均对三线地区的实际人均GDP产生显著的积极影响，两者的影响具有互补性，该互补性主要来自工业部门。上述结论在工具变量识别与多种稳健性检验中均保持成立。机制分析表明：近代出口贸易通过工业专业化塑造比较优势；遵循该比较优势的三线建设投资能够更有效促进物质资本和人力资本积累，从而与近代出口贸易互补推动比较优势产业发展与区域经济长期增长。本文揭示了国际贸易对区域政策长期绩效的重要影响，为当今中国精准制定符合比较优势的区域政策，推动全国统一大市场建设提供参考。
2022,宏观政策“三策合一”新理论框架,陈彦斌,结构失衡下的衰退;稳定政策;增长政策;结构政策;宏观政策“三策合一”,经济研究,0,"主流宏观政策理论以新凯恩斯短期分析框架为核心，旨在使用货币政策、财政政策和宏观审慎政策等稳定政策实现短期经济稳定和金融稳定。在主流宏观政策理论的指导下，全世界范围内数十年来政策实践成绩显著，但2008年国际金融危机之后宏观政策难以有效应对美日欧等主要经济体普遍存在的“结构失衡下的衰退”这一新现象。究其根源，主流宏观政策理论主要应对的是传统衰退，其核心在于短期经济波动问题；而危机之后主要经济体面临的“结构失衡下的衰退”除了短期经济波动问题之外，还包括长期增长动力匮乏和经济结构失衡等问题。尤其是，结构黏性以及多种失衡结构之间的嵌套循环会产生非有效的潜在增速缺口，进而导致经济增速的非合理下降和稳定政策的失效，这使得盯住产出缺口目标的主流宏观政策理论难以应对。重构宏观政策理论框架才能破解这些难题。为此，本文提出了宏观政策“三策合一”新理论框架，将稳定政策、增长政策和结构政策纳入统一的理论框架，消除产出缺口和长期潜在增速缺口，促使实际经济增速、长期潜在增速和最优经济结构下的潜在增速合理增速三者趋于一致，从而实现最优经济结构下的短期平稳运行与长期稳定增长。宏观政策“三策合一”新理论框架具有理论一般性和政策实践普适性，不仅可以较好地解决中国和世界主要经济体所面临的“结构失衡下的衰退”,而且可以尝试作为中国经济学的有机组成部分，为全球宏观经济治理提供中国智慧与中国方案。"
2022,贸易自由化、研发促进与全要素生产率增长,王立勇;纪尧,贸易自由化;研发促进机制;合成控制法;内生增长DSGE模型;全要素生产率,经济研究,0,本文首先借助合成控制法和VAR模型分析贸易自由化对研发创新活动的影响及其内在机制，给出经验证据和基本事实，随后构建内生增长DSGE模型进一步验证以上结论和机制，并分析贸易自由化的福利效应。结果表明，贸易自由化可以通过提高企业对专利中间品的购买使用间接促进本国研发和技术进步，贸易自由化的研发促进机制显著存在，且这一机制更具解释力。自20世纪90年代以来，中国贸易自由化通过研发促进机制提高了全要素生产率增长0.52个百分点，对同期全要素生产率增长的解释程度达到21%;不同类型的贸易自由化对研发创新活动存在异质性效应，进口消费品贸易自由化的影响微弱且不显著，进口资本品贸易自由化和出口贸易自由化的影响显著为正；从政策效果看，进口资本品贸易自由化对全要素生产率和长期经济增长的效果最强，出口贸易自由化的效果次之，进口消费品贸易自由化只存在短期效应；不同类型贸易自由化的福利效应存在差异，进口资本品贸易自由化的福利效应相对最强。
2022,房地产市场、家庭杠杆率与消费——一个异质性代理人模型,盛夏;李川;王擎,家庭杠杆;消费;购房动机;异质性代理人模型,经济研究,0,近年来，中国消费增速持续下降，而同期家庭部门杠杆率却持续攀升，特别是在房地产市场繁荣期，这种反向关系表现的更加突出。那么，家庭杠杆的增加是否是消费不振的动因?其作用机制是什么?本文的经验证据显示：家庭通过增加了与住房债务相关的杠杆，挤出了流动性，从而减少了消费。并且在房地产政策刺激之后，购买非首套房的家庭消费的平均下降程度显著高于购买首套房的家庭，这意味着投机性的购房动机可能发挥了作用。为了阐释经验发现的机制，本文构建了异质性代理人模型，从理论上区分了家庭“刚需”和“投机”购房动机的决策差异，发现对房价大幅上涨的预期会引发部分非首套房家庭的“投机”购房动机，促使他们极致的加杠杆并大量消耗流动性，从而大幅挤出消费。因此，可以通过流动性特征识别购房动机、细化首付比调控政策以减少投机，并通过舆论引导、优化“三道红线”和房贷本息支付政策，实现在“房住不炒”总方针下的“稳房价、稳预期和提消费”。
2022,中国式现代化：特征、挑战与路径,韩保江;李志斌,中国式现代化;探索与挑战;以经济建设为中心;高质量发展;实现路径,管理世界,0,中国式现代化，是中国共产党领导的社会主义现代化，既有各国现代化的共同特征，更有基于自己国情的中国特色。中国式现代化，是人口规模巨大的现代化，是全体人民共同富裕的现代化，是物质文明和精神文明相协调的现代化，是人与自然和谐共生的现代化，是走和平发展道路的现代化。为实现民族强盛，从洋务运动、戊戌变法、辛亥革命，到民主主义革命，中国人从没有停止对现代化的探索与实践，但始终没有成功地找到一条现代化道路。在新中国成立特别是改革开放以来长期探索和实践基础上，经过党的十八大以来在理论上和实践上的创新突破，我们党成功推进和拓展了中国式现代化，走出了这条中国式现代化新道路。当然，要以中国式现代化全面推进中华民族伟大复兴绝不会一帆风顺，会有许多可以预见或难以预见的风险挑战，必须增强忧患意识。要实现中国式现代化，必须坚持以经济建设为中心不动摇，必须把高质量发展作为全面建设社会主义现代化国家的首要任务。必须坚持党的全面领导，必须坚持建设现代化经济体系和构建新发展格局协同推进。必须坚持全面深化改革，推进国家治理体系和治理能力现代化。必须坚持全面依法治国，推进法治中国建设。必须坚持全面从严治党，以党的自我革命引领社会革命。必须统筹好发展和安全，推进国家安全体系和能力现代化。
2022,从冲突到共生——生态文明建设中国家公园的制度逻辑,蔡晓梅;苏杨,国家公园;生态文明;政治利益维度;人与自然和谐共生;党的十八大,管理世界,0,国家公园是党的十八大以来生态文明建设的重要成果。本文采用制度分析和博弈论方法，力图以国家公园体制试点过程反映生态文明初露端倪的特征及其演变的制度逻辑：作为生态文明体制改革中整体进展最快、制度改革最系统的领域，国家公园建设反映了中国在生态文明时期发展方式的变化。既往的自然保护地，往往呈现保护与发展两张皮、保护机构与地方政府及原住民冲突多发的局面。2015年开始国家公园体制试点后，生态文明体制涉及的责权利相关制度开始调整，各利益相关者的利益维度及相互利益关系开始变化：对国家公园相关各层级地方政府而言，加入了以“生态保护第一”和“全民公益性”为特征的政治利益维度后，其在处理保护和发展的关系上形成了利益均衡、激励相容。这种变化在第一批国家公园之一的武夷山体现得尤为典型，其反映了中国生态文明建设的动力、特征、重点：（1）从中央层面在生态相关责权利制度安排上的调整和转移支付开始，形成各级政府以及企业、原住民之间的政治、经济利益总体均衡和生态利益外溢，在制度和发展效果上初步形成了不同于工业文明时期的特征，从冲突到共生的制度逻辑就是制度调整带来的多方多利益维度得利。（2）中央树立政绩观并统筹调整责权利制度是实现共生的前提，然后不同主体的最佳行动策略是：省政府有效介入、国家公园管理局高效落实以及基层地方政府全面协助，其中省政府是实现最佳行动策略的关键主体。
2022,西方遇到东方：中国管理实践的认知偏狭性与反思,魏江;杨佳铭;陈光沛,西方理论视域;中国管理实践;标签化;偏狭性,管理世界,0,中国管理实践为全球社会科学发展提供了独特智慧，并引发全球学者的高度关注。但同时受西方意识形态牵引，中国管理实践在国际学术社区中面临“被标签化”问题，西方理论视域下充斥着学者对于中国管理实践在概念、认知以及方法层面的“偏狭性”解读。聚焦于这一问题，本文回顾了1998年以来发表在国际顶级管理学期刊上关于中国情境研究的论文，从本体论、认识论、方法论3个方面梳理现有西方理论为主导的国际学术话语体系中学者对“中国情境”研究的偏狭性认知，包括学术构念、认知标准、低效度测量工具等，重点剖析这些构念、观点、测量方法所客观存在的非客观性和科学偏离性。进一步地，文章从本体论、认识论、方法论3个方面提出，必须高度重视对中国哲学社会科学话语权的掌握，切忌在理论建构过程中盲从西方观点，勇于矫正国际学术话语体系对中国管理实践的偏狭性认知，力求实事求是、自信而不盲从地开发和传播本土管理理论，加快构建中国特色管理科学的学科体系、学术体系和话语体系。
2022,对外经济贸易大学国际商学院四十周年院庆公告,,,管理世界,0,"<正>初心如磐四十载,奋楫笃行新时代。2022年12月,对外经济贸易大学国际商学院即将迎来四十华诞,在此谨向多年来关心支持学院建设和发展的各级领导、广大校友和各界人士,致以最衷心的感谢和最崇高的敬意!四十年初心不改,筚路蓝缕谱华章。对外经济贸易大学国际商学院始建于1982年,前身为国际经济管理系,1994年更名为国际工商管理学院,2005年更名为国际商学院,是国内最早引进西方工商管理教育体系的学院。"
2022,地方政府债务治理与企业投融资期限错配改善,刘贯春;程飞阳;姚守宇;张军,地方政府债务治理;企业投融资期限错配;债务期限结构,管理世界,0,基于“固定资产投资—流动负债”的敏感度框架，本文以2015年逐步推向全国的地方政府债务管理体制改革为一项准自然实验，系统考察了地方政府债务治理对企业投融资期限错配的影响。双重差分估计显示，地方政府债务管理体制改革显著弱化了固定资产投资对流动负债的正向敏感度，证实了地方政府债务治理有助于改善企业投融资期限错配。随后的异质性分析发现，对于地方隐性债务规模大的城市以及融资约束严重、研发密集度强和信息披露质量高的企业，上述效应更为凸显。进一步的作用机制检验表明，地方政府债务管理体制改革显著制约了地方政府隐性债务和债务总规模的持续攀升，而且显著延长了企业债务期限。特别地，地方政府债务管理体制改革提升了企业生产率，并降低了经营风险。本文强调，地方政府债务治理不仅有助于化解地方政府债务风险，而且有利于缓解政企融资竞争关系以优化企业投融资期限匹配，这对于防范化解系统性金融风险和实现经济高质量发展具有重要政策启示。
2022,中国会计制度下基于报表数据估算当期所得税费用的误差及其影响,刘行;王昕;赵弈超,国际财务报告准则;所得税费用;企业避税;实际所得税率;边际所得税率,管理世界,0,企业所得税问题是财政学、金融学、会计学等学科领域的重要研究方向。企业所得税费用及其构成是学者们构建实证指标时的常用信息。已有研究直接通过财务报表（利润表和资产负债表）估算当期所得税费用，而在中国现行会计制度下，这一估算方法存在误差。为评估误差大小，我们从财务报表附注中手工搜集了2007～2018年所有A股上市公司实际披露的当期所得税费用。经过对比发现，采用财务报表信息估算的当期所得税费用有较大误差。误差金额超过100万元的样本达27%，平均误差金额717万元，占利润总额2.8%。进一步，我们以不同学科下的3个研究主题（企业避税的影响因素、所得税对资本结构的影响、所得税信息的价值相关性）为切入点，考察了上述误差对已有研究的影响。结果显示，修正估计误差后，核心实证指标的信息含量以及实证结论的可靠性均有大幅提升。因此，开展微观企业所得税的实证研究时，了解所得税会计核算及其信息披露规则至关重要。本文结论也适用于其他采用了国际财务报告准则的160多个国家和地区。
2022,产业关联、区域边界与国内国际双循环相互促进——基于联立方程组模型的实证研究,郑休休;刘青;赵忠秀,双循环;国内大循环;出口;产业关联;区域边界,管理世界,0,构建“以国内大循环为主体、国内国际双循环相互促进”的新发展格局是党中央的重要战略决策。本文基于中国各省工业子门类销售产值数据，结合区域间投入—产出表与海关进出口交易数据，构建了出口和进口两类国际大循环指标、国内销售和国内购买两类国内大循环指标，利用面板数据联立方程组模型定量检验了国内大循环与国际大循环之间的相互影响，并检验产业关联和区域边界在“双循环”中的作用。结果表明：国内大循环与国际大循环在总体上存在显著的双向促进效应；其中，工业行业的出口分别与国内中间投入的购买、国内跨省最终消费的销售之间存在显著的双向促进效应；最后，异质性分析结果支持了优化国内资源配置、促进国内贸易畅通的必要性。
2022,国有资本参股如何影响民营企业？——基于债务融资视角的研究,何德旭;曾敏;张硕楠,混合所有制改革;反向混改;国有资本;债务融资;异质性股东,管理世界,0,本文以债务融资为切入点，从“未阐明的规则”和“阐明的规则”两个层面探讨了国有资本参股的“反向混改”是否以及如何影响民营企业。研究发现：国有资本参股可以显著降低民营企业的债务融资成本，扩大债务融资规模，该结论在经过一系列内生性及稳健性检验后依然成立。进一步的机制分析发现：国有资本参股通过提升民营企业的社会声誉、减轻民营企业面临的“统计偏见”、优化民营企业的信息质量以及降低民营企业的“股东—债权人”代理问题等渠道多管齐下地改善了其债务融资。本文将这种声誉提升、信号效应发送、公司治理改善等效用学理化地提炼为“异质性股东的优势互补”，如此不仅构建了“反向混改”的理论分析框架，而且采用股权结构这种更加普适的理论更好地讲述了“混合所有制改革”的中国故事。此外，本文还从微观层面探讨了政府的积极作用，对宏观和中观层面政府与市场关系的现有研究进行了有益补充。
2022,保障种粮农民收益：理论逻辑、关键问题与机制设计,高鸣;姚志,保障农民收益;政策演进;理论逻辑;关键问题;机制设计,管理世界,0,提高种粮农民收益是现阶段确保粮食安全的根本之策。基于制度变迁理论，结合政策梳理与实践归纳，本文剖析了长期保障种粮农民收益的重要内涵和内在理论逻辑，严格讨论了种粮农民收益和农民收入的辩证关系，总结出了保障种粮农民收益的核心要义。研究得出，保障农民收益的政策主要是依据经济理论与实践经验而动态调整的，对提高农民收入和夯实我国粮食安全根基起到了至关重要的作用。现阶段中国保障种粮农民收益的制度设计是政策变迁的必然结果，也蕴含了固有的经济逻辑、制度依据和社会道义。保障种粮农民收益首先需要破除收益和收入的“等同论”、确立“包含论”与划清“外延论”。从长远来看，保障种粮农民收益的关键问题是对发展阶段与成果共享、长期目标与短期效益、政府管控与市场改革、自然环境与生产经营、地权分配与公平效率之间的平衡协调。为此，本文建议未来在设计与完善保障种粮农民收益的长效机制时，首先应该实施稳定长效的惠农政策，其次要提高种粮农民应对自然风险的能力，再次要“有能力、有底气、有方式”从容应对市场风险，最后是要严格保护种粮农民的耕地资源与实现“善耕者有良田、成规模”。
2022,从“共饮一江水”到“共护一江水”——新安江生态补偿下农户就业与收入的变化,李坦;徐帆;祁云云,生态补偿;农户收入;劳动力流动;时空异质性;双重差分模型,管理世界,0,促进全流域农村居民增收与就业是全面推广生态补偿机制的重要前提。本文运用双重差分法检验新安江生态补偿政策对流域农村居民收入就业的影响和异质性。结果表明，试点政策使流域农户收入增加了2.8%，农村就业率增加了2.8%，非农就业与农业就业之比增加了15.8%。从空间上看，补偿政策对上中下游的影响路径和方式具有显著差异。动态结果表明，政策从“输血型”转向“造血型”后，在促进收入和增加就业方面呈现显著正效应且逐渐增强。从影响渠道来看，现有政策的溢出效应尚未显现。从惠农对象来看，政策对初始收入低的农户增收效应更显著，但没有缓解农户的流动性约束。研究结果为厘清新安江横向补偿政策效应，评估动态效果提供了实证依据，可为完善现有的生态补偿政策体系提供参考。
2022,规模性返贫风险因素、类型及其政策启示——基于西南民族地区的调查,赵普;龙泽美;王超,规模性返贫;西南民族地区;可持续发展;因素分析;类型划分,管理世界,0,本文基于可持续发展理论视角，以西南民族地区为例，构建涵盖“经济—社会—自然”3个层面的衡量规模性返贫风险因素的评价指标体系，运用综合度量模型、贡献度模型以及最小方差模型，对规模性返贫风险程度、因素和类型进行分析。结果表明：一是规模性返贫风险程度分布呈现“两头小中间大”的橄榄型态势，表明西南民族地区脱贫后仍存在不稳定因素。二是基于贡献度模型计算结果，西南民族地区规模性返贫风险因素的次序为产业因素>能力因素>经济因素>政策因素>自然因素>文化因素>家庭因素。三是根据最小方差模型，规模性返贫风险类型可划分为单风险、双风险、三风险、四风险、五风险、六风险和七风险返贫型7种，但西南民族地区的七风险返贫型最接近于理论模型，表明其规模性返贫风险由多种因素综合构成。基于此，研究提出建立产业防线、重视能力提升、筑牢经济基础、优化政策体系、明确返贫风险、建设反贫文化、强化帮扶职责七点防止规模性返贫的政策启示。
2022,中国区域政策回顾与展望,张军扩,区域政策;协调发展;发展战略,管理世界,0,站在两个百年目标的历史交汇点，面对发展阶段和国内外环境变化的新形势、新任务，认真回顾和总结过去几十年来我国区域政策与发展格局的演变过程，不仅有助于深化对中国发展经验的理解，也有助于客观把握区域政策的成效、问题与挑战，进一步明确完善区域政策的方向和重点。本文在明确界定区域政策和区域协调发展概念的基础上，系统梳理和总结我国区域政策基本内容、演变过程及实施效果，分析了面向未来促进区域协调发展需要深入思考和正确把握的几个问题，并建议从进一步加强全国统一市场建设、促进区域间基本公共服务均等化、加大对中西部地区基础设施的投资支持力度和加强对各类问题区域的支持等4个方面对区域政策进行优化改进。
2022,新一轮技术革命与中国城市化2020～2050——影响、前景与战略,国务院发展研究中心市场经济研究所课题组;王微;邓郁松;王瑞民;牛三元;赵勇;刘馨,新一轮技术革命;城市化;高质量发展,管理世界,0,城市化与技术革命有着深刻的内在联系。技术革命对土地、资本、劳动力等生产要素进行革命性重组，成为了城市化的原动力。自18世纪以来，人类已经历了三次技术革命，分别是以机器生产为代表的第一次技术革命，以电力应用为标志的第二次技术革命，和以电子信息技术为标志的第三次技术革命。每一次技术革命都带来了产业变革和经济结构的调整升级，有力推动了城市化持续演进。进入新世纪以来，全球范围内开启新一轮技术革命的帷幕。新一轮技术革命以数字化为主导、以智能化为导向、以绿色化为引领、以融合化为趋势，使全球城市化出现新动力，提高了大都市区人口产业承载力，加快城市体系价值链分工深化，使城市生活方式加速向智能、包容和绿色转型，城市空间也更加优化，城市公共治理能力显著提高。改革开放40多年来，中国创造了世界城市化史上的奇迹。展望2050年，中国城市化质量和效率将明显提升、城市发展模式更加科学合理、城市治理能力显著增强，会出现一批世界级城市群和新全球城市。要抓住新一轮技术革命拓展期和中国经济社会结构转型升级的双重机遇，围绕“技术、要素、产业、制度”等核心动力机制协同推进，加快构建中国城市化高质量发展的动力系统。
2022,社会保险缴费率与企业全要素生产率和创新,汪佩洁;蒙克;黄海;黄炜,社会保险缴费率;全要素生产率;创新,经济研究,0,"社会保险缴费对企业生产率和创新水平存在何种影响?既有研究得出社保费倒逼或挤压生产率两种相悖的结论。本文采用工具变量模型，利用2008—2016年中国非金融上市企业数据进行了实证检验。结果表明：企业社保缴费率每提高1个百分点，全要素生产率提高1.78%,发明专利数量提高5.30%,即提高社保缴费率对创新具有“倒逼”效应。本文采用2013年深圳提高社保缴费率这一准自然实验证实了该结论。本文还证实，缴费率与创新存在非线性关系，在社保缴费率超过20%后，倒逼效应显著变小。进一步分析表明：倒逼效应在中小规模、高工资、高研发水平以及增长期企业中更明显；企业研发投入、工资水平和劳动生产率等为相应的机制。本文有助于厘清社会保险缴费对企业生产率和创新的影响，对实现社保费征收与经济协调发展具有政策意义。"
2022,法治建设与金融高质量发展——来自中国债券市场的证据,王永钦;薛笑阳,法治;债务结构;金融结构;高质量发展,经济研究,0,债务是经济发展最主要的外部融资手段，债务的结构也会对高质量发展有深刻影响。债务合约的两种主要方式——银行贷款和债券在合约实施方面有着显著区别。前者主要明确以企业的资产(如房地产)作抵押；而后者则隐性地以企业的剩余资产或未来现金流作抵押，合约实施难度更大，更依赖于对债权人的法律保护。然而，现有研究多关注法律保护对银行贷款的影响，对债券市场影响的研究相对缺乏。本文利用2019—2021年间各地设立破产法庭这一自然实验，采用双重差分方法识别了债权人法律保护对企业债券的影响。研究发现，破产法庭的成立显著降低了当地企业债券在二级市场上的利差。进一步分析显示，抵押品的可获得性越强、抵押品价值不确定性越小、债权人对企业的控制权越强，破产法庭的效果就越强。相应地，对债权人法律保护的加强也降低了企业在一级市场的发债成本，并提升了企业债务结构中债券融资和长期负债的比例。本文的研究表明，法律实施的改进会有效促进债券市场的发展，改善中国的金融结构，促进中国的高质量发展。
2022,中国债券市场信用评级制度有效性研究,杨国超;刘琪,债券信用评级;评级质量;私有信息;刚性兑付;评级分析师,经济研究,0,我国债券市场信用评级制度的有效性备受质疑，突出问题在于评级机构可能调高债券评级。然而，评级机构调高评级既可能是评级机构和发行人共谋的结果，也可能是评级机构基于对发行人私有信息的有效解读而做出的理性选择。鉴于此，本文研究信用评级机构的评级调整是否影响债券信用利差，以评估我国债券信用评级制度的有效性。研究发现，信用评级机构调高(调低)评级能显著降低(抬高)债券信用利差，该发现在考虑了各种稳健性检验后依然成立；本文还利用“大公国际被罚”事件进行安慰剂检验，并利用新冠疫情这一突发事件构建私有信息的外生冲击。结果表明，评级机构调高评级更多是基于对发行人私有信息的有效解读而做出的理性选择，即我国债券信用评级总体上是有效的。但进一步研究还发现，评级分析师的专业能力、债券市场的“刚性兑付”环境以及评级机构的付费模式竞争会影响我国债券信用评级制度的有效性。
2022,绿色金融,何德旭;程贵,,经济研究,0,<正>绿色金融是可持续发展理念在金融领域的具体运用，以金融机构或金融市场为载体，通过优化金融资源配置，调节资金流向绿色低碳领域，促进资源高效利用、改善生态环境质量。大力推进绿色金融发展是践行党中央、国务院推进生态文明建设，实现“绿水青山就是金山银山”的必然要求，也是深入推进金融供给侧结构性改革，实现产业结构绿色低碳转型升级的重要举措。一、绿色金融的渊源自18世纪工业革命以来，人类大量燃烧化石燃料，向空气中排放大量二氧化碳等温室气体，导致温室效应加剧、全球气温持续攀升。气候变暖造成全球气候异常，引发飓风、山火、洪涝、旱灾等异常自然灾害，对全球经济发展、粮食安全、人类健康、生态系统等构成严重威胁与损害。面对日益严峻的环境问题，各国环保志士、国际组织开始反思以牺牲环境为代价的不可持续发展模式。1962年，美国海洋生物学家蕾切尔·卡森在其代表作《寂静的春天》中指出，过度使用化学药品会破坏生态环境并影响人类健康。1972年6月，联合国人类环境会议通过了《人类环境宣言》，呼吁世界各国加强环境保护，这在人类环境保护史上具有里程碑意义。1992年6月，联合国环境与发展大会通过了《环境与发展宣言》《21世纪议程》，为各国加强环境保护与实现可持续发展提供行动指引。2012年5月，世界银行在《包容性绿色增长：可持续发展之路》中提出“包容性绿色增长”（inclusive green growth）理念，倡导将绿色增长纳入各国的发展决策过程，走“绿色、包容、高效、可承负”的增长道路。此后，这种绿色、可持续的理念逐渐成为全球发展共识。联合国气候变化大会于2015年通过了《巴黎协定》，对全球应对气候变化、降低温室气体排放做出统一安排，旨在把全球平均气温较工业化前水平上升幅度控制在2℃，最好不超过1.5℃。
2022,跨境融资宏观审慎管理与外部输入性风险防范,陆磊;李力;冯业倩;尚昕昕,跨境融资宏观审慎管理;外部不利冲击;局部投影;两国DSGE模型,经济研究,0,本文实证分析了我国跨境融资宏观审慎管理在国外加息、国外产出下降以及不确定性上升等外部不利情形下的缓冲效果，并构建包含境内企业和金融机构跨境融资的两国DSGE模型，探究了在外部不利冲击下我国跨境融资宏观审慎管理的应对策略和最优跨境融资宏观审慎调节参数的设定问题。研究发现：国外加息、国外产出下降以及不确定性上升均会带来我国实体经济活动的显著下降，跨境融资宏观审慎管理政策能缓冲外部不利冲击对我国实体经济的溢出效应。当外部不利冲击造成我国经济下滑时，适当上调跨境融资宏观审慎调节参数有利于缓解实体部门的紧缩压力。逆周期地调整跨境融资宏观审慎调节参数可以提高社会福利。当面临国外不利货币政策冲击时，盯住外债规模的跨境融资宏观审慎管理政策能进一步改善社会福利。
2022,不确定冲击下中国企业出口能力研究,刘洪愧,中国出口奇迹;企业出口能力;贸易壁垒;反倾销;出口结构,经济研究,0,本文试图从企业出口能力视角构建分析中国出口增长之谜的理论框架。首先，界定企业出口能力内涵，并结合企业动态能力、资源基础观、渐近式国际化理论阐述其理论依据，然后将其分解为潜在出口供给能力、出口转化能力和冲击应对能力，进而考察三者的决定因素。其次，基于贸易壁垒冲击场景展开理论分析并构建模型，发现如果企业出口能力(冲击应对能力)较强，则出口可维持增长趋势，因为冲击将倒逼和激励企业进行出口产品结构调整、提高产品多样化程度、采取质量竞争策略。再次，利用美国对华反倾销的“准自然实验”进行实证研究，基本回归结果、机制分析、稳健性和异质性检验证实了理论分析的结论。最后，通过企业层面的案例以及中美贸易摩擦进一步验证实证结果的可靠性。本文还给出了相关政策建议并指出可拓展研究的方向。
2022,脱贫农户返贫风险防范政策研究,贾男;王赫,“脱贫不脱政策”;返贫风险;断点回归设计,经济研究,0,巩固脱贫攻坚成果是实现乡村振兴的重要前提。大量研究评估了精准扶贫的脱贫效应，但对“脱贫不脱政策”的返贫预防效应关注较少。为了探索“脱贫不脱政策”是否降低了脱贫农户的返贫风险，本文使用中国家庭金融调查2013—2019年四期微观面板数据，借助复原力指标测度脱贫农户返贫风险，并通过断点回归设计(RDD)考察了“脱贫不脱政策”的政策效应。实证结果显示，在2014年贫困线附近脱贫农户的返贫风险存在明显的断点，“脱贫不脱政策”显著降低了脱贫农户的返贫风险，但政策效应强度随着时间递减。“脱贫不脱政策”对受教育水平较低的农户以及边缘易致贫农户影响更大，但对家庭抚养负担较重及存在患病人口的农户政策倾斜不足。影响机制检验结果显示，“脱贫不脱政策”通过缓解农户外部约束、改变农户内生偏好的渠道降低了农户返贫风险，其中短期内政策通过激发农户内生动力的方式改变了农户内生偏好，福利依赖效应并不明显。本文为“确保主要帮扶政策总体平稳连续”提供了经验证据，也为建立稳定脱贫长效机制的政策优化调整提供了建议。
2022,土地比较优势、农户行为与农业生产效率——来自种植结构调整的考察,盖庆恩;王美知;石宝峰;史清华,比较优势;作物选择;价格调整;补贴;政策评估,经济研究,0,土地比较优势是农户作物选择的基础，政策调整会影响土地比较优势的发挥，并进一步改变农户行为和农业生产效率。本文以种植结构调整为例，从土地比较优势出发构建模型，刻画农户作物选择的内在机理，分析和评估不同调整策略对农户种植行为和农业生产效率的影响。结果表明：相比直接行政干预，采用价格调整、补贴等市场化调整方式更加有效，同时政策实施对农户的产出和收入存在异质性影响。在实践中，种植结构调整一方面要注重市场机制的运用，另一方面需要密切关注政策调整对农户的异质性影响，精准施策。
2022,城市高质量发展与城市群协调发展：马克思级差地租的视角,谢地;荣莹;叶子祺,城市宏观级差地租;城市高质量发展;城市群协调发展,经济研究,0,城市土地出让金收益在中国的工业化和城市化中扮演了极其重要的角色。当前中国城市经济分化的现象日益突出，集中表现为城市之间的土地出让金差距迅速分化，形成了城市之间的地租级差，即城市宏观级差地租。中国经验事实表明，城市宏观级差地租与城市高质量发展以及城市群协调发展之间存在某种亟待澄清的关联。本文以全国273个地级市为研究对象，实证检验了城市宏观级差地租与城市高质量发展之间的关系。空间计量的回归结果显示，城市宏观级差地租能够显著提升所在城市的高质量发展水平，而对毗邻城市的高质量发展产生明显的负向溢出效应。机制检验发现，上述关系能够通过要素流动、财政能力、环境治理、基础设施建设、产业协调、公共服务得以实现。进一步研究发现，城市宏观级差地租的经济后果与所在城市群发展程度密切关联，成熟型城市群内部地租集聚的负面经济后果较为明显，而稳定型城市群、发育型城市群内部地租集聚的负面效果则不明显。
2022,人口红利：认识中国经济增长的有益框架,蔡昉,,经济研究,0,"<正>一、引言在1978年以来的40余年中，中国创造了史无前例的发展奇迹，即实现了在最长的时间里、在日益增大的经济总量基础上，使最大规模人口参与和共享成果的高速增长。中国经济发展显现出的这种特征，无疑与中国庞大的人口规模有关。因此，一种着眼于阐述和检验人口与经济增长关系的理论和研究范式，必然宜于解释中国经济发展奇迹；同时，按照逻辑延伸，该理论和范式也应该有助于揭示中国经济增长面临的挑战。也正是由于中国人口规模庞大这个国情特征，人口与经济增长关系的各种理论一直对中国经验予以关注，中国学者也受到相应理论的影响。然而，对于这类理论脉络的了解，研究者和决策者很长时间以来都局限在相对狭小的文献范围。Bloom et al.(2002)将之分别概括为，认为人口增长抑制经济增长的悲观说、认为人口增长有利于经济增长的乐观说以及认为人口增长对经济增长没有显著影响的中性说。所谓“悲观说”，显然是以马尔萨斯为代表，是以工业革命之前的经验为依据得出的结论。从马尔萨斯理论渊源衍生出来的早期发展经济学，则把不发达状态视为一种“贫困恶性循环”，其特征是人口增长产生对资源和产出的稀释作用（Bass, 2009）。此外，学术界特别是经济学界，始终不乏尝试修正或者摒弃马尔萨斯及其追随者的理论的研究努力（Simon, 1997）。"
2022,经济增长与宏观杠杆率变动研究——一个“债务—资产价格”新机制,刘哲希;郭俊杰;陈伟泽,去杠杆;经济增长;资产价格;金融加速器,经济研究,0,"后全球金融危机时期，美国等发达经济体面临经济增速放缓与宏观杠杆率攀升的新局面，中国在经济增速换档过程中高杠杆问题也有所加剧。宏观杠杆率与经济增速呈现显著的负相关性。现有研究通常基于金融加速器机制对高杠杆问题展开分析，但该机制刻画的是宏观杠杆率与经济增速之间的正反馈关系，难以较好地解释新出现的反向变动问题。本文提出并论证了“债务—资产价格”新机制：一方面，经济增速持续下滑在一定条件下会催生资产价格的过度上涨，这将驱动信贷需求增长，推动宏观杠杆率上升；另一方面，信贷需求增长会通过抬高融资成本挤出实体经济投资，降低经济增速并驱动资产价格进一步上涨。上述两方面交互作用就会形成宏观杠杆率上升而经济增速放缓的局面。数值模拟结果表明，“债务—资产价格”机制可以解释2013年以来中国宏观杠杆率上升幅度的60%与经济产出下降幅度的45%,解释力显著强于金融加速器机制。要应对由“债务—资产价格”机制导致的高杠杆问题，从债务端控制信贷规模的效果欠佳，关键要从资产端遏制资产价格过度上涨。“债务—资产价格”机制是对金融加速器机制的补充与完善，为应对中国增速换挡下的高杠杆问题提供了新思路。"
2022,新发展格局下全球生产网络与劳动报酬份额变动,刘维林,劳动报酬份额;全球生产网络;双循环;价值链分工,经济研究,0,本文构建了一个包含生产网络的多部门一般均衡框架，将Solow的劳动报酬份额双因素分解模型扩展为产业内部分配、中间品替代、价值链协作和最终需求结构的四因素模型，进而延伸到多国情景考察了国内和国际生产网络与最终需求构成的多重循环路径对劳动报酬份额的影响机理，并利用跨区域投入产出和结构分解方法进行实证。研究发现，在全球层面，中间品替代效应总体上大于价值链分工带来的就业创造，导致了劳动报酬份额的持续下降。而中国的中间品替代与价值链协作的叠加效应在整个考察期内始终为正。纯国内价值链和国际价值链分工的深化均促进了劳动报酬份额的提升，且金融危机后国内价值链协作的贡献愈加突出，同时国内需求的快速增长缓解了外需下降的抑制作用，表明国内生产网络和需求结构所构成的国内大循环正推动中国形成独特的要素收入分配演化路径。
2022,第六届张培刚发展经济学青年学者奖评选公告,,,经济研究,0,"<正>为促进中国经济学学术进步,推动经济学学科建设,鼓励经济学青年人才的成长,提高中国经济研究水平,张培刚发展经济学研究基金会(以下简称基金会)特设立“张培刚发展经济学青年学者奖”。张培刚发展经济学青年学者奖每年评选一届,坚持公开、公平、公正的原则,重在发现和表彰在发展经济学及相关领域拥有创新性的学术研究成果并且具有较强科研潜力的中国青年经济学者。本奖项评选不收取任何费用。根据《张培刚发展经济学青年学者奖评奖条例》的规定,第六届张培刚发展经济学青年学者奖评选工作于2023年1月启动。"
2022,人民至上：党的十八大以来我国完善基本公共服务的历程、成就与经验,姜晓萍;吴宝家,基本公共服务;均等化;优质化,管理世界,0,基本公共服务是我们党践行“以人民为中心”的发展理念，保障改善民生的重要制度安排。党的十八大以来，我国基本公共服务政策经历了完善制度体系普惠民生，推进均等化实现公平可及，高质量发展促进优质共享的梯度演进进程。通过采取以专项规划引导基本公共服务水平梯度提高，以标准体系促进均等化，以资源支持保障可持续，以供给侧改革促进供需衔接，以协同统筹弥补短板弱项，以数字赋能实现精准有效，以监督评估构建激励约束机制等举措，我国在民生领域取得了举世瞩目的成就，使得人民获得感、幸福感、安全感更加充实、更有保障、更可持续。这些伟大成就揭示了中国共产党将制度优势转换为民生治理效能的基本经验，即坚持人民至上。通过改善民生践行为人民谋幸福的政党使命，以共同富裕为目标构建优质共享的民生保障制度体系，以需求导向思路探索基本公共服务供需衔接机制，以价值共创推进基本公共服务共同体建设。新发展阶段，要围绕实现共同富裕的关键目标，优化资源布局，深化体制改革，促进基本公共服务高质量发展和高效能供给。
2022,“互联网+政务服务”平台如何优化城市营商环境？——基于互动治理的视角,范合君;吴婷;何思锦,“互联网+政务服务”平台;互动治理;营商环境,管理世界,0,“互联网+政务服务”平台已经成为政府和市场主体互动的重要载体，正在并且还将继续深刻影响营商环境。本文把营商环境变量嵌入到“互联网+政务服务”平台之中，基于互动治理视角探究“互联网+政务服务”平台中的互动治理优化营商环境的内在机理，特别是厘清和揭示政府主体和市场主体的互动意向、互动工具和互动行动优化营商环境的逻辑，并通过手工整理2017～2020年我国241个地级市面板数据进行了实证检验。研究发现：（1）政府主体和市场主体利用“互联网+政务服务”平台通过互动意向、互动工具、互动行动实现有效地互动治理是优化营商环境的关键，而且互动治理三要素不仅独立影响营商环境，还存在链式递进影响机理。同时，互动治理要素间的互补性、平衡性特征也会对营商环境产生影响。（2）政府主体和市场主体的静态参与度、动态参与度，单向信息交流互动、双向信息交流互动，法人政务办理互动、自然人政务办理互动均对营商环境优化产生正向影响。但现阶段我国政府主体和市场主体运用平台时的低水平动态参与度抑制了信息交流互动对营商环境优化的效果。（3）“互联网+政务服务”平台互动治理优化营商环境中间存在着提升政务服务效能与降低交易成本两条中介路径。
2022,复杂系统管理是中国特色管理学体系的重要组成部分,杨晓光;高自友;盛昭瀚;黄丽华;曾大军;陈晓松;杨克巍;黄伟;丁荣余;郑新华;姚轶崭,,管理世界,0,2016年5月17日，习近平总书记主持召开哲学社会科学工作座谈会并发表重要讲话，提出着力构建中国特色哲学社会科学，在指导思想、学科体系、学术体系、话语体系等方面充分体现中国特色、中国风格、中国气派。2022年4月25日，习近平总书记在中国人民大学考察时强调，要加快构建中国特色哲学社会科学，归根结底是建构中国自主的知识体系。管理世界杂志社认真贯彻落实总书记重要讲话精神，心怀“国之大者”，重视发挥期刊引领作用，积极推动构建中国特色管理学体系。2021年5月15日组织举办“加快构建中国特色管理学体系”研讨会，与会专家发言要点发表在《管理世界》2021年第6期上。复杂系统管理是中国特色管理学体系的重要组成部分。2022年8月13-15日南京大学工程管理学院组织举办“复杂系统管理论坛”，管理世界杂志社提供学术支持。来自国内高校、科研机构的专家学者70余人参加论坛，11位知名专家从复杂系统管理学术发展的顶层设计、哲学思维、理论、方法论及实际应用等方面发表了自己的学术见解。现将专家发言要点刊登如下，以飨读者。
2022,不同来源金融文本信息含量的异质性分析——基于混合式文本情绪测度方法,范小云;王业东;王道平;郭文璇;胡煊翊,金融文本;文本分析;投资者情绪;大数据;机器学习,管理世界,0,情绪对宏观经济和金融市场具有重要的预测能力。本文评估了不同文本情绪分析方法的准确性，开发了一种新的中文金融文本情绪词典，并融合机器学习算法提出了一种混合式情绪测度方法。本文数据来源于2011～2019年中国32家知名报刊发布的175万条新闻和投资者在东方财富网股吧发表的近2500万条帖子。与仅基于词典法或机器学习的方法相比，混合式方法可以提高情绪测度的准确率。本文实证结果表明，新闻情绪对宏观经济指标预测效果较好，证券类和经济类新闻对股票市场也具有一定的预测能力。股吧情绪则能显著预测股票市场的收益率、交易量和波动性，但对宏观经济影响甚微。进一步分析表明，不同经济周期、交易日以及不同类型股票的文本情绪对股票收益率的预测效果也具有异质性。
2022,战略联盟、要素流动与企业全要素生产率提升,黄勃;李海彤;江萍;雷敬华,战略联盟;要素流动;全要素生产率;企业合作,管理世界,0,企业战略联盟合作对于促进要素流动和优化资源配置具有重要意义。本文从企业间要素流动的视角出发，基于中国上市公司发布的战略合作公告的文本数据，考察战略联盟对企业全要素生产率的影响。研究发现，参与企业间战略联盟合作显著提高了企业全要素生产率，并且股权式合作模式、双边契约形式以及预设的合作金额增大了战略联盟对生产率的提升作用。在作用机制上，参与战略联盟提高了企业的研发强度与创新产出，降低了企业的经营成本与交易费用，从而促进了全要素生产率的提升。进一步分析发现，战略联盟提升企业全要素生产率的作用与战略合作伙伴实力呈正相关，并且该作用在商业合作文化区域和非国有企业中更为明显。本文揭示了战略联盟合作助推企业提质增效的机制，为优化企业资源要素配置、提升企业生产效率和推动中国产业转型升级提供了启发与参考。
2022,融资平台债务与环境污染治理,毛捷;郭玉清;曹婧;徐军伟,协同治理;融资平台债务;企业排污;土地引资竞争;绿色城投债,管理世界,0,完善地方治理体系、统筹风险防控和生态安全是推动经济高质量发展的重要着力点。本文将企业排污数据与地级市融资平台债务数据进行匹配，实证检验地方政府借助融资平台举债对辖区内企业排污的影响及其传导途径。研究发现：一方面，融资平台债务（主要是非绿色债务）通过土地引资竞争导致企业污染排放增加，尤其当环境规制约束较弱或经济发展压力较大时，融资平台债务容易引发低质量的土地引资竞争，对企业排污的刺激效应更明显；另一方面，融资平台发行的绿色城投债能抑制企业排污，有助于发挥债务风险和环境污染统筹治理的协同效应。本文研究结论为地方政府隐性债务风险和环境污染的协同治理、切实推动地方政府提升治理能力和治理绩效提供了参考。
2022,商业银行数字化转型与劳动力需求：创造还是破坏？,余明桂;马林;王空,商业银行;劳动雇佣;数字化转型,管理世界,0,本文研究银行数字化转型对银行劳动力需求的影响。从总量上看，数字化转型对银行劳动力需求具有破坏效应，数字化转型指数每增加一单位标准差，劳动雇佣减少0.792%。从结构上看，数字化转型降低了银行对本科及以下员工的需求，但扩大了对硕士及以上员工的需求。这表明数字化转型推动了银行人力资本升级。此外，有弱的证据表明，数字化转型减少银行对业务人员的需求，而增加了对技术人员的需求。机制检验发现，银行在数字化转型过程中通过缩减分支机构与银行物理网点降低了劳动力需求。最后，银行数字化转型的就业破坏效应主要是由组织调整维度的数字化转型引起的。本文不仅拓展了银行应用新技术的经济后果的文献，而且丰富了技术进步对劳动力市场冲击的研究。
2022,党的十八大以来我国财税改革的重大成就、理论经验与未来展望,马海涛;姚东旻;孟晓雨,党的十八大;财税改革;预算制度;税收制度;政府间财政关系;财政监管,管理世界,0,党的十八大以来，财政作为国家治理的基础和重要支柱，在全局性改革中发挥重要作用。从实践层面看，包括预算制度、税收制度、财政体制、财政监管在内的关键领域改革持续推进，财税调控机制与政策工具不断创新，财政职能定位更加系统深化。从理论层面看，党的十八大以来的财税改革历程提供许多理论经验，财政工作必须坚持党的全面领导，践行“以人民为中心”的执政理念，财政要统筹协调安全与发展两件大事，要厘清当前民生经济与未来可持续发展、政府与市场、中央与地方财政三组重要关系。本文在对党的十八大以来财税改革的定位与作用、重大成就与理论经验进行全面总结的基础上，结合高质量发展要求与现代财税体制特征，以不断满足社会共同需要为核心构建深化财税改革的理论分析框架，并结合当前实践和理论研究的不足对未来深化财税改革的研究进行展望。
2022,工业智能化的就业效应研究——基于劳动者技能和性别的空间计量分析,汪前元;魏守道;金山;陈辉,工业智能化;就业;替代效应;创造效应,管理世界,0,工业智能化是中国制造业由大到强的必经之路，但工业智能化在推动中国传统制造业转型升级的同时，也会对劳动力市场的就业总量和就业结构造成重大影响。在分析中国工业智能化影响不同技能劳动者就业的理论机制基础上，本文首先对不同技能劳动者的就业量进行测度，并分析其空间特征；其次通过构建时间与空间双固定的空间杜宾模型，从不同技能和不同性别两个维度实证检验工业智能化对劳动者就业的影响；最后在考虑到中国东、中、西部地区经济发展和技术进步存在显著差异的基础上，检验工业智能化对东、中、西部地区不同技能、不同性别劳动者就业效应的影响。研究发现，工业智能化对不同技能和不同性别劳动者就业量的直接效应、间接效应和总效应均呈现出明显的地区差异。本文指出中国应高度关注和重视工业智能化对中、低技能劳动者造成的就业替代效应；应结合工业智能化对劳动力技能的新要求，深化高等学校人才培养和科研体制改革，放大工业智能化的就业创造效应；各级政府应重视工业智能化发展与劳动者幸福生活之间的关系，提高就业公共服务水平；同时，提升工业智能化水平，加强智能化与制造业的深度融合。
2022,数字创新的组织基础与中国异质性,曲永义,数字创新;国家异质性;企业组织;产业组织;创新体系,管理世界,0,既有研究所关注的与数字创新相匹配的组织独特性，实际上是相对于传统非数字技术创新的组织独特性，而真正决定一国数字技术核心能力的国家间组织差异性，是当前数字创新领域研究的缺口。本文从整合企业组织、产业组织和创新体系构成的综合视角，在分析数字创新相对于非数字创新组织特征的基础上，进一步提炼了中国数字创新的组织独特性：在企业组织方面，在中短期导向、盈利目标明确的数字创新领域中，中国企业通过高强度内部竞合制度设计形成了独特的强激励优势；在产业组织方面，多平台企业和丰富应用场景可以强化数字创新的范围经济和多路径探索；在创新体系方面，特定数字经济领域的行政干预可以相对高效地实现跨创新主体的预期引导和行为协调。
2022,国有股东与战略投资者如何“混”与“合”？——基于中国联通与云南白药的双案例研究,张斌;武常岐;谢佩洪,混合所有制;国有股东;战略投资者;权力配置;治理建构;资源整合,管理世界,0,引进战略投资者是新时期混合所有制改革的一种重要方式。然而，混合所有制的相关理论发展滞后于实践探索，对于国有股东与战略投资者如何混合，才能实现价值共创的问题仍缺乏系统性阐释。基于对中国联通和云南白药混改实践的深度探索，本文将国有股东与战略投资者的混合分解为权力维度的“混”，以及资源与治理维度的“合”。通过在数据、文献与理论之间的反复对接和迭代分析，本文尝试构建了国有股东与战略投资者“混”与“合”的理论模型。研究发现，国有股东与战略投资者的混合过程涌现出了两种模式：一是国民共享，即国有主导的权力平衡与“治理优化+资源协同”的战略组合相匹配；二是国民共治，即民营主导的权力平衡与“治理重构+资源重配”的战略组合相匹配。本文为理解国有股东与战略投资者的混合过程提供了系统性理论框架，治理建构差异的发现有助于丰富代理理论，资源整合不同的提出有助于拓展资源基础理论，同时也挑战了混合所有制实践强调“改”而忽视“合”的传统认知。
2022,共建“一带一路”取得的重大成就与经验,吕越;马明会;李杨,“一带一路”倡议;成就;经验;政策建议,管理世界,0,党的十八大以来，面对复杂多变的国际国内形势，以习近平同志为核心的党中央统筹中华民族伟大复兴战略全局和世界百年未有之大变局，高瞻远瞩地提出推动共建“一带一路”的重大合作倡议，取得了斐然的成绩：政策沟通意愿不断增强，共建“一带一路”国家和组织日渐增多；设施联通稳步推进，中欧班列畅通运行；贸易投资不断增长，经贸合作日益深入；资金融通规模不断扩大，国际金融合作愈加密切；民心相通显著增强，友好合作不断深化。在此过程中，共建“一带一路”倡议始终坚持党中央的全面领导，探索统筹推进；部委政策配套、地方规划跟进、国际组织对接，积极配合“四位一体”模式；坚持构建人类命运共同体，发挥“共商共建共享”的积极作用引领国际合作新范式；强化“第三方市场合作”，鼓励共建“一带一路”国家融入中国产业链分工体系；推动中欧班列由贸易合作向产业合作转变，形成畅通亚欧区域价值链的大通道；坚持以市场化原则为导向，协同“五通”为中国企业走出去提供发展框架与支撑平台。当前，共建“一带一路”仍存在一定的困难与挑战，未来需要精绘共建蓝图，推动“一带一路”倡议高质量发展；凝聚共建共识，动员一切可以动员的力量共同参与；夯实共建平台，提升对共建“一带一路”的支撑作用；打造共建标杆，高标准推动共建“一带一路”高质量发展；筑牢风险屏障，全面提高境外安全保障和应对风险能力。
2022,生育政策、生育意愿与初育年龄,王维国;付裕;刘丰,生育政策;初育年龄;多孩生育意愿;生命周期模型,经济研究,0,在当前低生育率与老龄化叠加的人口新形势下，提高育龄女性多孩生育意愿对于改善人口结构性矛盾，充分释放生育政策效果至关重要。就多数中国家庭而言，生育一孩是基本需求，而多孩生育意愿则会基于一孩生育经历进行决策。初育年龄作为一孩生育终点和多孩生育起点，势必会对多孩生育意愿产生影响。为此，本文构建含有生育政策(数量和时机)和初育年龄的离散生命周期模型，深入分析初育年龄与多孩生育意愿之间的关系，同时探讨生育政策调整、生育机会成本和养老偏好对关系变化的影响。通过理论分析和实证验证发现，意愿生育水平与初育年龄间呈先降后增的U型关系。放松生育数量限制的边际效应递减，并且女性受宽松政策影响的育龄期长度增加有助于提高多孩生育意愿。此外，初育年龄对生育意愿的影响在低生育机会成本和偏好社会养老的女性中更为突出。高生育机会成本以及偏好社会养老保障会对多孩生育意愿产生“挤出”效应。故本文认为应针对不同初育年龄女性提供系统化、差异化的生育配套政策，以期通过提高各类女性多孩生育意愿来缓解内生性低生育率压力。本文结论为建立生育支持体系，实施积极应对人口老龄化国家战略提供参考。
2022,地方政府纾困政策的效应研究：来自上市公司的证据,毛捷;管星华,“保市场主体”;地方政府;上市公司;助企纾困;股权质押风险,经济研究,0,上市公司是市场主体的重要构成，其平稳发展是维系市场主体安全的重头戏，也是“保市场主体”的内在要求。本文使用2014—2019年上市公司季度数据，构建强度双重差分模型实证分析了地方政府实施的一项重要助企纾困政策对上市公司市场价值的影响。该项政策是多个省份开展的旨在缓解上市公司股权质押风险的纾困计划，借助建立纾困基金等市场化方式得以实现。研究发现：上述纾困计划显著提升了上市公司的市场价值，变换核心变量或计量方法、改用年度数据等不影响结论稳健性；对于东部地区、市场化程度较高地区、纾困基金社会资本占比较高地区的上市公司以及盈利能力较强、行业竞争度较低、融资约束较强的上市公司，纾困计划的市场价值提升作用更明显，反映了纾困计划“救急”的原则以及纾困计划需要依托市场环境发挥作用。影响机制分析发现，纾困计划通过弱化控股股东利益侵占和提高投资效率发挥市场价值提升效应，实施纾困计划后上市公司控股股东的资金净占用和关联交易受到抑制，上市公司的非效率投资下降。本文研究结论表明，相关省份实施的纾困计划是地方政府履行财政的市场稳定职能的一次有益实践，为深刻理解有为政府与有效市场的内在联系，助力地方政府科学推进助企纾困政策、高质高效落实“保市场主体”提供了参考。
2022,社保征收体制改革、社保费率调整与社保基金收入:一个综合的理论框架,徐舒;王茹;王慧,社保基金收入;社保政策协同;减税降费,经济研究,0,在当前经济下行压力增大与老龄化加速的背景下，中国面临降低企业社保缴费负担与改善社保基金收支平衡这两个相互矛盾的政策诉求。本文的研究表明社保制度改革中的政策协同可以有效破解上述矛盾。文章通过建立理论模型，有效区别了社保法定缴费率变动、社保缴费基数下限调整、社保征管强度提升三种政策手段对社保基金收入的差异化影响。该理论框架将企业行为对一系列社保政策改革的反应弹性，组合成推断不同政策手段对社保基金收入影响的充分统计量。实证估计显示：虽然法定缴费率的降低使社保基金收入减少，但缴费基数下限的下调却能在给企业减负的同时带来社保基金收入的增加。同时，征管强度提升可以有效夯实社保费基。根据模型推断，2011年实行的《社会保险法》与2019年实施的《降低社会保险费率综合方案》的协同作用，在降低企业社保缴费负担的同时，带来了社保基金收入的增长及社会福利的改善。研究证明了社保制度改革应当坚持“降费率、严征管、实费基”的方向，同时通过政策协同来实现制度设计的优化。
2022,财政转移支付的资本化与福利分化效应,马光荣;孟源祎,转移支付;居住成本;资本化;福利分化,经济研究,0,转移支付不仅增加地区公共品，直接提升地区居民总体福利，还通过资本化效应对居民福利产生间接的分化影响，导致财政资金难以惠及欠发达地区的低收入人群，不利于缩小当地居民的收入与财产差距。本文构建理论模型论证了转移支付的资本化效应及其福利分化影响，并且得出转移支付资本化效应的高低受到地区住房供给弹性和人口流动性的影响。本文基于市级层面数据，检验得到转移支付对地区房价的提升效应。同时发现，地区住房供给弹性越小，人口流动性越大，转移支付的资本化效应越强，对居民福利的分化影响也就越大。本文的研究表明，为了更好地发挥转移支付制度促进共同富裕的作用，应该同步加大住房供给，增加保障性住房建设，减轻转移支付的资本化程度。同时，在区域导向的转移支付之外，完善以低收入人群为直接扶助对象的精准转移支付政策。
2022,地缘经济因素的贸易效应——来自“一带一路”沿线国家的证据,王孝松;周钰丁;肖尧,地缘经济;贸易发展;空间分布;经济联系,经济研究,0,基于经济地理学的指标构建方法，本文结合2000—2018年我国对外贸易数据，从空间分布与经济关联两个角度测算了地缘经济因素对我国出口贸易的影响。结果表明，第一，区域内各国经济正向集聚的邻近空间分布抑制了我国支柱性行业的出口增长，然而由于外部经贸环境的变化、我国自身出口结构优化以及贸易合作的广泛开展所带来的调节作用，上述效应呈现出从抑制转变为促进的趋势；第二，贸易伙伴多元化空间分布为我国出口增长带来了持续的动力，且“一带一路”倡议进一步扩大了这一地缘经济因素对双边贸易的促进程度；第三，我国与其他国家之间的地缘经济联系显著促进了出口贸易；第四，地缘经济互补关系带动了我国对中低规模贸易伙伴的出口增长。在“一带一路”倡议背景下，我国同沿线国家在贸易往来、资金流动方面的合作为各方的经贸发展提供了新机遇。未来我国将在此基础上加强同其他国家的地缘经济联系，提高经济合作质量，促进人类命运共同体的构建。
2022,数字化转型与线上线下动态竞争:消费者信息的视角,尹振东;龚雅娴;石明明,数字化转型;线上线下竞争;电子商务,经济研究,0,随着数字经济的深入发展，企业纷纷进行数字化转型，对经济和社会产生深远影响。本文基于消费者信息的视角，研究数字化转型对线上线下竞争均衡和消费者福利的影响，分析市场演变的动态过程。为此本文构建了线上线下企业的动态空间竞争模型，研究发现：随着线上线下企业先后拥有数字化能力，可以利用消费者购物信息进行差别定价，市场均衡结果将呈现非线性变化，竞争程度先增强后减弱，企业利润和行业利润先下降后上升，消费者福利先增加后减少；如果企业具备数字化能力还能向消费者提供精准服务或者降低企业成本，则将进一步强化企业间的价格竞争，数字化转型对市场均衡的动态影响基本保持不变。本文的发现既能解释当前线上线下竞争涌现的一些新现象，又能为数字经济时代政府保护消费者权益提供理论指导和政策建议。
2022,制造业发展战略提升企业创新的路径分析——来自十大重点领域的证据,郑世林;张果果,制造业;产业政策;企业研发强度;关键核心技术,经济研究,0,制造业是国民经济的基石，中国实施制造业发展战略试图通过创新驱动实现由制造大国向制造强国的转变。本文以制造强国规划十大重点领域为自然实验考察了制造业发展战略对企业研发强度和关键核心技术领域创新的影响。研究发现，制造业发展战略显著提升了企业研发强度和专利产出，并对相近产业链企业研发行为产生溢出效应。影响路径分析表明，制造业发展战略实施不仅加大了对重点领域企业的减税力度，还提高了重点领域企业的信贷融资和市场竞争程度。本文的拓展研究发现，制造业发展战略对关键核心技术领域企业创新影响并不显著，也难以提升有助于关键核心技术攻关的企业基础研究水平。本文研究对于中国实现制造业高水平科技自立自强和迈向制造强国具有一定政策含义。
2022,社会主义基本经济制度,何自力,,经济研究,0,<正>基本经济制度是经济制度体系中具有长期性和稳定性的部分，处于基础性、决定性地位。中国特色社会主义基本经济制度是科学社会主义基本原则在我国社会主义初级阶段的具体实现形式。党的十九届四中全会对改革开放以来我国在所有制关系改革、分配关系改革、交换关系改革等方面取得的成功经验进行了深刻总结，将公有制为主体、多种所有制经济共同发展，按劳分配为主体、多种分配方式并存，社会主义市场经济体制等作为社会主义基本经济制度。
2022,绿色优先战略下的增长路径探索与治理实践,中国经济增长前沿课题组;张鹏;张平;张自然;薛村;刘霞辉,绿色发展战略;总量模型;结构模型;治理实践,经济研究,0,按“碳达峰”和“碳中和”的3060计划目标，中国绿色转型就是在强调绿色优先、增长为根本的前提下探索出中国绿色优先战略下的最优增长路径。作为世界上最大的发展中国家，中国绿色转型除了绿色底色外更嵌含增长目标，如何在绿色发展战略下实现经济持续增长、降低绿色转型摩擦成本，对中国实现高质量发展和现代化具有重要影响。本文首先在DICE模型框架下使用中国最新数据对“双碳”约束下经济增长路径进行了模拟，结果显示2030年碳达峰前可以同时实现经济增长与清洁发展目标，而2030年后无法同步实现经济增长与清洁发展目标，说明绿色转型后半场付出的成本和代价较高，导致绿色发展阻滞和总量福利下降。然后，本文基于中国转型实践的经验事实，从结构化视角下使用两部门绿色增长框架进行了模拟，研究发现通过绿色产业发展进行“正资本”投资与碳减排的“负资本”投资进行对冲，形成一个正资本推动增长的新路径并逐步替代碳排放产业转型的叠加增长路径，才能平稳顺利实现绿色转型目标。文章最后对中国绿色发展和转型的治理实践进行了概括和总结，目前而言中国特色的数量激励政策是绿色转型发展的动力，但长期看价格激励仍然有效，探索建立市场化的碳排放定价机制任重道远。
2022,机会公平视角的共同富裕——来自低收入群体的实证研究,史新杰;李实;陈天之;方师乐,机会公平;CHIP 2018;共同富裕;机器学习,经济研究,0,"共同富裕是社会主义的本质要求，而机会不平等是实现全体人民共同富裕的主要障碍之一。本文利用CHIP 2018年的最新数据，通过引入机会不平等的分析框架并加以拓展，从学理上对机会的缺失如何影响低收入群体收入跃升进行系统分析。研究发现，个体是否陷入低收入陷阱很大程度上取决于个体出生即很难改变的机会因素。基于参数估计方法和机器学习方法，本文测算发现与个体低收入状态相关的机会不平等系数为0.310(参数估计结果)至0.336(机器学习结果),这意味着超过30%的低收入状态与机会因素差异有关。本文的渠道分析进一步解释了其中的传导机制，发现机会因素会通过影响个体教育和就业选择来影响低收入陷阱的发生。本文为如何从机会公平的视角认识共同富裕问题提供了重要依据。"
2022,第九届张培刚发展经济学优秀成果奖第五届张培刚发展经济学青年学者奖颁奖典礼暨“中国式现代化新道路与经济高质量可持续发展”论坛公告,,,经济研究,0,<正>第九届张培刚发展经济学优秀成果奖和第五届张培刚发展经济学青年学者奖结果现已产生。特公告如下：1.第九届张培刚发展经济学优秀成果奖获奖作品名单（按获奖作品第一作者姓氏拼音排序）：颁奖典礼将于2022年10月7日在华中科技大学隆重举行，同期还将举办“中国式现代化新道路与经济高质量可持续发展”论坛。中国式现代化是习近平新时代中国特色社会主义思想的主体内容，是中国共产党在持续探索中形成的关于中国经济发展的核心认知。习近平总书记在党的十九届五中全会第二次全体会议上的重要讲话中，
2022,社会主义市场经济的资本理论,简新华;余江,,经济研究,0,<正>资本理论是关于资本的内涵、外延、存在的条件和原因、性质、特征、运动规律或者行为规律、历史地位、作用及其发挥的途径等的理论。“马克思、恩格斯没有设想社会主义条件下可以搞市场经济，当然也就无法预见社会主义国家如何对待资本。列宁、斯大林虽然领导了苏联社会主义建设，但当时苏联实行的是高度集中的计划经济体制，基本上没有遇到大规模资本问题。搞社会主义市场经济是我们党的一个伟大创造。”①经典的马克思主义政治经济学中没有社会主义市场经济的资本理论。
2022,社会治理的演变规律与我国社会治理现代化,李建伟;王伟进,社会治理;演变规律;治理现代化;推进路径,管理世界,0,马克思主义政治经济学认为，思想上层建筑是政治上层建筑的理论基础，有效的社会治理必须与社会文化及其价值观相适应。生产力决定生产关系，实现有效治理，社会治理体制必须适应既定时期的生产方式和生产力发展水平，建立与治理机构行政能力和社会自治能力相匹配的权力分配与治理机制，平衡社会秩序与个人自由。在社会形态及其主要矛盾的动态发展变化中，只有国家意志与人民意志相统一，才能从根本上确保社会治理现代化变革中保持社会秩序相对稳定。在百年历史巨变中，中国共产党把马克思主义政治经济学与中国实际和中华优秀传统文化相结合、汇集吸纳现代治理思想，创造了经济快速发展与社会长期稳定的双重奇迹。中国共产党百年治理的成功经验，印证了实现有效社会治理的基本规律，创新发展了马克思主义政治经济学，创立了人类社会治理的文明新形态。新时代推进社会治理现代化，仍需持续推进治理理念、治理制度、治理机制、治理方式和治理能力现代化。
2022,不断为人类文明进步贡献智慧和力量——中国共产党坚持胸怀天下的发展理念和伟大实践,蒋菲,人类文明进步;中国共产党;坚持胸怀天下;发展理念;发展实践,管理世界,0,坚持胸怀天下是中国共产党百年奋斗的十大基本经验之一，是中国共产党积极应对人类发展的历史潮流和世界变化的时代格局，正确认识和处理中国革命、建设、改革与世界关系的基本遵循和重要理论成果。本文立足新发展阶段，从整体、统筹、动态、差别、价值、规则等不同视角，剖析中国共产党坚持胸怀天下发展理念的基本内涵，结合中国共产党始终坚持以世界眼光关注人类社会共同发展、坚持国内发展与世界发展相统一、坚持与时俱进不断创新发展理念、坚持践行并维护真正的多边主义、坚持推动人类命运共同体建设、坚持不断完善国际治理体系的伟大实践，研究在新时代如何利用坚持胸怀天下这一基本经验，为世界发展所面临的各种复杂问题寻找中国解决方案，为人类文明进步不断贡献中国智慧和力量，促进全球经济社会实现更好发展。
2022,教育减负、家庭教育投入与教育不平等,张川川;王玥琴,教育减负;在校时长;家庭教育投入;教育不平等,管理世界,0,在教育减负思潮的推动下，中小学生在校时长不断缩短，在课堂内外产生了广泛影响，也引发了针对家庭教育负担和教育公平的广泛争论。本文使用中国教育追踪调查数据考察了在校时长对家庭教育负担和教育不平等的影响，以期为平息政策争论和完善教育减负政策提供学术上的借鉴。本文的实证分析表明：（1）初中生在校时长与其课外学习投入之间存在统计上显著的替代关系，但经济显著性有限；（2）学生在校时长的减少导致父母在子女养育上的时间投入增加，对较低学历的父母影响更大，并且导致他们的就业率下降；（3）由于在家庭经济条件较好、非农户口的学生中，在校时长减少导致的学生课外学习投入和父母在子女养育上的时间投入增加的更多，在校时长的减少导致同一班级、年级内学生成绩的离散程度显著上升；（4）除了在校时长外，学生家庭背景、父母对子女教育的焦虑程度等诸多因素也与家庭教育投入息息相关。本文的研究表明通过缩短在校时长所实现的教育减负在减轻学生课外学习负担方面的作用较为有限，且加重了教育不平等，从减轻父母对子女教育的焦虑程度等其他角度入手可能更有助于降低家庭教育负担。
2022,举国体制下中国航天复杂系统管理实践与启示,唐伟;孙泽洲;刘思峰;谢乃明;温跃杰;陈悦,举国体制;中国航天;复杂系统管理;战略科学家;总体设计部;两条指挥线,管理世界,0,航天型号任务是科学、技术与工程的集大成体现，复杂系统管理在其实现过程中发挥重要作用。本文通过深入分析中国航天66年来的历史发展进程，从“宏观—中观—微观”的角度探究举国体制在重大工程中的内在逻辑和演化比较。对中国航天发展历程进行系统总结和提炼，研究系统概念并扩展提出基于系统论的复杂系统管理模型架构内核，并从“战略科学家—总体设计部—两条指挥线”三大维度构建航天复杂系统管理模型架构，阐释航天工程从系统设计、顶层决策过程管控到精益执行的若干历史经验，在新型举国体制背景下探讨航天重大工程持续成功的管理启示，以期为新发展阶段中国航天重大工程实践提供理论借鉴。
2022,监管科技化如何影响企业并购绩效？——基于证监会建立券商工作底稿科技管理系统的准自然实验,孙亮;刘春,监管科技;券商工作底稿科技管理系统;并购绩效,管理世界,0,运用数据挖掘、机器学习和人工智能等新技术提升监管效率和效力的监管科技化建设是对资本市场传统监管模式的突破性重构，是证监会全面深化资本市场改革的重点任务。本文以证监会建立券商工作底稿科技管理系统为准自然实验，以2016～2019年沪深A股公司作为购买方开展的重大资产重组交易为对象，采用双重差分模型考察了中国资本市场监管科技化建设的初步效果。研究发现：（1）证监会建立券商工作底稿科技管理系统之后，试点券商担任独立财务顾问的企业并购交易绩效显著提升，该结论在一系列稳健性检验后仍然成立。（2）这种提升作用主要通过提升事中监管能力、增强事后监管威慑和提高券商尽职程度等机制来实现。（3）监管科技化建设还有助于缓解选择性执法和部分地区法律环境薄弱等问题，并与券商自身数字化建设存在相互促进的关系。本文拓展和丰富了资本市场监管创新的相关研究，为资本市场监管科技化建设的进一步实施和完善提供了参考。
2022,数智赋能、法治化营商环境建设与商业信用融资——来自“智慧法院”视角的经验证据,潘越;谢玉湘;宁博;梁师赫,数智赋能;营商环境;智慧法院;商业信用,管理世界,0,智慧法院是新时代我国司法改革与数字技术深度融合进而优化法治化营商环境的关键举措。本文以2018～2020年A股上市企业为研究样本，利用最高人民法院发布的智慧法院建设评价指数，证实智慧法院显著提高了地区内企业的商业信用融资水平；并且发现，智慧法院有助于提高司法便利性和改善司法效率是两条潜在的影响机制。进一步地，对于民营企业、信贷获取能力较弱或诉讼风险较大的企业，以及行业竞争激烈或位于经济欠发达城市的企业而言，智慧法院的积极作用更为明显。最后还发现，智慧法院削弱了新冠疫情对企业商业信用融资和盈利能力的负面冲击，提高了我国微观经济发展的韧性。本文首次将数智赋能法治化营商环境建设的创新实践纳入经济学的研究范畴，为我国“十四五”时期持续优化市场营商环境以及加速形成数字驱动的经济发展模式提供了有益的经验参考。
2022,“一带一路”倡议与人民币国际化——来自人民币真实交易数据的经验证据,宋科;侯津柠;夏乐;朱斯迪,“一带一路”倡议;人民币国际化;货币职能,管理世界,0,本文采用人民币全球跨境交易数据，实证研究了“一带一路”倡议对于人民币国际化的影响。研究发现：第一，“一带一路”倡议可以显著提升沿线国家人民币跨境交易金额和笔数，推动人民币国际化。对于海上丝绸之路国家、邻近“一带一路”沿线国家和高资本账户开放国家，“一带一路”倡议对人民币国际化的推动作用更为明显。第二，分货币职能来看，“一带一路”倡议显著提升了人民币在国际市场上承担交易媒介和计价单位职能的作用，而对价值贮藏职能没有显著影响。第三，“一带一路”倡议主要通过政策沟通、设施联通、贸易沟通、资金融通和民心相通的“五通”渠道推动人民币国际化进程。本文为在新时期进一步深化“一带一路”合作以及稳慎推动人民币国际化提供了新的理论和经验证据。
2022,包容性制度能改善农村公共治理吗？——基于农业税改革与村庄农田水利投入关系的经验分析,梁志会;张露;张俊飚,包容性制度;农业税改革;农村公共治理;农田水利,管理世界,0,包容性制度变革已成为农村乃至整个国家发展制度的主流趋势与重要构件。本文采用双重差分法和农业农村部固定观察点1995～2017年村庄层面的非平衡面板数据，通过估计农业税改革对村庄农田水利投入的影响，考察包容性制度与农村公共治理之间的内在联系，并结合2014年中国劳动力动态调查数据对作用机制开展进一步的分析。结果表明：以农业税改革为代表的包容性制度变革未能有效激励村庄农田水利投资。这主要是因为农业税改革后，农田水利治理缺乏政府权威的组织与协调，导致包容制度的优势无法充分发挥。具体表现为，在农业税改革后推行的“一事一议”制度因缺乏政府权威参与，造成农田水利治理陷入集体行动困境；同时农业税改革后基层政府与农民之间的重复博弈关系不再，也引致基层政府在农田水利供给上出现卸责等相机决策。本文认为，要破解农村公共治理困境，不仅需要建立包容性制度来激活市场和民间组织，而且需要增强政府及其代理机构的组织与协调能力。
2022,资产负债表重构：基于数字经济时代企业行为的研究,张新民;金瑛,资产负债表;企业行为;数字经济时代;价值创造;关键生产要素,管理世界,0,数字经济时代企业行为的重塑对资产负债表研究提出了新挑战，其根本原因在于企业价值创造的关键生产要素和底层驱动逻辑发生了变革。本文以技术—经济范式理论和经济租金理论为基础，从企业行为角度追溯和解构资产负债表的起源与演进，根据数字经济时代的企业行为特征重构资产负债表，建立了基于企业行为变迁的资产负债表演进框架，提出了适用于数字经济背景的资产负债表研究理论。研究认为：首先，关键生产要素撬动了社会生产和企业行为的变迁，进而推动资产负债表的演进。这是资产负债表研究的出发点和应当回归的本源。其次，数字经济时代企业行为的新变化可以用“连接红利”的商业模式导向和“价值共创型”的企业战略表现来阐述，重构后的资产负债表关系为“资产=资本”，结构为“开放的复式结构+向两个市场的延伸”，功能分为服务于“资本保值、追求共享价值最大化的增值与分配”的基础功能和服务于企业“管理、治理、共创决策”的衍生功能，特征为“动态呈现的，解构/具体/灵活性的报表”。最后，基于企业行为研究资产负债表，通过回答“企业创造什么价值”（目的）、“企业怎么创造价值”（行为）和“企业创造价值的能力如何”（能力）3个层面的问题来辨识企业的商业模式、企业战略、管理效率和治理协调等，进而评估企业价值。本文创新和发展了资产负债表研究理论，为在数字经济时代利用资产负债表分析企业行为、揭示企业价值创造密码提供了理论支撑与实践工具。
2022,新中国保障产业链供应链安全的探索,李天健;赵学军,产业链供应链安全;新中国;工业化;中国共产党,管理世界,0,产业链供应链安全源自工业化的本质要求，对于经济安全、国家安全具有重要战略意义。根据时代需求和内外部环境变化，新中国在不同历史时期优化和稳定产业链供应链的路径也就有了各自鲜明的特征，并实现了“从零到一”，再到更高水平安全的数次飞跃。中国之所以能够在从一个落后的农业国到基本实现工业化、从半封闭到全面对外开放的过程中不断提升产业链供应链安全水平，就在于中国共产党始终坚持推进马克思主义中国化时代化，通过坚持公有制主体地位和国有经济主导作用确保国家意志在经济建设中得到充分贯彻，并依托建立社会主义市场经济体制和积极主动对外开放为我国产业链供应链安全水平的提升赋予动力，并使之具备世界意义。
2022,营商环境生态、全要素生产率与城市高质量发展的多元模式——基于复杂系统观的组态分析,杜运周;刘秋辰;陈凯薇;肖仁桥;李姗姗,营商环境;复杂系统;模糊集定性比较分析(fsQCA);必要条件分析(NCA);全要素生产率;高质量发展,管理世界,0,优化城市营商环境，促进全要素生产率是实现经济高质量发展的重要抓手。如何优化营商环境促进全要素生产率是有待回答的重要管理问题。鉴于营商环境是一种复杂生态，本文基于复杂系统观，结合QCA、NCA和DEA方法，从组态视角分析了我国城市营商环境生态与全要素生产率的复杂关系。研究发现：（1）单个营商环境要素并非是高全要素生产率的必要条件，但是优化市场环境和提升人力资源水平对城市高全要素生产率发挥着普适的作用。说明通过发挥市场机制和人力资本知识溢出效应，优化营商环境建立统一大市场，有助于促进城市高质量发展。（2）3类营商环境生态可以产生城市高全要素生产率，包括技术效率型市场驱动、渐进创新型市场驱动、政府轻推的突破创新型市场驱动，呈现出我国城市高质量发展的多元路径和复杂机制。特别是在法治环境等比较健全的营商环境下，政府与市场的共生关系表现为政府以“轻推之手”有效地激发市场主体活力，产生创新驱动的高质量发展。此外，本文发现了2类营商环境生态会导致非高全要素生产率，一是营商环境生态中各要素均表现不佳，二是在市场环境和市场活力不足的环境下，即使政府加大公共服务和支出，“重手”推动经济，也不能实现城市高质量发展。本文研究发现对中国城市优化营商环境，实现统一大市场下城市高质量发展的多元模式具有重要的理论与实践启示。
2022,流转“差序格局”撕裂与农地“非粮化”：基于中国29省调查的证据,仇童伟;罗必良,农地流转;非粮化;“差序格局”;农地租金;市场化,管理世界,0,农地流转是否会导致农地种植“非粮化”在学界存在普遍争议，但已有研究缺乏弥合“趋粮化”与“非粮化”争论的努力。本文通过农地流转“差序格局”概念区分了农地交易对象，并利用2015年中国家庭金融调查中的29省农户调查数据，实证分析了农地交易对象对农地种植类型的影响，以及农地租金在其中起到的作用。结果表明，与亲友和本村农户相比，将农地流转给外村农户或经济组织更可能造成“非粮化”生产。一个重要的原因在于，农地租金具有明显的“差序格局”特征。与此同时，农地租金表征了不同对象间流转交易的市场化程度，并对“非粮化”生产具有直接影响。一旦熟人间交易与非熟人间交易的农地租金出现趋同，则意味着农地流转“差序格局”及人格化流转维系的“趋粮化”种植格局将被打破。尤其考虑到仍有超过50%的流转农地是在同村熟人间进行的交易，农地流转“差序格局”的撕裂可能持续加大“非粮化”压力，相关政府部门应给予充分重视。
2022,交易成本、销售渠道选择与农产品电子商务发展,汪阳洁;黄浩通;强宏杰;黄季焜,电子商务;农产品交易成本;销售渠道;中间商;市场均衡,经济研究,0,信息通信技术高速发展不仅极大改变了大型零售商和制造商的经营模式，其影响也随着电子商务和移动支付的普及向广大农村的下沉市场持续渗透，但农村电子商务发展是否一定促进交易主体福利提升尚存争议。本文在微观市场均衡理论和最优生产分配理论的框架下构建一个农产品“线上+线下”双渠道两期均衡模型，探讨农村电子商务发展对农产品市场均衡的影响。模型显示：农村电子商务的出现有助于增强农民的议价能力、扩大农产品交易规模、提升农产品销售利润，但电商化规模进一步扩大能否带来上述均衡结果的持续改进取决于农产品本身的保鲜特性以及农民线上经营时面临的额外成本；额外成本和保鲜难度的提高可能制约农村电子商务规模扩大的正面影响。对农户实地调查数据的实证分析表明，农村电商规模扩大有助于增加农产品交易量和提升销售利润，但线上运营的高额外成本会显著削弱电子商务发展所带来的积极效应。本文研究表明，在推进农村电商发展过程中，一方面要着力降低农民线上经营的额外成本，培育更多农民参与电商并销售更多的农产品；另一方面也要避免“一刀切”地“去中间商化”。本文结论为进一步深化我国农村电商发展提供了决策参考。
2022,银行负债结构与企业信贷获取,周开国;邢子煜;杨海生,银行负债结构;企业融资困境;银企匹配结构;反事实分析,经济研究,0,在“负债驱动资产”的经营模式下，我国银行存款获取困境与企业信贷获取困境紧密捆绑。本文利用2010—2019年我国上市公司两万余笔银行授信数据以及相应银行、企业的财务数据，通过匹配博弈和基于机器学习的反事实分析，研究了银行负债结构对企业信贷获取的影响。结果发现：(1)从信贷供给视角看，具有高核心负债占比的银行提供更多信贷供给，企业信贷获取规模的变化主要由供给因素驱动。(2)从银企匹配结构视角看，具有“轻资产”特征的银行依赖型企业更容易与核心负债占比较高的银行形成信贷关系，这种银企匹配模式能够产生更高的匹配价值。(3)反事实分析的结果表明，提高银行核心负债占比将增加银行信贷供给、改善银企匹配结构，并缓和企业面临的特质性银行信贷冲击，着重改善中小银行负债结构具有更显著的效果。本文的研究结论能够较好地解释中国经济当前面临的“捆绑的融资困境”问题，相应提出的政策建议有助于更好地实现“金融服务实体经济”的根本任务，促进金融与实体经济协调发展。
2022,财政改革与地方政府支出激励,李永友;刘炯;王芳,被救助预期;监管弱化机制;共同池机制,经济研究,0,第二代财政分权理论提出一个重要问题，分权体制如何设计才能规避其塑造的激励结构引致下级政府扭曲的财政治理行为。本文以中国省以下财政体制改革的重要创新实践——省直管县财政改革为对象，基于1768个县级样本数据的实证研究，试图对这一问题做出回答。结论显示：省直管县财政改革不仅激励了县级政府支出扩张行为，而且通过增强县级政府被救助预期进一步软化了县级政府业已存在的软预算约束。省直管县财政改革之所以会软化县级政府预算约束，主要与改革的制度设计有关。作为一项具有分权性质的财政改革，除了极个别省(自治区)在改革制度设计上做到财力与事责相匹配，基本都是只关注省市县三级财政收入划分。这种制度安排会显著增强县级政府被救助预期，进而激励其更加软化的预算约束。相比较而言，财力与事责匹配的财政改革不仅不会出现县级政府预算约束软化效应，反而有硬化县级政府预算约束的作用。只关注收入划分的省直管县财政改革之所以会增强县级政府软预算约束，主要源于共同池机制、监管弱化机制及竞争压力机制。本文的实证发现不仅使新阶段财政改革深化可以汲取过去改革的重要经验，而且为当前中国地方政府性债务治理，优化财政资金直达机制提供了新思路。
2022,政府预算管理、征税行为与企业经营效率,吕冰洋;陈怡心;詹静楠,预算管理;税收征管;企业经营效率,经济研究,0,税收效率原则要求政府征税行为有利于资源配置和经济运行，中国财政预算管理以年度预算为主，它在保障每年政府支出计划实现的同时，也会由于围绕年度内各时期预算目标的预算执行，导致企业纳税波动并影响经营效率。研究发现：政府财政收入预算执行进度与企业纳税增长显著负相关，其结果是企业纳税在时序上的非平滑和在横向上的非中性；政府年内预算执行波动越剧烈，企业纳税越呈现非平滑现象，对企业的风险预期、经营活跃性和经营报酬率产生的不利影响越大。基于研究，本文提出落实税收法定原则，建立跨年度预算平衡机制，加强中期财政规划管理，同时重视支出预算配套的政策建议。
2022,增值税留抵退税政策的影响与分担机制,聂海峰;刘怡,增值税留抵退税;地方分担机制;税负输出,经济研究,0,增值税留抵退税制度不仅涉及政府和企业之间的关系，也深刻影响政府间收入分配的财政体制。本文构建理论模型，分析了留抵结转下期抵扣和留抵退税对企业投资和政府财政收入的影响。留抵退税降低了企业投资成本，有利于扩大投资规模。在增值税收入方面，留抵退税相比结转下期抵扣，不仅退还了对企业留抵占用资金的利息，也消除了结转下期抵扣时的重复征税。当前增值税留抵退税地方分担机制没有区分地区内交易和跨地区交易，由于留抵退税的未来收益由企业所在地享有，但是留抵退税的部分成本由其他地区分担，增值税留抵退税地方分担机制会导致区域税负输出。为完善留抵退税制度，建立长效分担机制，解决存量留抵问题，建议通过地方政府债券融资的方式提供留抵退税资金，对退税企业所在地政府提供利息补贴，能够更好解决增值税留抵退税引起的财政资金周转问题。
2022,RCEP的贸易和福利效应：基于全球价值链的考察,彭水军;吴腊梅,RCEP;全球价值链;增加值贸易;福利效应;结构模型,经济研究,0,本文通过区分中间品和最终品贸易成本扩展已有理论模型从而更好地匹配全球区域间投入产出数据，在此基础上应用结构模型量化评估了RCEP对成员国参与全球价值链及福利水平的影响。研究发现：(1)贸易创造效应将使RCEP区域内增加值出口大幅提升，并且成员国增加值贸易呈现向区域内转移的特征；成员国GVC贸易、GVC参与度以及垂直专业化程度都有所提升，并且我国典型制造业行业生产阶段数呈现由国内向区域内转移的产业转型升级特征。(2)RCEP将显著提升所有成员国的福利水平，其中东盟各国获得较大的福利改进，中国和日本的福利效应相对较小。相较于基准情形，不区分中间品和最终品关税将使成员国平均福利效应被明显低估。此外，福利分解结果表明全球价值链效应对成员国福利增长的贡献高于最终品效应，进一步区分福利变动来源地的分解发现，福利效应主要缘于区域内。本文还验证了更为紧密的全球价值链联系会放大RCEP的福利效应，并且主要由区域内价值链效应所驱动。(3)印度加入RCEP将使其由之前福利损失变为获得较大的福利提升，并会使得其他成员国福利得到不同程度的改进。本文研究结论有助于深化理解RCEP对全球价值链重塑和亚太区域经济一体化的影响，并为中国加快建设更高水平开放型经济新体制、促进国内国际双循环顺畅联通提供理论支撑和政策参考。
2022,双重电商平台出口的规模效应与中间品效应——兼论新发展格局下两个市场的利用,吕越;洪俊杰;陈泳昌;高恺琳,双重电商平台;新发展格局;两个市场;企业出口,经济研究,0,基于Melitz(2003)异质性贸易理论框架，本文构建了研究双重电商平台对企业出口影响的理论模型，并通过整合2002—2016年1688、阿里巴巴国际站以及中国海关数据库中高度细化的微观企业数据，从理论和实证两方面探究了加入双重电商平台(同时加入1688与阿里巴巴国际站)对企业出口的影响及其内在机制。主要结论是：第一，电商平台的出口效应存在显著的排序特征，表现为加入“双重电商平台>阿里巴巴国际站>1688”的顺序，即同时加入1688和阿里巴巴国际站对企业出口的促进作用最突出，仅加入阿里巴巴国际站次之，相比之下，仅加入1688的促进作用最小。这是现有文献中首次对双重电商平台优势问题的探索性研究。第二，机制分析表明，规模效应和中间品效应是企业参与电商平台影响出口的两大重要渠道。同时，加入双重电商平台的企业凭借对国内国际两个市场、两种资源的充分利用，所发挥的规模效应和中间品效应显著强于单独加入一个平台的效应。第三，异质性分析表明，位于中西部地区的企业与本土企业借助双重电商平台发挥的出口促进效应更突出。本文从以电商为代表的数字经济视角，为新发展格局下如何利用国内国际两个市场、两种资源提供有益的理论和实证支撑。
2022,环境治理垂直改革的效果、基层机制与影响因素,张琦;邹梦琪,环保垂直管理改革;企业绿色投资;环境治理;基层机制,经济研究,0,环保垂直管理与属地管理孰优孰劣，能否兼顾二者的优势，涉及到各级地方政府及环保部门间的权力配置与权责划分。本文以省以下环保垂直管理改革作为外生冲击，分析了环保权限部分上收及执法重心下沉所发挥的治理效应。研究发现：改革显著促进了地方污染企业的绿色投资，并改善了地区环境质量。在机制检验中，省级环保部门监管能力与基层环保部门独立性的同步增强，提升了地区环保执法力度，进而实现了治理效应。在影响改革成效的约束性因素分析中，地方政府具备较强环境治理动机、面临较低的税收依赖，以及企业的国有属性、面临更小融资约束均会提升地方政府及污染企业对改革的配合意愿，从而增强改革效果。本文从微观企业投入视角验证了环保垂直管理改革的基层治理效应，回应了垂直管理和属地管理利弊的理论之争，为省以下各级地方政府及环保部门在基层环境治理中如何分工协作提供了经验证据。
2022,小康社会,闫坤;于树一,,经济研究,0,<正>三千余年前，“小康”是一个微观个体的理想生活状态；四十余年前，中国共产党将其与具有宏观性的“社会”一词组合在一起，成为国家治理的总目标。在国家“分步走”的战略蓝图中，小康社会理论不断发展，实践不断深入。最终，以“小康”为标志的宏观国家治理目标和微观个体生活目标双双实现。2021年，在庆祝中国共产党成立100周年大会上，习近平总书记庄严宣告“我们实现了第一个百年奋斗目标，在中华大地上全面建成了小康社会”。
2022,城乡和区域协调发展,陆铭;李鹏飞,,经济研究,0,<正>中国是一个转型和发展中的大国。自新中国成立以来，以改革开放为标志，中国实现了从落后向现代化，从半封闭向开放，从农业社会向后工业化社会的快速转型和发展。这个过程伴随着人口、资本等生产要素在空间布局上的巨大变化，即从农村向城市，从内陆向沿海，以及从小城市向大城市的集聚。在此过程中，传统的体制观念对于市场驱动的转型和发展产生了巨大的制约，与此同时，在不同的历史阶段，政府又制定并实施了一系列的城乡和区域协调发展政策，
2022,中国式现代化的理论认识、经济前景与战略任务,中国式现代化研究课题组;高培勇;黄群慧,中国式现代化;基本内涵;理论价值;经济前景;重大风险;战略任务,经济研究,0,中国式现代化是中国共产党领导中国人民以实现中华民族伟大复兴为目标的社会主义现代化，既有国家社会经济发展状况和发达水平达到世界先进和前沿、世界各国现代化共同的量的规定，又有符合人口规模巨大国情、实现全体人民共同富裕、物质文明与精神文明相协调、人与自然和谐共生、走和平发展道路等中国自身特色的质的特性。中国式现代化的形成，最为关键的决定性要素是中国共产党的领导，呈现出保持国家的独立自主性，以及形成过程的并联性、叠加性和跨越性。中国式现代化以马克思主义理论为指导，以“人民中心论”“本国国情论”“文明协调论”“和平发展论”为内核对世界现代化理论作出了原创性贡献，宣告了“历史终结论”的破产，超越了西方经济发展理论，打破了发展中国家依附发展理论的教条，开创了发展中国家现代化的新路径和人类文明新形态。展望中国式现代化的经济前景，中国人均GDP将在2030年左右达到2万美元，在2040年左右达到3万美元，在2045年左右达到4万美元，到2050年左右达到5万美元，中国产业结构继续优化升级，需求结构进一步改善。未来中国现代化进程中要高度重视经济全球化受阻带来的创新乏力风险、重大突发性公共事件带来的经济衰退风险、重大国际政治军事冲突和经济危机带来的极端环境风险。在全面建设社会主义现代化新征程上，中国式现代化要立足新发展阶段，以习近平新时代中国特色社会主义思想为指导，完整、准确、全面贯彻新发展理念，坚持高质量发展推进“五位一体”总体布局的战略任务。
2022,经济增长与污染减排:一个统筹分析框架,涂正革;王昆;谌仁俊,内生方向性距离函数;绿色发展方向;工业;绿色发展潜能,经济研究,0,经济与环境双赢的绿色发展是新时代中国工业的必然选择，但不同地区、不同发展阶段应有不同的侧重点。本文采用内生方向性距离函数构建了在社会福利最大化下统筹经济增长与污染减排的分析框架，基于2003—2016年中国282个地级及以上城市工业经济环境数据，测度了各地区绿色发展的方向及潜能。研究发现：(1)从时间维度，中国工业呈现出“增长倾向→绿色倾向”的实质性转变，“绿色倾向”已逐渐成为工业发展的主流形态。(2)从区域维度，绿色发展方向的区域差异显著，东部应更注重污染减排，中西部应更注重经济增长。(3)从城市维度，基于绿色发展方向的变化特征，将城市归纳为绿色先行区、绿色倾向区、绿色转型区、中性发展区、增长倾向区五种形态。(4)统筹增长与减排所得到的绿色发展方向，相比于国家规划导向更能激发出“绿色潜能”。总之，工业发展必须走一条符合自身情况的因地制宜、因时制宜之路。
2022,坚持和加强党的领导推动生态文明建设取得历史性转折性全局性变化,张辉;徐越,习近平生态文明思想;生态文明建设;党的领导,管理世界,0,万山磅礴有主峰。党政军民学，东西南北中，党是领导一切的。坚持和加强党的全面领导是党和国家的根本所在、命脉所在，是全国各族人民的利益所在、幸福所在。生态文明建设是中国特色社会主义事业“五位一体”总体布局中的一位，建设美丽中国的“美丽”是中国特色社会主义现代化强国目标之一。党的十八大以来，以习近平同志为核心的党中央高度重视生态文明建设，不断总结和深化对生态文明建设规律的认识，形成了习近平生态文明思想，实现了党的生态文明理论创新和实践创新；强化了党对生态文明建设的领导，在思想上、政治上、组织上、法治上采取了一系列新的战略举措，取得一系列丰硕的成果。我国生态文明建设从认识到实践都发生了历史性、转折性、全局性变化，根本在于习近平生态文明思想的科学指引，在于以习近平同志为核心的党中央的掌舵领航。面对努力建设人与自然和谐共生的现代化的新形势，必须进一步加强党对生态文明建设的领导，进一步建立健全相关制度和规则，坚持以人民为中心，充分发挥人民群众的智慧和力量，使我们党对生态文明建设的领导更加坚强有力。
2022,A股投资者忽视扣非业绩信息的异象研究,崔宸瑜;何贵华;谢德仁,扣非后净利润;报表净利润;弃优用劣;市场异象,管理世界,0,我国证监会强制要求A股上市公司对外披露扣除非经常性损益后的净利润(以下简称“扣非后净利润”)，通过将之与报表净利润进行比较研究，本文发现扣非后净利润比报表净利润更能反映上市公司的盈利能力。然而后续的实证检验一致说明，投资者在使用财务指标时表现出显著的弃优用劣非理性倾向：关注报表净利润而不是质量更高的扣非后净利润。在盈余公告日，我们发现股票价格伴随报表净利润而不是扣非后净利润的变动而变动，投资者也主要根据报表净利润而非扣非后净利润交易股票。进一步的研究表明，投资者容易在报表净利润与扣非后净利润的相异程度较大时对上市公司的未来盈利能力产生错误预期，利用投资者弃优用劣的行为偏误设计交易策略，可以获得1%左右的月度超额收益。
2022,投资者—上市公司互动与资本市场资源配置效率——基于权益资本成本的经验证据,蔡贵龙;张亚楠;徐悦;卢锐,投资者—上市公司互动;信息成本;权益资本成本;资源配置效率;信息不对称,管理世界,0,在信息过载的互联网时代，投资者与上市公司信息互动有助于降低投资者信息整合成本。本文基于投资者—上市公司线上互动平台的数据，研究投资者—上市公司互动能否提升资本市场的资源配置效率。研究发现，投资者加强与公司的信息互动有助于降低公司权益资本成本；对于信息不对称较高、机构持股比例较低、散户投资者股票交易规模较大的公司，投资者—上市公司互动降低权益资本成本的作用更强；进一步地，上市公司回复比率更高、回复质量更高、回复更加及时、投资者更加关注会计信息和融资事项时，公司权益资本成本降低的效应更强；上述结论在采用固定效应模型、倾向得分匹配法、工具变量二阶段回归、以沪深两地推出投资者互动平台的时间差异构建双重差分模型进行检验之后依然稳健。本文研究表明，加强投资者与公司的信息互动有助于降低散户投资者的信息整合成本和信息不对称，进而降低公司权益资本成本，这对于提升资本市场资源配置效率具有积极的现实意义。
2022,分析师报告的逻辑性特征研究：问题、成因与经济后果,马黎珺;吴雅倩;伊志宏;刘嫣然,分析师报告逻辑性;负面信息隐藏;股价崩盘风险;文本分析,管理世界,0,“逻辑性”是分析师报告的重要信息质量特征，受到监管机构和投资者的高度重视，但与之相关的研究却十分有限。基于文本分析法，本文实证检验了分析师的估值结论和分析过程是否具有一致的逻辑。结果表明，逻辑不一致的分析师报告在我国资本市场上较为常见；分析师策略性地处置和隐藏被跟踪公司的负面信息是导致研究报告逻辑不一致性的主要原因。进一步研究发现，分析师之所以隐藏公司负面信息，是为了给存在佣金分仓关联的基金客户提供调整投资组合的窗口期，减轻股价下跌给基金客户造成的损失。此外，逻辑不一致性降低了投资者对报告中信息的反应程度，加剧了公司未来的股价崩盘风险。本文丰富了分析师报告信息含量方面的文献，揭示了分析师对公司负面信息的处置策略，为投资者评判研究报告质量以及监管机构完善监管政策提供了借鉴。
2022,数字经济时代的流量思维——基于供应链资金占用和金融获利的视角,彭俞超;王南萱;邓贵川;顾雷雷,数字经济;商业模式;供应链;金融化;商业信用,管理世界,0,在数字经济时代，流量思维指一种做大客户群体、占领市场份额并将这些客户资源变现的经营理念。近年来，在流量思维的影响下，我国企业广泛采用了一种基于供应链资金占用和金融获利的商业模式：一方面通过增加营销投入和降低价格在产品市场竞争中提高市场份额，据此获得供应链的优势地位，另一方面通过延迟支付货款占用供应链上的资金，并进行金融投资获利。本文的理论分析和一系列的实证检验均表明，从企业自身看，这一基于流量思维的模式能以微弱提升经营风险的代价，大幅提高企业的总盈利水平；然而，被占用资金的供应链上游企业虽实现了销售增长，却承受了更大的财务压力。本文的分析结论有助于我们理解数字经济时代的企业运作方式，也有助于从新的视角理解经济“脱实向虚”问题。
2022,是数字贸易规则，还是数字经济规则？——新一代贸易规则的中国取向,沈玉良;彭羽;高疆;陈历幸,数字技术;贸易规则;数字经济;数字治理,管理世界,0,全球国际贸易规则正在向以数字促进贸易的第三代贸易规则推进，并在不同区域贸易协定形成了RTA复杂网络结构。数据兼具非竞争性和排他性的特征决定了数字技术领先经济体企业具有通过数据加工创造贸易的能力和优势。美国推出以数字服务自由化为核心的数字贸易规则反映了其在数字技术领先带来的贸易利益，但不能代表绝大多数WTO成员方的贸易利益，也不符合中国在多边和区域贸易协定中的贸易利益。中国货物贸易的比较优势决定了商贸便利化规则依然是中国关注的重点，同时数字技术和数字平台的相对优势地位以及国内完备的供应链体系决定了数字经济规则是中国新一代贸易规则的基本导向。
2022,制度创新如何影响我国跨境电商出口？——来自综试区设立的经验证据,马述忠;郭继文,制度创新;跨境电商综试区;跨境电商出口;融资约束;贸易成本,管理世界,0,设立跨境电商综试区是我国构建开放型经济新体制的重大举措，政府通过在综试区内推出一系列制度创新，助力地区外贸创新发展。本文基于国内领先跨境电商物流企业2016年9月至2019年8月的运单数据，首次构造了城市—行业—月度层面描述我国跨境电商出口状况的面板数据集，并以第三批跨境电商综试区的设立为准实验，运用双重差分法(DID)，率先就综试区相关制度创新对地区跨境电商出口的影响进行了量化评估。实证结果表明：(1)在样本期内，综试区的设立使城市内各行业的跨境电商出口平均增长了大约21%，且在“无票免税”政策出台后，这一促进效应进一步提升；(2)上述出口促进作用在消费品、中间品、中低技术及低技术产品等行业样本中更加显著；(3)贸易分解显示，综试区的设立显著提升了地区行业出口的扩展边际和数量边际，对集约边际无明显影响，对价格边际有一定的负向影响；(4)进一步分析发现，综试区制度创新引致的出口增长与企业融资约束缓解、贸易成本降低密切相关。上述发现在考虑了样本自选择偏误、更换测量指标、排除其他政策干扰、置换检验、构造匹配样本等依然高度稳健。本文的研究结论为制度创新引致的出口红利提供了可靠的经验支撑，为进一步提高跨境电商相关改革决策的科学性、准确性提供重要参考。
2022,跨境铁路运输是否加快了中国向西开放？——基于城市—产品层面的经验证据,刘斌;李秋静;李川川,中欧班列;中亚班列;出口贸易;双重差分法,管理世界,0,中欧班列和中亚班列作为“一带一路”倡议的旗舰型项目，在新冠疫情期间实现逆势增长，发挥了国际运输新动脉的作用。本文采用双重差分法和合成控制法，利用中欧班列和中亚班列开通这一准自然实验，检验了跨境铁路运输是否加快了中国向西开放。研究发现：首先，跨境铁路运输显著促进了中国对欧洲、中亚等国的出口贸易，加快了中国向西开放的步伐。其次，机制分析表明，中欧班列和中亚班列通过降低市场准入门槛减少了固定贸易成本，通过降低综合运输成本减少了可变贸易成本。再次，拓展分析表明，从班列类型看，相对于中亚班列，中欧班列对价值链产品的出口促进作用更强；从出口二元边际看，中欧班列对扩展边际的促进作用更强，而中亚班列对集约边际的促进作用更强。总之，进一步发挥跨境铁路运输等基础设施的作用对中国“稳外贸”至关重要。
2022,流量博弈与流量数据的最优定价——基于电子商务平台的视角,王勇;刘乐易;迟熙;张玮艺,流量数据;平台企业;电子商务;数据定价;注意力经济,管理世界,0,本文考察平台经济中流量数据的配置问题。本文通过构建平台企业和商户之间的流量博弈，研究了流量数据的竞争性、转化性以及流量市场的竞争对流量数据最优定价的影响。研究发现，当平台企业可以垄断公域流量供给时，流量数据的最优定价随着销量转化率提升而提高。当商户可以从外部平台获取私域流量时，平台企业对公域流量的定价会随着私域流量的转化率提升而下降。当商户之间存在流量需求竞争时，平台企业对流量数据的定价则根据商户之间销量转化率的差异进行非线性调整。基于此，本文建议在推动流量数据市场建设时，注意其竞争性和派生性特征，促进平台企业之间互联互通，形成富有竞争性的市场结构，推动流量数据要素的有效配置。
2022,技术变化方向异性和全要素生产率——来自中国制造业信息化的证据,左晖;艾丹祥,技术变化方向异性;全要素生产率;制造业信息化;三要素双层嵌套型CES函数;数字化,管理世界,0,在全球经济存量竞争加剧和中国经济进入新发展阶段的双重背景下，提高全要素生产率对中国制造业高质量发展意义重大。本文将三要素双层嵌套型不变弹性生产函数和技术变化方向特征同时纳入新古典增长模型，核算均衡路径中的全要素生产率，重点研究以信息技术资本为中心的技术变化方向异性结构，及其对全要素生产率的影响机制，并采用2000～2016年中国制造业数据进行效果估计和交叉稳健性检验。结果表明：(1)技术变化方向异性和全要素生产率正相关，而中国制造业技术变化方向异性负向扩大，阻碍了全要素生产率增长；(2)技术变化方向异性负向扩大与要素增进型技术进步阶梯结构密切相关，信息技术资本的相对增进型技术进步处于不利于全要素生产率的陷阱区域；(3)制造业信息化中存在对劳动增进型技术进步的“倒逼”机制，诱导技术变化方向异性进一步负向扩大并阻碍全要素生产率增长；(4)技术变化方向异性和资本结构匹配性上升，促进制造业全要素生产率增长，但信息技术资本不合理深化减弱了该效应。本文研究结果为制造业信息化深入发展和竞争力提升提供了理论支撑与政策建议。
2022,用地价格管制与企业研发创新：来自群聚识别的证据,范子英;程可为;冯晨,工业用地;价格管制;研发创新;群聚,管理世界,0,“高地价”一直是制约企业研发创新的重要因素，本文基于改进的群聚方法，利用工业用地价格管制政策在土地市场产生的用地成本冲击，识别并测算了超额用地成本对制造业企业研发创新的挤出效应。研究发现：(1)管制政策产生了明显的群聚现象，即土地交易数量在管制价格的右侧集中，在管制价格的左侧塌陷，有12.53%的地块出现了价格上涨。(2)管制政策显著改变了企业的生产经营行为，企业的购地总价增加了116.81%，相应的企业研发投入减少了24.34%，这种挤出效应一直持续到购地事件发生后的第三年。(3)这种效应与企业的融资约束紧密相关，那些资金流动性更差、规模较小和更年轻的企业的研发投入的下降更加明显。本文的研究结论为建设“创新型国家”提供了直接的理论借鉴和政策设计的路径。
2022,革命老区振兴发展的政策创新与效果评估,龚斌磊;张启正;袁菱苒;刘晓光,革命老区;振兴发展规划;历史进程;成功经验;双重差分法,管理世界,0,促进革命老区振兴发展是实现两个一百年奋斗目标的重要组成部分。在党的二十大召开之际，系统回顾革命老区发展历程，总结十八大以来革命老区振兴发展的重要成就和成功经验具有重要意义。梳理发现，党的十八大以来，革命老区振兴发展政策总体上呈现出体系化、全面化、层次化的特征。在党的坚强领导和老区人民群众的不懈奋斗下，老区在经济社会发展和民生福祉等多方面取得了卓越成就。在重点革命老区实施振兴发展规划是党的十八大以来老区发展政策的创新举措，本文利用2000～2018年县、市级数据，运用双重差分法对老区振兴规划进行政策评估。研究发现，以5个重点革命老区国家级振兴规划为代表的支持政策，通过促进基础设施建设、工业与旅游业发展以及城镇化，有效推动当地经济加快增长，并通过促进三农事业、公共服务和生态保护等途径全面提高民生福祉。本文通过系统总结党的十八大以来革命老区振兴发展的实践创新和理论创新，丰富了中国特色区域发展规划的内涵，为下一阶段全面促进革命老区高质量发展提供了宝贵经验，也为全国更大范围内针对欠发达地区赶超发展的政策实践提供了参考。
2022,新时代推进民营经济高质量发展：问题、思路与举措,任晓猛;钱滔;潘士远;蒋海威,民营经济;高质量发展;新时代,管理世界,0,当前，民营经济受制于结构性、体制性、周期性问题，正在经历总量的阶段性震荡与趋势性收缩，结构的横向竞争加剧与纵向升级受阻，创新的质量下降与转型动能不足等三重压力；也在社会主要矛盾新变化、国际竞争新形势、数字经济新技术的影响下，面临发展方式、比较优势、转型动力重构的三重挑战与机遇。对此，本文提出新时代推进民营经济高质量发展的基本思路，强调推进方式由“立”向“破”、政策导向由“大”向“小”、工作机制由“管”向“统”的三大转变，明确了推动实现民营经济高质量发展的效率、质量、动力三大变革路径。最后，本文从阶段性、区域性、差异性3个维度，给出了新时代推进民营经济高质量发展的针对性、可落地举措建议。
2022,实现中等收入群体倍增的潜力、时间与路径研究,刘世锦;王子豪;姜淑佳;赵建翔,中等收入群体倍增;共同富裕;进城农民工;人力资本,管理世界,0,实现共同富裕，是改革开放的初衷，也是新发展阶段的重要目标。中国正在进入另一个部分人也要富起来，同时带动经济持续高质量发展的时期，也可以理解为实现共同富裕的第二阶段。在这个时间节点上，有必要提出一个中等收入群体倍增的目标。本文以分析我国不同收入群体分布结构和主要特征为基础，讨论了实现中等收入群体倍增目标的潜力、时间、路径和重点人群。考虑到经济增长、总体和不同收入群体收入增长、人口总量等关键变量，测算出到2030年我国中等收入群体比重上升至51%，规模达7.5亿人。按照大体相同的变动速度，到2035年以前，有可能使中等收入群体规模达到8亿～9亿人，实现倍增的目标。从现阶段我国城乡结构转型、收入增长的特征看，“进城农民工”是未来扩大中等收入群体需要着力关注的重点人群。下一步实施中等收入群体倍增战略，应以提升“进城农民工”人力资本为重点，采取多方面针对性、可操作性强的政策措施，扎实推进收入结构由当前“金字塔型”向“橄榄型”转变。
2022,地方政府隐性债务的区域间效应：银行网络关联视角,熊琛;周颖刚;金昊,地方政府隐性债务;银行间市场;区域风险;外溢效应,经济研究,0,中国地方政府隐性债务的空间分布不平衡，存在因局部债务风险跨区域外溢而引发系统性风险的可能。因此，厘清隐性债务风险跨区域传导渠道并量化风险外溢程度，对于防范化解系统性风险具有重要意义。本文从实证和理论两方面分析了地方政府隐性债务风险的外溢渠道和宏观影响。基于网络模型和SVAR模型的实证分析发现区域地方政府隐性债务风险存在外溢效应，且银行间市场是风险传导的重要渠道。基于实证证据，本文构建了一个包含中央和地方政府、地方政府融资平台以及银行间市场的两区域动态随机一般均衡模型。数值模拟显示高风险区域的地方政府隐性债务风险会影响当地银行资产负债表状况，并通过银行间市场中的资金拆借形成风险扩散，造成其他区域银行融资条件恶化，最终导致其他区域政府隐性债务风险上升。政策模拟发现补充银行间市场流动性和地方银行资本均有助于缓解区域债务风险的外溢程度，但从福利效应来看针对地方银行的政策更优，且政策应同时盯住不同区域的风险水平。本文强调了区域地方政府隐性债务的系统性风险并提供了银行网络关联的研究视角。
2022,金融空间分布与企业全球生产链嵌入,陈旭;邱斌;张群;张亮,金融空间分布;金融一体化;全球生产链地位;基础设施,经济研究,0,金融发展模式优化助力贸易高质量发展是中国现阶段的重要问题。本文运用多国多部门模型揭示金融空间分布分散化对制造部门全球生产链地位的影响，随后基于从业人数和贷款规模测算各地区的金融空间分散化指数，继而使用工具变量法考察金融空间分布对企业全球生产链地位的动态影响及其内在机制。研究发现：首先，金融空间分布分散化对企业全球生产链地位的影响呈现显著的先促进后削弱的倒U型特征，目前我国各省份的金融空间分布分散化程度尚未达到最优水平。其次，融资成本和技术水平是金融空间分布影响企业全球生产链地位的重要途径。再次，金融一体化能够提升企业全球生产链地位，且前者与金融空间分布分散化之间存在替代效应。最后，对于交通和通信基础设施较为完善的地区，金融空间分布的适当分散化能够更有效地提升企业全球生产链地位。本研究从贸易高质量发展视角为中国金融空间布局优化和金融供给侧结构性改革提供了重要启示。
2022,中国财政体制：探索与展望,刘尚希;赵福昌;孙维,,经济研究,0,<正>财政体制的基本要素包括能力、事权、财权、财力，在能力基础上形成体制要素的多种组合，即形成不同的财政体制类型。在不同国家的不同历史时期，财政体制是随着国家职能及其履行方式的变化而调整的。在法治比较健全的国家，财政体制相对稳定。在体制转轨国家，尤其像中国这样的新型市场大国，财政体制随着改革的深化而不断调整优化，至今仍未完全定型。财政是国家治理的基础，财政体制则是国家纵向治理结构的基础。国家治理体系和治理能力的现代化，离不开财政制度的现代化，
2022,中国省际贸易流量与贸易壁垒研究,李自若;杨汝岱;黄桂田,省际贸易流量估算;省际贸易壁垒;边界效应;贸易成本,经济研究,0,"以要素市场一体化为基础的低生产成本是我国过去40多年的核心竞争优势，而以产品市场一体化为基础的规模经济将成为我国未来20年的新竞争优势。本文从省际贸易规模和壁垒的角度研究构建统一国内大市场、发挥超大规模经济优势问题。本文估算了1992—2019年26个部门的省际贸易流量，结果显示：省际流出贸易规模从1.24万亿元上升到61.47万亿元；省际流出贸易占全国总流出贸易的比例呈现先上升后下降的趋势，从前期的16%上升到2012年的23%,再下降到2019年的16%;边界效应和省际贸易成本两个指标的计算也显示省际贸易壁垒呈现先下降后上升的变化模式，且不同省份之间差距较大。参考Tombe&Zhu(2019)的初步分析表明，如果省际贸易成本从现有的1.775下降到1.491,将使得2017年的省际贸易比例从19.5%上升到29.8%,增长53%。本文的研究对理解中国国内大市场建设提供了一些较为重要的基础性成果。"
2022,数据交易之悖论与突破：不完全契约视角,龚强;班铭媛;刘冲,数据要素;数据交易;数据安全;不完全契约,经济研究,0,数据是数字经济的基础性和战略性资源，数据交易是推进数据要素市场化配置的必要前提。本文依据数据的“场景专用性”特点，基于不完全契约理论，揭示了数据交易存在“数据安全”与“数据流通”之悖论的理论机制。数据交易的“可用不可见”是突破数据交易悖论的关键，隐私计算技术能够提供可行的解决方案。“可用不可见”不仅是数据交易技术的变革，更是交易模式的创新，即从传统的“数据所有权交易”转变为“数据使用权交易”。相比数据所有权交易，数据使用权交易能给予更充分的数据生产与采集激励，促进数据资源市场化交易，实现数据要素的高水平积累与价值释放。然而，建立“可用不可见”的数据交易环境需要一定技术投资，市场主体私人投资激励可能不足。为此，有必要适度超前布局数据交易基础设施，从国家和区域层面加强共建共享统筹规划，解决共性基础技术难题，降低市场主体的交易成本，从而更广泛、更充分地释放数据动能。本文指出，数据安全不仅不与数据流通相悖，反而是数据流通价值释放的关键，数据安全将成为数字经济实现高质量发展的先决条件和重要保障。
2022,经济新常态,张晓晶,,经济研究,0,<正>中国经济发展进入新常态，是党中央在新的时代条件下，对当前与未来一个时期经济走势的科学论断，这一方面是对之前提出的“三期叠加”判断的理论升华，另一方面，也为后续提出新发展理念以及由中高速增长转向高质量发展提供了核心语境。正因为如此，认识新常态、适应新常态、引领新常态成为当前和今后一个时期我国经济发展的大逻辑。习近平总书记在回顾十八大以来我们党就经济社会发展所提出的重大理论和理念中，经济新常态占有重要的位置。~ ①也因为如此，
2022,劳动力流动、技能匹配与地区经济差距,刘晨晖;陈长石,劳动力流动;技术溢出;集聚效应;技能匹配;地区经济差距,经济研究,0,本文构建了一个包含异质性劳动者与技术溢出的中心—外围模型，在生产率动态变化背景下考察了不同类型劳动力流动对地区经济差距的影响，并将其应用于解释南北经济差距扩大。研究发现：技能匹配度是劳动力流动所形成的地区经济差距是否稳定的关键因素；当不考虑高技能劳动者时，劳动力流动能够推动地区经济差距收敛，但考虑高技能劳动者集聚效应与技术溢出后，劳动力流动不再必然推动地区经济差距收敛；迁移成本在不同情形下对地区经济差距的影响是异质性的：当不考虑高技能劳动者时，迁移成本是区域均衡发展的阻力；而考虑高技能劳动者之后，集聚效应、技术溢出以及技能匹配均可能成为地区经济差距扩大的原因，迁移成本有时反而会起到缩小地区经济差距的作用。本文研究为劳动力流动、技能匹配以及地区经济差距相关问题提供了一个可靠的理论分析框架，只有充分考虑劳动力流动的技能结构，才能准确判断其对地区经济差距的影响，从而更好地发挥区域政策的作用。
2022,产业结构调整、要素收入分配与共同富裕,林淑君;郭凯明;龚六堂,产业结构转型;要素收入分配;收入差距;共同富裕,经济研究,0,为适应社会主要矛盾的变化，中国把促进全体人民共同富裕摆在了更加重要的位置，为效率和公平的关系确立了新的科学定位，而中国产业结构转型升级过程也将深刻改变这一关系。本文研究了产业结构调整对生产要素收入分配格局的影响，为中国优化产业结构与促进共同富裕、实现效率和公平的双重目标提供参考。本文发现“工业比重下降扩大了收入差距”的跨国特征事实，并为理解这一现象提供了理论机制和经验证据。本文论证了工业比重下降既是非技能密集型工业收缩、技能密集型服务业扩张的过程，也是劳动密集型工业收缩、资本密集型服务业扩张的过程，这一过程改变了生产要素需求结构，同时扩大了技能溢价和资本收入份额，由此恶化了要素收入分配格局，加深了结构性就业矛盾。本文认为中国加强前瞻性思考和全局性谋划，在全面建设社会主义现代化国家新征程中以更大力度优化和调整产业结构，实现产业结构升级和分配结构改善的良性互动，走出不同于发达国家去工业化的高质量发展道路。
2022,社会主义市场经济体制改革中的经济增长——一种政治经济学探索,付敏杰;张平,做对激励;做对价格;扭曲激励机制;增长政治经济学,经济研究,0,"从产品市场到要素市场的渐进式改革次序，造成了市场价格机制和政府激励机制的不同步性，让中国经济增长模式呈现从“做对激励”到“做对价格”的系统性转变。经济体制改革阶段在激励机制上取得的成功，很大程度上以价格改革不彻底(市场基础性作用)和要素扭曲错配为代价；全面深化改革阶段的要素价格改革深化(市场决定性作用),可能导致以要素扭曲为基础的政府激励增长功能失效。本文通过历史回顾提炼了中国市场化改革与经济增长过程中价格改革与激励机制的两阶段典型事实，区分了经济增长研究中市场扭曲与政府激励共存的纵向机制和增长模式转变的横向机制，构建了基于市场扭曲和政府激励的经济增长模型并进行扭曲激励机制分析，提出政府介入时市场扭曲影响产出变化方向的三种情形。采用多源数据的实证研究发现，中国经济增长中存在显著稳定的正向扭曲激励效应，意味着建立在要素扭曲之上的政府激励会增加产出，从而减少了扭曲本身带来的效率损失。这也使扭曲对产出的不利影响或者消除扭曲对产出的增加作用都被高估，因为消除扭曲必须面对激励机制损失。对扭曲-激励-增长机制的验证表明，扭曲对产出的不利影响和对TFP增速的正向推动会被基于扭曲的正激励效应矫正，扭曲激励交互可以产生额外的产出增加效应。本文理论含义是，单独估计要素扭曲的产出和福利成本，或者政府激励对增长的促进都是远远不够的，需要建立包含扭曲激励机制和扭曲矫正交互的经济增长政治经济学框架。激励机制改革的方向是，重建符合高水平市场经济体制和现代政府要求的现代激励方式，让政府激励在市场特定领域发挥作用，更加侧重政府激励对可持续发展转变、新产业成长跨期收益的推动作用。"
2022,中国劳动报酬份额变化的动态一般均衡分析,张军;张席斌;张丽娜,劳动报酬份额;动态一般均衡;量化分析,经济研究,0,为了更好地解释过去20年来中国劳动报酬份额呈现的U型变化模式，本文构建了一个开放经济下的动态一般均衡模型。通过将偏向型技术进步、资本动态及国际贸易等因素纳入模型，较好地模拟了2000—2017年间整体劳动报酬份额的U型变化特征，并捕捉和量化了生产率冲击、偏向型技术进步冲击、投资冲击、劳动力供给冲击及贸易成本冲击等多类冲击在解释劳动报酬份额变化中的相对重要性。研究发现：(1)偏向型技术进步冲击是解释中国劳动报酬份额U型变化的主要因素，中国整体劳动报酬份额的上升有70%以上可归因于2007年后中国可贸易部门与不可贸易部门的技术进步偏向类型的改变。(2)在结构因素中，90%以上的解释力来自部门内效应，而非部门间的结构变化。(3)在各种冲击因素中，来自中国自身的冲击是主要的，其他国家冲击的解释力度相对较弱。(4)数值模拟显示，改善投资效率、提高贸易自由化水平与提升全要素生产率均会进一步提高我国当前劳动报酬份额。本研究有助于增进对我国近年来劳动报酬份额变化模式的理解，同时也为当前改善国民收入分配格局以推动共同富裕提供了一定的启示。
2022,公共卫生事件冲击下的就业政策效应：二元劳动力市场搜寻匹配视角,张敏;胡慧;陈波,公共卫生事件冲击;二元劳动力市场;失业;MP模型;救助政策评估,经济研究,0,"本文在劳动搜寻匹配模型中引入具有中国特色的二元劳动力市场，以新冠疫情为例研究突发公共卫生事件对中国劳动力市场的影响，评估以“稳就业、保民生”为预期目标的三种财政救助政策的宏观效果。研究发现：当劳动生产率下降5.55个百分点(疫情冲击)时，在工资刚性的约束下，失业率上升2.51个百分点，约六成失业增量来自次要劳动力市场，整体消费下降3.53个百分点；冲击对失业的影响随着工资刚性的减弱而下降，但对消费的影响随着工资刚性的减弱而上升。不同财政救助政策的比较研究表明，相对于为失业劳动者提供失业补贴和为企业提供工资补贴而言，补贴企业岗位创建活动对于促进就业(尤其是次要劳动力市场就业),扩大消费有着显著的积极影响。本文研究结果为精准加力促进就业，通过提高劳动者收入增强其消费能力，坚持扩大内需的战略基点提供了理论支持。"
2022,中国A股市场的“大单异象”研究,许泳昊;徐鑫;朱菲菲,大单交易;资产定价异象;羊群行为;过度反应,管理世界,0,基于中国A股市场单笔交易不低于10万股的股票交易数据，本文发现一类全新的定价异象——“大单异象”，即股票在当月的大单净买量与其下个月的预期收益率之间存在明显的负相关关系，基于该异象构造的多空组合可实现年化20%的收益。此外，在市值规模较小、机构投资者持股比例更低、分析师关注较少以及卖空交易较不活跃的股票中，该异象更为显著。最后，本文基于某券商的微观账户数据和RESSET高频交易数据对大单异象存在的原因进行了解释。我们发现投资者的羊群行为与中小散户对大单交易的过度反应是导致大单异象存在的重要原因。本文的研究对于提升我国资本市场定价效率、改善金融市场投资环境和保护投资者权益均具有一定的启示意义。
2022,有限合伙协议构架与上市公司治理,郑志刚;李邈;金天;黄继承,有限合伙协议构架;控制权安排;专业化分工;企业研发;公司治理,管理世界,0,近年来，通常用于证券投资基金的有限合伙协议在中国资本市场被一些上市公司作为搭建公司治理的基础构架。利用2014～2019年在A股上市的公司样本，本文实证考察了有限合伙协议构架（LP构架）如何实现基本的公司治理目的。本文的研究表明，LP构架形成了股东权利实施在普通合伙人和有限合伙人二者之间的专业化分工。创业企业家通过LP构架增强了对上市公司的控制力和影响力。LP构架虽然在长期具有负外部性，但在上市后的短期内却减少了实际控制人“掏空”上市公司的行为。LP构架帮助上市公司的管理团队和核心技术人员分担风险，共享收益，不仅提高了核心团队的稳定性，也鼓励了企业家承担更多风险，最终激励企业进行更多长期研发投入。LP构架因而成为分散股权时代和互联网浪潮下，具有创新导向的公司治理构架。
2022,两保合一对医疗费用的影响：基于单一支付者制度的视角,赖毅;李玲;陈秋霖,医保整合;单一支付者制度;市场势力;供方费用控制,管理世界,0,本文利用2009～2015年全国公立医院财务报表数据，通过新农合与城居保合并发生的时间先后，来识别保险合并对医疗费用的影响。两保合一时，新农合与城居保的基金池合并，医保经办机构统一并成为地级市层面的单一管理者。本文发现两保合一使医保买方市场势力增强，赫芬达尔指数上升，进而医院收入下降3.6%，次均医疗费用下降2.9%，总诊疗量无显著变化，医院收入下降主要是次均药品费用下降带来的。若改革前地级市的赫芬达尔指数越小，则其买方市场势力增幅越大，控费效应越明显。而且对于市场份额更大的医院，两保合一的控费效应更小，这代表医保与医院的相对市场势力共同影响医疗费用。但本文也发现控费效果是短期的，而且病人自付费用占比提高，说明医院诱导了自费费用。
2022,社会监督与企业社保缴费——来自社会保险监督试点的证据,赵仁杰;唐珏;张家凯;冯晨,社会监督;实际缴费率;社会保险参保率,管理世界,0,职工社会保险长期存在企业缴费遵从度不高且企业间缴费差异较大的问题，这不仅限制了进一步下调法定缴费率的空间，也影响基金收入安全并造成制度运行的不公平。本文基于全国税收调查数据和社会保险基金社会监督试点政策，研究发现：社会监督能有效提升企业社保实际缴费率和参保率，且中央试点的政策效应要大于地方试点。异质性分析表明社会监督主要提高了由税务部门征收以及民营、小型微型企业的社保缴费合规性，对非民营企业和大中型企业的影响较小。进一步研究发现社会监督能够改善政府对企业社保缴费信息的获取能力和约束地方弹性征管行为，提高参保企业实际缴费基数和促进未参保企业参保。本文研究表明，即使在税务部门全责征收社保的情况下，构建有效的外部监督机制仍有助于规范企业社保缴费行为。这为提升社保基金收入安全和进一步下调法定缴费率提供了政策空间，也为从社会监督体系建设角度提高政府治理能力提供了政策启示。
2022,数字经济的内生特性与产业组织,张文魁,数字经济;产业组织;反垄断;数据,管理世界,0,作为新通用技术的数字技术，给数字经济赋予了如下方面的内生特性：信息产品的非争夺性，信息的边际成本趋零，数字市场在线不在场，大数据成为关键投入品。在这些内生特性的主导下，数字经济产业组织的焦点不再是市场结构，而是自我优待、拒绝交易、差别化定价与激进补贴、杀手型并购等策略性新式行为。不过，这些新式行为的要害在于，它们在很大程度上由数据与算法所驱动、所引领。如果对数据和算法缺乏科学和有力规制，就会刺激对数据的滥采滥用、对算法的不当和过度使用，从而形成数字经济时代的新公害。因此，数字经济产业组织政策应该把重点放在防止新公害方面。从长远而言，需要建立一个可嵌入未来并基于场景的数权体系和算责制度，这与工业经济时代所建立的产权体系具有同样的基础性意义。此外，产业组织政策还应防止对数字创新造成不必要的妨害，并防止对市场化风险资本的正面作用形成不当抑制。
2022,数据要素参与价值创造的途径——基于广义价值论的一般均衡分析,蔡继明;刘媛;高宏;陈臣,数据要素;广义价值论;绝对生产力;综合生产力;比较生产力,管理世界,0,数据要素具有虚拟性、非竞争性、非排他性（或部分排他性）、规模报酬递增、正外部性等特征，是经济增长和价值创造的重要源泉。本文基于广义价值论，建立了纳入数据要素的一般均衡分析框架。本文认为，数据要素可以通过数据的初始存量、前期收集处理数据所投入的劳动以及当期在收集处理数据所投入的劳动等3种途径提高绝对生产力，进而通过综合生产力和比较生产力的提升引起价值量的增加。由此表明数据自身、前期物化在数据收集处理中的劳动以及当期用于数据收集处理的活劳动均参与价值创造。同时，数据要素的正外部性特征还能够推动综合生产力提升，并进一步增强消费—生产者的比较优势。
2022,党的十八大以来我国文化产业发展的成就、经验与展望,顾江,文化产业;发展历程;成就经验,管理世界,0,党的十八大以来，我国文化产业发展迅猛，经历了巩固改革成果阶段、探索转型阶段、协同发展阶段及高质量发展阶段，成就斐然：文化产业规模持续增长，产业结构不断高级化，市场主体愈发活跃；对外文化贸易异军突起，有力推动中华文化“走出去”战略实施；实施乡村文化振兴，释放居民文化消费潜力、满足居民美好生活需求。在此过程中，我国文化产业始终坚持双效统一原则，在政策引领、试点先行的创新发展理念引导下，坚持融合化、集约化、协同化的发展路径，以推进产业转型升级、释放市场活力为抓手，以平台建设强化服务保障，初步建成中国特色现代文化产业发展体系和市场体系。面对未来，文化产业发展面临着诸多机遇与挑战，本文提出从建立健全数字文化产业生态体系，推进园区向产城融合发展、探索建立文化产业虚拟集群，完善文化金融服务体系，充分释放居民文化消费潜力，以技术赋能文化产品品质提升、营造健康有序的内容创作环境，加强文化产业人才供给体系建设、实现人才供给与需求有效对接，完善文化市场监管机制、优化文化企业竞争环境，加快区域文化市场一体化建设、形成全国统一文化大市场等方面不断促进文化产业竞争力提升和高质量发展。
2022,企业并购如何影响绩效：基于中国工业企业并购视角,蒋冠宏,并购;绩效;技术效率能力;市场需求管理能力,管理世界,0,本文基于BVD并购数据与中国工业企业数据，探讨中国内资企业之间的所有权转移对绩效的影响。研究发现：在并购之前并购企业具有较高的生产率、研发创新能力、利润率和较低存货率，说明并购企业具有较强的技术效率能力和市场需求管理能力；企业被并购后显著提升生产率和利润率，降低存货率，但研发创新能力没有显著提升；当并购双方行业非相关时没有明显改善被并购企业绩效；非控股并购的“协同效应”不明显，只有资产所有权发生转移时才显著提升被并购企业绩效。机制检验发现：技术效率能力和市场需求管理能力的协同效应是改善被并购企业绩效的渠道。因此，本文研究发现中国内资企业之间的并购导致资源在不同“能力”所有者之间重新配置，有助于提升资源使用效率。
2022,存续企业如何实现组织身份变革？——基于海油发展的纵向案例研究,吴剑峰;丁沂昕;雷震;刘佳,存续企业;组织身份变革;机制模型;动态性;独特性,管理世界,0,被视为改革“蓄水池”的存续企业一经从母体分离就走向寻找自我的道路；然而，对于存续企业如何理解“我们是谁”这一身份问题，现有文献并未给出充分的解释。本文从组织身份视角出发，采用纵向单案例研究解构了存续企业20年的组织身份变革过程。研究发现：（1）存续企业基于“压力—响应—生成”逻辑形成组织身份变革机制；（2）存续企业组织身份变革过程呈现动态性：压力情境决定响应模式，响应模式匹配生成模式；（3）存续企业组织身份变革路径的独特性表现为身份属性变化的显著性，以及变革机制的复杂性与动态性。本文创新性地提出并解析了存续企业的组织身份变革机制模型，贡献于存续企业成长变革和组织身份理论的相关研究，为存续企业的可持续发展提供了有益借鉴。
2022,新时代的中国能源革命：历程、成就与展望,刘华军;石印;郭立祥;乔列成,十九届六中全会;能源革命;重大成就;量化分析,管理世界,0,进入新时代，面对能源供需矛盾日益突出、能源结构转型步伐加快的国内国际背景，中国坚定不移推进能源革命。本文深刻阐释了新时代中国能源革命的国际国内背景，全面回顾并系统梳理了能源革命的思想发展和重要举措，遵循“让事实说话、让数据说话”的原则，从能源强度、能源结构、非化石能源开发和全要素能源效率等4个维度，通过量化分析真实立体展示了党的十八大以来中国能源革命取得的重大成就。进入新时代以来，中国以“四个革命、一个合作”的能源安全新战略为指引，多措并举加快推进能源革命，推动形成了能源强度稳步下降、能源结构持续优化、非化石能源加快开发、能源效率明显改善的能源发展新格局，能源生产和消费方式实现了历史性变革，现代能源体系建设迈上新台阶，为新时代的高质量发展提供了重要支撑。面对“双碳”目标对新时期推进能源革命提出的新要求和新挑战，中国应在巩固能源革命成效的基础上，坚持完善能源消费强度和总量双控制度、正确把握能源结构以煤为主的基本国情、科学有序推进非化石能源开发利用、重视从全要素角度推进能源效率提升，持续向着保障国家能源安全、构建现代能源体系、加快建设能源强国的方向前进。
2022,革命者·经济学家·经济工作领导人——《薛暮桥年谱：1904—1952》序言,范世涛;薛小和,薛暮桥;年谱;革命者;经济学家;经济工作领导人,管理世界,0,本文为国务院发展研究中心委托研究项目成果《薛暮桥年谱：1904—1952》一书序言。作者指出，在薛暮桥的一生中，革命者、经济学家和经济工作领导人3个身份最为重要。作为革命者，薛暮桥年轻时代即有直面死亡的体验，这使得他能不避艰危，在困难条件下独立工作和思考，革命者身份还成为他参与核心决策的必要条件。作为经济学家，薛暮桥毕生以中国经济问题为主要研究对象，强调理论联系实际，并以改进社会为主要宗旨。作为经济工作领导人，薛暮桥在山东根据地主持对敌货币战卓有成就，在西柏坡协助周恩来处理解放战争时期的财经、后勤工作，从1947～1967年，他一直在中央财经机关工作，领导工商业调整，创立全国统一的统计体系，建立物价管理体制。改革开放后，薛暮桥创立我国经济决策咨询事业，并在市场化改革方面做出卓越贡献。
2022,人工智能技术、任务属性与职业可替代风险：来自微观层面的经验证据,王林辉;胡晟明;董直庆,人工智能技术;任务属性;职业可替代风险,管理世界,0,当前，人工智能技术在生产生活各个领域广泛应用，对劳动力市场造成一定冲击。前沿文献虽关注人工智能技术对劳动就业的替代效应，但缺乏从微观职业层面精准度量人工智能技术所引发的职业可替代风险。本文基于中国劳动力动态调查数据，选取任务属性、职业特征、工作环境与经济环境等输入变量，应用机器学习模型测算人工智能技术的职业可替代率，考察任务属性和职业技能宽度对可替代风险的影响，并探究职业替代的组群性和劳动选择偏好。结果表明：（1）人工智能技术会引发职业替代风险，中国19.05%的劳动就业面临高替代风险。人工智能技术对职业的替代风险受制于任务属性，其中思维类属性对可替代风险影响最大，而职业技能宽度越大则可替代风险越低。（2）人工智能技术的职业可替代风险存在组群性特征，非程式化认知交互型职业组群可替代风险最低，而程式化非认知交互型职业组群可替代风险最高。（3）人工智能技术的职业替代具有劳动选择偏好，年龄越大与受教育年限越短的劳动者可替代风险越高。为此，应动态调整高校专业培养方案和提高劳动者综合技能水平，以最大限度地降低人工智能技术对劳动力市场的冲击。
2022,公共就业服务机构匹配效率及其地区差异,罗楚亮;刘盼,公共就业服务机构;匹配效率;地区差异,管理世界,0,本文利用1996～2019年我国公共就业服务机构的求职招聘信息，估算了公共就业服务机构的匹配效率变化特征及其地区差异，发现匹配效率有下降倾向，经济发达地区的匹配效率反而更低。基于公共就业服务机构匹配效率的地区差异，本文还讨论了求职者和岗位分布在匹配效率较低地区相对集中所带来的就业、产出和收入效应。从时间序列特征来看，地区匹配效率差异所导致的就业、产出和收入损失并没有明显的趋势变化。改善经济发展程度较高地区的公共就业服务机构匹配效率，是提高劳动力市场匹配效率的重要途径，这对于总就业、总产出和提高劳动者的收入水平都至关重要。
2022,世界百年未有之大变局,冯维江;张宇燕,,经济研究,0,<正>“世界百年未有之大变局”是中共中央总书记习近平对中国共产党第十八次全国代表大会以来所面临的世界形势的总括性判断，是以习近平同志为核心的中国共产党领导集体在继承和发展“和平与发展”的时代主题基础上，对新时代世界历史进程特征和发展规律性的全新把握和认识。中国经济学界围绕世界百年未有之大变局开展了成果丰富的研究和探索，从理论和实践上进一步厘清了中华民族伟大复兴所面临的外部环境及应对的经济方略和政策。
2022,人类命运共同体,李坤望;张兵,,经济研究,0,<正>“建设一个什么样的世界，如何建设这个世界”是人类社会面临的一个重要的共同课题。构建人类命运共同体理念深刻把握人类社会历史经验和发展规律，顺应历史大势和时代潮流，从根本上回答了在世界百年未有之大变局加速向纵深发展、国际环境日趋复杂多变、各种新问题新挑战层出不穷的背景下，世界应该向何处去这一重大问题，指引着中国和世界前进的正确方向，具有划时代的伟大意义。构建人类命运共同体理念是马克思主义政治经济学和中国特色社会主义政治经济学在对外开放、国际关系以及全球治理领域的最新发展成果，
2022,信贷流动性约束、宏观经济效应与货币政策弹性空间,陈创练;单敬群;刘晓彬,信贷约束;宏观调控;货币政策;动态一般均衡,经济研究,0,"有效动态平衡稳增长和降杠杆是近年来我国宏观调控的主要政策任务，本文以2004年以来我国实施渐进式永久性信贷约束的典型事实作为研究对象，构建一个嵌入家庭、企业、政府和央行的动态一般均衡模型，通过设定模型参数具有时变性，研究了永久性信贷约束和暂时性信贷约束收紧对模型系统均衡影响的宏观经济效应。研究结果表明，永久性信贷约束在长期上能达到不影响产出且有效降低杠杆的目的；而暂时性信贷约束长期上造成产出损失，且降杠杆的政策效果也较弱，在面临技术进步或政府支出冲击时亦是如此。特别是，永久性强信贷约束的宏观经济效果优于永久性弱信贷约束，但长期看，信贷约束强弱在稳增长和降杠杆上并不存在显著差异。反事实模拟分析表明，实施永久性信贷约束能够增强货币政策调控经济增长目标的弹性空间，但同时需要搭配较强盯住杠杆目标的货币政策才能起到更好稳增长和降杠杆的作用。鉴于当前我国贷款价值比远低于70%,此时央行可采取更强盯住杠杆目标的货币政策取向，但不宜在此后过度放宽信贷约束条件。因为，如果当下我国在经历长时期的信贷约束紧缩后逐渐放松，转而实施暂时性信贷约束，则容易引发杠杆规模的快速反弹，而这些政策组合却未能在长期中起到促进经济增长的效果。"
2022,企业研发投入波动与信息披露:投资者创新包容视角,程新生;武琼;修浩鑫;柳扬,研发投入波动;盈余管理;创新信息披露;创新包容,经济研究,0,研发投入波动是管理层“间断平衡双元”以适应复杂环境的健康行为。创新包容是指投资者对创新主体的创新行为进行的认可和包容。由于对创新的包容性不足，研发投入波动更可能被投资者视作是风险信号：一方面研发投入急剧增加意味着短期利润巨幅减少；另一方面研发投入急剧降低意味着未来竞争力不足。本文以上市公司为例，研究公司管理层在研发投入波动过程中，对财务报告中的盈余信息和年报中的创新文本信息进行策略性披露，目的是寻求资本市场的创新包容。研究发现：(1)研发投入正向波动过程中，由于短期业绩压力，管理层会进行向上盈余管理，并且创新文本信息更加彰显创新禀赋和创新成果，获得资本市场对于公司创新的包容；(2)研发投入负向波动过程中，管理层会进行向下盈余管理，以便为未来储备利润，并且创新文本信息更加凸显创新进展、聚焦创新目标，从而增强投资者对于公司创新的信心和包容。本研究拓展了信息披露操纵的成因，也向资本市场创新包容提出了呼吁与探索。
2022,地方债与中国经济波动：金融加速器机制的分析,高然;祝梓翔;陈忱,地方债;金融加速器;经济波动,经济研究,0,本文在动态随机一般均衡模型中引入地方政府债务，揭示了其产生的新金融加速器机制。研究表明，地方债使房地产价格与公共投资之间形成正反馈，显著放大了中国经济波动。该机制基本遵循了金融加速器的理论范式，然而相较于标准的金融加速器，地方债加速器具有鲜明的中国特色。第一，地方政府以预期土地出让收入作为抵押发行地方债，形成独特的信贷约束，房地产价格上涨会通过放松地方政府的信贷约束导致地方债扩张。第二，地方政府的土地供给行为具有内生性，房地产价格上涨还会导致地方政府以地方债替代土地财政，这使土地供给减少并进一步加剧房地产价格上涨，从而在房地产市场内部产生额外的加速机制。第三，房地产市场波动向实体经济的传导主要藉由公共投资而非私人投资，地方政府的基础设施投资扮演着重要角色，并会对私人投资产生挤出效应。进一步分析表明，地方债加速器具有显著的非对称性和风险累积效应，而土地出让成本、隐性担保、影子银行等现实因素进一步增强了地方债加速器的波动放大作用。利用中国城投债发行数据，本文从实证上验证了地方债加速器的核心传导机制。本文认为地方债加速器对于理解中国经济波动至关重要，并对地方债治理与改革以及地方政府融资模式转型提出一些针对性的政策建议。
2022,金融科技平台公司经济影响研究：风险与收益不对称视角,王义中;林溪;孙睿,金融科技平台公司;市场垄断;信息垄断;风险与收益不对称,经济研究,0,金融科技平台公司的市场垄断和信息垄断，导致了与经典“风险与收益对称性”理论相悖的现象。首先，本文构建理论模型刻画金融科技平台公司的定价和决策，以及与商业银行和消费者最优决策之间的互动关系。其次，本文运用各类冲击，模拟金融科技平台公司垄断定价对金融体系和经济体系产生的影响。再次，本文引入数据使用成本和利率最高上限政策，考察抑制金融科技平台公司垄断和提高社会福利水平的有效机制。结果表明：(1)不同冲击下，金融科技平台公司的垄断定价会造成银行生产性贷款被挤出、消费者过度消费和过度负债等负向影响；(2)由于商业银行与金融科技平台公司的密切联系，平台公司的垄断行为会挤出商业银行利润，使得商业银行杠杆率提高，抗风险能力降低；(3)增加金融科技平台公司的信息使用成本和设置利率最高上限是有效的政策手段，组合使用相关政策手段能够引导平台利率下降并逐步破除平台垄断。
2022,金融科技、监管沙盒与体制创新:不完全契约视角,胡滨,金融科技;监管沙盒;金融创新;监管改革,经济研究,0,本文从不完全契约下剩余权利配置的视角出发，对金融监管的理论机制进行了阐释。金融监管可以看作监管者与被监管者之间的隐性契约。由于监管规则无法覆盖全部相关情境和存在未来修改的可能，这种隐性契约具有不完全性，因此隐含着相应的剩余权利空间。金融科技的颠覆性创新性质导致上述剩余权利空间急剧扩大，并且难以基于监管者的传统经验来加以处理。通过监管双方之间动态的谈判过程，监管沙盒可以避免创新者在资源投入和信息披露上的激励扭曲，从而诱导出对于社会福利更优的金融创新。基于这一视角，中国金融改革的渐进性质决定了其中的监管剩余权利空间会持续存在，而监管沙盒的精神实质可以为上述剩余权利空间的配置提供重要的借鉴。
2022,区域深度贸易协定与跨境政府采购：协定条款异质性的视角,韩剑;郑航,区域贸易协定;政府采购条款深度;异质性效应;政策模拟,经济研究,0,本文聚焦政府采购深度一体化议题，利用OECD投入产出表区分跨境政府采购与一般采购，并基于DESTA数据库对区域贸易协定(RTA)嵌入的政府采购条款进行文本量化，通过两阶段模型实证检验RTA条款承诺水平对跨境政府采购的影响。研究发现，RTA政府采购条款引致的跨境政府采购促进效应在不同协定-行业-国家对之间表现出强烈异质性。政府采购条款深度越高，缔约方制度保障体系越完善，越有利于跨境政府采购合作；政府货物采购在“硬性义务”模式下对条款深度的敏感程度较高，服务采购更易受“软性义务”模式的影响，体现出RTA缔约方的诉求差异；条款深度有利于削弱缔约方政府由于话语权、监管质量差异带来的非关税壁垒。根据分析结果，本文进一步对中国加入RCEP与CPTPP获得的政府采购效应进行政策模拟，重点体现在机械设备货物行业以及通信、公共管理等服务行业的跨境政府采购规模增长。本文结论为中国从国内国际双循环视角开放政府采购市场提供理论基础和经验依据。
2022,产业发展战略选择的内在逻辑——一个连接演进的解析框架,胡乐明;杨虎涛,连接;产业融合;发展战略,经济研究,0,"传统制造业和服务业产业特征的明显差异，以及现代制造业和服务业在产业特征上的“趋同”和“融合”,与连接技术发展及其所导致的连接方式变化密切相关。从直接驱动到单元驱动以及机电一体化，机器体系物理连接方式的改变，是生产环节分解从而导致传统制造业规模经济和效率经济特征的深层原因。随着信息通讯技术革命的兴起，生产和流通过程中形成物理连接和基于数字技术的信息连接的双重连接的同时，也改变了传统制造业和服务业的特征，人工智能、5G等技术的发展，又进一步使制造业和服务业在产业特征上更加趋同，在产业功能上趋于融合。制造业和服务业的产业特征新变化，不仅挑战了传统经济发展理论的制造业引擎假说，而且也使得不同国家的产业发展战略面临着新的机遇与挑战。"
2022,中国信息经济学乌家培资助计划简介,,,经济研究,0,<正>中国信息经济学会成立于1989年，致力在信息经济与信息管理领域搭建理论创新的桥梁，推动跨学科发展。学会创始人乌家培教授为中国著名经济学家，中国数量经济学会和信息经济学会创始人。为促进中国信息经济与信息管理领域的青年学者成长，并产生未来30年有国际影响力的理论创新成果，学会于2015年设立“中国信息经济学乌家培资助计划”，以表彰中国信息经济与信息管理领域青年学者的理论创新贡献。2016-2021年分别进行了第一至六届乌家培资助计划的评选。
2022,低碳经济,陈诗一,,经济研究,0,<正>在全球气候变化背景下，实现低碳经济转型是可持续发展的必然选择。在国内，为满足人民日益增长的美好生活需要，党和政府将生态文明建设纳入中国特色社会主义事业“五位一体”总体布局，提出“创新、协调、绿色、开放、共享”的新发展理念。在国际上，中国郑重承诺：“将提高国家自主贡献力度，采取更加有力的政策和措施，二氧化碳排放力争于2030年前达到峰值，努力争取2060年前实现碳中和。”⑥这无不与低碳经济转型发展密切相关。
2022,政府、社会信任与经济增长,李俊青;韩其恒;寇海洁,基础设施投资;正式规则;非正式规则;经济增长,经济研究,0,正式和非正式规则是维持经济社会信任和商业合作的两种重要制度安排，但这两种规则往往内生于一国的经济发展水平和国家战略。本文研究表明，在一国经济发展过程中，不断降低的利率扩大了资本借贷的规模，使得非正式规则不断逼近其“信任半径”（1）的边界，非正式规则逐步让位于正式规则。更为重要的是，在一国经济发展的早期，非正式规则对经济的增长做出了重要贡献，并且这种贡献与一国硬件基础设施存量、法制的效率、信息不完备的程度成反比。我们还发现一国政府在经济发展早期的基础设施投资时，会内生地优先投资于硬件基础设施而不是软件基础设施，直至经济发展的后期，当市场规模和范围的扩大制约了非正式规则的扩张，软件基础设施投资才是一国政府基础设施投资的重点。跨国的微观和宏观数据在经验层面证实了本文的主要结论。
2022,家庭关系与居民消费,田子方;李涛;伏霖,家庭关系;居民家庭消费;社会网络,经济研究,0,随着现代化进程的加快，中国家庭结构逐渐从大家庭向核心家庭、小家庭裂变，但是家庭之间仍然以血缘和姻缘为纽带保持着密切联系，形成了独具特色的“分而不疏”的家庭关系。这种独特的家庭关系是否会对家庭消费产生影响，目前仍未得到学术界的关注。本文使用中国家庭追踪调查(CFPS)数据，系统研究了家庭关系对我国居民家庭消费的影响，填补了这方面的研究空白。考虑了内生性问题的回归结果显示，较紧密的家庭关系能够显著提升中国居民的家庭消费水平，对于经济状况较差、户主的社会保障情况相对不完善和户主为老年人的家庭而言，这种提升效果更为明显。本文的研究意味着，在我国城市化加速发展和传统社会家庭关系解构的过程中，需要进一步健全社会保障、消除信息和资源鸿沟，以激发居民消费潜力，推动经济高质量发展。
2022,孙冶方经济科学奖第二十届（2022年度）评奖公告,,,经济研究,0,<正>根据《孙冶方经济科学基金会章程》规定，孙冶方经济科学奖第二十届（2022年度）评奖工作将于2022年底启动。孙冶方经济科学奖是我国经济学界享有盛誉的经济学奖项。评奖旨在传承和弘扬以孙冶方为代表的老一辈经济学家敬畏规律、守护真理的学术精神，为国为民、甘于奉献的学术立场，不断探索、勇于创新的学术品格，引领学术研究方向，助力中国经济学研究的发展和提升。本届评奖对象是1979年至2021年12月底经济理论工作者和实际工作者，在国内外公开发表的论文和出版的专著。
2022,云南财经大学财政与公共管理学院诚聘英才,,,管理世界,0,"<正>云南财经大学财政与公共管理学院秉承“好学笃行、厚德致远”的云财校训,发扬“自强不息、敢为人先”的云财精神,以“立德树人”为目标,以培养“公共精神”和服务“国家治理”为己任,不断推进学院建成全国有较大影响、西部地区领先、辐射南亚东南亚的财政税收、公共管理和社会治理“三位一体”协同发展的高水平学院。学院已经形成完整的“本-硕-博”人才培养体系。拥有财政学、税收学、行政管理、公共事业管理、劳动与社会保障、政治学与行政学6个本科专业,其中:财政学入选国家一流本科专业建设点,税收学、行政管理、"
2022,绿色债券发行的溢出效应、作用机理及绩效研究,吴育辉;田亚男;陈韫妍;徐倩,绿色债券;信用利差;溢出效应;绿色发展,管理世界,0,以2009～2019年我国发债企业为样本，本文研究了企业发行绿色债券的行业溢出效应、作用机理以及产生的环境和财务绩效。首先，我们发现，企业发行绿色债券会显著降低同行业其他企业的债券融资成本。其作用机理是发行绿色债券的企业会带动同行业其他企业采取更多有利于环境保护的行动。这些行为得到了市场投资者的认可，从而降低其融资成本。其次，异质性检验显示：生态友好型企业以及非污染型企业会强化这种行业溢出效应。同样，行业领导型企业和密切竞争型企业也会增强绿色债券的溢出效应。最后，本文发现，同行业其他企业采取的绿色环保行为可以提升其环境绩效和财务绩效。本文研究表明，企业发行绿色债券可以产生良好的行业溢出效应，有利于我国实现“碳达峰、碳中和”的目标。
2022,政策的漂移、转化和重叠——中国失业保险结余形成机制研究,刘军强,失业保险;基金结余;政策利用率;风险错配,管理世界,0,失业保险基金为缓和疫情带来的就业压力做出了很大贡献，但其结余率过高、领取率过低却属历史痼疾，说明其运行效率仍有改善空间。本文分析了基金结余形成机制：（1）政策漂移：支出范围限制以及过低的失业金标准导致资金流入多而流出少，基金难以充分转化为保障而是沉淀下来；（2）政策转化：失业保险参保率偏低且待遇发放环节因基金安全考虑而限制较多；（3）政策重叠：失业保险与财政就业补助资金、低保制度之间存在重叠，资金重复配置。根本上，失业保险与劳动力市场等宏观结构脱嵌导致“高险低保、高保低险”的错配。本研究有助于理解中国社会政策的利用率和风险再分配机制，进而改善失业保险对失业者的保障作用和对抗经济周期的功能。
2022,平台化如何助力制造企业跨越转型升级的数字鸿沟？——基于宗申集团的探索性案例研究,杜勇;曹磊;谭畅,平台化;制造企业转型升级;数字鸿沟;数字创新;服务主导逻辑进阶,管理世界,0,时代激变下，我国制造企业正借助基于工业互联网的平台化战略跨越转型升级的数字鸿沟，但已有文献对平台化助力机制缺乏充分的探讨。本文基于宗申集团的案例研究，发现：（1）平台化通过探索性桥接、资源蓄能、数据激活、空间扩容、包容演化和生态反哺等关键环节，形成“支撑—驱动”并行的数字创新助力机制，助力制造企业分别跨越“智能升级与产业融合障碍”和“生态系统架构障碍”两个层级的数字鸿沟，从而成功实现数字化转型；（2）制造企业平台化反映出传统企业在数字经济时代的价值主张转变遵循着“蓄势—进阶—升级”的渐进式演化轨迹，即首先在旧有的商品主导逻辑下利用平台化开展数字化改造进而摆脱生产困境，以此为基础逐步加深平台的产业嵌入性，实现商品主导逻辑向服务主导逻辑的进阶，接着增强平台的系统丰富性，促进向价值共创与价值占有共同主导的生态系统型服务主导逻辑的升级。本文揭示了平台化助力制造企业跨越转型升级中数字鸿沟的“支撑—驱动”机制，延伸了平台化中价值主张的相关讨论，拓展并丰富了数字鸿沟与数字创新理论，为指导后发企业在数字经济时代的转型升级提供启发与参考。
2022,数字经济时代下的公司治理研究：范式创新与实践前沿,陈德球;胡晴,数字经济;公司治理;范式创新;实践前沿,管理世界,0,数字经济催生大量的新技术、新业态和新模式，深度变革微观企业的发展环境与互动方式，极大地挑战了以委托代理成本和信息不对称为两大支柱的传统公司治理研究，对新经济下的公司治理结构和公司治理机制探索提出更高的要求和挑战。本文以数字经济推动公司治理观念与公司治理模式创新的需求为导向，立足数字经济时代不断涌现的公司治理创新实践，在系统梳理经典研究脉络的基础上，结合数字经济时代公司治理边界突破的逻辑与路径，遵循“技术赋能—数据驱动—治理重构”的逻辑思路，提炼归纳新经济下的研究范式和研究框架：从股东中心向企业家中心转变，聚焦掌握企业核心技术和关键资源的创始人及业务团队，高度重视人力资本及技术资本的长效价值。在此逻辑体系下，本文从大数据赋能资本市场治理、大数据驱动产品竞争市场治理和大数据重构控制权市场治理等维度深入分析新时代下公司治理研究的新机制和新路径，推动新型治理生态模式构建，并结合当今公司治理的实践前沿，从内部公司治理结构和外部公司治理机制等方面提供切实可行的视角拓展和思路启发。最后，本文在展望研究前景的同时也正视转型阶段下的现实困难和研究挑战，鼓励学者充分利用实践素材，开展扎根本土、实证分析与案例探索并存的高质量研究，拓展数字经济时代公司治理决策新范式，推进国家治理体系和治理能力现代化建设的微观实现路径，积极应对数字经济下公司治理价值重塑与研究范式转变的机遇和挑战。
2022,中国特色对口支援机制：成就、经验与价值,王禹澔,对口支援;发展过程;理论内涵;历史经验,管理世界,0,对口支援是中国特色国家治理的重要方式和机制。在实践中，这一机制在区域均衡发展、基础设施建设、灾后重建等方面取得了诸多佳绩，尤其是党的十八大以来，这一机制在脱贫攻坚和疫情防控中更是发挥了重要作用，彰显了中国特色制度优势和治理效能。但是，学界关于对口支援的研究，却滞后于实践。本文系统梳理了对口支援的发展历程，发掘了对口支援机制的理论内涵，进而以反贫困中的对口支援为样本，总结阐述了其成就、贡献和经验。在此基础上，笔者指出，作为中国特色的治理机制，对口支援无论对于脱贫攻坚与乡村振兴有效衔接、推进国家治理创新，还是对于发展中国家治理不均衡发展带来的问题，都具有重要的意义。
2022,深入学习贯彻习近平总书记重要讲话精神加快构建中国特色经济学体系,高培勇;樊丽明;洪银兴;韩保江;吕炜;白重恩;洪永淼;蔡继明;寇宗来;黄群慧;刘元春;刘尚希;杨灿明;龚六堂;刘守英;陈斌开;郭凯明;金碚;李曦辉;刘秉镰;陆铭;洪俊杰;刘锡良;陈诗一,,管理世界,0,2016年5月17日，习近平总书记主持召开哲学社会科学工作座谈会并发表重要讲话，提出着力构建中国特色哲学社会科学，在指导思想、学科体系、学术体系、话语体系等方面充分体现中国特色、中国风格、中国气派。2022年4月25日，习近平总书记在中国人民大学考察时强调，加快构建中国特色哲学社会科学，归根结底是建构中国自主的知识体系。为深入学习贯彻习近平总书记重要讲话精神，推动构建中国特色经济学体系，2022年5月17日管理世界杂志社组织召开“加快构建中国特色经济学体系”研讨会（笔谈）。来自国内高校、科研机构的26位知名经济学家参加研讨。现将有关文章刊登如下，以飨读者。
2022,建设中国经济学的科学生态体系——以教材体系为突破以知识体系为基础构建中国经济学学科、学术和话语体系,刘伟;陈彦斌,中国经济学;知识体系;教材体系;学术生态体系,管理世界,0,新中国成立以来，中国共产党带领中国人民实现了从站起来、富起来到强起来的历史性飞跃，取得了西方经济学和传统社会主义政治经济学无法解释的伟大成就。中国经济学的创立已经具备了必要的历史基础和思想基础。要加快中国经济学的构建，需要进一步对中国经济学的构建原则、主体内容与实现途径等关键问题进行回答。就构建原则而言，中国经济学应遵循以马克思主义为指导的科学性、以问题为导向的实践性和以人民为中心的价值性三大原则。就主体内容而言，中国经济学要深入和系统地研究中国特色社会主义市场经济运行的基本规律、中国特色宏观调控理论和中国特色发展战略体系。就实现途径而言，中国经济学的构建要以中国经济学教材建设为核心抓手，并以《中国经济学研究手册》作为配套建设工程，以知识体系和教材体系作为突破口，打造由教材体系系统呈现的知识体系、学科体系、学术体系、话语体系构成的完整学术生态体系。近年来教育部教材局和国家经济学教材建设重点研究基地以中国经济学教材为核心抓手，对中国经济学建设进行了多方面的有益探索，取得了一些重要的阶段性成果。未来要进一步汇聚力量，围绕中国经济发展相关的重大理论和实践问题展开集中攻关，以中国为观照、以时代为观照，加快自主知识体系和教材体系建设，更好地用中国理论解释中国实践，用中国实践丰富中国理论，用中国话语阐述中国发展，用中国发展强化中国话语，推动中国经济学理论体系的构建和完善。
2022,企业研发风险与补贴政策优化研究,何晴;刘净然;范庆泉,创新活动;研发风险;激励作用;挤出效应;补贴政策优化,经济研究,0,企业创新活动直接关系创新链和产业链对接的成效，是推进中国经济高质量发展的主动力。如何积极应对创新活动的不确定性风险，以激励企业加大研发投入力度，是政府研发补贴政策要解决的关键问题，无论在理论探索还是政策优化方面都极具研究价值。本文构建了一个包括政府补贴和企业研发投入的局部均衡模型，分析不同风险阶段政府补贴对企业研发行为的影响，厘清研发补贴政策产生激励作用和挤出效应的内在机制。基于2007—2019年中国上市公司数据，本文进一步对不同研发风险阶段政府补贴的政策效果差异进行评估。理论研究发现，在具有较高风险的研究阶段和较低风险的开发阶段，政府补贴对研发活动预期边际收益影响的变化方向不同，从而对企业研发投入产生了异质性影响。实证研究为这一理论观点提供了经验证据。政府对企业创新活动的补贴政策需要综合考虑研究阶段补贴的激励作用和开发阶段补贴的挤出效应，这为新一轮的研发补贴政策优化提供了理论依据与实践支撑。
2022,地方政府债务扩张与银行风险承担：理论模拟与经验证据,李双建;田国强,地方政府债务;银行风险承担;系统性金融风险;DSGE模型,经济研究,0,"近年来，地方政府债务高企已然成为威胁中国金融稳定的“灰犀牛”,切断地方政府债务扩张演化为金融风险的传导途径，是防范化解系统性金融风险的重中之重。立足于中国财政金融体制特征和商业银行具体经营实践状况，本文将地方政府与银行间的关联关系纳入一个多部门动态随机一般均衡(DSGE)模型中，通过理论分析和数值模拟展示了地方政府债务扩张对银行风险承担的影响及作用机理。在此基础上，本文采用2007—2019年中国229家商业银行非平衡面板数据，对理论结论进行实证检验。经验结果显示：地方政府债务扩张会造成银行风险承担水平增加，且该结论在考虑内生性问题以及进行一系列稳健性检验后依然成立。进一步地，异质性分析表明，对于小规模银行、非上市银行、未引入境外战略投资者银行以及地方性银行而言，地方政府债务扩张对银行风险承担的影响更为明显。据此，本文认为在新冠肺炎疫情冲击和外部环境日趋复杂的背景下，理顺地方政府与银行间的关联关系，继续深入推进银行业市场化改革，才是筑牢地方财政与金融部门间“防火墙”的关键举措。"
2022,货币政策、银行风险承担异质性与影子银行,张嘉明,货币政策;银行风险承担;影子银行;异质性,经济研究,0,本文将银行风险承担异质性纳入DLM分析框架，探讨货币政策在银行资产端风险承担和负债端风险承担之间的传导机制，并利用1997—2019年银行层面的面板数据进行实证检验。在此基础上，将货币政策的银行风险承担渠道拓展至影子银行，探讨银行资产端风险承担和负债端风险承担对影子银行的传导渠道，并基于委托贷款数据进行实证分析。研究结果表明，货币政策的银行风险承担渠道表现为，通过银行负债端风险承担传导至资产端风险承担。关于影子银行的研究表明，银行资产端风险承担和负债端风险承担都是通过资本约束效应传导至影子银行，贷存比约束效应在银行负债端风险承担传导至影子银行过程中的中介效应不显著。
2022,非标资产、信用转换与影子银行风险,刘澜飚;李博韬;王博,信用转换;非标资产;影子银行;同业增信机制,经济研究,0,规范影子银行业务经营，防范化解金融风险是当前中国金融供给侧结构性改革的重要任务。本文选取非标资产作为研究中国影子银行的切入点，基于金融供给方对风险分担与监管套利的内生需求，刻画了围绕非标资产交易形成的中国影子银行体系以及由此导致的金融风险。研究表明：第一，银行的风险分担需求与规避监管动机是驱动中国影子银行体系发展的两个重要因素，同时伴随存款供给等因素变化，银行发展非标业务的驱动因素也在二者间发生转换。第二，由非标业务形成的典型金融合同是中国影子银行内部信用流转的重要载体，然而缔约中的信息不对称激发金融机构通过各类兜底、隐性担保来减少同业摩擦，进而使得非标业务具有典型的信用转换特征。第三，银行在监管套利中形成的隐性风险自留机制易导致其低估增信行为的潜在风险，从而由于过度风险承担加剧影子银行系统脆弱性。本文为进一步深化对中国式影子银行内生逻辑的认识提供了一个新的理论分析框架，为巩固金融监管成效并加强科学监管，进而促进金融更好服务实体经济高质量发展提供了重要的政策启示。
2022,企业互联网使用与大数据治税的效应,孙鲲鹏;石丽娜,互联网大数据;第三方信息;税收征管;税收遵从,经济研究,0,互联网为企业传递信息和组织资源提供了极大便利，企业在使用互联网获得相应便利的同时也形成了海量数据。近年来多地税务部门推行互联网大数据治税举措，通过采集和分析互联网上与企业运营相关的第三方大数据，来辅助对企业的税收征管。本文搜集相关数据并通过理论分析和实证检验发现，互联网大数据治税举措能显著提升企业税收遵从度。异质性检验表明，对于那些互联网应用更多、非国有控股、规模更大的企业，以及政策宣传更充分、以往税收征管力度更强的地区，互联网大数据治税举措的影响更加凸显。机制检验表明，抑制收入隐匿和关联交易，是互联网大数据治税举措发挥作用的两个具体渠道。本文研究表明，互联网上形成的大数据可以为税收征管等社会治理的精细化和高效化提供支持，深化了对信息时代背景下税收征管中第三方信息的内涵和作用的认识，为数字时代背景下的现代税收征管体制建设提供了参考。
2022,中国信息经济学乌家培资助计划简介,,,经济研究,0,"<正>中国信息经济学会成立于1989年,致力在信息经济与信息管理领域搭建理论创新的桥梁,推动跨学科发展。学会创始人乌家培教授为中国著名经济学家,中国数量经济学会和信息经济学会创始人。为促进中国信息经济与信息管理领域的青年学者成长,并产生未来30年有国际影响力的理论创新成果,学会于2015年设立“中国信息经济学乌家培资助计划”,以表彰中国信息经济与信息管理领域青年学者的理论创新贡献。2016-2021年分别进行了第一至六届乌家培资助计划的评选。"
2022,中国制造业劳动收入份额变化：宏观替代弹性视角,沈春苗;郑江淮,宏观替代弹性;动态估计;要素替代;技术进步;结构变迁,经济研究,0,"宏观替代弹性是经济研究中的关键参数，在经济增长和收入分配过程中发挥重要作用。本文基于Oberfield&Raval(2021)分析框架和《中国工业企业数据库》,对1998—2013年中国制造业分全国和地区层面宏观替代弹性的时间序列值进行了完整细致的估算，并利用宏观替代弹性的动态估计，系统考察了要素替代、偏向性技术进步和偏向性结构变迁在相对工资上涨影响制造业劳动收入份额变动过程中的作用方向和相对贡献。研究表明：(1)制造业宏、微观替代弹性存在显著差异，需要重视宏观替代弹性在要素收入份额变动过程中的作用；(2)除入世后过渡期(2001—2004年)外，样本期内各年份制造业宏观替代弹性始终小于1,说明制造业的资本劳动关系总体表现为互补而非替代；(3)劳动收入份额年度和累计变动的分解结果显示，偏向性技术进步是相对工资持续上涨引致劳动收入份额下降的主要机制，要素替代和偏向性结构变迁是减缓制造业劳动收入份额下降的重要力量，但前者贡献更大；(4)制造业宏观替代弹性呈现“N”形阶段性变动特征和地区经济发展阶段性差异。本文细致估算得到的宏观替代弹性不仅为后续研究提供了设定参考，也有助于厘清制造业资本劳动关系的争论，对于持续提高劳动收入份额进而改善国民收入分配格局有重要启示。"
2022,中国农村土地制度改革的农户增收效应——来自“三权分置”的经验证据,周力;沈坤荣,三权分置;资本下乡;新型农业经营主体;集体经济;农户,经济研究,0,"农地“三权分置”,是中国共产党建党百年以来的一次重大制度创新。本文基于2009—2019年农业农村部的农村固定观察点数据及浙大卡特企研中国涉农研究数据库，采用渐进倍差法研究发现，“三权分置”对农户收入增长有一定的积极影响，2019年施行修订的《中华人民共和国农村土地承包法》后，该政策效应有所加强。从关联主体作用机制看，“三权分置”主要通过工商资本下乡促进农户增收。从农户视角看，“三权分置”促使农户耕地转出租金提升、农业投资增加、农业生产率提高、本地非农就业增加，进而促进了农户收入增长。此外，“三权分置”对于欠发达地区或低收入群体的农户而言增收效果相对明显，在总体上缩小了农户收入差距。在农业农村现代化进程中，我国应统筹推进要素市场化配置、农村集体产权制度、农业经营体制等改革，在“三权”主体协同发展中探索农民同步实现共同富裕的道路。"
2022,供给侧结构性改革,郭克莎,,经济研究,0,<正>供给侧结构性改革是在中国经济发展进入新常态、经济运行和增长面临结构性体制性制约的背景下，党中央在2015年提出来的一个政策性概念，并形成了一项推进改革和发展的长期性重大政策。随着对这个问题的理论研究不断深入和这项政策在实践过程中的持续推进，供给侧结构性改革已成为新时代中国特色社会主义政治经济学的一个重要概念、一项重要内容。
2022,城乡分割视角下中国收入不均等与消费关系研究,万广华;罗知;张勋;汪晨,收入不均等;消费;城镇化;市民化;城乡分割;双循环,经济研究,0,中国省级收入不均等与人均消费正相关，且该正相关关系相当稳健，这违背了边际消费倾向递减的经济学基本原理，意味着大量的财政转移和其他旨在降低收入不均等的政策可能失效，并带来内需的减少而非增加，甚至危及“双循环”和中国经济的持续发展。本文旨在分析城乡分割对收入不均等-消费之间关系的影响。首先，展示了收入不均等-消费正相关之谜，接着通过构建理论模型和实证分析揭开谜底，最后提出政策建议。具体来说，本文的创新点包括：(1)在不区分城乡的情况下，本文发现中国省级收入不均等与消费正相关，且该关系相当稳健。这是本文定义的收入不均等-消费正相关之谜。(2)构建理论模型，揭示了城乡分割如何影响收入不均等与消费之间的关系。(3)进行一系列实证分析，从不同的视角证明，是城乡分割导致了收入不均等与人均消费正相关。本文的政策含义是：中国需要加快推进城镇化和市民化进程，在城乡充分融合的前提下缩小贫富差距，才能提振内需，对冲全球化逆流和百年一遇的国际局势动荡的影响，进而畅通双循环，促进中国经济的持续发展。
2022,孙冶方经济科学奖第二十届(2022年度)评奖公告,,,经济研究,0,"<正>根据《孙冶方经济科学基金会章程》规定,孙冶方经济科学奖第二十届(2022年度)评奖工作将于2022年底启动。孙冶方经济科学奖是我国经济学界享有盛誉的经济学奖项。评奖旨在传承和弘扬以孙冶方为代表的老一辈经济学家敬畏规律、守护真理的学术精神,为国为民、甘于奉献的学术立场,不断探索、勇于创新的学术品格,引领学术研究方向,助力中国经济学研究的发展和提升。本届评奖对象是1979年至2021年12月底经济理论工作者和实际工作者,在国内外公开发表的论文和出版的专著。"
2022,比较优势与竞争优势：新结构经济学的视角,林毅夫;付才辉,,经济研究,0,<正>比较优势是经济学的核心概念，竞争优势则是管理学的核心概念。在经济学中，比较优势的本质是，决策者选择不同方案的机会成本高低，是一种分析方法。但即便在贸易领域也有众多关于机会成本或相对价格高低来源的比较优势理论。例如，李嘉图理论中的技术差异所形成的比较优势、赫克歇尔-俄林理论中的禀赋差异所形成的比较优势、克鲁格曼理论中的多元偏好与规模经济所形成的比较优势、杨小凯理论中的分工经济所形成的比较优势，
2022,全国统一大市场,刘志彪,,经济研究,0,<正>全国统一大市场是加快完善社会主义市场经济体制的核心内容，不仅对推进高质量发展、建设创新驱动国家等目标实现有重要的战略意义，而且对构建新发展格局也具有基础性的支撑作用。2021年12月17日，习近平总书记在主持中央全面深化改革委员会第二十三次会议时强调：“要加快清理废除妨碍统一市场和公平竞争的各种规定和做法，要结合区域重大战略、区域协调发展战略实施，优先开展统一大市场建设工作，发挥示范引领作用。”
2022,人力资本进步、工资结构与区域赡养负担差异,张熠;陶旭辉,社会保障;赡养负担;人力资本进步;劳动力流动,经济研究,0,"我国部分地区存在社会保障赡养负担重、资本和年轻劳动力流出等现象，成为事关共同富裕和区域协调发展的重要问题。本文基于人力资本进步和工资结构压缩的理论框架为这些现象提供了统一的解释性假说。研究发现：市场化程度偏低的地区赡养负担较重，主要不是老龄化程度高导致的，而可能是在工资结构压缩机制作用下，年轻劳动力工资相对老年劳动力工资水平较低，这一方面引发年轻劳动力流出，另一方面导致企业对老年劳动力需求减少，未使用老年劳动力增加，两者共同推高赡养负担，并诱发资本流出，影响经济发展。上述现象是市场化程度不足的地区在高速人力资本进步环境下的一种“不适应症”,对于老年劳动力可替代性强的行业和地区尤其明显，并会随劳动力跨区域流动成本下降而加剧。通过完善市场化薪酬分配机制可以缓解上述“不适应症”。"
2022,以国家治理体系和治理能力现代化保证和推进中国社会主义现代化,张来明,国家治理体系和治理能力;现代化;显著优势;国家治理效能,管理世界,0,推进国家治理体系和治理能力现代化是全面建设社会主义现代化国家的客观要求，也是高质量发展和高品质生活的重要保障，在我国社会主义现代化全局中具有重要地位。我国国家制度和国家治理体系是经过革命、建设、改革长期实践形成的，是理论创新、实践创新、制度创新相统一的成果，具有多方面显著优势。在全面建设社会主义现代化国家新征程上，要从13个方面突出坚持和完善中国特色社会主义的根本制度、基本制度、重要制度，构建系统完备、科学规范、运行有效的制度体系，把我国制度优势更好转化为国家治理效能，为实现“两个一百年”奋斗目标、实现中华民族伟大复兴的中国梦提供有力保证。
2022,外部冲击下系统性金融风险的生成机制,方意;荆中博,系统性金融风险;外部冲击;银行监管;直接传染;间接传染,管理世界,0,本文将降价抛售传染机制和破产传染机制同时纳入到银行网络模型中，以研究变动冲击下的风险生成机理。特别地，本文构造了适合分析多轮传染、不同冲击下的时间维度以及机构、资产空间维度系统性风险相关指标，并创新性构建度量机构之间、资产之间的间接关联性指标。研究发现，不同力度的冲击作用下，由于大量银行去杠杆或者存在银行破产现象而导致系统性风险呈现跳跃式上升趋势。在小冲击下，主要通过去杠杆降价抛售传染机制生成风险，大冲击下则主要通过银行破产传染机制生成风险。影响因素方面，银行体系间接关联性越强、银行杠杆偏度越低以及杠杆水平越高，银行业系统性风险越大。特别地，杠杆偏度指标对系统性风险的影响作用比杠杆水平指标更强。
2022,促进消费金融健康发展助力释放消费潜力,张丽平;任师攀,消费金融;消费升级;金融风险,管理世界,0,消费金融通常伴随着消费在国民经济中作用的提升而不断发展壮大，并与消费相辅相成、相互促进。近年来随着我国个人收入持续增长、家庭财富日益积累、经济向消费主导型转变，我国消费金融得以迅猛发展，规模快速扩大，业务创新更加活跃，服务对象更加广泛。这反过来又便利了居民的消费行为，激发了消费活力，促进了经济发展动能转换。然而在消费金融快速发展的过程中，由于部分消费金融提供者服务客群过度下沉、过分逐利、社会责任意识不强，市场上出现了裸贷、高利贷、暴力催收等诸多乱象。为进一步提高消费金融发展质量，使消费金融更好发挥对消费的支撑作用，需要通过规范消费金融供给，引导理性消费、抑制不当需求，明确利率及收费标准，加强消费者权益保护等措施，着力解决消费金融无序扩张、产品定价不合理、消费者权益保护较弱等问题，进一步防范化解消费金融已有和潜在风险，促进消费金融健康发展。
2022,中国间接税的效率损失——基于中国生产网络结构一般均衡模型方法,倪红福,生产网络结构;投入产出;税制结构;效率损失,管理世界,0,本文构建了嵌入间接税的中国投入产出网络结构一般均衡模型，并创新性地提出间接税效率损失的事后测算方法。基于此，本文利用1992～2017年的中国投入产出表和税收等数据编制了与模型匹配的社会核算矩阵，并进一步进行了实证测算分析。研究表明：（1）总体上，考虑到生产网络结构、微观替代弹性系数和间接税处理方式的影响，中国间接税效率损失率约为0.5%～10%。（2）生产网络结构越复杂，微观替代弹性系数越大，间接税的效率损失率就越大。（3）生产网络二阶近似新方法测算的间接税效率损失率远大于经典哈伯格方法。（4）1992～2017年期间，中国间接税效率损失率呈阶段性特点。1992～2007年，伴随着分税制改革完成和加入WTO后深度融入全球价值链，中国间接税效率损失率总体上呈下降趋势。2007～2017年期间，中国间接税效率损失率受金融危机的影响先上升，后受减税降费等政策影响而保持平稳或略有下降。
2022,转移成本视角下的大数据“杀熟”,甄艺凯,价格歧视;量身定价;转移成本;大数据“杀熟”,管理世界,0,针对大数据“杀熟”这一互联网经济中出现的价格歧视新问题，本文在消费者存在转移成本且短视情形下，构建了一个三阶段动态博弈，分析了寡头竞争市场中企业的“杀熟”动机。研究发现，当转移成本相对较大时，至少会有一家企业存在“杀熟”动机；反之，“杀熟”策略并不会出现在子博弈精炼纳什均衡路径上。这为大数据“杀熟”在理论上提供了更为合理的解释。引入转移成本理论模型的主要结论是，当转移成本相对较大时，允许企业采取“量身定价”策略可能提高社会总福利和企业利润；但当转移成本很大时，则可能会损害消费者福利。最后，分析了相关理论对监管政策的启示。
2022,数字技术赋能实体经济转型发展——基于熊彼特内生增长理论的分析框架,田秀娟;李睿,数字技术;实体经济发展;产业结构转型;经济增长,管理世界,0,数字技术是数字经济的基础，通过与实体企业和金融的融合共建赋能实体经济转型发展，孕育经济增长新动能。本文基于“创造性毁灭”机制，建立引入数字技术发展因素的多部门熊彼特内生增长动态随机一般均衡模型，分析了数字技术在实体产业部门和金融部门的应用转化对产业结构转型及经济增长的异质性影响。研究表明，数字技术与生产部门的集成整合将长期助力产业结构优化调整，深化实体经济数字化转型，推动经济高质量发展；数字技术与金融部门的深度融合在短期内因融资约束缓解而显著带动高技术产业发展，促进产业结构转型升级，加快经济增长动能转换。本文的研究为探索我国数字技术赋能实体经济转型发展的优化路径提供了政策参考。
2022,数字经济、非农就业与社会分工,田鸽;张勋,数字经济;非农就业;社会分工;消费互联网;工业互联网,管理世界,0,数字经济已经成为中国经济发展的新动能。本文以“宽带中国”政策作为数字经济发展的代理变量，将其与中国家庭追踪调查（CFPS）数据相结合，借助于双重差分法，发现数字经济能够显著促进非农就业。本文接着从数字经济的两大核心内涵（消费互联网和工业互联网）出发探讨了数字经济推动农村劳动力非农就业的内在机制：数字经济所带来的消费互联网（以数字金融为代表）的发展促进了农村低技能劳动力向低技能偏向的数字化非农行业流动，数字经济所带来的工业互联网（以自动化和智能化为代表）的发展促进了农村高技能劳动力向高技能偏向的数字化非农行业流动，这意味着数字经济能够依据劳动力技能实现有效的社会分工。这些发现均证实了数字经济的发展有助于推动经济结构转型。
2022,关键核心技术突破与国产替代路径及机制——科大讯飞智能语音技术纵向案例研究,胡登峰;黄紫微;冯楠;梁中;沈鹤,人工智能;A—U创新模型;“二次创新”模型;关键核心技术;国产替代,管理世界,0,在数字经济时代，新兴产业往往处于底层架构类基础科学不足和上层技术应用场景狭隘并存的复杂技术情境中，面临着无标杆、无方向、无引领与无主导范式的风险与机遇。通过自主创新、技术领域国产替代等，我国在新兴产业领域涌现出一批拥有自主知识产权、在国际上处于技术前沿的新兴企业。基于传统领先战略的A—U创新模型与我国过去跟随战略的“二次创新”模型都无法解释这类新兴企业如何通过自主创新，在关键核心技术领域实现国产替代；同时现有研究对处于同一起跑线的新兴企业如何实现领先亦缺乏充分的理论解释。本文通过对科大讯飞2000～2021年从跟随到领跑的智能语音技术国产替代过程展开纵向案例研究发现：我国新兴企业实现核心技术国产替代的路径机制中，遵循着一条基于关键核心技术范式预判的“技术链垂直化—产业链平台化—创新链生态化”的创新发展演进过程，其中基础技术科学创新与基础科学知识创新构成两个关键创新要素。关键核心技术突破与国产替代是发展中国家新兴企业实现价值链领先的重要路径。由此提出的“基于科学研究与市场应用纵横交替”的关键核心技术国产替代模型”，不仅推进了企业领先战略与技术创新管理两个领域理论的发展，而且对我国人工智能领域企业的创新发展有所启示。
2022,能源系统低碳转型中的挑战与机遇：车网融合消纳可再生能源,马少超;范英,能源低碳转型;电动汽车;可再生能源;车网融合V2G;政策建议,管理世界,0,随着我国能源系统低碳转型的不断推进，以电动汽车替代燃油汽车、以可再生能源发电替代火力发电为代表的低碳能源生产和利用技术应用规模迅速增加，导致承载能量传输任务的电力系统面临着大规模随机性充电需求和波动性发电消纳的双重挑战。借助电动汽车充电时间可调度、电池储能空间可用的特征，采用车网融合的模式解决上述能源转型过程中的供需结构性矛盾是极具潜力的研究领域。本文分析了车网融合的基础、评估了我国车网融合的技术和经济潜力，提出推进车网融合的关键是管理机制和引导政策。最后，结合电动汽车行业的政策演进历程，给出了逐步转向市场驱动的政策建议。
2022,智能制造与成本粘性——来自中国智能制造示范项目的准自然实验,权小锋;李闯,智能制造;成本粘性;资源配置,经济研究,0,近年来，智能制造成为我国企业进行工业智能化升级的重要手段。本文以中国智能制造示范项目的推广为准自然事件，研究和探索智能制造对企业成本粘性的影响效应及其机理。结果发现：智能制造的推广负面影响企业成本粘性，表明智能制造的推广具有成本粘性的抑制效应。机理分析发现，智能制造主要通过优化企业资源配置效率和提高企业信息处理能力等渠道抑制企业成本粘性。模式解构发现，相比协同式智能制造模式，生产式智能制造模式(离散型智能制造和流程型智能制造)更能有效抑制企业成本粘性；相比费用粘性，智能制造对成本粘性的抑制作用更显著。异质性因素分析表明，当企业员工知识水平较高、产权性质为国有以及位于中、西部地区时，智能制造对企业成本粘性的抑制效应更显著。价值效应考察发现，智能制造对企业成本粘性的抑制效应最终可带来公司当期以及未来业绩的提升，具有长期价值提升功能。本研究理论上拓展了“信息技术与会计”的研究范式，实践上为国家工业智能化的政策推广和企业运营战略开展提供了现实指导和启示。
2022,工时视角下头部企业工资溢价及成因,刘元春;丁洋,头部企业;工资溢价;雇佣量调整;工时分配,经济研究,0,大企业为什么会支付高工资?过去人们多从生产率优势的角度进行解释，但后者又源于哪里?本文试图从工时角度寻找新的答案。通过拟合小时工资曲线、求解生产者均衡发现，产出波动时小企业和大企业雇员调整均不及中型企业灵敏，致使小企业人均工时不足、中型企业人均工时达标、大企业人均工时超额。对应于均衡时均生产率，三类企业的人均生产率渐次上升，工资也会递增。利用2010—2020年上市公司数据发现头部企业的工资溢价明显，而这也确实源于生产率优势，但后者并不能从人力资本等传统视角得到解释。工时却是可能的钥匙：研究发现，扩张期头部企业吝于扩员，收缩期却不吝于裁员，员工能凭此瓜分更多工时并抬升人均生产率。这是阻碍劳动力流动的一种特殊机制。本文的结论能为促进工资公平提供新的视角。
2022,货币政策和宏观审慎政策双支柱调控框架效应研究,刘泽琴;蔡宗武;方颖,货币政策;宏观审慎政策;双支柱调控;宏观经济政策评估,经济研究,0,本文采用新的宏观经济政策评估方法——Rubin因果效应框架下的现代宏观经济政策评估方法，量化评估2007—2017年我国货币政策和宏观审慎双支柱调控框架对经济增长、物价稳定及金融稳定的影响。研究发现：(1)在宏观审慎政策保持中性的情况下，货币政策工具基本能实现管理总需求、调整产出的目标；货币政策主要通过调整货币供应量和信贷增速影响实体经济，但利率渠道的传导并不通畅。(2)在货币政策保持中性的情况下，宏观审慎政策也基本能实现调控金融稳定的目标，并对实体经济指标没有政策外溢影响。(3)货币政策和宏观审慎政策同时使用时，二者的同向组合可以进一步强化产出目标的实现，更快地完成调整产出的目标，但对金融稳定变量并没有政策效应的放大现象；货币政策和宏观审慎政策的同向组合减弱了单一货币政策对资本充足率和风险加权资产比例增长率的影响效应，其原因可能在于同向政策组合减弱了货币政策与银行风险承担水平的负相关关系。
2022,人工智能与包容性增长——来自全球工业机器人使用的证据,陈东;秦子洋,人工智能;包容性增长;机器人;岗位更迭效应;生产率效应,经济研究,0,人工智能是否引发收入差距扩大，关系到社会不平等的抑制与包容性增长的实现。本文采用产业层面的世界工业机器人安装数据，通过划分高中低三个技能层次的劳动者，考察了人工智能应用对各国产业内收入差距的影响、作用渠道及其产业间的溢出效应。研究发现：在岗位更迭效应和生产率效应的作用下，人工智能总体上促进了产业内的包容性增长，缩小了不同阶层劳动者的劳动收入差距；尤其是经济发展水平较高的国家、产业智能化发展期和处于上升期的产业更容易享受到岗位更迭效应与生产率效应带来的红利。但是，在各产业生产日趋网络化的条件下，人工智能应用也带来了产业间的负面溢出效应，加剧了其他产业的收入差距。本文结论有助于更加精准地帮助中低收入群体提高其收入水平，有计划地逐步推进产业智能化。
2022,大数据、技术进步与经济增长——大数据作为生产要素的一个内生增长理论,杨俊;李小明;黄守军,大数据;技术进步;经济增长;中间品质量阶梯;乘数作用,经济研究,0,"本文旨在揭示大数据对经济增长的内生影响，以大数据作为生产要素拓展了内生增长理论。一是将大数据作为新型生产要素从物质资本中剥离，在“创造性破坏”理论框架下将大数据内生化引入生产函数，构建了多部门熊彼特质量阶梯模型，理论演绎大数据促进中间品质量阶梯提升高度的“乘数作用”和引起“研发模式转型”。二是理论刻画了大数据驱动技术进步与经济增长的路径与机制，并进行数值模拟检验。研究表明：大数据与其他生产要素存在“融合成本”,导致“研发模式转型”抑制短期经济产出；在长期，大数据通过“乘数作用”提升中间品质量水平和促进技术进步，持续推动经济增长；大数据的“乘数作用”随其“应用程度”提高而放大；同时，在中国要素收入分配偏向资本情景下，大数据将发挥更大的经济增长效应。本文拓展了大数据影响经济增长的内生增长理论，为大数据发展提供理论支撑。"
2022,国有企业分类改革论,黄群慧,,经济研究,0,<正>一、引言对中国经济学研究者而言，如果绕开对中国国有企业改革发展问题的理论认知和实践了解，就很难说对中国经济问题与中国经济学发展有了全面认识。1978年以来，国有企业改革一直是中国经济体制改革的中心环节，而对于从计划经济体制转向市场经济体制的中国而言，国有企业改革发展问题自然会成为中国经济发展理论与政策研究中的重大问题。中国国有企业改革是一个复杂的经济现象。一方面，从计划体制向市场体制转型过程中，中国国有企业改革的确借鉴了诸如产权理论、委托代理理论、企业交易费用理论等市场经济条件下的现代企业理论。另一方面，中国建设的是社会主义市场经济体制，坚持以马克思主义政治经济学为指导，必须保证公有制经济主体地位，国有企业改革深化更多是问题导向的“摸着石头过河”的不断探索的结果。将社会主义与市场经济体制结合是中国共产党的伟大创举，而其中如何确定国有企业在社会主义市场经济体制中的地位、发挥其作用，是至关重要的。
2022,生产投入结构变动与企业创新：基于生产网络内生化的分析,刘维刚,生产网络;企业创新;生产投入结构;市场扭曲;技术溢出,经济研究,0,部门间生产关联变迁与企业创新对国民经济发展起着重要作用。本文将企业创新引入生产网络框架，分析了生产投入结构变动对企业创新的效应及作用机制，并使用中国投入产出数据和工业企业数据进行实证检验。研究发现：(1)在引入企业创新的生产网络内生情形下，生产投入结构变动能够提升创新的生产率转化，增加创新投入收益，降低企业生产投入成本，促进企业创新，理论分析和实证结论一致；(2)机制方面，创新的生产率转化和产品价格变动是生产投入结构变动影响企业创新的重要作用渠道。技术溢出有助于生产投入结构变动促进企业创新，而市场扭曲有抑制效应。就政策含义来讲，合理降低市场扭曲和制定有效创新政策有助于推动产业关联畅通，进而通过生产网络提升整个经济的创新水平。
2022,经济高质量发展,张占斌;毕照卿,,经济研究,0,<正>经济高质量发展，明确提出于2017年党的十九大，并在2017年的中央经济工作会议上得到进一步阐释，后构成有关中国经济发展问题的判断和主题。以习近平同志为核心的党中央提出的经济高质量发展，是党和国家基于中国特色社会主义进入新时代的历史方位、社会主要矛盾与发展格局重要变化，着眼于我国发展阶段、发展环境、发展条件面临的机遇与挑战，对中国经济发展阶段的科学判断;是当前和今后一个时期，贯彻新发展理念、确定发展思路、制定经济政策、实施宏观调控的根本要求;是立足社会主义现代化建设全局的战略选择，更是建设创新型国家，推动经济发展速度换挡、动力转换、结构优化，实现更有效率、更大动力、更为公平、更加安全、更可持续的高水平自立自强发展的必然要求。
2022,住房价格与经济增长：基于中间品需求渠道及其乘数效应的分析,侯成琪;肖雅慧,住房价格;经济增长;倒U型曲线;投入产出关系;中间品需求渠道,经济研究,0,本文通过在模型中引入房地产业与其他产业之间的投入产出关系，研究中间品需求渠道及其乘数效应如何导致住房价格对经济增长产生倒U型的影响。本文的研究发现：引入投入产出关系不仅能够提高模型对中国经济的解释能力，而且会通过中间品需求渠道及其乘数效应导致稳态中住房价格与产出水平之间出现倒U型关系——当房价较低时，两个部门之间的投入产出关系使得中间品需求和最终品需求相互带动，导致住房价格上涨会拉动经济增长；但是，当房价超过某一个阈值时，房价上涨带来的中间品价格上涨和生产成本上升导致厂商降低产出水平和对中间品的需求，中间品需求渠道及其乘数效应开始发挥反向的作用，导致房价上涨会抑制经济增长。根据中间品需求渠道及其乘数效应，在房地产调控中一方面要充分发挥房地产业作为国民经济重要支柱产业的作用，将促进房地产市场平稳健康发展作为调控总基调，避免调控政策大起大落；另一方面要充分认识到房价上涨过快对经济增长的不利影响，坚决贯彻“房子是用来住的，不是用来炒的”调控原则，遏制房价过快上涨。
2022,基于异质性资产回报率的中国财富不平等研究,郭杰;陶凌峰,财富不平等;顶层财富集中;异质性资产回报率;再分配政策;共同富裕,经济研究,0,财富不平等对于我国经济发展和社会稳定具有重大影响。本文构建包含预防性储蓄、生命周期、代际传递、个体异质性资产回报率和城乡差异的不完全市场模型，定量评估不同因素对财富不平等的相对影响及一系列初次分配和再分配政策的有效性。研究发现：(1)异质性资产回报率是财富不平等和顶层财富集中的核心影响因素，城乡资产回报率差异是城乡财富差距的关键成因。(2)对高财富家庭的财产和资本利得征税能够有效抑制不平等和顶层财富集中，但福利损失大；调节劳动收入能够改善财富分布但是对顶层财富集中的影响小；提高社会保障水平会加剧财富不平等。(3)初次分配结构对财富分布和再分配政策有效性具有重要影响。本文的研究结论对于如何治理我国财富不平等、实现共同富裕具有重要的参考价值。
2022,中国全要素生产率演变的测度和多重效应分解：偏向性技术进步视角,李小克;李小平,新增长核算;“二次理论产出”;偏向性技术进步;TFP增长率;要素边际产出增长率效应,经济研究,0,本文引入新增长核算提出的“Solow理论产出”和“二次理论产出”概念，设计出偏向性技术进步情境下衡量TFP的要素增强型C-D生产函数，将偏向性技术进步对TFP的影响从要素投入对产出的影响中干净地剥离。在此基础上，从单位要素生产率变化、要素边际产出变化和异质性纯技术进步效应变化等多重效应分解的新角度揭示了TFP演变的来源和机制。研究发现：(1)改革开放以来的单位劳动生产率增长率效应普遍高于单位资本生产率增长率效应，劳动生产率水平提升弥补了资本生产率下降的不利影响；(2)市场经济时期的资本边际产出增长率效应普遍为负，大规模投资驱动引发的资本边际产出递减抵消了相当多的劳动边际生产率增长率效应，逐渐引发了中国TFP增长率的长期损失；(3)全球金融危机前中国TFP增长率主要源自纯中性技术进步效应，全球金融危机后要素配置数量与偏向性技术进步的适宜程度恶化，纯偏向性技术进步效应下滑是中国TFP增长低迷的重要原因。促进要素驱动发展模式与创新驱动战略有机结合，实现要素配置数量增长与技术进步偏向变迁相协调，对于中国经济发展由数量投入驱动转向质量效率驱动具有重要意义。
2022,中山大学商学院诚聘海内外高层次人才,,,经济研究,0,"<正>中山大学由孙中山先生创办,有着一百多年办学传统。作为教育部直属高校,通过部省共建,中山大学已经成为一所国内一流、国际知名的现代综合性大学。由广州校区、珠海校区、深圳校区三个校区的五个校园及十家附属医院组成。中山大学正在向世界一流大学迈进,努力成为全球学术重镇。中山大学商学院是学校在深圳校区成立的首家人文社科学院。学院依托学校强大的学科综合优势,厚植于学校经管学科积淀,以服务国家创新驱动发展战略为导向,致力于金融市场和商业管理等领域研究,重点建设理论经济学、应用经济学和工商管理三个一级学科。"
2022,大国发展格局论：形成、框架与现代价值,欧阳峣;汤凌霄,,经济研究,0,"<正>《新帕尔格雷夫经济学大辞典》里没有“发展格局”词条，但有“循环流动”（circular flow）的概念。弗朗索瓦·魁奈（Francois Quesnay,1758）曾用“血液循环”来描述生产循环过程;里昂惕夫（Leontief,1928）主张以循环流动原理作为经济学理论的奠基石。1现有文献中，霍利斯·钱纳里（Hollis Chenery,1975）最早提出“发展的格局”的概念（patterns of development，另译为“发展的型式”），他从国家规模的角度阐述了“大国格局”和“小国格局”，并且以偏重内向政策还是外向政策为标准区分两种类型。2中国经济学家创建的大国发展格局论是大国经济发展理论的重要内容，既是新中国探索经济发展模式及其演变的经验总结，也是中国经济学家对大国经济发展规律的理论概括，对于发展中大国经济发展战略的选择和转型具有普遍意义。"
2022,执行协商的政策效果：基于政策裁量与反馈模型的解释,赵静,政策效果;执行协商;政策裁量与反馈模型;政策执行,管理世界,0,面对经济社会转型的大量政策需求和国家超大治理范围与规模的施政困难，政策过程中的执行协商机制为政策落地提供了民主化与科学化的路径保障，但其运行下的政策效果仍待厘清。本文构建政策裁量与反馈模型以解释现实中执行协商出现的多种政策效果。两个关键的政策属性要素，政策裁量性和政策反馈性决定执行协商机制的功能发挥，出现政策结果调试、政策结果偏移、政策结果见效、政策结果失败4类情况。通过对我国转型期经济领域的4个重要改革案例分析，研究揭示了政策属性塑造执行协商进而影响政策效果的机理。研究的重要启示是在裁量可行性低和反馈可得性低的政策领域中注重科学决策推进，在裁量可行性高且反馈可得性低的政策领域中约束官僚自由裁量，可有效优化公共政策实施效果。政策裁量与反馈模型为国家治理与精准施政提供了重要的学理基础，可部分解释转型期中国公共政策丰富的执行经验与多样的政策效果。
2022,算法责任：理论证成、全景画像与治理范式,肖红军,算法;算法责任;社会责任;数智经济,管理世界,0,随着算法时代的来临，算法责任缺失与异化现象频繁出现，引发普遍的算法焦虑甚至算法危机，但目前对算法责任和算法责任治理的研究尚处于起步阶段，研究系统性和深度都存在不足。本文从理论证成算法责任命题的正当性与合理性出发，认为算法承载“代理者”角色是算法责任产生的认知基础，算法存在的社会嵌入、算法主体的价值迁移和算法结果的社会影响等算法的多元价值载荷是算法责任生成的根本缘起，算法权力崛起孪生出匹配性的算法责任、算法滥用催生出约束性的算法责任是算法责任出场的现实逻辑，而算法责任的综合性、代理性和隐蔽性特点则是其作为一个新命题出现的合理性所在。基于不同时期对算法本质与算法责任本质认知的演变，算法责任观经历了技术中立视域下的责任否定观、技术伦理视域下的道德算法观、人技信任视域下的“可信赖的算法”观、社会责任视域下的“负责任的算法”观的流变与迭代。作为构建“负责任的算法”的基础，算法责任的完整画像由责任缘起、责任性质、责任基础、责任主体、责任对象、责任内容、责任程度和责任机制等8个构面构成，并在算法作为纯粹执行者、辅助决策者和独立决策者情形下呈现出差异化的画像“拼图”。本文结合治理要素即对“人”的治理、对算法的治理、对社会的治理和责任机制即社会责任融入、负责任研究与创新、敏捷治理，构建了算法责任综合治理范式的九宫格模型，构造出算法责任治理的9种方式。在此基础上，构建了算法责任治理方式与不同算法场景的适配性矩阵，提出在算法责任治理中政府应当加快算法责任制度供给与创新算法监管方式，企业需要全面落实算法责任议题与构建可持续性算法商业模式。
2022,机构投资与金融稳定——基于A股ETF套利交易的视角,姜富伟;宁炜;薛浩,机构投资;金融稳定;ETF;系统性风险;套利交易,管理世界,0,大力发展机构投资者有助于完善资本市场基础制度，促进金融市场高质量发展。但机构投资者以及机构投资工具的无序发展也可能损害金融稳定。本文创新性地以ETF这一机构投资者最主要的高流动性指数化投资工具为切入点，探讨机构投资对金融稳定的影响和微观机制。本文发现：ETF并不能在市场压力时期为股票形成流动性缓冲，反而会加大股票的系统性尾部风险，引起金融不稳定。在进行指数股票切换准自然实验的工具变量回归以及多种稳健性检验后，上述结果仍然成立。机制分析表明，机构投资者的套利活动尤其是折价套利活动是ETF增加股票系统性尾部风险的重要微观机制。此外，ETF对股票系统性尾部风险的影响存在着门限效应和非对称效应，并且受市场交易制度灵活性的影响而存在异质性。借助ETF这一金融工具创新，本文将研究视角由机构投资者扩展到机构投资工具，对于辨证地理解机构投资对金融稳定的综合影响具有重要意义。
2022,打破刚性兑付能降低企业融资成本吗？,王茹婷;彭方平;李维;王春丽,刚性兑付;融资成本;风险溢价;双重机器学习,管理世界,0,本文结合债券市场和上市公司数据，应用双重机器学习方法，检验了打破刚性兑付这一事件对中国债券市场利率的影响。本文发现，打破刚性兑付不仅没有有效降低企业融资成本，反而引起市场整体融资成本上升，且对于不同企业的影响表现出显著的异质性。具体来讲，打破刚性兑付使得低信用企业，特别是高风险民营企业的融资成本显著提高；而对高信用民营企业融资成本没有显著影响。上述研究结论说明在无法有效降低风险溢价的情况下，寄希望于打破刚性兑付来降低企业融资成本是不现实的。
2022,市场化改革提升了定价效率吗？——来自注册制的证据,赖黎;蓝春丹;秦明春,注册制;科创板;市场反应;炒新;定价效率,管理世界,0,2018年11月5日，习近平总书记宣布科创板试点注册制。立足A股历史性市场化改革事件，本文从市场反应和新股市场表现等视角，考察注册制对市场定价效率的影响，研究发现：第一，相比其他板块，科创板新股实际首日收益率更低，连续涨停天数更少；第二，注册制宣告后，壳企业的短期和长期市场反应更差；第三，相较宣告前，注册制宣告后非科创板新股实际首日收益率和连续涨停天数下降；第四，注册制对新上市的概念股、科技股以及被媒体追捧股票的炒作抑制作用更明显。文章从投资者预期角度，检验了注册制实施初期的政策效果，发现注册制提升了市场定价效率，有利于理解我国资本市场的运行规律和投资者决策逻辑。
2022,数字时代信息嵌入式监管工具对线上绿色消费行为的推进效应——绿色购买场景模拟和监管工具设计实验,王建明;赵婧,绿色消费;推进效应;政策组合;嵌入式监管;政策模拟实验,管理世界,0,大数据、人工智能等新兴数字技术对推进绿色消费行为的监管产生了变革性影响，这种影响不仅体现在技术层面的监管效能提升上，还体现在监管工具设计创新上，以响应数字时代绿色消费方式和消费场景的改变。文章立足数字时代背景提出信息嵌入式监管工具范畴，基于“工具—机制—效果”的分析框架，通过模拟在线绿色购买场景、设计监管工具的组间随机控制实验，检验信息嵌入式监管工具(包括自我受益信息、环境受益信息两类信息，分别嵌入经济激励型、命令控制型两类监管工具)的推进效应。研究发现，单一经济激励型(命令控制型)监管工具的推进效应不如信息嵌入式监管工具，且不同信息嵌入组合有不同的推进效应。信息嵌入放大了经济激励的效果，也缓释了命令控制的负面影响，且信息嵌入会改变消费者的信息处理路径。在此基础上，进一步分析了嵌入式监管工具产生效果的内在原因及其作用机制，并运用因果中介分析方法进行了检验。文章构建了信息嵌入式监管工具的启动—决策机制模型，打开了监管工具的作用机制黑箱。为数字时代推进线上绿色消费行为的监管工具设计提供了实证研究基础，也为推进线上绿色消费行为的监管工具效果研究提供了全新的解释框架。
2022,知识产权数据治理研究,董涛,知识产权;数据;数据产权;数据治理,管理世界,0,数据化进程给知识产权的治理结构和治理模式带来了较大变化。知识产权数据治理就是用数据技术将现实世界中知识产权的运行投射到数字空间中，将背后的隐藏信息提取出来，尽可能准确地刻画知识产权的运行规律，为知识产权政策决策与行为规范提供数据支持，以提升知识产权治理的能力与效率。在知识产权数据治理的建构过程中，还面临着制度数据刻画不足、算法伦理与数据正义、数据产权的法律属性以及数据平台行为规制等障碍与挑战。要从信息采集、处理、分析与应用等技术赋能与理念、制度、组织、法律、伦理等多维度的协同支撑与规范制约两方面完善知识产权数据治理。要立足于数据时代的客观要求，在知识产权数据治理中确立新型价值观，构建更加合理的知识产权数据治理架构，进一步扩大知识产权数据供给，加大知识产权数据的国际合作，以推动知识产权治理体系的完善与治理能力的提升。
2022,提高“自给率”还是提升“主导权”？——基于政策模拟的粮食贸易体系研究,倪国华;王赛男;金燕红,自给率;主导权;政策模拟;粮食贸易,管理世界,0,本文构造了未来30年中国粮食贸易体系运行的理论机制，设定了“2020～2025年”、“2030～2035年”和“2050～2055年”3个基期，重构了“综合粮食”和“外国”的概念体系。通过基于MATLAB架构的RECS模拟量化比较了30万组可能的未来场景，尝试回答了未来中国如何把控粮食贸易“主导权”的问题。模拟表明：未来30年，如果中国始终将政策目标确定为在生态红线范围内尽可能提高“自给率”，则可在现有WTO规则下通过精准的政策组合基本掌控主导权，如果政策工具选择失当，将处于被动局面；如果国际贸易形势有利，则可通过政策工具的量化组合拥有更大主导权；只要政策选择适当，即使国际贸易形势变得不利，仍能拥有一定的主导权。在“2050～2055年”基期之后，将会进入“掌控型主导”的战略优势状态。
2022,论中国式现代化的经济学维度,洪银兴,中国共产党;中国式现代化;经济维度,管理世界,0,本文从经济维度考察中国式现代化思想的提出、目标、道路、新征程的开启和制度基础，系统总结中国共产党带领中国人民对中国式现代化新道路的探索经验与远景展望。中国式现代化不仅要符合现代化的一般特征，更要体现中国国情和进入新时代后中国特色社会主义的发展要求。中国式现代化，最终目标定位是赶超发达国家。同步推进新型工业化、信息化、城镇化、农业现代化是中国的独特创造，不仅需要准确把握这“四化”在新时代的新内容，还要按照共同富裕的要求，关注农村和后发展地区现代化的跨越，建立彰显优势联动的现代化区域协调发展体系。高质量开启中国式现代化的基本路径是转变经济发展方式，指导原则是完整准确全面贯彻新发展理念，落脚点在于建设现代化经济体系。具体要求：一是建设现代化经济体系；二是以创新作为引领现代化的第一动力；三是加快构建新发展格局。中国式现代化以制度现代化为前提，需要推进市场现代化和政府现代化。中国式现代化新道路开创了人类文明新形态，指导中国现代化新道路的中国式现代化理论也将得到世界认同。
2022,中国人口红利与产业结构转型,颜色;郭凯明;杭静,产业结构转型;人口红利;劳动力供给;人口转变,管理世界,0,改革开放后中国劳动力供给和人口规模保持了40年左右增长，形成了人口红利，这对产业结构转型产生了什么影响？总结中国发展道路成功历程，既能为新阶段实施应对人口老龄化国家战略、推动经济高质量发展提供事实基础，也能为其他国家发掘人力资源、推动结构转型提供中国经验。本文在多部门动态一般均衡模型中引入了劳动力供给和人口规模变化趋势，以及投资结构和市场摩擦等中国经济特征，展示了劳动力和人口影响产业结构转型的经济机制。本文发现改革开放后中国劳动力供给增长对产业结构转型影响显著，平均降低了农业就业比重7.2个百分点，相当于降低20%左右的农业劳动转移成本。本文为中国应对人口转变推动产业结构转型提出了政策建议。
2022,负责任的国际投资：ESG与中国OFDI,谢红军;吕雪,对外直接投资;可持续发展;ESG;资本成本;融资约束;外来者劣势,经济研究,0,"伴随着各国愈发追求可持续发展的时代变局，驱动跨国公司对外直接投资(OFDI)的特定优势内涵已发生深刻变化。负责任的国际直接投资意味着，企业对环境、社会和治理因素(ESG)的重视以及由此构建的ESG优势，可能成为推动OFDI的新型竞争优势。为此，本文尝试探究了ESG优势对中国企业OFDI的影响及其作用机制，并利用2009—2019年A股上市公司数据展开检验。研究发现，ESG优势能够显著而稳健地提升上市企业对外投资的可能性和规模。ESG的投资促进效应主要体现在绿地投资且在投资决策方面对非国有企业的作用略明显。机制分析表明，ESG优势不仅能从内部降低企业跨境投资的资本成本(主要是债务成本),缓解融资约束，而且在面临不同的东道国ESG时，可以灵活利用社会和治理方面的优势、克服环境因素引起的外来者劣势，进而提升企业的OFDI活动。本文较早地证实了企业ESG优势对其国际直接投资的积极影响，这不仅在微观上揭示了负责任企业在建设更高水平开放型经济新体制中日益重要的地位，而且对于向全球传递负责任企业和大国形象、实现人类命运共同体理念具有重要启示。"
2022,减税政策与地方政府债务——来自增值税税率下调的证据,张牧扬;潘妍;范莹莹,增值税税率下调;税债替代;担保效应;财政可持续性,经济研究,0,2017年以来，中国采取了力度空前的增值税税率下调政策，切实降低了企业税收负担，但也不免引发社会各界对地方政府财政可持续性的担忧。本文基于2017—2019年中国192个地级市财政预决算数据，以城投债为切入点，检验了增值税税率下调是否引发地方政府债务膨胀，即“李嘉图等价定理”描述的“税债替代”现象是否存在。研究发现，增值税税率下调非但没有促进地方政府债务膨胀，反而对其有抑制作用。这主要与税收对地方政府债务形成的“担保效应”有关。“担保效应”主导下，税债之间形成了互补关系，即“李嘉图等价定理”在中国地方政府层面并不成立。本文研究结论表明，较之过分担心减税引致地方政府债务风险上升，现阶段更需关注地方财政收支失衡可能引发的财政风险问题。
2022,流动性囤积视角下的影子银行及其监管,项后军;周雄,流动性囤积;影子银行;金融监管;实体经济,经济研究,0,本文从流动性囤积视角出发，基于2010—2017年中国166家商业银行的流动性囤积水平及3种影子银行数据的测算工作，较为全面地研究了影子银行及其监管政策对银行流动性囤积水平的影响。研究结论显示：无论采用何种影子银行代理变量，影子银行对银行流动性囤积水平均具有显著的负向影响。对影子银行的金融监管则会弱化影子银行对银行流动性囤积水平的负向影响，使得银行中流动性囤积水平上升从而影响到流入实体经济，这可能也是近年来造成实体经济“融资难”等问题的原因之一。结合监管政策的异质性分析表明，金融监管弱化影子银行对银行流动性囤积水平的负向作用效果仅在中小银行、低资本充足率的银行中存在。对此，本文认为对影子银行的监管持“堵中有疏”的态度，可能会更有助于缓解当前实体经济的融资困境，提升金融服务实体经济的效果。
2022,RCEP、全球价值链与异质性消费者贸易利益,张洁;秦川乂;毛海涛,全球价值链;RCEP;个体贸易利益;结构模型,经济研究,0,"在各国相互依赖的全球价值链时代，区域贸易协定的签署定会波及不同国家的异质性消费者，引致不同群体所获开放成果存在差异。本文选取《区域全面伙伴关系协定》(RCEP)这一特定区域贸易协定，构建一般均衡模型，量化评估该协定对个体贸易利益的影响。研究发现，首先，RCEP关税削减提高了所有成员国及部分非成员国消费者贸易利益；其次，在全球价值链框架下，区域贸易协定会对各国异质性消费者产生差异化影响，引致开放成果分配不均，RCEP关税削减对除印度和韩国之外的国家高收入消费者更有利；最后，反事实分析表明，若中国不加入RCEP,不仅自身福利受损，也会对大部分国家产生负面影响，若印度加入RCEP,将在提高本国消费者福利的同时，进一步增加所有国家整体福利。综上所述，RCEP是把“双刃剑”,在提升整体消费者贸易利益的同时，也会拉大不同收入消费者福利差距。这提醒我们，在全球价值链时代，享受区域贸易协定带来的积极经济效应的同时，也应选择合理的国内配套政策，防范其带来的负面影响，以获取更大的开放成果。"
2022,目的国进口偏好差异化与中国跨境电子商务出口——兼论贸易演变的逻辑,郭继文;马述忠,跨境电商;传统贸易;偏好差异化;引力模型;贸易演变,经济研究,0,数字经济时代消费者日益凸显的个性化、差异化偏好能够通过跨境电商被直接满足，是数字贸易区别于传统贸易的重要表现。本文基于CEPII的HS6位贸易数据测度了各国进口偏好差异化程度，并结合中国跨境电商的详细物流数据构造了行业—年份—目的国层面的微观面板数据集，在此基础上实证检验了目的国进口偏好差异化对中国跨境电商出口的影响。研究发现：第一，目的国进口偏好差异化程度越大，中国对其跨境电商出口越多，核心机制在于该类市场为跨境电商提供了更多的市场机会；第二，上述效应在差异化产品、消费品、中间品贸易中表现更加明显；第三，对效应进一步分解发现，目的国的差异化偏好主要能够提升中国对其跨境电商出口的扩展边际、数量边际及出口概率；第四，通过构造同一篮子的传统贸易样本对比研究发现，目的国进口偏好差异化程度越大，中国对其传统贸易出口越少，呈现出与跨境电商相反的结果，这背后反映出从传统贸易向数字贸易演变的过程中，出口企业的生产、交易及获利模式发生了明显变化。本文在一定程度上丰富了有关偏好与贸易关系的研究，并为数字经济时代下我国如何进一步发展壮大跨境电商产业提供了富有价值的参考。
2022,全球价值链中跨国公司活动测度及其增加值溯源,祝坤福;余心玎;魏尚进;王直,跨国公司;全球价值链;国际投入产出模型;属权增加值,经济研究,0,"跨国公司通过跨境直接投资成立国外分支机构和组建生产网络，是全球价值链的组织者和关键参与者。跨国公司的生产和贸易活动与本土企业具有显著差异，然而现有的全球价值链核算框架却并未对跨国公司与本土企业进行区分。本文在Wang et al.(2017)所提出的全球价值链生产分解框架的基础上，纳入跨国公司异质性，提出了一个能够识别和测度跨国公司活动的全球价值链核算新框架，并识别出传统框架中“被忽视”的FDI相关全球价值链生产活动。基于该框架，本文发现：(1)FDI相关的全球价值链活动约占全球GDP的10%,这意味着传统基于国际贸易测算的全球价值链活动被低估了近乎一半，且这一“低估”问题在高研发强度行业、高收入经济体尤为凸显；(2)与美国相比，中国制造业的贸易相关全球价值链活动占比较高，但FDI相关全球价值链活动则处于相对较低的水平；(3)中国FDI相关的全球价值链活动中，有三分之二以上来自外资企业与本土企业之间的生产关联。此外，本文还考察了跨国公司投资收益的分配情况，在贸易增加值统计方法上实现了从“属地原则”向“属权原则”的转变。在“属权”口径下，中国的贸易顺差和美国的贸易逆差都大幅降低。"
2022,农业与工业化,张建华,,经济研究,0,<正>农业，是利用动植物的生长发育规律，通过人工培育来获得产品的各部门统称。农业属于第一产业，农业的劳动对象是有生命的动植物，获得的产品是动植物本身，提供食品及工业原料。广义农业是指包括种植业、林业、畜牧业、渔业等产业形式；狭义农业是指种植业，包括生产粮食作物、经济作物、饲料作物和绿肥等农作物的生产活动。农业是提供支撑国民经济建设与发展的基础产业。农业是人类衣食之源、生存之本，是一切生产的首要条件。它为国民经济其他部门提供粮食、副食品、
2022,农民工现象及其经济学逻辑,张车伟;赵文;李冰冰,,经济研究,0,<正>“农民工”是改革开放后出现在我国的一类特殊社会群体，其根源主要在于我国特有的户籍制度和土地制度，因此，农民工从本质上来看是一个制度现象。所谓农民工，简单说来就是指主要从事非农工作的农民，他们主要在城市工作和生活，仍然保留着农村户籍和权益，同时又无法享受和城市居民一样的公共服务。农民工现象之所以被社会广泛关注，是因为他们规模庞大，身份特殊，离开农村又难以融入城市，成为经济社会转型中的一类“脆弱”群体。正是因为农民工群体的存在，
2022,脱贫农户的社会流动与城乡公共服务,朱玲;何伟,农户内部分工;劳动力转移;社会流动;公共服务,经济研究,0,本文借助调查数据和案例分析，考察脱贫农户和迁移劳动者的社会流动以及他们对公共服务的需求。主要发现：第一，在新冠肺炎疫情大流行期间，脱贫农户依然通过家庭内部分工支持青壮劳力转向城市就业和落户。留守村庄的人口严重老龄化，然而老年长期照护筹资和服务均不足。第二，农民家庭普遍实现了代际教育流动。部分乡-城迁移劳动者进入劳动力市场前，利用助学贷款完成了中等专业教育和高等教育。第三，在获得正规就业岗位的受访者及随迁家庭当中，大约4/5跨越了中等收入群体的最低门槛，将近1/4的家庭利用银行贷款在城市购买住房。第四，迁移劳动者失业期间极少得到城市救助或受惠于失业保险。随迁家庭也难获得适合其收入水平的托幼服务。因此，有必要实行普惠制的老年和幼儿照护补贴，以促进城乡社会保障及公共服务体系的融合。
2022,地价高估、公共投资与资源错配,赵扶扬,土地价格高估;多重均衡;公共投资;资源错配;宏观审慎,经济研究,0,地方政府通过土地的出让和抵押为公共投资进行融资，是以土地价格快速上涨为基础的。当前我国住宅和商服用地的价格水平较高，已经超出了基本使用价值，存在高估。本文在资产泡沫理论框架中，引入地方政府土地融资行为和公共投资行为并构建模型，该模型可以产生多重均衡，即土地价格处在基本面的均衡和高于基本面的均衡。高估的土地价格为地方政府提供流动性，放松了融资约束。但地价高估导致了资源错配：公共资本的过度积累和地方政府债务的扩张提高了金融市场利率，潜在地挤出商业投资，抑制产出水平。尽管存在资源错配，但直接刺破高估价值将使地方政府债务失去土地融资的支撑，可能会在短期带来金融系统稳定和地方财政可持续性的两难选择，从而对实体经济带来负面影响。本文讨论了能够平抑地价并兼顾短期稳定和长期效率的宏观审慎政策。
2022,社会主义收入分配理论,杨灿明,,经济研究,0,<正>收入分配是经济学中一个永恒的话题，它不仅与经济发展质量息息相关，更关乎社会和谐稳定。在社会主义革命和建设中，特别是在改革开放和新时代的伟大实践中，社会主义收入分配理论逐步建立并不断完善。社会主义收入分配理论扎根于马克思主义收入分配理论，在发展的过程中凝聚了中国特色，形成了以三大基本经济制度为支撑、以三次分配制度为架构，兼顾财富、能力和社会流动等多维因素的理论体系。从强调做大蛋糕、先富带动后富，到关注发展的普惠性和民众的获得感，
2022,外部产业投资与区域协调发展——来自“三线建设”地区的证据,林晨;陈荣杰;徐向宇,区域协调发展战略;贫困陷阱;“三线建设”地区,经济研究,0,"为持续缩小区域发展差距、塑造优势互补的区域经济新格局，中国深入实施区域协调发展战略。从实施情况看，政策在不同地区的效果存在明显差异。本文从理论和实证的视角研究哪些地区在接受产业政策投资后能够被拉出“贫困陷阱”。在理论模型中，本文分析“贫困陷阱”的成因和外部投资的效果，提出资本积累不足、技术落后和市场效率低下是形成“贫困陷阱”的重要原因，只有在具备高市场效率的前提下，外部投资才可以帮助后发地区逃离“贫困陷阱”,而自然资源禀赋对外部投资有效性的影响不确定。为检验理论假说，本文以“三线建设”为准自然实验，采用工具变量估计发现：市场化程度越高和历史越繁荣的地区，在接受“三线建设”投资后能促使劳动力集聚、关联企业生产率提升和技术外溢，诱发集聚经济的形成，外部产业投资对当地经济的长期促进效应更为明显，而自然资源禀赋对产业投资的长期效应则没有明显的影响。将GDP变量替换成人均GDP、考虑原材料禀赋的影响之后，结果保持稳健。本文的研究结果为精准制定区域协调发展战略，以更高效率促进公平提供了参考。"
2022,第七届中国信息经济学乌家培资助计划（2022）评选公告,,,管理世界,0,<正>【评选条件】（1）评选对象需在国内外学术期刊发表信息经济和信息管理领域的论文（发表时间不限），其中代表作3-5篇（第一或通讯作者）；（2）代表作具有重要的学术创新性和影响力；（3）评选对象为具有中华人民共和国国籍、2022年7月31日前不超过45周岁的学者。【资助计划】资助人数为1-3名，资助总额为20万元人民币。【获资助者博士生团队持续资助机制】本年获资助者指导的博士生团队，次年自然获得“中国信息经济学乌家培优秀博士生计划”，资助总额为10万元人民币，后续资助根据首次资助后的学术创新成效而定。
2022,欢迎报名参加2022年系列“学术研究与论文写作”研修班,,,管理世界,0,<正>2022年第一期“学术研究与论文写作”研修班为进一步推动学术界对数字经济的深入研究，《管理世界》经济研究院拟定于2022年4月9日～10日在北京市举办2022年第一期“学术研究与论文写作”研修班，研修班聚焦数字经济，由北京师范大学经济与工商管理学院协办。2022年第二期“学术研究与论文写作”研修班为了推广质性研究方法在学术研究中的应用，
2022,从金融向实体：流动性风险的微观传染机制与防范手段——基于中小企业融资担保行业的多案例研究,谭智佳;张启路;朱武祥;李浩然,中小企业;融资担保;风险传染;风险管理;案例研究,管理世界,0,经济下行期，风险传染效应对经济冲击的催化作用对我国金融体系带来挑战。现有研究忽略了从银行、担保等金融机构向实体企业的流动性风险传染渠道及其放大、加速效应，少有对此的防范机制与政策建议。本文基于我国10家中小企业融资担保机构或组织的不同风险管理模式与稳定性，探究流动性风险的微观传染机制及管理策略。研究发现：流动性风险可以通过交易关系传染；从金融机构向实体企业的风险传染效应是存在的；途经金融机构的风险传染存在特殊的扩大、加剧、加速效应。有效应对手段包括行为风险抑制策略和经营风险管理策略。前者包括寻找相关的风险分担方和及时处置不良资产，后者包括平衡谈判地位和收益风险配置、构建经营大数据预警体系。本文丰富了风险传染理论，对融资担保业金融创新的实践和监管亦有贡献。
2022,数字技术如何构建供应链金融网络信任关系？,宋华;韩思齐;刘文诣,行动者网络理论;供应链金融;信任关系;案例研究,管理世界,0,近些年来，伴随着“青岛港事件”、“诺亚财富踩雷事件”等众多金融事件的爆发，供应链金融中的信任危机成为产业发展的重要挑战，而数字技术被认为是解决这一问题的有效途径。本文从行动者网络理论视角出发，以普洛斯金融为研究对象，探讨了金融服务提供商构建供应链金融网络的过程以及数字网络构建中信任关系的形成。研究发现，供应链金融网络信任关系的构建是一个行动者冲突产生与化解的动态过程，并经历了洞察信任危机、动员信任主体、整合信任要素、构建信任体系4个阶段。此外，作为信任中介的金融服务提供商把握数字技术的使能机制是信任关系构建的核心环节，数字技术的使能主要表现为双层部署与实时连接、交叉验证与智慧决策、技术组合与模块开发、场景渗透与信息密度迭代。本文拓展了供应链金融场景下信任关系的研究，丰富了数字技术在网络信任构建中的作用机理。
2022,从价值交易走向价值共创：创新型企业的价值转型过程研究,李树文;罗瑾琏;胡文安,价值转型;数字化转型;数字战略认知;连接迭代;赋新迭代;数字跃升;数字资源能力,管理世界,0,随着数字情境的不确定性日益骤增，企业与客户间价值关系也逐渐从产品主导逻辑的价值交易转变为服务主导逻辑的价值共创。尽管现有研究提出了这种价值转型前后的特征差异，但关于创新型企业如何从价值交易转变为价值共创缺乏深入理论探讨。本研究以容智信息科技公司为调研对象，构建出创新型企业在数字化转型进程中从价值交易到价值共创的转型过程模型。研究发现：（1）企业从价值交易转向价值共创需依次经历连接迭代与赋新迭代两个过程；（2）在连接迭代中，企业依次通过前瞻性认知、适应性重构、创造性搜寻打破资源受限，形成数字资源优势，实现从产品提供商到数字化赋能企业、以产品为中心到以客户为中心的转变；（3）在赋新迭代中，企业依次通过数字资源能力的聚合、数字产业链的衍射、数字生态的共生突破优势选择，发展智能生态，实现从满足客户现有需求到挖掘客户潜在需求、从产品主导逻辑到服务主导逻辑的转变；（4）创新型企业的价值转型表现出一种在数字战略认知中的持续迭代与数字跃升逻辑，分别在连接与赋新迭代中解决资源受限与优势选择问题。本文研究结论不仅解构了数字战略认知框架，建构了创新型企业数字化转型的双重逻辑，而且延伸了数字化转型情境下组织能力理论。
2022,本土制造业企业如何在绿色创新中实现“华丽转型”？——基于注意力基础观的多案例研究,解学梅;韩宇航,绿色转型;制度逻辑;资源编排;绿色创新;注意力基础观,管理世界,0,在“碳达峰、碳中和”战略目标以及绿色发展新时代背景下，制造业企业的绿色创新和转型升级成为重中之重。本研究基于注意力基础观的元理论框架，采用纵向多案例研究方法，选择4家典型的制造业企业，深度剖析制造业企业绿色转型演化过程“制度逻辑驱动→资源编排过程→绿色转型结果”的内在形成机制。研究结果发现：（1）制造业企业的绿色转型过程可以划分为传统发展期、绿色转向期和绿色转型期3个时序区间，且不同阶段的主导逻辑、资源编排方式和绿色创新行为特征存在显著差异；（2）不同制度逻辑和资源编排过程衍生出4种差异化的绿色转型模式：“产业链绿色集成模式”、“供应链绿色整合模式”、“多重响应绿色蝶变模式”和“隐形冠军绿色追赶模式”；（3）不同绿色转型模式通过调整注意力配置对象和注意力聚焦方向，可以通过“长视引领绿色跃迁路径”、“价值重构绿色跃迁路径”和“双重预见绿色跃迁路径”实现更高程度的绿色转型。综上，在理论上，本研究丰富了注意力基础观在绿色创新领域的应用研究；在实践层面，研究结论为“双碳”目标下我国制造业企业的绿色转型升级提供了有益的管理启示。
2022,交通基础设施建设与产业结构升级——以高铁建设为例的实证分析,孙伟增;牛冬晓;万广华,高铁;产业结构升级;分工效应;趋同效应;学习效应,管理世界,0,本文从城市间互动的角度首次系统地归纳提出交通基础设施影响产业结构的3个效应：分工效应、趋同效应和学习效应。接着，论文利用2005～2019年中国280个地级及以上城市的面板数据，从效果和机制两个角度实证分析了高铁建设对产业结构的影响。研究发现：第一，与没有开通高铁的城市相比，高铁开通显著促进了城市产业结构指数的提升，其影响为总体结构变化的3.75%～4.84%。第二，高铁开通对产业结构的影响存在显著的异质性：（1）当高铁连通的城市之间产业结构不同而经济发展水平相近时，分工效应起主导作用，并导致产业结构的两极分化——促进产业结构指数较高城市的指数进一步提升，同时使产业结构指数较低城市的指数发生下降；（2）当高铁连通的城市之间既存在产业结构差异又存在发展水平差异时，趋同效应起主导作用，促进了产业结构的相似化；（3）受到转型期“结构性减速”现象的影响，产业结构指数较高的城市向产业结构指数较低的城市的学习效应更加明显。第三，高铁连通使得城市间开发区主导产业的差异度显著下降，合作申请专利以及专利相互引用数量显著增加，验证了高铁连通影响城市产业结构的3个效应。本文的研究成果对于理解交通基础设施网络在促进产业结构转型、经济一体化、地区分工等方面具有重要的理论和政策意义。
2022,后发企业超越追赶的动态过程机制——基于最优区分理论视角的纵向案例研究,彭新敏;张祺瑞;刘电光,超越追赶;最优区分;后发企业;技术设计;市场认知,管理世界,0,最优区分理论为后发企业在超越追赶过程中如何求同存异提供了新的分析视角，但具体过程和机制我们仍知之甚少。通过慈星2010～2021年在全成型针织横机领域对领先企业赶超的纵向案例研究，本文发现后发企业超越追赶先后经历了技术重新定义与类别重新定义两个阶段，最优区分机制相应地由补偿协奏向整合协奏演变。在技术重新定义阶段，后发企业面临领先企业敌对性和市场认知合法性压力，通过设计创造与类别沿用组合的补偿协奏机制建立了主导设计；在类别重新定义阶段，后发企业面临主导设计竞争和客户需求差异化压力，通过设计增补与类别创建的整合协奏机制确立了主导类别，最终技术能力和市场地位获得持续提升。本文既从最优区分视角丰富了后发追赶理论，又从动态追赶情境拓展了最优区分机制的研究，为后发企业突破超越追赶的战略困境提供了管理启示。
2022,新中国成立以来基本经济制度形成发展的理论逻辑与实践逻辑,王东京,基本经济制度;所有制;经济体制;分配制度,管理世界,0,新中国成立后亟待建立自己独立完整的工业体系，推进工业化需采用“国家所有制”和“集体所有制”；而要调动一切积极因素参与社会主义现代化建设，必须调整生产关系，坚持公有制为主体、多种所有制经济共同发展。在国家实现工业化初期阶段，迅速推进工业化需采用计划经济体制，事实证明，计划经济体制为中国经济起飞奠定了雄厚的物质基础；而进入工业化中后期阶段，需调整产业结构，而调整产业结构必须让市场起决定作用和更好发挥政府作用。消费资料的任何一种分配，都是生产条件本身分配的结果：单一公有制与计划经济体制决定了单一的按劳分配制度；而以公有制为主体、多种所有制经济共同发展与市场经济体制，则决定应以按劳分配为主体、多种生产要素共同参与分配。
2022,中国科技体制改革中的组织身份变革,肖咪咪;卢芳妹;贾良定,组织身份变革;科技体制改革;意义打破;意义赋予;意义建构,管理世界,0,本文采用案例研究方法，通过对A组织在我国科技体制改革过程中的组织身份变革进行深入调查，探讨了宏观制度变迁下的组织身份变革方式、路径及实现机制。研究展现了A组织五十多年来，其社会身份（S）、关系身份（R）和个性身份（I）与宏观科技体制变迁的共演过程。研究发现，政府通过意义打破和意义赋予触发组织身份危机，推动组织身份变革，呈现涟漪效果；识别了A组织以关系身份为触发点呈现的“R1→RN”变革路径、以社会身份为触发点呈现的“S→R→I”变革路径以及以个性身份为触发点呈现的“I→R→S”变革路径。研究还归纳了组织实现身份变革的四种意义建构方式，包括接收式、选择式、反思式和前瞻式意义建构。本研究丰富了我们对组织身份变革的理解。
2022,中国信息经济学乌家培资助计划简介,,,管理世界,0,<正>中国信息经济学会成立于1989年，致力在信息经济与信息管理领域搭建理论创新的桥梁，推动跨学科发展。学会创始人乌家培教授为中国著名经济学家，中国数量经济学会和信息经济学会创始人。为促进中国信息经济与信息管理领域的青年学者成长，并产生未来30年有国际影响力的理论创新成果，学会于2015年设立中国信息经济学乌家培资助计划，
2022,2021中国信息经济学乌家培资助计划公告,,,管理世界,0,<正>2021中国信息经济学乌家培资助计划授予南京审计大学经济学院张军教授、北京大学经济学院吴泽南副教授和北京大学光华管理学院王翀副教授。张军教授对拓展市场设计中公平、效率及参与约束的关系研究做出了重要贡献，吴泽南副教授对竞赛理论和保险市场的经济学分析进行了开创性研究，王翀副教授对社交媒体、平台机制设计和数据治理等进行了前沿探索，他们的理论创新将会在学术界产生重要而广泛的影响。
2022,适应新常态、面向市场主体的宏观调控创新——对党的十八大以来我国宏观调控创新的认识,国务院发展研究中心“宏观调控创新”课题组,宏观调控;新常态;方式创新;高质量发展,管理世界,0,党的十八大以来，在以习近平同志为核心的党中央坚强领导下，我国积极适应和引领经济新常态，全面贯彻落实新发展理念，不断探索创新宏观调控。以供给侧结构性改革为主线，直面市场主体发力，促进深化改革和宏观调控相结合，突出就业政策优先地位，用新动能拓展经济增长空间，注重发挥结构性调控工具作用，在多重困难中确保国民经济始终运行在合理区间，高质量发展迈出坚实步伐，实现了质的稳步提升与量的合理增长的统一，综合国力跃上新台阶，同时也积累了宝贵的宏观调控经验。
2022,社会主要矛盾,丁任重;张航,,经济研究,0,<正>党的十九大报告对我国当前社会的主要矛盾作出了新的重大论断：“中国特色社会主义进入新时代，我国社会主要矛盾已经转化为人民日益增长的美好生活需要和不平衡不充分的发展之间的矛盾。”深刻认识社会主要矛盾及其转化，有助于我们更好地理解和把握新时代的内涵。一、 社会主要矛盾的内涵1.矛盾论是我党认识主要矛盾的有力工具抓住事物的主要矛盾和主要方面，是马克思主义认识论的重要内容。在马克思主义中国化的探索中，
2022,大气污染协同治理的理论机制与经验证据,李倩;陈晓光;郭士祺;郁芸君,区域协作;国家治理;央地博弈;大气污染联防联控,经济研究,0,在全面深化改革的关键时期，处理好地方政府之间长期存在的重竞争、轻合作的问题，是推进国家治理体系和治理能力现代化的重要工作。理论分析表明，中央政府自上而下对地方政府的合作行为进行持续的协调，并确保协作结果对各个地方政府可见，有助于推动地方政府从“各自为战”走向“合作共赢”。本文利用2014年“长三角区域大气污染防治协作机制”这一准自然实验，检验中央政府协调长三角地区进行大气污染协同治理的效果，发现自该政策执行以来，地方政府对秸秆焚烧、机动车和企业污染排放等污染源头进行了实质性的治理整顿，使得长三角区域内的空气质量持续改善，尤其在省际边界地区取得明显的治污效果。研究结果表明，即使是空气污染这样具有高传输性和显著负外部性的治理难题，也能在中央的制度创新和技术赋能下得到有效解决，这为更大范围、更多领域的区域协同治理提供了可借鉴经验。
2022,地方政府债务融资、挤出效应与企业劳动雇佣,余明桂;王空,地方政府债务融资;企业劳动雇佣;挤出效应;融资约束;金融化,经济研究,0,党的十九大报告提出，就业是最大的民生。本文以2007—2018年A股上市公司为样本，检验地方政府债务融资对企业劳动雇佣的影响。研究发现，地方政府债务融资显著降低了企业的劳动雇佣。影响机制分析表明，地方政府债务融资加剧了企业融资约束和企业金融化，进而抑制了企业劳动雇佣。进一步检验发现，地方政府债务融资对企业劳动雇佣的影响主要存在于民营企业、融资需求较大的企业以及金融发展水平较低的地区。研究结果还发现，地方政府债务融资主要抑制了企业对高学历员工的劳动雇佣。本文一方面从企业劳动雇佣的视角拓展了地方政府债务融资的经济后果的相关研究，另一方面从地方政府债务的角度为金融资源配置如何影响企业劳动雇佣提供了新的证据。本文的研究结果有助于为防范和化解地方政府债务风险，促进就业稳定提供理论依据和政策参考。
2022,债券评级包装与“担保正溢价”之谜,林晚发;刘岩;赵仲匡,信用债;信用评级;担保;发行定价,经济研究,0,与国外债券市场的一般规律以及债券定价的标准理论不同，中国企业信用债券市场投资者对有担保的债券反而可能要求更高的收益率溢价。为了解释这一“担保正溢价”的现象，本文提出了“评级包装”这一新的理论假说，即资质差的债券发行企业为了成功发行，会通过提供更多的担保等增信条款为获取高评级创造条件；而投资者意识到担保等条款实际上是企业事前资质较差的一个信号，因此在一定条件下会要求更高的发行信用利差。理论分析表明，当担保正溢价存在时，企业先验质量越差，企业个体违约风险越高，以及担保质量越差时，则担保正溢价越高。基于2009—2020年的交易所信用债样本，一系列实证检验支持上述理论预测，且实证结果具有良好的稳健性。理论和实证两方面的证据说明，评级机构尽管并不会完全脱离债券基本面进行评级，但策略性的债券条款设计依然会带来评级膨胀。最后，本文对评级包装的经济后果以及以评级为基准的一系列监管政策进行了评估。
2022,国家外部资本结构的动态演化特征:基于经济发展阶段的分析,杨长江;王宁远,外部资本结构;经济发展阶段;倒U型关系,经济研究,0,本文对经济体在经济发展不同阶段的外部资本结构是否会呈现出系统性演变规律问题进行了研究。研究发现，外部资本结构呈现出一系列与经济发展阶段相关的典型化事实，其中最为重要的是境外股权类融资规模占比与人均GDP之间呈现出先上升后下降的倒U型关系。本文的理论模型为上述发现提供了基于经济体产出风险因素的解释：在经济体从最落后阶段起步而逐步发展至发达阶段的过程中，产出风险逐步降低，外部融资工具的融资成本则依经济体产出风险状况变化而调整，从而依次经历境外股权融资持续替代跨境银行贷款、境外债券融资持续替代境外股权融资两个不同阶段。实证部分验证了前文的典型化事实与理论模型。本文不仅为外部资本结构问题提供了一个新的分析视角，亦有助于认识中国跨境资金流动变动趋势及其管理问题。
2022,新型城镇化背景下的中央地方财政关系调整,王永进;刘玉莹;陈晓佳,新型城镇化;户籍制度;转移支付;财政分权;人口流动,经济研究,0,"健全农业迁移人口市民化机制、完善财政转移支付制度是新时期新型城镇化战略的关键。本文在Blouri&Ehrlich(2020)的基础上，构建了一个包含户籍、人口流动、区域间贸易和集聚外部性的量化空间一般均衡模型，探究了新型城镇化背景下的最优转移支付和分成比例设计。研究发现：(1)目前的财政转移支付政策使各省人均收入平均提高0.9775%,社会整体福利提高了12.6007%,当转移支付达到最优空间分布时，福利水平将在此基础上再提升4.7013%。(2)户籍制度完全放开能够显著促进区域人口流动，并通过“集聚效应”促进生产率增长和社会福利改进。户籍放开后，保持现行最高福利水平的条件下，中央财政转移支出可缩减9.9473%。(3)新型城镇化的实现是以中央转移支付为前提的，而中央转移支付制度的有效运转则取决于中央财政分权比例的提高。因此，在户籍放开的同时，需要提高中央财政分权中的分成比例，才能实现社会最优的财政支出结构和最优社会福利。"
2022,中国增值税转嫁、归宿及减税效应：一般均衡分析,汪昊;郭玉清;陆毅,增值税;税收转嫁;税收归宿;经济效应;可计算一般均衡(CGE),经济研究,0,"本文基于一般均衡税收归宿理论和模型，综合运用GDP价格基准、差别税收归宿和一次性总付税，构建了一套间接税归宿测算方法。对中国增值税转嫁和归宿测算的结果显示：整体上，增值税39%转嫁给劳动，61%转嫁给资本，劳动和资本的增值税负担分别为5.6%和12%,代表性消费者不负担增值税；增值税归宿在不同行业间存在明显差异，制造业劳动和资本增值税负担最高，分别为1.7%和4.4%,房地产业消费者增值税负担最高，为8.1%。在此基础上，进一步测算了2017年以来全面降低增值税法定税率改革的经济效应，结果显示：减税提高了劳动与资本的边际收益率，促进了消费、投资和GDP增长，增值税减税更有利于提高资本收益率和促进投资，同时增值税减税还有利于缩小城乡居民收入差距。"
2022,微观企业的投资行为特征和减税的宏观经济效应：动态一般均衡分析,田磊,非平滑性;广延边际效应;投资价格弹性;有效税率差异,经济研究,0,"“微观企业投资的非平滑性特征能否对财税货币政策的宏观经济效应产生重要影响”是宏观经济学研究中的一个重要前沿问题。以中国减税政策实践为研究对象，本文构建了嵌入有效税率差异和非凸性投资成本函数的异质性企业随机动态一般均衡模型。该模型不但能够准确地刻画非平滑性特征，更能够拟合出与代表性微观实证文献相一致的投资价格弹性。研究发现，非平滑性能够显著影响减税的宏观经济效应，相比于不考虑非平滑性特征的代表性企业模型，基准模型中的宏观经济效应显著增强。机制分析发现大小规模企业群体间的有效税率差异是投资价格弹性的一个重要影响因素，其通过抑制投资价格弹性强化了非平滑性的影响。政策分析表明，降低消费型增值税税率和企业所得税税率的产出乘数均显著大于1,提高企业投资的可逆性程度能够有效地增强减税的刺激效率。"
2022,区域潜在比较优势与出口升级,周沂;贺灿飞;杨汝岱,产品关联;潜在比较优势;出口升级,经济研究,0,本文基于产品关联视角测度区域-产品层面的潜在比较优势，研究其对本地出口规模扩张和产品质量升级的影响。研究发现，一个地区的潜在比较优势会显著影响该地区的出口规模扩张与产品质量提升，控制出口产品选择性偏误等内生性问题后，结论仍然稳健。进一步地，潜在比较优势通过关联产业配套、降低出口市场不确定性、提供需求市场信息等渠道提高了高质量的新出口关系进入和存活概率，也促进了高质量的存续出口关系规模的扩张，从而促进相关产品整体出口规模扩张与质量提升。本文研究表明，地区出口升级从根本上还是依赖于本地整体的经济结构，产业政策应该着力于创造良好的竞争环境促进本地潜在比较优势发挥更大的作用，形成优势共聚产业，以提升长期竞争力。
2022,碳全要素生产率、低碳技术创新和节能减排效率追赶——来自中国火力发电企业的证据,张宁,方向距离函数;低碳技术创新;碳全要素生产率;火力发电企业,经济研究,0,提高火力发电企业的碳全要素生产率是保障经济社会发展用电需求和顺利实现“双碳”目标的重要抓手。本文从非参数生产经济理论出发，基于共同边界方法和两期方向距离函数来克服技术异质性与不可行解问题，同时利用Bootstrap方法增加统计推断，提出了一种全新的碳全要素生产率测算及分解框架，并将其应用于中国主要火力发电企业的碳全要素生产率的变化及其源泉分析。研究发现：低碳技术创新是提升碳全要素生产率的主要驱动因素，火电企业的节能减排效率有待提升。2008年后，中国政府制定了更有约束的节能减排目标，加大了低碳技术创新投资力度，促进了技术水平整体改善，使得火力发电企业整体的碳全要素生产率水平大幅上涨；人力资本仍然是制约中国火力发电企业碳全要素生产率提升的重要因素，在推动火力发电企业节能减排中还需进一步解决人才管理体制，并为低碳技术创新改造提供支持；中国火力发电企业内部存在异质性，节能减排目标和低碳技术创新投资刺激计划对不同类型的火力发电企业存在非对称影响。
2022,农村土地制度改革：从家庭联产承包责任制到三权分置,刘守英,,经济研究,0,<正>一、 从传统集体化体制到家庭联产承包责任制中华人民共和国成立后，开启了一个古老农业国向工业国的结构转型，确立了“把我国建设成为一个社会主义的现代化的强国”的奋斗目标，（1）中国农民参加了党所领导的社会主义大试验（杜润生，1998）。中国共产党通过土地改革实现地主土地所有制向农民土地所有制的转变，通过互助组、初级社、高级社于1956年完成农业社会主义改造，
2022,中国国民经济循环：结构与区域网络关系透视,李敬;刘洋,国民经济;循环结构;网络关系;投入产出,经济研究,0,"目前关于“双循环”的各种讨论，大多从理念与方向上去谈，而很少涉及循环的现实细节。本文从省内循环、省际循环和国际循环三个循环结构与网络视角展现了中国国民经济循环中大量的关键细节，而这些细节是以往研究几乎没有关注的。主要结论是：(1)从结构视角看，国民经济国内循环部分占比超过90%。2012—2017年中国国民经济循环的平均国外占比、省内占比和省际占比分别为8.3%、73.1%和18.6%。(2)从网络视角看，国民经济循环中区域网络关系具有相对稳定性。江苏、广东、浙江、上海、北京、河南、安徽、重庆、辽宁等9个地区在省际循环中处于中心地位；东部地区，特别是长三角地区处于核心地位。(3)内生结构因素对区域网络关系演化的相对重要性为43.3%。互惠效应表明，区域之间的关联呈现“礼尚往来”特征；传递效应表明，区域之间的分工呈现显著传递性和分工深化现象。八个外生属性因素对区域网络关系演化的相对重要性为56.7%,可为加快推动构建新发展格局提供有效政策切入点。"
2022,第五届“张培刚发展经济学青年学者奖”评选公告,,,经济研究,0,<正>为促进中国经济学学术进步，推动经济学学科建设，鼓励经济学青年人才的成长，提高中国经济研究水平，张培刚发展经济学研究基金会特设立“张培刚发展经济学青年学者奖”奖励计划。张培刚发展经济学青年学者奖每年评选一次，坚持公开、公平、公正的原则，重在发现和表彰在发展经济学及相关领域拥有创新性的学术研究成果并且具有较强科研潜力的中国青年经济学者。本奖评选不收取任何费用。
2022,社会主义条件下的价值规律,冒天启,,经济研究,0,<正>传统的马克思主义政治经济学的教科书分为两部分：一是资本主义部分的政治经济学；二是社会主义部分的政治经济学。商品生产和价值规律是马克思主义政治经济学的核心理论之一，也是经常与其他经济学流派互通对话的一种基本理论。一、 马克思、恩格斯对价值规律的论述1.马克思对前人的批判继承斯密在《国民财富的性质和原因的研究》(《国富论》)中，论述了自然价格与市场价格的关系，指出市场价格会受供求影响而上下波动，但自然价格起着“中心价格”的作用，
2022,党的基本纲领的政治经济学分析——学习党的十九届六中全会精神的体会,刘伟;范欣,中国共产党;基本纲领;政治经济学分析;经济思想;马克思主义中国化,管理世界,0,"中国共产党自成立以来,始终以为人民谋幸福、为中华民族谋复兴为初心使命,坚持党的最高纲领与基本纲领相统一,根据所处历史方位制定不同阶段的基本纲领,不断推进马克思主义中国化。中国共产党经济思想的创新发展是以实现中华民族伟大复兴为主题,以党的基本纲领的政治经济学分析为主线,遵循生产关系及其逻辑结构变化的演进逻辑,探索经济制度变迁中的经济运行规律。每个阶段的经济思想均具有鲜明的承继与发展关系,是经济规律认识不断深化的结果,是马克思主义中国化的重要历史内容。尤其是新时代中国特色社会主义经济思想开拓了马克思主义中国化的新境界,是指导我们实现第二个百年目标的指导思想和理论基础。"
2022,我国地方人大预算监督评价：理论、指标及应用,樊丽明;史晓琴;石绍宾,地方人大预算监督;评价理论;指标体系;指标应用,管理世界,0,"加强地方人大预算监督是实现国家治理体系和治理能力现代化的重要方面,是实现政府预算民主法治、提高国家财力绩效的关键环节。改革开放以来,尤其是党的十八大以来,我国人大预算监督重视程度逐步提高,改革内容不断深化,监督的权威性和约束力日益加大。本文从我国人大预算监督发展的历史逻辑出发,借鉴投入产出理论的思想,从预算监督能力(投入)、预算监督行为(过程)和预算监督效能(产出)3个方面构建""能力—行为—效能""分析框架,由此实现了在同一逻辑框架内分析人大预算监督的全周期发展状况。基于理论分析,围绕预算监督能力、预算监督行为和预算监督效能构建了我国地方人大预算监督评价指标体系,该指标体系具有一定的科学性、时代性和可行性。选取2020年S省6个市级人大预算监督为研究样本,对评价指标体系进行统计分析,为全面系统评价和掌握地方人大预算监督提供了系统性的证据。"
2022,从分配迈向治理——均衡性转移支付与基本公共服务均等化感知,缪小林;张蓉,均衡性转移支付;基本公共服务均等化;需求感知;治理,管理世界,0,"基于公式化分配的均衡性转移支付,不断推进各地基本公共服务供给能力均等化,但还不能保障居民感知层面的均等,均衡性转移支付需要迈向提升人民群众获得感的制度化治理。本文从充分性和平衡性两个视角刻画基本公共服务均等化感知,构建均衡性转移支付实现基本公共服务均等化的治理逻辑,主要围绕""转移支付→支出行为→均等化感知""主线,重点考察公众参与、社会监督和绩效激励产生的调节效应。研究发现:(1)均衡性转移支付增强了居民充分性感知,但对平衡性感知的影响不显著;(2)民生服务支出有利于提升居民充分性感知,交通运输支出有利于提升居民平衡性感知,但均衡性转移支付对这两类支出占比提升存在显著抑制;(3)适度的公众参与能够改善均衡性转移支付对基本公共服务均等化感知的积极影响,但社会监督和绩效激励两类调节效应并不显著。结果表明:均衡性转移支付提升居民对基本公共服务均等化的感知水平,引导地方政府公共服务支出行为是关键,激发公众参与、强化社会监督和完善绩效激励是重点。"
2022,零工经济对创业的影响——以外卖平台的兴起为例,莫怡青;李力行,零工经济;创业;数字经济;外卖平台,管理世界,0,"随着数字技术的发展,平台经济迅速崛起,大大拓宽了""零工经济""的应用场景,催生了一大批新就业形态,为劳动力市场带来了深刻的变革。零工经济既可能通过提供收入安全网、对冲风险而促进创业,又可能因为提供替代的收入机会从而降低劳动者的创业动机。本文利用外卖平台进入我国各城市的时间差异,采用渐进倍差法,发现外卖平台的进入总体上会减少大约4.7%的企业注册数量。企业和行业层面的异质性分析显示,受到外卖平台负面冲击的主要是低注册资本、生存时间较短的企业,并集中在低资金需求、低技术水平的行业,说明平台所挤出的主要是低质量、生存型的创业活动。进一步的研究发现,外卖平台的兴起带动了金融、信息、科研和人力资源等行业的创业,并且促进了市场的细分化与个体化,这些发现与零工经济下工作灵活化和多元化的变动趋势相一致。"
2022,数据资产统计与核算问题研究,许宪春;张钟文;胡亚茹,数据资产;统计;国民经济核算;价值测度,管理世界,0,"伴随着数字化技术与经济社会各领域的深度融合,数据呈现爆发式增长趋势和多元化应用价值。数据作为新型资产,应以何种方式纳入统计和国民经济核算,从而在宏观经济统计数据中客观、科学地体现数据资产在经济社会发展中发挥的重要作用,是统计和国民经济核算理论亟待突破的时代难题。本文基于国民经济核算研究范式,结合理论研究及实地调研,提出描述数据生产过程的""数据价值链"",以明确""数据""作为关键生产要素的概念及生产属性,并结合数据的特征,提出数据资产的概念,进一步基于数据支出资本化核算的基本分类,探索数据资产价值的测度方法和基础统计资料来源。本文试图为中国数据资产统计与核算工作提供理论依据和方法支撑,为数字化转型背景下国民经济核算理论、统计标准和调查方法创新做出贡献。"
2022,包容审慎监管：论新基建监管框架构建的过渡性和开放性,胡仙芝;刘海军,新基建;监管;包容审慎,管理世界,0,"以数字经济为引领的新经济新业态日益成为我国经济高质量发展的新动能,其起支撑作用的新型基础设施则是基础性、系统性、持续性的新动力。党和国家出台一系列利好政策推动新基建发展,但与此同时,曾在平台经济等新样态遭遇的监管困惑再次复现,鼓励创新与化解风险相互调适,新基建监管必然呈现过渡性特征。从我国监管制度的演进规律看,针对不同对象监管方式不断变革,但监管主体的同一性、监管框架的延续性相对稳定。新基建监管也应秉持开放性态度,继承和创新包容审慎监管,着力构建主体权责明确、对象识别精准、方法敏捷智能、效能评估高效的监管框架体系。"
2022,数字经济理论体系与研究展望,陈晓红;李杨扬;宋丽洁;汪阳洁,数字经济;理论体系;未来展望,管理世界,0,"以新一代信息技术为基础的数字经济日益成为推动经济发展的重要动力,但相关数字经济理论研究滞后,难以准确解释新经济现象和更有效指导新发展阶段下经济高质量发展实践。本文聚焦数字技术变革对相关经济学基本理论发展的影响,力图助推中国特色数字经济理论体系的创建。通过对国内外相关主题文献进行系统梳理,文章首先提炼了数字经济理论发展中的重要科学问题,以此为逻辑起点,基于""内涵特征—现实表现—核心理论—方法体系""学理链,构建了一个数字经济理论体系框架。其次,本文相继阐释了理论体系框架中的数字经济内涵与特征、数字经济核心理论,以及技术变革下的数字经济研究方法体系。最后,本文讨论了数字经济理论体系的拓展及未来研究方向。"
2022,在线劳动平台算法管理：理论探索与研究展望,刘善仕;裴嘉良;葛淳棉;刘小浪;谌一璠,数字化;零工经济;在线劳动平台;算法管理;文献综述,管理世界,0,"近年来,伴随数字经济和信息技术飞速发展,算法逐渐渗透到人们工作生活中的各个领域。其中,在线劳动平台通过算法虚拟化地监管平台工作者的实践迅速成为管理学领域研究的热点之一,算法技术如何重塑组织管理的议题引起实践界与理论界的广泛讨论。针对上述背景,本文在界定在线劳动平台算法管理概念的基础上,检索发表于国内外期刊上的91篇文献,利用系统文献综述法对在线劳动平台算法管理的相关研究进行梳理。进一步地,本文在述评文献主题的基础上提炼出在线劳动平台算法管理的研究内容框架,归纳并论述了在线劳动平台算法管理的三大研究主题:劳动过程视角下算法管理的运作机制;平台工作者视角下算法管理的影响;平台企业视角下算法管理的影响。最后,本文提出对未来具有科学价值和实践意义的研究方向。研究结果对于厘清在线劳动平台算法管理现阶段的研究图式,以及推动我国在线劳动平台算法管理研究领域的理论探索,具有重要意义。"
2022,内层网络情境下孵化平台如何实现资源联动？,李梦雅;杨德林;胡晓;张金生,孵化平台;资源联动;联动策略;孵化机制;内层网络情境,管理世界,0,"在孵化平台网络化发展日趋盛行的背景下,能否在多个孵化基地紧密联系的内层网络中通过资源联动高效赋能创业企业成为孵化平台撬动互补优势、凝聚创新合力的关键。本文选取启迪之星作为案例对象,系统探讨了内层网络情境下孵化平台资源联动的形成过程及内在机制。研究发现:(1)孵化平台在内层网络情境下的资源联动是由资源建构、资源编排、资源协奏、资源延拓4个阶段组成的复杂动态过程,不同类型资源在联动发展过程中涉及阶段呈现较大差异;(2)不同孵化基地能够在资源联动过程中基于资源与区位优势差异选择合适的资源联动策略,通过资源联动参与阶段、联动资源类型、提升路径的优化选择激发孵化网络的联动价值;(3)在资源联动过程中,孵化总部通过构建信息共享、开放合作、协同发展和长远共赢四种机制来保障资源联动的效能。本文有助于填补现有研究对于孵化平台内部主体多元性和差异性的忽视所形成的理论缺口,并对孵化平台借助网络化发展战略提升孵育效率、尤其是对内层网络中推进资源联动的管理实践具有参考价值。"
2022,“义利并重”：中国古典企业的共同体式身股激励——基于晋商乔家字号的案例研究,胡国栋;王天娇,乔家字号;义利观;共同体;股权激励;建构扎根理论,管理世界,0,"以股东利益至上为治理逻辑的现代股权激励制度,具有物质报酬本位和短期行为色彩,难以从根本上打造企业与员工的利益共同体。如何避免股权激励中的机会主义行为并长期激发员工的组织认同感以促进企业可持续发展,是现代企业面临的重要治理难题。基于社会嵌入理论,本研究运用建构扎根理论对乔家字号身股激励进行理论挖掘,乔家字号以儒家共同体思想为社会价值观基础,以儒家义利观为商业伦理,将情感、信任等社会因素嵌入于经济组织之中,其身股激励形成了构建""地缘文化共同体—社会身份共同体—经济利益共同体""的生成路径,在此基础上抽象出中国古典企业的共同体式身股激励以""价值生成—制度耦合—利益强化""为逻辑进路的内在机理。本研究深化了对于中国古典企业股权激励制度的认识,对于修正股权激励以物质利益为本位进行理性计算的制度逻辑,从社会嵌入角度改进企业治理方式和员工持股办法具有启发意义,有助于解决员工激励的稳定性、综合性与长期性问题。"
2022,经济结构调整、绿色技术进步与中国低碳转型发展——基于总体技术前沿和空间溢出效应视角的经验考察,邵帅;范美婷;杨莉莉,碳排放绩效;经济结构调整;绿色技术进步;低碳转型发展;空间杜宾模型,管理世界,0,"党的十九大报告进一步明确了推进绿色发展、加强生态文明建设、实现美丽中国的伟大发展目标,低碳转型发展无疑是实现这一伟大目标的必由之路。而通过经济结构调整和绿色技术进步这对""双引擎""有效驱动碳排放绩效改善,已经成为实现中国经济低碳转型发展的必然选择。本文首先针对现有文献在碳排放绩效测算上存在的有偏测度问题,将总体技术前沿的概念与非角度、非径向方向性距离函数相结合,提出基于数据包络分析(DEA)方法的新型效率测算模型,对1996～2018年我国30个省份的碳排放绩效进行了更加准确的测度及分解;进而,采用空间杜宾模型,全面考察了反映经济结构调整和绿色技术进步的多维因素对碳排放绩效的直接效应和间接效应。结果表明:我国的碳排放绩效在""九五""期间处于较高水平,随后出现较大幅度的下滑,进入""十一五""时期后又开始回升;在各投入和产出要素中,碳减排效应和要素节约效应对碳排放绩效的改善发挥了关键作用;由于省份间竞争效应、示范效应及经济关联效应的存在,碳排放绩效表现出显著的正向空间溢出效应,即本地碳排放绩效的提高会对空间关联地区的碳排放绩效产生积极影响;包括产业结构、要素结构和能源结构在内的经济结构优化调整对本地及空间关联地区的碳排放绩效总体上产生了""结构红利"";城市化与本地和空间关联地区的碳排放绩效则分别呈""U型""和""倒U型""曲线关系;归咎于市场失灵和命令控制型政策工具的缺陷,所有制结构的调整并未对碳排放绩效产生积极影响;以绿色技术创新能力和能源效率表征的绿色技术进步表现出""技术红利""效应,促进了本地和空间关联地区碳排放绩效的改善,但其间接效应的稳健性较弱。最后,本文指出我国需要在产业结构升级、能源结构优化、要素市场完善、绿色创新突破、城市化集约推进、区域间协调合作等经济结构、技术和政策领域做出协同努力,才可能有效推动低碳转型发展这一世纪工程的最终实现。"
2022,社会主义初级阶段理论,张卓元,,经济研究,0,<正>社会主义初级阶段理论，是中国特色社会主义理论体系重要组成部分，是中国实行改革开放的理论基石，是中国从20世纪50年代建立起社会主义基本制度到建成发达的社会主义现代化国家基本国情的科学概括，是党和国家制定社会主义现代化建设的发展战略和各项方针政策的根本出发点。中国的马克思主义者这一理论创新成果是对科学社会主义和政治经济学宝库的重大贡献。一、 社会主义初级阶段理论的提出社会主义初级阶段这一概念，
2022,结构性货币政策、金融监管与利率传导效率——来自中国债券市场的证据,刘冲;庞元晨;刘莉亚,结构性货币政策;金融监管;利率传导效率;资管新规;中期借贷便利,经济研究,0,强化货币政策与金融监管协调，统筹考虑各类政策的溢出效应，是建设现代中央银行制度的内在要求。货币市场短期利率向债券利率的传导是央行利率调控体系的重要一环，然而鲜有研究探讨货币政策和金融监管对前述传导路径的影响及交互作用。本文利用债券市场交易数据，基于中期借贷便利(MLF)担保品扩容、资管新规政策，使用双重差分模型对该问题进行考察。研究发现，资管新规出台后，货币市场短期利率向债券利率的传导效率显著下降，MLF担保品扩容则对目标债券起到反向调节作用，助力其传导效率恢复。本文结论表明，结构性工具有助于疏通利率传导，缓和金融监管冲击，维护金融稳定。
2022,金融强监管的实体经济效应——来自资管新规的经验证据,李青原;陈世来;陈昊,金融强监管;实体经济效应;资管新规;“挤出”效应;“蓄水池”效应,经济研究,0,"防范和化解金融风险、促进实体经济高质量发展是当前中国金融改革的重要目标。本文选取基于这一目标而实施的资管新规为准自然实验，以2016—2019年中国A股非金融非房地产类上市企业半年度数据为样本，检验金融强监管的实体经济效应。研究发现，资管新规实施后，金融化程度较高的企业投资显著增加，表明强化金融监管抑制了企业“脱实向虚”,从而支持监管有效观。进一步检验发现，资管新规积极的实体经济效应主要体现在国有企业、高管有金融背景的企业及民间金融发展水平和影子银行水平较高的地区，而压缩金融投资、降低债务融资成本是资管新规发挥这种效应的两个作用机制。此外，资管新规对持有短期和长期金融资产的企业都发挥了积极的实体经济效应，但主要体现在短期金融资产配置较多的企业。本文为金融强监管的实体经济效应初步提供了来自中国的微观证据，为进一步释放金融监管的制度改革红利，进而促进实体经济高质量发展提供了重要的政策启示。"
2022,地方公共债务与企业全要素生产率：效应与机制,吴敏;曹婧;毛捷,地方公共债务;全要素生产率;企业税负;融资约束,经济研究,0,"本文从企业层面考察地方公共债务对全要素生产率的影响及其作用机制，研究发现：地方公共债务增长抑制企业全要素生产率的增长。一个城市的地方公共债务余额占GDP比重(负债率)每提高1%,企业全要素生产率平均下降约0.06%。区分企业所有制的估计结果显示，地方公共债务增长对不同所有制企业全要素生产率的影响呈现明显异质性，负债率每增加1%,国有企业的全要素生产率平均提高约0.20%,而非国有企业的全要素生产率平均降低约0.07%。以上结果在进行了一系列稳健性检验和处理内生性问题后保持稳健。机制分析显示，地方公共债务规模扩大通过放松融资约束促进国有企业全要素生产率的增长，并通过提高企业税负、加剧信贷融资约束降低企业创新投入水平和研发设备更新速度，进而阻碍非国有企业全要素生产率的提升。上述发现表明，地方政府应科学调控地方公共债务的总规模和增速，加大对非国有企业的信贷和投资支持力度，进一步优化资源配置，促进经济高质量发展。"
2022,金融摩擦异质性、资源错配与全要素生产率损失,林东杰;崔小勇;龚六堂,金融摩擦异质性;资源配置效率;全要素生产率;两部门RBC模型,经济研究,0,"本文利用宏观经济数据，实证分析银行信贷扩张对国有部门和非国有部门投资的影响。研究结果显示，信贷扩张时，国有部门投资的上升幅度显著大于非国有部门投资的上升幅度，表明金融摩擦存在部门异质性。本文建立一个包含国有部门、非国有部门及金融摩擦存在部门异质性的RBC模型，研究金融摩擦异质性对全要素生产率、总产出和总消费的影响。数值模拟结果显示：在稳态时，金融摩擦异质性造成全要素生产率损失为0.987%—2.577%,总产出损失为1.971%—4.685%,总消费损失为2.188%—5.2%。当经济面临宽松的货币冲击时，金融摩擦异质性可以解释国有部门相对于非国有部门的显著扩张。在动态经济中，金融摩擦异质性加剧了资源错配程度，造成了额外的配置效率损失和产出损失，分析结果表明额外的损失是重要的。此外，金融摩擦异质性削弱了货币政策对经济的刺激效果。政府通过供给侧改革缓解非国有部门及中小企业融资难的问题，有利于优化经济结构，改善配置效率，提高货币政策对经济的拉动作用，增加社会总福利。"
2022,中国环境保护税与绿色创新：杠杆效应还是挤出效应?,刘金科;肖翊阳,波特假说;环境保护税;绿色创新;策略行为,经济研究,0,中国环境保护税改革对企业绿色创新将发挥杠杆效应还是挤出效应?面对规制强度更高的环境保护税，企业将采取实质性还是策略性绿色创新活动应对?既有研究没有答案。本文以中国环境保护税改革实施为自然实验，基于微观企业绿色专利数据，运用三重差分方法，研究发现：首先，环境保护税改革有效促进了企业绿色创新活动，主要激发了企业提高化石能源使用效率和在末端降低污染物排放的绿色创新活动，从根本上减少污染排放的新能源方面的绿色创新并不显著。其次，该改革诱发的企业绿色技术创新并非是在企业既有创新活动基础上叠加的杠杆效应，而是对其他技术创新的挤出效应。再次，该改革主要诱发了非国有企业、大规模企业的实质绿色创新活动，但绿色创新路径依赖较为突出。本文为进一步推进中国环境保护税制度的完善提供了重要经验证据。
2022,中国交通基础设施的资源再配置效应,文雁兵;张梦婷;俞峰,交通基础设施;资源再配置效应;交通强国;经济强国;共同富裕,经济研究,0,"良好的交通基础设施和完善的交通运输体系有助于生产要素区间自由流动、经济空间格局优化重塑和共同富裕扎实推进。本文通过匹配交通基础设施、地理空间矢量、工业企业数据，从综合交通运输体系视角全面考察了中国交通运输体系主干力量的高速铁路、高速公路、普通铁路、民用机场在资源配置中的作用。研究发现：(1)中国交通基础设施存在资源再配置效应。高速铁路对城市资源配置的提升效应约为3.10%,高速公路对城市资源配置的扭曲作用高达2.14%,普通铁路和民用航空作用不显著或不稳健；(2)中国交通基础设施通过要素流动、市场准入、生产转移三种机制影响城市资源再配置效率。中国正从“交通大国”迈向“交通强国”,本研究从学理上揭示了交通基础设施在资源配置中的作用效果和机制，有助于通过优化综合交通运输体系推进交通强国建设，还有助于挖掘其资源再配置效应，同时发挥“有形之路”和“无形之手”的作用，助力建设现代化强国和共同富裕美好社会。"
2022,工业机器人与劳动力的空间配置,陈媛媛;张竞;周亚虹,工业机器人;劳动力流动;区域劳动力市场;空间配置,经济研究,0,本文使用2005—2015年人口普查数据和国际机器人联合会(IFR)工业机器人在中国各行业运行量的数据，研究工业机器人的应用对中国劳动力空间配置的影响。工具变量估计结果显示，工业机器人的应用显著减少了地区外来劳动力的迁入率，这一负向影响主要来自低技能劳动者。机制分析发现，工业机器人的应用对劳动力迁移的影响，与其应用规模和劳动力的迁移成本有关；从户籍制度改革的影响看，工业机器人广泛应用和户籍制度松绑的双重作用主要影响高技能外来劳动力的迁入。最后，在区域劳动力市场内部，工业机器人的应用对地区总就业率没有显著影响。
2022,中国经济学的形成发展与经济学人的使命——《中国经济学手册·导言》,谢伏瞻,,经济研究,0,习近平总书记在哲学社会科学工作座谈会上指出，要按照立足中国、借鉴国外，挖掘历史、把握当代，关怀人类、面向未来的思路，着力构建中国特色哲学社会科学，在指导思想、学科体系、学术体系、话语体系等方面充分体现中国特色、中国风格、中国气派。中国特色哲学社会科学应该体现继承性、民族性、原创性、时代性、系统性、专业性的特点。只有以我国实际为研究起点，提出具有主体性、原创性的理论观点，构建具有自身特质的学科体系、学术体系、话语体系，我国哲学社会科学才能形成自己的特色和优势。为了在新时代尝试较全面地反映、总结与推广中国经济学者对中国经济发展的研究方面的原创性学术成就，推动中国经济学三大体系构建，中国社会科学院拟推出工具类图书《中国经济学手册》。编撰学科手册，是一项十分基础性的学术性工作，有利于深刻了解本学科领域的重要学术成果、理论流派、经典文献、前沿课题和发展方向，是一门学科成长发展的重要基石。《中国经济学手册》将围绕新中国70多年来，特别是改革开放40余年中国经济学发展主线，系统研究梳理具有中国特色、中国气派、中国风格的标志性和标识性的经济学理论成果，总结展示中国经济学取得的进展，形成可供经济学者学习研究参考的大型案头工具书，推动构建中国特色经济学的学科体系、学术体系、话语体系。本手册由中国社会科学院党组书记、院长、学部主席团主席谢伏瞻任主编，由中国社会科学院经济研究所负责编撰组织工作，由《经济研究》编辑部作为工作组具体负责相关日常事务。手册采用分领域条目列举与解释方式反映中国经济学者的著名学术成就。条目拟包括三类:一是学者们提出的经济理论和概念;二是党和国家重要政策法规文件中提出的经济方针、政策、概念及理论等;三是现实中的重要经济现象和问题。全部词条都将突出中国独特的经济概念、理论、问题和政策等。为了加强对中国经济学原创成就的推广，加快构建中国特色哲学社会科学，与《中国经济学手册》编撰工作同步，自2022年第1期起，《经济研究》将以“《中国经济学手册》专题”方式连续推出《中国经济学手册》中的代表性条目，以飨读者。本专题的开篇文章是谢伏瞻院长撰写的《中国经济学的形成发展与经济学人的使命》，该文亦为《中国经济学手册·导言》。
2022,刘易斯转折点——中国经济发展阶段的标识性变化,蔡昉,,经济研究,0,"<正>一、 引 言阿瑟·刘易斯(Lewis, 1954)把发展中国家的经济区分为两个部门，即传统农业为主的“维持生计的部门”和现代工业为主的“资本主义部门”。在传统经济部门中，相对于资本和自然资源来说，人口众多从而劳动力供给是无限的，或者说，在这个部门中，劳动的边际生产力十分低下。由于这个部门的存在，现代经济部门在增长和扩大的过程中，可以用不变的工资水平不受限制地获得所需要的劳动力供给。"
2022,中国开放型经济学的马克思主义政治经济学逻辑,裴长洪,“七一讲话”;中国开放型经济理论;马克思主义政治经济学,经济研究,0,怎样遵循“七一讲话”精神在哲学社会科学各个领域中推进马克思主义理论研究，是当前学科建设中面临的重大任务；在开放型经济领域，如何构建马克思主义政治经济学中国化时代化的学科体系是题中应有之义。马克思主义关于资本主义世界市场和国际贸易的两重性的论述，是社会主义经济建立对外经济贸易关系的理论依据，它在列宁时期的苏联和新中国成立后30年的建设中得到实践运用。改革开放后，邓小平关于时代特征与主题的新判断以及社会主义经济利用“两个市场、两种资源”的理论开拓了中国开放型经济发展的广阔空间。中国开放型经济发展实践中提出的基本政治经济学问题可以归结为：在和平与发展成为时代主题条件下，如何处理国内生产力与世界生产力的互动关系，如何处理生产力发展与国内外生产关系、国内外上层建筑的关系与矛盾。习近平关于世界百年大变局、国内国际双循环以及人类命运共同体等开放发展新理念是马克思主义政治经济学逻辑在中国开放型经济理论中的最新成果。
2022,碳中和进程中的中国经济高质量增长,林伯强,碳中和;经济增长;高质量发展;能源系统转型,经济研究,0,"目前中国拥有全球最庞大的能源系统，化石能源占比为84%,碳中和目标要求2030年实现碳达峰和2060年实现净零碳排放，届时能源结构中非化石能源占比将达80%以上。本文从中国现实国情出发，对2030年的碳达峰情景进行了分析。一般将碳中和简单理解为能源结构调整，分析结果表明：2030年碳达峰的峰值既取决于清洁能源发展，也取决于能源电力需求增长，需要通过平衡清洁能源发展速度与能源需求增长速度以控制碳排放峰值。碳中和背景下的经济高质量增长要求实现“双脱钩”:经济增长需要尽可能与化石能源消费和能源电力需求增长脱钩。为此，本文提出了一个涵盖供给侧和需求侧的碳中和系统性方案，并进一步讨论了可行的市场化手段以支持方案的实施。保障能源(电力)安全稳定供应是经济清洁低碳转型的基本原则，也是能源系统转型的主要挑战，因此需要先立后破，找到一条符合中国国情的煤电退役和低碳转型之路。"
2022,主编寄语,黄群慧,,经济研究,0,<正>新年伊始，万象更新！刚刚过去的2021年，是党和国家历史上具有里程碑意义的一年。全国人民隆重庆祝中国共产党成立一百周年，实现第一个百年奋斗目标，开启向第二个百年奋斗目标进军新征程，沉着应对百年变局和世纪疫情，构建新发展格局迈出新步伐，高质量发展取得新成效，实现了“十四五”良好开局。今年将召开党的二十大，这是党和国家政治生活中的一件大事。迎接党的二十大胜利召开，要保持平稳健康的经济环境，扎实做好经济工作。
2022,商事制度改革与产业结构变迁：微观视角,朱奕蒙;毕青苗;徐现祥;陈希路,商事制度改革;市场准入门槛;企业进入;产业结构变迁,经济研究,0,近年来，新企业进入逐渐成为了第三产业占比加速提升的主导力量。理论上，本文将商事制度改革引入Melitz模型，证明了市场准入办事门槛降低将促使更多新企业进入资本密集度较低的第三产业。实证上，本文验证了这一点。企业办证个数每减少1个，进入第三产业的企业占比增加约0.5个百分点；注册耗时和办证耗时的缩短也有类似的效果。进一步，本文发现商事制度改革的结构效应具有四个特征：一是主要影响消费性服务业；二是该影响主要存在于企业生命周期的最初1—3年；三是第三产业的新增企业规模相对变小；四是该效应随办事门槛降低而递减。本文的发现是稳健的，揭示了产业结构变迁具有企业进入的微观基础，而企业的持续成长，还需要深化商事制度改革。
2022,《经济研究》关于稿件写作的几点说明,,,经济研究,0,<正>【中文内容】1．请作者自觉规范引用各类文献（包括法律或政策文件、数据库、图片、手稿等）参考文献内容引用务必合法、真实、相关、准确、完整；参考文献来源信息（如文献的作者姓名、译者姓名、标题、类别、出版年份、版本或印次、出版单位、网络链接等）列示务必真实、完整、确切、详细。2．请作者自觉保证所做研究的依据、过程、结果的真实性、准确性、完整性、逻辑性，自觉确认所做研究与以往相关研究的区别作者投予本刊的稿件，无论最终是否在本刊发表，若被发现存在故意抄袭或造假等学术不端情况，已发表的，本刊将声明撤消，未发表的，本刊将中止评审流程。
2022,中国特色社会主义政治经济学,刘伟;邱海平,,经济研究,0,<正>中国特色社会主义政治经济学是马克思主义基本原理与改革开放以来中国特色社会主义经济发展实践相结合而形成的理论成果，是反映社会主义经济运动规律的科学理论，是中国特色社会主义理论体系的重要组成部分。习近平新时代中国特色社会主义经济思想是新时代中国特色社会主义政治经济学，是当代中国马克思主义政治经济学、21世纪马克思主义政治经济学，是指导新时代中国特色社会主义经济建设和经济发展实践的理论基础和根本遵循。
2022,认识人口基本演变规律促进我国人口长期均衡发展,国务院发展研究中心课题组;马建堂;李建伟;张亮;钱诚;李恒森,人口发展;演变规律;人口结构;生育政策,管理世界,0,"从包括中国在内的171个国家人口发展历史看,人类人口发展具有很强的时代特征与内在演变规律,传统社会人口发展呈周期性波动特征,近现代社会人口发展呈""倒U""型演变规律。不同时期人口发展水平对经济社会影响有本质差别,早期人口过快增长会导致人均收入在低水平徘徊的""马尔萨斯陷阱""现象,突破""马尔萨斯陷阱""约束后,庞大的劳动年龄人口又会转化为促进经济社会快速发展的人口红利。我国人口发展已跨越""马尔萨斯陷阱"",超前进入高收入国家具有的低出生率、低死亡率、低增长率状态。模拟预测显示,未来我国人口仍将呈加速少子化与老龄化趋势,但只要采取适度鼓励生育政策,将城乡生育率稳定在2019年的水平,全面实施积极应对人口老龄化战略,顺应人口发展基本趋势,优化调整经济社会发展方式,就可以基本实现人口长期均衡发展。"
2022,新中国社会治理的理论与实践,张来明;刘理晖,社会治理;治理思想;基本经验;国家治理体系与治理能力,管理世界,0,"新中国成立后,中国社会治理经历了3次理论与实践的跃迁,形成了当代中国特色社会主义社会治理体系,在维护国家安定团结、促进社会和谐稳定中发挥重要作用,展现出制度优势。通过历史文献分析与政策体系研究,本文总结了中国社会治理体系发展进程和阶段特征,探讨了我国社会治理的思想内涵、理论演进和实践经验。本文认为,在党的政治领导和政府职能优化过程中引导社会力量有序参与治理,是中国社会治理的核心机制。坚持党的领导、坚持以人民为中心、坚持民主协商共治、坚持法治德治结合、坚持治理重心下移、坚持科技赋能治理是中国社会治理思想与实践的主要特征与基本经验。进入新时代,中国社会治理将在推动公共服务优质共享、基层治理体系现代化和治理数字化变革上持续发展完善。"
2022,制度、体制与机制：对国家治理体系的系统分析,张树华;王阳亮,治理;现代化;制度优势;系统论;动态平衡,管理世界,0,"国家治理体系和治理能力现代化是一项超大规模的社会系统工程。系统科学是分析国家制度体系和国家治理体系的理论视角,是推动国家治理体系和治理能力现代化的科学方法论。中国国家治理体系是以社会主义为根本和特质,制度、体制、机制运行为一体,具有整体性、协同性、层次性、关联性等系统性特征。除了制度结构、资源禀赋、权力配置等""硬件""因素外,国家治理体系运行、优化和效能输出还取决于各子系统的协同与衔接机制、信息反馈与调平纠偏机制、系统能动性的激发机制等方面。以系统观推动改革发展,要注意把握系统整体涌现性、统一性与差异性、制度有限性与主体能动性、正负反馈的动态平衡等原则。"
2022,数智赋能：信息系统研究的新跃迁,陈国青;任明;卫强;郭迅华;易成,信息系统;大数据驱动;数智赋能;管理决策,管理世界,0,"在大数据和人工智能技术飞速进步及其与社会经济活动的融合持续深化的同时,数据治理、高阶智能以及数智赋能正在成为数字经济发展的关注焦点,进而引发信息系统研究的新跃迁。本文首先刻画了我国信息系统研究的阶段演化框架,讨论研究的""造""与""用""视角、主题跃迁、价值创造特点、方法论范式等。接着,通过凝练对于大数据的认识、揭示管理决策要素转变,探讨了现阶段信息系统研究的若干前沿方向,包括""大数据驱动""研究方法论范式、智能方法创新、人机融合行为等方面的研究进展,并概述了相应的建模思路和求解路径。最后,从数据、算法、赋能的层面,阐释数智化新跃迁的新特征、新挑战、新课题,以期为我国信息系统学界提供前沿探索和研究创新的启发。"
2022,面向大数据管理决策的知识关联分析与知识大图构建,洪亮;马费成,知识关联;知识大图;大数据;管理决策,管理世界,0,"基于知识关联构建知识大图,可以支撑大数据的价值分析、发现与创造,为管理决策提供丰富的知识信息和智能服务。本文首先对知识关联分析和知识大图构建问题进行了形式化的定义,利用多重语义蕴涵关系表示大数据中存在的多角度、多层次的知识关联。在此基础上,提出了面向大数据管理决策的知识关联分析与知识大图构建统一框架和体系化方法。最后,通过典型应用场景:股权知识大图穿透式监管与疫情知识大图精准溯源,对所提出方法的有效性进行了验证。"
2022,从市场势力到有效市场势力——以中国化学药品制剂制造业为例,邓忠奇;庞瑞芝;陈甬军,市场势力;福利损失;有效市场势力;制药行业,管理世界,0,"企业层面市场势力及其福利损失的准确估计是产业组织领域的基础性研究问题,厘清市场份额、市场势力及福利损失的相互关系有助于为反垄断政策的制定提供参考并帮助企业决策。本文定义""有效市场势力""为企业销售额所占市场份额和Lerner指数的乘积,并证实在给定的垄断竞争行业中有效市场势力与福利损失存在近似线性关系,因此从福利分析的角度,有效市场势力比市场势力更需要被重视。通过理论分析,本文给出了企业层面市场势力和福利损失的估计方法,修正了以产出价值量代替实物量进行生产函数估计时存在的偏误。通过实证分析,本文将相关方法应用于中国化学药品制剂制造业研究,发现1999～2015年中国上市化药企业平均市场势力为0.149,未表现出太强的垄断性;样本期间每家上市化药企业每年平均福利损失为0.76亿元,约占营业收入的7%;政府规制对化药企业市场势力和有效市场势力具有一定的影响,但近年来该影响趋于稳定,因此放弃直接的药品价格规制转而依靠药品价格谈判机制和反垄断规制不会对化学药品制剂市场产生剧烈影响。"
2022,管理层讨论与分析的语调操纵及其债券市场反应,林晚发;赵仲匡;宋敏,MD&A语调操纵;利益冲突;债券信用评级;债券信用利差,管理世界,0,"本文研究了管理层讨论与分析(MD&A)语调的操纵行为及其债券市场反应。研究发现,MD&A异常积极语调与预警Z值负相关,债务重组正相关,这表明MD&A异常积极语调暗示了企业较高的未来风险,这与语调的信息增量解释相悖,因此MD&A异常积极语调更可能是操纵的结果。进一步研究发现,MD&A异常积极语调越大,债券信用评级越高,且该正向关系在与评级机构利益冲突大、信息透明度低的公司子样本中更显著;此外,债券投资者能够识别语调操纵行为,但随着债券市场公众投资者的参与,MD&A异常积极语调与债券信用利差之间呈现出一定的负向关系,且这种负向关系在信息透明度低的企业组中更加显著。本文较早使用中国资本市场数据度量了MD&A异常积极语调,且证实这种异常语调是管理层操纵的结果,并探讨了MD&A语调操纵对于债券市场信息效率的影响,相关结论对于完善MD&A文本信息披露监管法规、提高评级机构独立性以及提升债券市场信息效率具有重要启示。"
2022,大数据环境下我国未来区块链碳市场体系设计,叶强;高超越;姜广鑫,大数据;区块链;碳交易;碳普惠;侧链,管理世界,0,"碳市场建设是完成""双碳""目标的重要保障,而个人级碳交易作为目前企业级碳交易的有效补充,将会助力""双碳""目标的高效达成。本文拟利用区块链技术赋能碳市场建设,面向未来大数据环境下的碳市场,设计碳市场区块链系统架构,提出了区块链碳市场中个人碳资产价格驱动机制模型。本文首先分析了碳市场的发展趋势,指出个人级碳交易的重要性;进而利用区块链公链技术与侧链扩容技术,提出""公链+侧链""的碳市场体系设计方案,即公链上进行企业级碳交易,侧链上进行高频小额的个人级碳交易。该方案利用区块链技术的诸多优点降低管理成本、加强监管力度的同时,解决了个人碳资产大数据导致的公链拥堵问题,实现了个人碳资产聚合,保证了交易效率。各侧链生态可以根据区域或项目特色编制智能合约进行自治化运行,既实现了""因地制宜"",又降低了运行成本,还可以保证用户隐私与数据提供商的数据资产安全。最后,本文对该方案进行了经济学建模分析,通过模型推导和数据模拟论证了其社会效益,为政府决策提供了参考依据。"
2022,经济政策不确定性与企业短债长用,李增福;陈俊杰;连玉君;李铭杰,经济政策不确定性;短债长用;投融资期限错配;信息不对称;信贷配给,管理世界,0,"本文阐明了经济政策不确定性(EPU)通过银行信贷配给影响企业短债长用的理论机制,并利用中国EPU指数和上市公司数据进行了实证检验。结果发现,EPU上升提高了企业的短债长用水平;进一步研究发现,在风险承担能力较强和长期融资能力较弱的企业中,EPU上升对其短债长用具有更为显著的影响;经济政策不确定下的短债长用对企业绩效影响不明显,但会增加企业的破产风险。上述结果有助于解释包括中国在内的转型国家的""债务期限结构""之谜,也提示政府有关部门关注当前经济政策不确定下的企业短债长用现象,拓宽企业长期融资渠道,防范金融风险。"
2022,电子商务增值税地区间分享和清算,刘怡;聂海峰;张凌霄;崔小勇,增值税;地区分享;电子商务,管理世界,0,"增值税按照生产地原则在地区间分享造成地区间税收竞争加剧、税收收入差距扩大等问题。电子商务零售迅速发展呈现地区间""销售极化消费均化""的特征,使得增值税收入主要集中在销售地区。使用国内某电子商务平台销售数据对跨地区销售的商品和服务产生的增值税在各地区的分布和规模进行测算发现:生产地原则下,增值税主要由少数销售集中的地区获得;而消费地原则下,各地区按照消费规模获得增值税。在制度优化方面,通过建立省际增值税清算机制,适当结合生产地原则和消费地原则分享跨地区销售产生的增值税,可以使电子商务增值税收入在地区间的分布更加合理,有助于区域均衡协调发展。"
2022,基于数字化技术共建“和而不同”动态能力——2011～2020年索菲亚与经销商的纵向案例研究,吴瑶;夏正豪;胡杨颂;谢康;王茜,动态能力;异质性资源;管理认知;数字化技术;案例研究,管理世界,0,"如何解决组织间管理认知对跨组织动态能力的负面影响,既是双元动态能力研究的前沿课题,也是管理实践的难题。本文以""和而不同""的中国哲学思想为基础,通过对2011～2020年索菲亚与经销商的纵向案例研究发现:(1)适度变化与高度动荡两种环境类型决定了合作组织间一致(""和"")或不一致(""不和"")的管理认知。数字化技术通过削弱跨组织异质性资源的不匹配,促进了一致的管理认知,即实现""和"";同时,通过强化跨组织异质性资源的互补与融合,促进了差异化的创新行动,即实现""不同"";(2)合作组织基于数字化技术构建了合作创新能力和协同变革能力,形成从跨组织异质性资源到跨组织""和而不同""动态能力的构建。据此,本文提出基于数字化技术的跨组织嵌套型双元动态能力模型,扩展了管理认知与跨组织双元动态能力的关系研究而形成理论创新,为管理实践提供了管理认知一致与不一致条件下合作组织共建跨组织动态能力的一种解决方案。"
2022,碳中和目标下的能源经济转型路径与政策研究,张希良;黄晓丹;张达;耿涌;田立新;范英;陈文颖,碳中和;转型路径;碳定价;CGE模型,管理世界,0,"""2030年前碳达峰""和""2060年前碳中和""目标要求我国能源经济系统进行深刻的转型。本文利用中国—全球能源模型(C-GEM)等模型工具,研究了碳中和愿景下我国能源经济转型的路径,定量评价了主要减排措施在不同时期的减排贡献度和所需的政策干预力度,对能源经济转型路径的关键特征指标进行了不确定性分析。研究表明,要实现""2060年前碳中和""目标,我国应进一步提高能源利用效率,2060年单位GDP能源消费相比当前下降75%以上;持续推进以新能源为主体的能源结构优化,2060年非化石能源在一次能源消费中的比重提高到80%以上;大力推进电气化和电力系统深度脱碳,2060年电力在终端能源消费中的比重提高至70%以上,非化石电力在电力供应中比重提升至90%以上,电力系统在2045～2050年间实现净零碳排放;碳定价机制将在碳中和转型中发挥关键作用,为低碳、零碳和负碳技术创新和产业转型升级提供有效的激励。研究还表明,碳中和将有助于我国经济高质量发展,2030年和2050年我国人均GDP将超过2万美元和3万美元。"
2022,推进收入分配制度改革促进共同富裕实现,李实;朱梦冰,收入差距;财产差距;公共服务;共同富裕,管理世界,0,"共同富裕是社会主义制度的本质要求,是中国现代化的重要内容之一。实现共同富裕既是一个远景目标,也是一个长期发展过程。本文首先阐述共同富裕的内涵和根本要求,然后从收入差距,财产分配差距和公共服务等方面论述我国实现共同富裕的挑战,及其实现共同富裕的长期性、复杂性和艰巨性,提出改革收入分配制度,推进基本公共服务均等化,以提高全体人民的全面发展能力为宗旨的共同富裕实现路径。"
2021,政府财政投入模式对医疗费用的影响,朱恒鹏;岳阳;续继,医疗卫生;财政投入;医院投资,经济研究,0,"财政投入能否改善医疗服务质量,降低人民群众医疗负担,是完善我国医疗财政投入制度的核心问题。为此,本文首先构建了一个财政投入、患者就医选择和医院投资及收费行为的理论模型,分析财政投入对医院投入和收费行为的影响。模型预测对供方的财政投入,导致医院规模扩张,进而通过增加住院人次以及患者的均次支付意愿抬高医疗费用。对于需方即医保的补贴也会抬高医疗费用,但和差异化的补供方投入不同,无差异普惠性的医保促进了医院间的竞争,这使得补需方导致的医疗费用增幅低于补供方导致的医疗费用增幅。此外,由于医疗成本差异,对高等级医院的财政补贴使医疗费用的提升效应超过对低等级医院补贴的效应。本文利用13个地市的医院微观数据,衡量了财政投入(补供方)和医保支付(补需方)对医疗费用和服务质量的影响,并分析了财政投入对医疗费用产生影响的各种渠道。结果表明,增加公立医院财政投入会加剧其规模扩张,进而通过提高住院率抬高均次医疗费用,同时增加患者自费费用;医保支付增加亦会抬高均次医疗费用,但能够降低患者自费费用,实证分析结果和理论分析预测一致。"
2021,大数据应用对中国企业市场价值的影响——来自中国上市公司年报文本分析的证据,张叶青;陆瑶;李乐芸,大数据;文本分析;市场价值;生产效率;研发投入,经济研究,0,"推进大数据与实体经济的深度融合成为中国新一轮的经济增长点。本文通过对A股上市公司的年报进行文本分析,构建了衡量公司层面""大数据""应用程度的指标,探讨了企业大数据应用的发展状况及决定因素,检验了大数据应用对公司市场价值的影响。研究发现:第一,规模较大、有形资产比例较低、盈利能力较强,以及所在地区市场化程度较高的公司更可能在生产经营过程中应用大数据;第二,大数据的应用可以显著提高公司的市场价值;第三,主要的影响机制在于大数据的应用显著提高了公司的生产效率和研发投入,而相关技术和人才供给的不足可能会阻碍大数据对市场价值的积极影响。本文结论对中国未来大数据相关的政策设计具有参考价值,为推动实体企业生产经营与大数据的高效融合提供了经验证据和指导建议。"
2021,双重股权结构、日落条款与企业创新——来自美国中概股企业的证据,郑志刚;朱光顺;李倩;黄继承,双重股权结构;日落条款;企业创新;公司治理,经济研究,0,"本文以2009—2018年间在类型上多属于创新型企业,在文化上属于同源的在美上市中概股企业为例,实证评估了在双重股权结构中引入日落条款对企业创新的影响,回答如何设计双重股权结构才能有助于企业创新的问题,为双重股权结构登陆A股提供逻辑基础和政策依据。研究发现,双重股权结构在总体上显著促进了中概股企业创新投入的增加。在作用机制方面,双重股权结构有助于降低高管非正常离职概率,并促进企业创始人担任CEO,从而鼓励人力资本的持续稳定投入,促进企业创新能力的提升。异质性分析表明,在高科技行业中,双重股权结构对企业创新的促进作用更大。对日落条款的研究发现,日落条款对双重股权结构的作用起到重要调节作用,双重股权结构促进创新的效果只体现在同步引入日落条款的上市公司。因而,引入日落条款这一内部机制可以在一定程度上缓解双重股权结构缺乏外部接管威胁的潜在问题。"
2021,代际传承与家族董事席位超额控制,刘星;苏春;邵欢,家族企业;代际传承;家族董事席位超额控制;二代海归背景;二代介入时长,经济研究,0,"本文以2008—2018年沪深A股上市家族企业作为研究样本,考察了代际传承对家族董事席位超额控制程度的影响机制及效应。研究发现,二代接班准备企业的家族董事席位超额控制程度会显著增加,但二代接班上位后企业的家族董事席位超额控制程度则会明显降低;同时,二代海归背景不仅强化了二代接班准备对家族董事席位超额控制程度的正向影响,也削弱了二代接班上位对家族董事席位超额控制程度的负向影响,而二代介入时长则会降低二代接班准备对家族董事席位超额控制程度的提升作用。进一步分析表明,""构建能力权威""和""应对宏观经济下行压力""是代际传承影响家族董事席位超额控制程度的重要机制;并且,二代接班自治后家族董事席位超额控制程度并未出现明显的差异;此外,超额家族董事席位是导致代际传承中企业绩效下滑的重要原因之一。本文不仅有助于我们从新的视角来理解家族董事席位超额控制的形成动因,也丰富了代际传承的相关研究。"
2021,网络结构与银行效率：基于时变“银行—股东”网络的研究,汪莉;邵雨卉;汪亚楠,时变“银行—股东”网络;网络结构;风险约束效率,经济研究,0,"高效健全的银行体系是实体经济高质量发展的基石,本文基于2004—2017年105家商业银行数据构建时变""银行—股东""网络,从社会网络这一非正式制度视角考察网络结构对银行效率的影响和微观机制。研究发现:时变""银行—股东""网络中心度提升对银行效率具有积极影响,网络位置越中心,网络广度、中介程度越高,银行效率相对越高;在纳入表内外风险资产作为非期望产出进行效率估算后,网络中心度与银行效率的这一正向关系依然成立,但作用幅度有所降低;在传导机制上,网络中心度的提升通过""竞争机制""和""资源共享机制""改善银行整体效率。同时,银行的交叉持股水平、产权性质及银行类型会对网络结构与银行效率间的关系产生异质性影响。本研究为商业银行进行效率管理提供了来自非正式制度的全新分析视角,也为有关部门制定银行体系的发展战略提供了一定参考。"
2021,银税互动、融资约束与小微企业投融资,陈彪;罗鹏飞;杨金强,银税互动;融资约束;小微企业投融资;信贷政策,经济研究,0,"为促进大众创业、万众创新,国家税务总局和银保监会联合推出了小微企业新型融资模式——银税互动。本文试图探究银税互动对小微企业融资约束、投融资决策以及纳税行为的影响。研究发现:(1)银税互动可以消除小微企业融资约束;(2)企业投资动机与银行信贷乘数呈U型关系,且对增长率较低的企业,宽松的信贷政策对其投资有较大促进作用;(3)银行更青睐于给增长率较高、波动率较低的小微企业贷款;(4)银税互动对小微企业逃税的抑制作用依赖于银行的信贷政策。本文为银税互动受到政府部门和小微企业青睐提供了新的理论解释,同时也为完善银税互动更好助力小微企业诚信纳税、让小微企业享受到诚信纳税红利提供了理论指导。"
2021,数字时代的市场秩序、市场监管与平台治理,江小涓;黄颖轩,市场秩序;技术秩序;平台治理;市场监管,经济研究,0,"数字时代,大型平台企业崛起,市场结构和市场秩序发生重要变化。平台既对原有市场秩序构成挑战,也依托其技术能力,成为其生产消费生态圈内相关秩序的设立者和维护者。由此,技术秩序成为继自发秩序、行政秩序、法律秩序之后,维护市场有效运转的又一重要力量。同时,大型数字平台依托数字技术优势带来的""大而管不了""问题,成为困扰各国监管者和全社会的突出问题。行政监管与法治监管需要与时俱进,适应数字时代特点,重点推进合规监管、分类监管、技术监管、均衡监管、价值导向监管和敏捷监管等,促进多种秩序力量共同发力,维护市场有序运转、多方主体利益均衡和社会效益最大化。"
2021,碳中和背景下的森林碳汇及其空间溢出效应,杜之利;苏彤;葛佳敏;王霞,碳中和;森林碳汇;空间溢出效应;人类命运共同体,经济研究,0,"实现碳中和目标应当从""碳源""和""碳汇""两方面着手。森林具有的生态净化能力使其能够有效吸收空气中的二氧化碳,故森林碳汇将在中国实现碳中和进程中发挥重要的作用。由于森林碳汇可能存在一定的空间相关性,森林资源的自然属性决定了碳汇发展很难实现区域上的完全分割,基于全球视角的分析便成为探讨中国碳汇发展的必然前提。本文基于森林碳汇核算公式推导出碳汇空间效应模型,根据1990—2015年全球139个国家的面板数据,在分析森林碳汇影响因素的基础上,讨论了跨国间的森林碳汇溢出效应。结果表明:各国森林碳汇的发展往往无法独善其身。非政府组织活跃度能够促进本国森林碳汇的发展,但具有负向的外溢效应;森林面积的增长虽然对本国碳储量密度没有明显的正向影响,但其有利于环境的改善,对邻国具有较大的正向溢出效应;薪柴的使用会对环境有正向反馈作用,并对其他国家也能带来正向影响,表明森林可进行适量但不过度的砍伐。鉴于其他国家对中国的森林碳汇发展造成了间接的负面影响,中国在制定具体的碳汇发展政策时,需要综合考虑各个影响因素的直接效应和其他国家带来的间接影响,立足于人类命运共同体理念,与其他国家制定共同应对策略,协调促进森林碳汇的发展。"
2021,从党的百年奋斗重大成就和历史经验总结中思考推进中国经济学“三大体系”建设——学习贯彻党的十九届六中全会精神笔谈,黄群慧;刘尚希;张车伟;张晓晶;杨开忠;胡滨;闫坤,,经济研究,0,"<正>中国共产党第十九届中央委员会第六次全体会议,是在重要历史关头召开的一次具有重大历史意义的会议。会议审议通过了《中共中央关于党的百年奋斗重大成就和历史经验的决议》(简称《决议》)。全会认为,总结党的百年奋斗重大成就和历史经验,是在建党百年历史条件下开启全面建设社会主义现代化国家新征程、在新时代坚持和发展中国特色社会主义的需要;是增强政治意识、大局意识、核心意识、看齐意识,坚定道路自信、理论自信、制度自信、文化自信,"
2021,人口红利还是人力资本红利：生育政策经济影响的理论分析,贾俊雪;龙学文;孙伟,生育政策;经济增长;收入分配;社会养老保障负担;异质性居民代际交叠模型,经济研究,0,"为更好地认识与理解生育政策调整可能带来的人口红利和人力资本红利及其经济影响,本文基于中国生育政策和经济社会发展实践,构建一个异质性居民代际交叠模型,深入考察生育政策(包括最大生育数量限定和超生罚款政策)对经济增长、收入分配和社会养老保障负担的影响及其机理。研究表明,生育政策对不同人力资本居民的生育和子女教育投资决策具有明显的异质性效应,且生育数量限定和超生罚款政策的影响不同。生育数量限定政策放松对经济增长具有""倒U""型影响,对居民收入基尼系数则具有""U""型效应,有利于减轻社会养老保障负担。超生罚款政策放松亦能减轻社会养老保障负担,但会抑制经济增长、加大收入差距。加大公共教育投入总体有助于生育政策放松取得较好效果;降低代际传导性有利于生育数量限定政策放松积极作用的发挥,超生罚款政策放松则具有相反影响。上述发现对于持续优化完善我国生育政策及配套支持措施具有良好启示。"
2021,国家一流培育学科:湖南师范大学理论经济学科,,,经济研究,0,"<正>湖南师范大学理论经济学科是湖南省政府确定的国家一流培育学科。2018年获理论经济学一级学科博士点,2019年获批博士后流动站,并获经济学国家一流本科专业。根据""2020软科排名"",本学科居全国高校第26位、师范类高校第3位。"
2021,早进城的回报：农村移民的城市经历和就业表现,魏东霞;陆铭,城市化;学习效应;非认知能力,经济研究,0,"移民通过尽早进城,在青少年时期获得城市生活经历,可以提升其非认知能力,增加进入现代服务业就业的概率,改善其劳动力市场收入。基于流动人口监测数据的实证研究表明,农村移民首次进城年龄越小,其小时工资越高。以农村移民进城当年户籍地春季旱涝等级作为首次进城年龄的工具变量,两阶段最小二乘法估计表明,户籍地当年春季降水量越多,农民越早进城,其日后的劳动力市场表现越好。机制分析表明,农村移民早进城能提高其非认知能力,提升其进入收入较高的现代服务业的概率。本文的政策含义是,破除体制障碍让更多农村人口尽早进城,以改善其日后的就业和收入。"
2021,机会之地：社会流动性与企业生产效率,吴育辉;张欢;于小偶,社会流动性;劳动力;激励;生产效率,管理世界,0,"畅通有序的社会流动渠道,通过作用于驱动员工努力的激励机制,进而对微观企业产生影响。本文采用中国综合社会调查数据和上市公司数据,考察了社会流动性对企业生产效率的影响。研究发现:地区社会流动性越高,企业的全要素生产率亦越高。上述结论在考虑多种稳健性测试的情况下仍然成立。进一步研究发现,薪酬激励和晋升激励是社会流动性影响企业生产效率的作用渠道。此外,异质性分析的结果显示,社会流动性对企业生产效率的正向影响主要体现在户籍开放度较高、竞争性行业、非国有企业和人力资本质量较高的样本中。最后,本文发现社会流动性通过改善生产效率提高了企业绩效。综上,本文从劳动力激励角度证明了社会流动性对微观企业产出的实际影响,为政府促进""劳动力和人才社会性流动体制机制改革""提供了证据支持。"
2021,国有企业党委书记和董事长“二职合一”能否实现“双责并履”？——基于倾向得分匹配的双重差分模型,郝健;张明玉;王继承,国有企业;党委书记;董事长;公司治理;双重差分,管理世界,0,"本文聚焦国有企业党委书记和董事长由一人担任的""二职合一""实践,实证分析了其对党委书记履行党风廉政建设和反腐败工作第一责任人职责与董事长履行企业经营主要责任的""双责并履""影响情况,结果显示:党委书记和董事长""二职合一""能够显著降低国有企业腐败风险,但目前尚未能对国有企业经营绩效产生显著影响;进一步研究发现,外部治理环境和内部治理结构因素均无法显著调节党委书记和董事长""二职合一""对其""双责并履""的影响。本研究运用量化政策评估方法科学检验国有企业党委书记和董事长""二职合一""成效,对于坚持和完善国有企业党委书记和董事长""二职合一""相关机制、建设具有中国特色的国有企业制度具有一定参考价值和借鉴意义。"
2021,“北斗”闪耀——初探中国卫星导航产业发展之道,赵耀升;宋立丰;毛基业;刘箭章,北斗系统;中国卫星导航产业;高技术产业发展道路;自主技术来源,管理世界,0,"北斗卫星导航系统是改革开放40余年来取得的重要成就之一,而中国卫星导航产业也成为了少数站上国际前沿的高技术产业之一。本文总结了中国卫星导航产业的发展道路,提炼出""成功秘诀"",并对其理论意义进行了探讨。研究发现,中国卫星导航产业的跨越式发展是依靠分步走的研发战略、特色创新的技术方案和重大工程的组织实施方式""三大法宝"",自主成功获取卫星导航源头技术,并快速赶上先发国家;再凭借自主源头技术的溢出动力、""国家规划—重大工程""引领下的""政府+市场""合力以及产业技术升级机遇的助力这""三大动力"",实现了快速产业化。中国卫星导航产业走出了一条具有鲜明中国特色的高技术产业发展实践创新之路,不仅填补了发展中国家自主技术来源情境下高技术产业发展""无路可走""的空白,而且可以抽象出一条对这一情境下高技术产业发展具有一定普适意义的""北斗道路""。这些结论对于当前我国高技术产业发展实践和理论研究均有借鉴意义。"
2021,中国农业生产方式的变迁探究——基于微观农户要素投入视角,高晶晶;史清华,生产方式;农业增长;适度规模;化肥;机械化,管理世界,0,"本文基于1995～2016年的全国微观农户数据,从要素投入视角来考察农户生产方式的变化情况,测算并比较了土地、劳动力、化肥、农药、地膜、种苗、机械等各主要投入要素的产出弹性及产出增长贡献。研究发现,在时间序列上中国农户的农业生产方式已经历了由主要依靠劳动力等传统农资演变为主要依赖化肥等化学农资的替代和转变过程。但目前,各类化学农资对产出的增长动力已开始减弱。即使不考虑其负外部性导致的环境成本,单纯在经济意义上,当前主要化学农资的施用成本也已超过其可带来的产出收益。因此,新的生产方式转变节点已出现。在保障产出安全的前提下,可通过要素间配置的综合调整来实现。具体地,在适度规模经营的基础上以依赖良种和机械化投入为主,将是未来农业生产方式绿色化转型可能的路径和方向。"
2021,乡村走向共同富裕过程中的治理机制及其作用——一项双案例研究,徐凤增;袭威;徐月华,制度逻辑理论;乡村治理;乡村振兴;共同富裕;实现途径,管理世界,0,"乡村要实现振兴和走向共同富裕,面临着治理方面的挑战。本研究基于制度逻辑理论的视角,选取山东省博山中郝峪村和陕西省礼泉袁家村两个典型案例进行归纳式分析。展示了两个村从摆脱贫困到共同富裕过程中,各种外来制度逻辑与原生制度逻辑之间的冲突和融合,以及这些制度逻辑对乡村振兴和共同富裕的作用,并在此基础上归纳出了乡村实现共同富裕的途径。研究发现,在乡村发展的不同阶段,各种制度逻辑的碰撞和融合促进了乡村治理质量的改进。党组织逻辑、国家逻辑、市场逻辑和公司逻辑4种外来制度逻辑通过党组织领导、基层民主决策、村庄业态规划、股份制合作等策略实现了与原生宗族逻辑的融合共存,共同构成了乡村治理体系,并能够有效促进乡村振兴。本文的研究对乡村治理以及制度逻辑理论的研究具有重要的理论贡献。同时,本文的发现还为乡村优化治理体系、提高治理能力,并最终实现共同富裕提供了借鉴。"
2021,中国经济国内国际双循环的测度分析——兼论新发展格局的本质特征,黄群慧;倪红福,双循环;全球价值链;内需结构;新发展格局,管理世界,0,"本文从经济循环的概念逻辑视角阐述""新发展格局"",进而构建了基于供给端和需求端的国际国内循环测度指标和基于全球价值链的国内国际循环GDP分解新方法,并利用WIOD数据进行了实证测算分析。在此基础上,对新发展格局的本质特征进行了深入分析。研究发现:无论是从最终品的国内最终需求率和中间品的本国供给率看,还是从全球价值链GDP分解来看,各方面指标都表明中国国内经济循环的依赖程度在90%上下。从国际比较角度看,依赖于国内循环的GDP占比中国排在第5位,这些都说明了如果单纯基于国内经济循环和国际经济循环的新增经济流量看,在数量上国内经济循环的主体地位基本确立。但是,并不能由此认为新发展格局已经基本形成。新发展格局的关键内涵是畅通经济循环,本质特征是实现高水平自立自强。""国内大循环为主体""不是仅仅体现为中国经济国内循环量在整体经济循环量中占比高、中国的GDP增长主要依赖于国内经济循环,而是主要体现为以国内高水平自主创新为主驱动经济循环畅通无阻、以持续扩大国内需求为主不断做大经济流量、以发挥国内大循环为主体促进国内国际双循环畅通。基于此,本文提出构建新发展格局的相关政策建议:要着力扩大消费以调整内需结构,实现内需结构的合理化、高级化,要发挥超大规模市场优势、加快建设统一开放有序的国内大市场,要积极扩大开放水平、在国内国际双循环中充分发挥国内大循环主体作用,要加快自主创新以提升产业链现代化水平、形成数字化智能化创新驱动下的双循环新发展格局。"
2021,数字平台履责与共享价值创造——基于字节跳动扶贫的案例研究,邢小强;汤新慧;王珏;张竹,数字平台;平台企业;企业社会责任;共享价值创造;扶贫,管理世界,0,"本文采用案例研究方法,通过对数字内容产业头部公司开展的扶贫工作进行深入研究,探讨了平台企业基于数字平台履行社会责任并创造出共享价值的过程、机制与支持要素。研究表明,数字平台企业主要运用平台嵌入、平台拓展与平台优化3个步骤来高效履行社会责任,其中每个步骤都包含具体的履责策略与方法,包括对平台用户基础、大数据与智能算法的应用,围绕平台来拓展价值网络和设定量化的履责绩效指标并持续优化等。其次,平台履责把社会价值创造内置于平台商业生态体系内,通过对社会、商业关系与资源的混合配置与转化利用来创造共享价值,其中社会价值创造是商业价值创造的前提,两种价值创造相互依赖且多有重叠。最后,平台企业自身具有的多平台产品线、数据决策导向与跨部门协作力因素会支持与促进平台履责与共享价值创造。本文的主要贡献是构建出一个涵盖平台履责前因、过程、结果与内部支持要素的理论模型,通过联接起数字平台履责与共享价值创造而拓展与深化了相应研究领域,也为数字经济时代的金字塔底层战略与包容性创新研究贡献出新的内容。"
2021,中间产品国际贸易内涵能源的核算与国际比较,刘增明;黄晓勇;李梦洋,中间产品;内涵能源;国际贸易,管理世界,0,"中间产品贸易目前已经在国际贸易中占大多数,但其导致的能耗与排放国际转移难以被传统方法精确核算。本文在多区域投入产出(MRIO)模型的框架下,创新地推导建立了不受地区、部门限制的双向中间产品国际贸易模型,克服了传统的国际能耗排放核算视角和全球价值链分解方法存在的不足,能够拓展到其它中间产品研究领域。并采用2016年WIOD国际投入产出表对44个重要经济体进出口中间产品内涵能源情况进行了核算和比较。研究发现国际贸易中的中间产品包含了大量的内涵能源。多数年份中,中国通过中间产品国际贸易进口内涵能源,但付出了巨大的价值逆差。美国、德国等发达经济体通过中间产品国际贸易获得大量的内涵能源。其中,德国在大量进口内涵能源的同时实现价值的大额顺差;美国则在多数制造业部门获得内涵能源,在主要的服务业部门获得价值顺差。而俄罗斯等发展中经济体在中间产品国际贸易中输出大量内涵能源。据此,本文认为合理发展中间产品内涵能源进口能够有效替代我国对能源的部分需求,促进""碳达峰""""碳中和""目标实现。同时在合理留存境内价值链与增加值、淘汰落后产能、推动""一带一路""建设等方面发挥重要协同作用。"
2021,监管型小股东的治理效应：基于财务重述的证据,何慧华;方军雄,投服中心;财务重述;中小投资者保护,管理世界,0,"长期以来,保护中小投资者合法权益是中国资本市场制度建设的核心,2014年证监会设立的中证中小投资者服务中心便是为此所做的一项重要制度创新,本文采用双重差分模型通过考察投服中心设立对公司会计信息披露的监管治理效应以检验这项制度创新的保护效果。研究发现,相对于非试点地区的上市公司,投服中心试点地区的上市公司在试点之后发生财务重述的可能性显著下降。基于手工收集的投服中心真实行权数据,同样发现被投服中心行权以后上市公司的财务重述现象确实显著减少。此外还发现,该治理效应在外部治理环境较差——审计质量较低、机构投资者持股比例较低、分析师跟踪人数较少的上市公司中更显著。进一步研究投服中心作用的实现机理,我们发现投服中心成立后上市公司的法律诉讼风险增加,产生威慑效应,是我国现有行政司法体系的有效延伸;此外,投服中心行权的示范效应带动了股东""用手投票"",提高了股东大会的整体参与度和中小股东参与度。"
2021,“城投部门”议价能力与地方政府债务扩张,宋傅天;姚东旻,地方政府债务;城投部门;议价能力;城投公司;隐性债务,管理世界,0,"地方政府债务问题一直是社会各界的关注焦点。在地方政府面临财政、金融及土地等制度因素之外,本文创新性地探讨了""城投部门""的自身激励、自发行为,及其在债务扩张过程中发挥的特殊作用。在国资增值的规模导向、隐性担保导致债务成本低等制度背景之下,""城投部门""存在过量举债的自发倾向。并且由于其在城市建设及土地出让过程中发挥了重要作用,在债务扩张问题中,""城投部门""对于面临救助压力、债务风险的地方政府能够产生议价能力。在新《预算法》所代表的""防范债务风险""政策冲击中,""城投部门""能够通过更强的议价能力,持续获得地方政府的支持,从而相对提高了债务扩张速度。本文通过双重差分法识别了这一因果效应,并从显性债务角度进行验证。债务限额能够对这一过程产生调节。控制内生性后,土地使用权在该过程中具有中介效应。本文将研究视角下探至""城投部门"",从议价能力的视角为理解地方政府债务问题以及规范、管理地方政府债务工作提供了参考借鉴。"
2021,中国共产党劳动思想和实践百年回顾,宋湛;文魁,中国共产党;劳动思想体系;劳动政策;人的全面发展,管理世界,0,"本文分6个阶段梳理了中国共产党建党以来,为回应不同时期所提出的时代主题,将马克思主义基本原理和中国实践相结合,对劳动思想的发展过程和劳动政策实践的调整过程。党的劳动思想和实践的百年演进史,归结起来,就是以人的全面发展为主题,以解放和发展生产力为主线,多维度激励劳动者,不断提升劳动者素质、改善劳动者生活,提高劳动生产率水平,优化劳动力配置。目前,我国已经全面建成小康社会,正在乘势而上开启现代化建设新征程。新时代我国的劳动领域仍然面临一些突出的问题和挑战。未来需要继续秉持以人民为中心的发展思想,在实践中不断求索。"
2021,减税降费、企业进入退出和全要素生产率,田磊;陆雪琴,减税降费;企业进入退出;选择效应;异质性企业模型,管理世界,0,"本文构建嵌入进入退出机制的异质性企业动态一般均衡模型,量化研究削减在位企业税费(""减税"")、降低潜在进入企业市场进入费用(""降费"")对全要素生产率、企业动态等宏观经济变量的长期影响。本文发现:(1)减税能够在一定程度上提高全要素生产率水平和总产出,但会抑制企业动态(企业退出率降低);降费能够有效提高全要素生产率水平和总产出,活跃企业动态;(2)在实施减税降费政策时,适度增加与居民消费呈互补关系的政府消费的份额能够促进全要素生产率和总产出的提升。主要政策启示:减税和降费应协调推进,不可偏废,既要通过减税增大在位企业的继续经营价值,又要通过降费保持市场竞争压力,两者共同促使企业不断进化,提高效率,进而实现宏观经济的高质量增长。"
2021,我国企业发展政策的历史逻辑与未来取向,张文魁,企业发展;所有制;公平竞争,管理世界,0,"从经济增长原理和经济发展历史来看,企业发展政策重于宏观政策和产业政策,当今时代尤其如此。新中国建立后很长时期里实行路线性区分与战略性倾斜的企业发展政策,这是由历史逻辑决定的。改革开放以来,搞活国有企业一度是企业发展政策的主题,但随着时间推移,促进非国有企业发展政策的重要性日益凸显。从时代趋势来看,我国企业发展政策的未来取向将是如何维护企业之间,主要是不同所有制企业之间,以及内外资企业之间的公平竞争。不过,要真正实现公平竞争并不容易,未来还面临至少四大政策难点,""竞争中性""也不能根本解决这些问题。赋予反垄断、反不公平竞争有关规定以可诉性,加强法庭建设,提高接诉和审理能力,非常有助于新的企业发展政策的实施。"
2021,关系网络嵌入、联合创业投资与企业创新效率,陈德球;孙颖;王丹,创业投资;关系网络;非正式制度;企业创新;公司治理,经济研究,0,"在正式制度尚不健全的资本市场背景下,中国创业投资行业仍经历了数十年的高速发展,促进了大量实体经济创新,这背后的原因和机制是什么呢?本文从创业投资促进企业创新产出的作用机理出发,实证检验了关系网络作为非正式制度补充创业投资领域正式制度缺失的作用和机制。以2018年前接受联合投资的A股上市公司为样本,本文发现联合投资主体间由于过往合作经历、共同求学和工作经历建立起的关系网络充当了缓解代理冲突的非正式制度,有效补偿了正式制度缺失时可能产生的短视行为,进而促进了这类创业投资在刺激企业创新中发挥的作用。研究表明,过往合作经历和共同校友关系嵌入下的联合投资企业创新效率更高,表现为专利数量的提升。机制检验表明,关系网络嵌入在联合投资团队代理冲突较强、自身失败容忍度较低的情况下能对创新发挥更大的促进作用。基于企业绩效-CEO变更敏感度的分析显示,关系网络嵌入确实增加了联合投资团队的失败容忍度水平。进一步研究表明,在正式制度发展薄弱的背景下,在创业投资机构更追求财务收益的前提下,关系网络嵌入对联合投资企业创新的正向作用更为明显,且在创业投资关系网络下,企业整体呈现出更高的风险承担后果,表现为被投企业会计收益率的变动率和股票收益率的变动率更高。此外,本文还通过一系列稳健性检验排除了内生性问题,以及本文结果可能存在的其他解读。本文的结论表明创业投资关系网络作为非正式制度组织形式,可以在正式制度缺失的新兴市场中发挥补偿作用。"
2021,“双支柱”政策、政府债务与财政政策效果,马勇;吕琳,“双支柱”政策;政府债务;财政融资;财政政策效果,经济研究,0,"本文通过构建包含多部门和多政策的DSGE模型,研究了政府债务和""双支柱""政策对财政政策效果的影响。在此基础上,进一步分析了不同融资方式下财政政策的传导机制和经济效应,并探究了主要经济金融变量随政府负债水平变化的基本规律。分析结果显示,""债务货币化""可能引发""滞胀""现象,进而导致财政政策无效。同时,虽然政府提高负债有助于增强短期财政政策的效果,但也会导致经济和金融体系的波动性上升,从而引发额外的社会福利损失。此外,基于不同的财政融资方式,本文还考察了财政政策效果随""双支柱""调控强度变化的动态特征,从而为理解复杂条件下的""双支柱""政策与财政政策的协调搭配问题提供了一些初步的分析思路和结论。"
2021,金融体系扭曲、经济转型与渐进式金融改革,张一林;林毅夫;朱永华,赶超战略;政策性负担;自生能力;金融抑制;金融改革,经济研究,0,"转型国家的金融抑制,本质上是政府在面对关系国防安全、社会稳定和国计民生的企业缺乏自生能力但又不能让其破产倒闭的约束条件下,以金融体系为中介来给这些""重要而不能倒但不补贴就要倒""的企业提供暗补所做出的""次优""的制度安排。发达国家之所以没有像转型国家那样的扭曲干预金融体系,是因为在发达国家除国防安全等少数可用财政直接补贴的战略型产业外,绝大部分产业符合比较优势,企业具有自生能力,无需政府利用金融体系给予暗补。转型国家的金融改革,不应简单照搬发达国家的金融制度,也不应采用""休克疗法""的激进方式,而是应当根据资本积累、比较优势变化、赶超战略下优先发展部门遗留下来的企业的自生能力的提高,制定阶段性的改革目标并采用渐进式的改革方式。这种与转型国家自身要素禀赋结构、比较优势及其变化相适应的渐进式金融改革,能避免因金融改革引发经济崩溃并达到支持经济增长的目的,是比休克疗法更优的金融转型方式。"
2021,银行间市场网络稳定性与系统性金融风险最优应对策略：政府控股视角,王辉;朱家雲;陈旭,均衡网络模型;系统关联度;政府控股;银行系统稳定性;系统性风险处理策略,经济研究,0,"本文创新性地将政府控股银行的议价能力量化为溢价倍数,将其与银行保留价格的自相关性共同引入银行间均衡交易价格形成机制,基于2017—2019年139家银行的银行间资产负债数据和股权结构数据,构建了中国银行间市场内生均衡交易网络。基于该网络,本文从金融系统交易效率和稳定性两个维度,量化分析银行关联度限制最优区间及各类政府救助政策效果,并提出系统性金融风险的最优应对策略。结果表明:(1)政府控股银行在同业市场上存在7%—14%左右的正溢价,市场波动剧烈时政府控股溢价倍数大幅增加,且政府直接控股银行溢价倍数增幅超过政府间接控股银行;(2)限制关联度对银行系统交易效率和稳定性的影响是非单调的,最佳限制范围在60—80家,事前对银行关联度进行适当限制可以提高政府救助政策效果;(3)危机的最优应对策略取决于当时的市场预期,市场恐慌时,救助濒临倒闭的系统重要性银行成本巨大,但可以使整个银行系统迅速恢复稳定,而市场预期相对乐观时,对幸存的政府控股银行注资则是最佳策略;(4)当政府控股银行发生极端风险时,溢价倍数发生变化,最优风险处置策略也随之改变。"
2021,负面清单模式国际投资协定的信号效应及其对国际直接投资的影响,马亚明;陆建明;李磊,国际投资协定;国际直接投资;投资壁垒;负面清单模式,经济研究,0,"本文将负面清单模式国际投资协定对投资者释放的信号归纳为投资权益保护效应和投资壁垒透明度提升效应,并将其引入国际直接投资决策模型,分析了这两种效应影响国际直接投资增长的理论机制。在此基础上,利用美国负面清单模式自由贸易协定的实施经验,对理论模型提出的命题进行了检验。理论模型的结果显示,负面清单模式国际投资协定会促进国际直接投资的增长,其中集约边际增长仅受到投资权益保护效应的影响,而拓展边际增长则受到两种效应的共同影响。实证结果支持了上述结论,且发现投资权益保护效应随着投资壁垒强度的提高而提升,而投资壁垒透明度提升效应则与投资壁垒强度之间呈倒U型关系。同时,在对拓展边际的影响中,投资壁垒透明度提升效应处于主导地位。中国现行的外资管理负面清单制度与负面清单模式的国际投资协定相比,在制度效应上还存在重要差异。因此,尽快推动签署负面清单模式国际投资协定对促进我国企业海外投资和构建开放经济新体制具有重要意义。"
2021,产品市场扭曲与资源配置效率：异质性企业加成率视角,尹恒;张子尧,市场力量;资源误配置;加成率;结构估计,经济研究,0,"要素市场和产品市场的扭曲都会导致资源误配置。大量文献分析了要素市场扭曲造成的资源误配置与效率损失,但鲜有文献讨论产品市场扭曲。本文从企业市场力量差异的角度厘清产品市场扭曲的内涵:差异化的市场力量扭曲了企业在产品市场上的价格信号并改变了企业要素需求,使得企业间要素边际产出不相等,最终导致资源误配置。当所有企业拥有相同的市场力量时资源配置达到最优。本文运用2007—2016年全国税收调查微观数据和结构模型估计了企业加成率等不可观测的企业异质性和基本参数,在此基础上测算了反事实资源配置与最优产出,发现产品市场扭曲造成的全要素生产率损失平均高达40.3%,其在全部市场扭曲损失中所占份额达到27.7%并逐年递增,产品市场扭曲逐渐成为资源误配置的一个重要来源。政策模拟发现,缓解产品市场扭曲能够显著提高资源配置效率,仅仅是消除产品市场一半扭曲就能使得全要素生产率提高26.1%。本文的结论对于认识产品市场扭曲对中国资源配置效率的影响具有重要意义,为新时期进一步提升全要素生产率、促进中国经济高质量发展拓宽了政策思路。"
2021,拍卖机制与竞价行为：基于付费竞价式拍卖的理论与实验,何韵文;郑捷,拍卖机制;付费竞价式拍卖;预算约束;对称马尔可夫完美均衡;沉没成本谬误,经济研究,0,"互联网的发展和数字经济的兴起催生了一系列新型网络拍卖机制和销售模式。本文关注付费竞价式拍卖这一新型机制,将预算约束引入拍卖理论模型,并进行严格的均衡刻画。通过考虑竞价是否免费和拍卖品价格是否提升两个维度,本文在二人拍卖的设定下将三类拍卖机制——英式拍卖、升价便士拍卖、序贯全支付拍卖纳入统一性分析框架,并利用实验设计与分析对理论预测进行检验。实验结果在商品售出率、拍卖持续期数、拍卖成交价格上均与理论预测排序相符。但收益等价性理论结果未得到实验结果支持,这是由于参与者在升价便士拍卖中表现出的沉没成本谬误为卖方创造了超额收益。但随着参与者经验的积累,三种拍卖形式下的卖方利润差异逐渐弱化。本文对于付费竞价式拍卖的研究,在数字经济成为国家重大发展战略的背景下具有重要的理论与实践意义。"
2021,网络市场渗透与企业市场影响力——来自中国制造业企业的微观证据,李斌;黄少卿,网络市场渗透;市场势力;市场结构;资源配置效率;成本加成率,经济研究,0,"本文将网络市场渗透作为竞争冲击,运用Hotelling模型和Salop模型的框架,以中国2001—2014年网络购物市场交易规模作为外生冲击构建估计策略,研究网络市场渗透对企业层面市场势力的影响。结果表明:2001—2014年间,网络市场渗透对中国制造业企业总体市场势力的影响存在两个阶段的特征事实。2001—2007年,网络市场渗透降低了企业总体市场势力;2008—2014年,网络市场渗透提升了企业总体市场势力。异质性分析表明:第一阶段,如果企业初始市场势力更高,则网络市场渗透会使其成本加成率下降更大。而在第二阶段,初始市场势力的差异并没有造成网络市场渗透的差异性影响,网络市场渗透对市场中过高初始市场势力的削弱作用消失。无论哪个阶段,网络市场渗透都有利于高效率企业提升市场势力,并相应削弱低效率企业市场势力。机制检验表明:第一阶段,网络市场渗透降低了固定成本和冰山成本(销售费用),改变了市场结构,降低了区域市场集中度和市场进入壁垒,从而提升了行业整合度,并最终降低了企业总体市场势力。第二阶段,网络市场渗透降低企业总体市场势力的强度逐渐减弱。同时,网络市场渗透开拓小众市场,使企业转入产品差异化竞争,利用小众市场维持定价能力,加之网络市场持续帮助行业头部企业整合各区域市场,从而催生总体市场势力的上升。"
2021,资源产业依赖对僵尸企业的诱发效应,邵帅;尹俊雅;王海;杨莉莉,资源产业依赖;僵尸企业;政府干预;资源诅咒,经济研究,0,"产能过剩和短缺并存引发学界对僵尸企业广泛关注,但现有研究对其诱因尚未形成共识。本文在采用中国工业企业数据和FN-CHK方法对僵尸企业进行准确识别的基础上,就资源产业依赖对地区僵尸化程度的影响进行了实证考察,并从宏观(城市)和微观(企业)双重维度对资源产业依赖的僵尸企业诱发效应的异质性和作用机制进行系统的经验识别。研究发现,资源产业依赖显著提高了地区僵尸化程度,即资源产业依赖对僵尸企业的诱发效应显著存在,且该效应在中西部地区、资源型地区和远离港口地区,以及在劳动密集型企业、非资本密集型企业和市场规模较小企业中表现得更为明显。机制分析表明,在宏观层面,资源产业依赖在挤出技术创新和弱化市场竞争的同时,还会促增地区财政补贴和信贷供给,从而诱发僵尸企业形成;在微观层面,资源产业依赖会通过拉低投资水平、增加负债压力、降低生产效率和盈利能力而产生企业经营绩效恶化效应,从而削弱企业的自生能力,增加正常企业沦为僵尸企业的风险。"
2021,中国现代化进程中的粮食安全政策选择,倪国华;王赛男;JIN Yanhong,“忧患陷阱”;现代化进程;粮食安全;政策模拟,经济研究,0,"本文构造了未来30年不同时期的粮食政策模拟实验体系,并构造了""粮食安全忧患指数""量化表征中国奔向现代化进程中全社会对粮食安全的""忧患程度""。模拟实验表明,无论在""2020—2025年""基期、""2030—2035年""基期还是在""2050—2055年""基期,如果不""忧患""粮食安全,就会导致粮食供给安心率下降到0.8以下,意味着中国会丧失在自身粮食安全体系中的主导权。然而,如果因过度担忧粮食安全而过分强调自给率,则会陷入粮食短缺和生态环境恶化的""忧患陷阱"",走向因为""忧患""所以更加""忧患""的恶性循环。即使用""安心率""替代自给率作为评价指标,过度""忧患""也会带来沉重的财政负担并降低社会总福利水平,这凸显精准把控""忧患程度""的重要性。"
2021,共同富裕的目标和实现路径选择,李实,共同富裕;收入分配;公共服务,经济研究,0,"中国进入一个新发展阶段,共同富裕不仅是新发展阶段的一个愿景,而且被确立为一个远景目标。党的十九届六中全会再次强调推进共同富裕的重大意义,提出""全面深化改革开放,促进共同富裕""。本文首先阐述共同富裕的内涵和目标。共同富裕是全体人民的富裕,但不是经济上的平均主义,推进共同富裕不能采取激进的分配方式。共同富裕的长期目标是,到本世纪中叶把我国建成社会主义现代化强国,全体人民共同富裕基本实现。本文进一步考察了中国当前的发展基础,认为中国在实现共同富裕进程中面临发展水平不高、收入和财产差距过大、中等收入人群比重偏低、基本公共服务均等化程度不高等一系列挑战。为实现共同富裕,一方面需要进行深层次的改革,另一方面要加快发展速度。最后本文提出实现共同富裕的主要路径的建议,应从初次分配、再分配和三次分配方面着手,进一步缩小城乡发展差距、地区差距和收入差距。"
2021,“经济研究·高层论坛2021暨经济学动态·大型研讨会2021”在京召开,,,经济研究,0,"<正>为积极推动中国经济问题研究和助力中国经济发展,加快构建中国特色经济学的学科体系、学术体系、话语体系,由中国社会科学院经济研究所主办的2021年度""经济研究·高层论坛暨经济学动态·大型研讨会""于10月22—23日在北京召开。本届会议由经济研究杂志社和经济学动态杂志社联合承办,中国社会科学出版社、《中国经济史研究》编辑部、《经济思想史学刊》编辑部、中国社会科学院大学经济学院协办,主题为""新阶段、新理念、新格局——迈向新征程的中国经济""。"
2021,健康中国百年求索——党领导下的我国医疗卫生事业发展历程及经验,费太安,医疗卫生体制;执政理念;新发展格局;健康中国,管理世界,0,"医疗卫生事业是重大的民生工程,医疗卫生体制改革是世界性难题。在中国共产党的领导下,新中国医疗卫生事业取得的成就,被世界卫生组织誉为""发展中国家的典范""。医疗卫生事业发展既有经济性因素,也是政党价值观最鲜明的体现。中国共产党以人民为中心的发展宗旨,决定了医疗卫生事业发展的超经济属性。党执政理念的不断进步,推动了医疗卫生事业发展螺旋式上升。进入新时代,要着眼新发展阶段、新发展理念、新发展格局,将医疗卫生事业作为推动构建新发展格局的重要力量;将医疗卫生制度提升到建设现代化国家的基础性制度安排;将全面深化医疗卫生体制改革作为推进健康中国建设的关键内容。"
2021,竞争规避与银行金融创新扩散——基于同质化视角的实证检验,尹振涛;李泽广,商业银行;竞争规避;同质化;金融创新;创新扩散,管理世界,0,"金融创新是金融业快速发展的动力源泉,而同质化背景下的竞争策略对于银行的金融创新又有着决定性的影响。本文构建模型并通过数值模拟的方式探寻了不同""并驾齐驱""型银行群组之间金融创新扩散的变化趋势和驱动变量,揭示出""竞争规避""机制在不同银行群组间的创新效仿行为中的关键角色。应用中国银行业的微观数据,本文发现传统信贷市场竞争度的提升会加快金融创新业务的扩散,且竞争的加剧会强化金融创新在相似银行之间的扩散效应。本文还发现尽管整体上在传统信贷市场具有强市场势力的银行创新强度明显弱于其他银行,然而这些银行仍然会对与其同质化水平较高银行的创新行为作出明显反应。本文通过分析银行同质化竞争与金融创新之间的关系,对于理解银行开展金融创新活动的动机,揭示银行间金融创新扩散的机制等具有重要意义。"
2021,政府消费的生产性——基于生产网络模型的刻画、分解和检验,齐鹰飞;李苑菲,政府消费;生产网络;一般均衡;工具变量,管理世界,0,"在经济形势错综复杂且减税降费规模扩大背景下,政府迫切需要优化财政支出结构,而其基本前提是对各类财政支出如何影响经济做出研判。本文就政府消费是否通过生产率渠道作用于经济以及如何作用进行理论分析和实证检验。通过将政府消费引入带有生产网络的多部门一般均衡框架,本文实现了政府消费生产性效应和需求侧效应的刻画和分解,明晰了政府消费冲击借助生产率渠道在生产网络中放大和扩散的传导机制。基于以上理论分解,本文利用工具变量方法进行实证检验,发现政府消费具有显著的生产性效应,该效应作用于行业生产率进而影响产出的过程具有4年时滞。这些研究发现对财政政策制定,特别是财政支出的结构优化具有借鉴意义。"
2021,传统商业文化的长期经济影响——基于明清商帮的实证研究,刘蓝予;周黎安;吴琦,传统商业文化;商帮;非国有经济;创业行为;人力资本,管理世界,0,"本文利用明清时期县级层面的商帮数据,对以明清商帮为代表的传统商业文化对当代经济发展的长期影响进行了实证研究。本文发现,明清时期商帮活跃地区当代经济发展水平更高。进一步分析发现,在这些传统商业文化浓厚的地区,居民创业更活跃、教育水平更高、社会交往更频繁、互助行为更多,非国有企业兴办更繁荣,民营企业的行业分布更为多元广泛、实收资本规模更大,传统商业文化通过个体、企业和行业3个层面的作用机制对经济发展发挥着积极的长期影响。本文首次利用详实数据,提供了传统商业文化长期经济影响的系统证据,有助于更加全面、深入地理解中国奇迹的历史文化根基。"
2021,中国企业“双循环”中开放式创新网络的平衡效应——基于数字赋能与组织柔性的考察,杨震宁;侯一凡;李德辉;吴晨,开放式创新;数字化转型;组织柔性;创新能力,管理世界,0,"随着全球经济的快速发展和创新环境的变化,企业所依赖的创新资源和创新形式都呈现出指数型增长,开放式创新逐渐成为创新的主流范式。企业如何在国内创新网络与全球创新网络的""双循环""中实现平衡,并充分利用数字赋能和组织柔性的作用以促进企业创新能力的提升,是当前企业面临的重要问题。本文讨论了国内创新网络和全球创新网络对企业创新能力的影响,以及数字赋能和组织柔性在其中所起到的作用机制,研究结果显示:第一,开放式创新网络对企业创新能力的作用因国内创新网络和全球创新网络而存在异质性作用;第二,创新网络嵌入链接的建立必然需要企业付出相应的成本,企业过度嵌入全球创新网络会对创新能力产生不利影响;第三,国内创新网络和全球创新网络之间的平衡对企业的经营具有重要的影响,本文构建的综合平衡与相对平衡指标显示适度的平衡能够促进企业创新能力的提升;第四,数字化和组织结构的革新正在改变企业的经营模式,能够对国内和全球创新网络与创新能力之间的关系产生调节作用;第五,实践中创新网络嵌入中的平衡显示出""双循环""战略的重要作用和启发意义。"
2021,国有企业数字化战略变革：使命嵌入与模式选择——基于3家中央企业数字化典型实践的案例研究,戚聿东;杜博;温馨,国家使命;国有企业;功能分类;双向嵌入;数字化战略变革,管理世界,0,"进入新时代,国有企业面临功能使命新内涵、分类改革新思路和数字化发展新趋势的嵌套融合,要求国有企业创新开展数字化战略变革,支撑企业高质量履行国家使命。在这种背景下,本文基于3家中央企业的数字化变革实践,系统探索国家使命嵌入国有企业数字化变革的机制与路径,以及在不同使命导向下国有企业数字化变革的模式选择。研究发现:(1)新时期国有企业聚焦经济发展、战略支撑和公共服务的功能使命,由商业功能性、战略功能性和公共功能性国有企业分类承担;(2)基于""定位机制—映射机制""的""外循环""路径和国有资本战略定位的""内衔接""路径构成了国家使命对国有企业数字化战略变革的""双重双向""嵌入机制,引领国有企业构建市场导向型、能力导向型和公共导向型的数字化变革模式;(3)3类变革模式分别产生了敏捷强化、韧性强化和适应性强化的作用机制,支撑国有企业分类履行功能使命。本文通过构建国家使命导向下国有企业数字化战略变革的理论模型,试图弥补国有企业数字化战略变革模式整合不足等研究缺口,并揭示数字化战略变革支撑国有企业履行功能使命的中介作用机制。"
2021,中国企业逆向跨国并购整合过程的质性元分析研究,陈小梅;吴小节;汪秀琼;蓝海林,逆向跨国并购;并购整合过程;整合模式;制度差异;模式匹配;质性元分析,管理世界,0,"逆向跨国并购通常指新兴经济体企业通过并购发达国家企业以获取战略性资源的国际化经营行为。新兴经济体企业在逆向跨国并购中如何根据不同情境特征选择相应的整合战略以应对合法化要求呢?论文基于中国企业逆向跨国并购的25篇初始案例研究,使用质性元分析法,通过摘录、编码、归类过程,系统地分析了""制度—资源""二元交互驱动的战略决策情境与中国企业逆向并购整合过程的匹配关系,进一步探讨不同利益相关者响应行为及其背后的作用机制,进而构建了一个整合的C-B-D(Context-Behavior-Decision)分析框架。研究发现,中国企业逆向并购整合模式有4种,分别是""无为而治""型、""轻触""型、""支持性合作伙伴""型和""重触""型。不同利益相关者通过四类不同的组织身份管理、资源整合、社会网络、制度/文化应对机制决定了不同的并购整合模式选择。研究结论对推动中国企业逆向跨国并购整合过程的学术研究和管理实践具有指导意义。"
2021,中国战胜农村贫困的百年实践探索与理论创新,杨灿明,建党百年;全面小康;农村贫困;减贫成效;精准扶贫,管理世界,0,"理解中国战胜农村贫困的百年实践,需立足中国农村发展的历史脉络;读懂中国特色减贫思想,需紧扣中国减贫的价值理念,把握中国减贫实践的历史逻辑、制度逻辑、理论逻辑和实践逻辑。中国消除农村贫困主要经历了5个阶段,即初心与使命驱动下的革命式减贫阶段、制度保障下的救济式扶贫阶段、深化农村改革下的开发式扶贫、市场化导向下的培育内生动力减贫阶段,以及习近平新时代精准扶贫阶段。各历史阶段的减贫战略,在思想与理论上是一脉相承的,也是减贫理论与实践探索的融合、发展与创新。特别是党的十八大以来,形成了习近平新时代精准扶贫思想,既是历任中国共产党领导人减贫思想的继承与发展,也是在农村减贫实践探索中的重大创新,且与经济社会发展和国家重大战略需求相适应。中国消除绝对贫困、实现全面小康很大程度上依赖于农村深化改革和经济发展中的带动力量,但更重要的是探索出了融合""理论、理念、制度和机制""为一体的综合性减贫体系,即创新发展了中国特色的减贫理论,始终践行""以人民为中心""的理念指引,充分发挥了社会主义制度的政治优势,构建了""政府、市场和社会""多方联动的减贫机制,从而形成了值得国际社会尤其是发展中国家学习和借鉴的""中国智慧""。"
2021,100年来中国共产党“国强民富”思想的理论嬗变与实践探索,黄茂兴;叶琪,建党百年;中国共产党;“国强民富”思想;理论嬗变;实践探索,管理世界,0,"中国共产党带领中国人民在追求""国强民富""的奋斗历程中,广泛汲取了古今中外的治国富民思维,并坚持以马克思主义为指导,践行以人民为中心的发展理念,立足中国特殊的国情,历经百年的探索和完善,形成了较为丰富的""国强民富""思想,成为中国特色社会主义理论体系的重要组成部分。在这一思想指导下,中国共产党带领中国人民经过从革命、工业化、改革、发展市场经济、高质量发展等艰苦卓绝的探索实践,实现综合国力显著提升、人民生活从贫困到总体小康的历史性跨越的""国强民富""的伟大成就,彰显了""国强民富""思想在中国共产党执政理念、理论创新、目标追求中表现出的重要特征。一百年来,中国共产党践行""国强民富""思想也形成了坚持马克思主义为思想指南、坚持中国共产党领导为根本保证、坚持改革开放为必由之路、坚持以人为本为坚强基石、坚持和平稳定为重要支撑等宝贵经验。"
2021,赋能型政府——新一代政府和市场关系的理论建构,黄先海;宋学印,赋能型政府;市场配置;竞争增进;动态效率,管理世界,0,"政府和市场的分工及交互关系研究,是整个经济学理论发展的主题与主线。市场在资源配置中发挥决定性作用已形成广泛共识,但如何更好发挥政府作用仍处于现代经济学的研究前沿与争议焦点。本文基于对工业革命起始至今250余年世界经济发展历程中出现的守夜型政府、规制型政府以及发展型政府的理论成果与政策经验吸收基础上,提出赋能型政府即在中国特色社会主义市场经济制度框架下,对市场主体资源配置和动态竞争能力进行中立赋能,实现市场增进、分配优化与整体可持续增长的政府行为理论。赋能型政府具有三大特征:(1)规避知识约束和俘获困境,提升政府介入效率;(2)增进市场主体的资源横向配置能力与代际更新能力,提升资源配置效率;(3)在跨期福利最大化条件下提高社会加总技术进步率,提升动态增长效率。赋能型政府是对改革开放以来中国特色政府和市场关系理论与实践的贯通与升华,形成立足中国特色、兼容世界共性的新一代政府和市场关系理论框架,推进中国特色社会主义市场经济思想与理论创新。"
2021,城市群集聚空间外部性与劳动力工资溢价,李培鑫;张学良,城市群;集聚经济;工资溢价;空间外部性,管理世界,0,"在城市群日益崛起的背景下,本文重点关注集聚经济空间从城市向城市群的扩展。城市群的发展体现了生产从企业聚集到产业聚集再到城市聚集的延伸,能够实现要素在超越单一城市的城市体系内流动和整合,从而形成一种空间外部经济效应,经济主体不仅会受到本地集聚的影响,也会享受到由群内其他城市的共同集聚所带来的好处。通过构建一个考虑劳动力流动与产业上下游关联的新经济地理学模型框架,我们对此进行了解释。将城市群空间数据与劳动力微观调查数据相结合,本文从城市群工资溢价的视角进行了实证检验,结果发现,除了所在城市自身的规模,城市群内其他城市形成的集聚规模也能够产生显著的收入溢价,规模扩大一倍,劳动力收入会提高6.7%～8.0%,将城市群集聚规模在中心与非中心城市、不同地理空间分解并进行相关稳健性检验,这种影响仍都显著存在,另外分样本的估计结果显示不同技能、不同地区、不同类型城市的样本都能够从中受益。文章进一步的机制检验则表明,产业功能的跨城市分工及其相互关联、知识和技术的溢出、市场的一体发展以及由多中心带来的对拥挤效应的缓解是城市群集聚空间外部性的重要来源。从本文结论出发,我国区域发展要进一步发挥城市群的集聚优势,依托城市群的空间主体作用加强国内大循环,不断推动新发展格局的有效实现。"
2021,加入岭南·成就卓越——中山大学岭南学院,,,经济研究,0,"<正>中山大学于1924年由孙中山先生创办,历来是中国学术与文化重镇和人才培养高地。中山大学岭南学院地处粤港澳大湾区腹地,是一所国内一流、国际知名的经济学院,秉承中山大学""德才兼备、领袖气质、家国情怀""的育人理念和""作育英才,服务社会""的岭南传统,致力于经济学的教学与研究。学院将""立德树人""作为根本任务,为中国乃至全球培养具有人文精神、全球视野的经济学人才。"
2021,同业市场摩擦、银行异质性与货币政策传导,王曦;金钊,同业市场摩擦;银行异质性;货币政策;信贷渠道,经济研究,0,"同业拆借双方存在的信息不对称,改变了银行的资产负债管理行为,同业市场摩擦因而通过银行贷款决策影响货币政策传导。我国同业市场的特殊性又在于,存在着具有不同流动性充裕度和信用风险的大小银行,其中大银行可看作资金批发方,小银行主要是资金拆入方。针对这些特征,本文构建了不确定性条件下我国异质性商业银行资金运用的动态优化决策模型,推导不同类型银行的贷款投放决策,探讨货币政策信贷渠道的有效性。结论是,同业市场摩擦阻碍了货币政策传导;面对货币政策冲击,不同类型银行反应不一;特殊的同业市场结构进一步阻塞了政策传导——若同业风险飙升,大银行将急剧减少资金拆出规模,货币政策传导遭遇梗阻并产生类""钱荒""现象。然后使用2007—2019年间279家中国商业银行的微观数据进行实证检验,验证了理论推断。最后针对性地提出了货币政策操作与金融改革的建议。对于深入理解我国货币市场运行,以及如何疏通我国货币政策传导问题,本文具有重要启示。"
2021,企业IPO价值审核与股票市场表现,张光利;薛慧丽;高皓,信息不确定;价值审核;IPO抑价;股票价格,经济研究,0,"价值审核是中国资本市场IPO的特殊制度安排,本文关注IPO价值审核过程中审核意见的信息含量。实证结果显示,审核意见数量能够显著降低企业IPO抑价水平和股票超额累积收益率,但审核意见越多的企业,其未来风险水平越高,""业绩变脸""的程度越严重。拓展性分析围绕审核意见主题、上市成本与投资者情绪、投资者信念等视角,进一步讨论了审核意见中的信息价值。具体而言,本文发现产品市场相关审核问题具有更强的信息含量;在IPO过程中被质疑越多的企业,其上市成本越高,IPO之后连续涨停的天数越少,一级市场中投资者信念异质性程度越高,而且这类企业在上市之后被投资者关注的程度越低,但知情者交易水平和股价崩盘风险越高;此外,审核意见数量越多的企业,分析师预测其未来经营情况的精准度和乐观性偏差越低。整体而言,本文发现IPO价值审核意见能够体现企业经营层面的信息不确定程度,审核意见具有丰富的信息含量。"
2021,溢出效应与城市商业用地开发策略：基于出让方式的研究,张凯;沈吉;许鸿明;张庆华,土地财政;溢出效应;商业用地;城市发展,经济研究,0,"随着中国城市服务业比重的提高,商业用地作为服务业的载体在城市土地开发中的重要性日益凸显。本文的理论分析表明,因为商业用地能对周边住宅用地持续产生正向溢出效应,地方政府会更多地将商业用地通过挂牌出让,以降低其出让价格,实现更高的长期价值。基于土地交易微观数据的实证结果表明,商业用地的挂牌比例比住宅用地高7.9%。机制分析表明,商业用地对住宅用地出让价格有正向的溢出作用,并且该溢出效应会持续五年以上。商业地块的溢出效应越大,城市政府越倾向于将其挂牌出让。这一系列结果体现了城市政府在市场化开发商业地产时的策略选择,是""有为政府""对""有效市场""的反馈和能动。"
2021,网络地位、共享商业关系与大客户占比,包群;但佳丽,网络地位;共享商业关系;市场风险分散,经济研究,0,"与传统商业关系相比,日益复杂的现代商业网络使企业能够更好地拓展新客户关系,从而缓解过度依赖单一客户关系的商业风险。本文基于2009—2017年上市公司数据,考察了企业网络地位与结构对商业关系的影响,研究发现:与位于网络边缘地位的企业相比,核心企业更有可能利用网络优势来分散客户市场份额,但同时位于核心位置的商业伙伴也越难以被替代;基于客户-供应商网络的共享商业关系、商业搜寻效率均有助于企业进行商业关系分散化,这一作用当共享联系越为紧密、共享相似度越高时更为显著,但现有客户可替代性越低、商业关系持续时间越长会增大分散化难度;网络地位和结构从商业关系的集约边际和扩展边际影响着企业分散商业风险的能力。本文研究证实了现代商业网络有助于促进企业商业关系的分散化,以更为灵活地防范市场环境不确定性的经营风险。"
2021,宏观经济感知、货币政策与微观企业投融资行为,张成思;孙宇辰;阮睿,宏观经济感知;货币政策;投融资行为,经济研究,0,"本文基于中国上市公司年报文本信息,首次构建了中国微观企业宏观经济感知指数,并通过一个三期理论模型阐释货币政策在不同宏观经济感知情形下如何影响微观企业投融资行为。实证分析表明,当央行实施积极货币政策时,对宏观经济感知更乐观的企业更积极地响应政策刺激,表现为投融资行为增加。进一步将宏观经济感知指数分解为预期指数和回顾指数,分析结果表明:宏观经济感知指数的影响主要由反映企业未来预期的宏观经济预期指数引致,而反映历史信息的宏观经济回顾指数则没有显著影响。区分企业所有制的结果还表明,持有积极宏观经济感知的民营企业仅在积极货币政策状态下增加投资和提高杠杆率,而宏观经济感知对国有企业投融资行为的作用则未受货币政策状态影响。"
2021,增值税负担机制研究——来自采矿业税率改革的证据,寇恩惠;刘柏惠;张醒,增值税;税率改革;税负转嫁;福利分析,经济研究,0,"增值税的流转税性质和特殊计税方式带来了复杂的税负转嫁问题,会从效率和分配两个方面导致改革效果偏离预期。本文基于2009年采矿业增值税税率改革的自然实验,建立福利分析框架,尝试从转嫁方向、转嫁比例、转嫁时间等维度刻画增值税税负转嫁的过程和特点。研究发现,增值税税率改革导致的税负变化由下游企业(消费者)、企业所有者、企业员工和中间投入供应商四方分担,改革当期的分担比例分别为53.518%、9.953%、0.165%和36.364%,扩展到中期,税负几乎全部转移给下游企业(消费者),负担比例达到77.449%。进一步研究发现,相对于竞争性矿产行业,垄断性矿产行业的企业所有者更有能力在短期通过向其他三方增加转嫁而减少利润损失;下游企业虽是主要负税人,但同时能因税率改革增加进项抵扣,实际并未受损。上述结果表明,增值税税负会随转嫁时间、市场力量不同而在多个负税人之间以不同的比例分配,通过多个渠道刺激经济、影响分配,制定改革策略时应充分考虑税负转嫁的影响。本文结论有助于深入认识增值税运行规律,增强税制改革的科学性和预见性。"
2021,交叉持股、共同股东与竞争企业合谋,于左;张容嘉;付红艳,交叉持股;共同股东;合谋;反竞争效应;反垄断,经济研究,0,"随着竞争企业间存在交叉持股、共同股东的现象不断增加,其是否会促使企业合谋、损害竞争引发了关注和争论。本文首先构建理论模型探讨了交叉持股、共同股东对竞争企业合谋的影响。研究发现,无论竞争企业间相互持有股权,抑或是存在共同股东,投资者持有目标企业所有权或控制权份额越大,合谋越容易达成。其次对滴滴出行和Uber的并购进行了案例研究,发现滴滴出行和Uber存在股权关系后,出现了涉嫌合谋的行为,主要表现在滴滴出行和Uber涉嫌划分全球市场,各自在相关市场具有市场支配地位,并涉嫌实施垄断高价。最后本文提出了完善反垄断立法及执法的建议。"
2021,开发区政策、供应链参与和企业融资约束,卞泽阳;李志远;徐铭遥,开发区;融资约束;供应链,经济研究,0,"如何缓解中国企业的融资约束,是中央和地方政府长期面临的一个重要政策问题。本文提出并估计了供应链参与对缓解企业融资约束的贡献。具体而言,本文在国家级开发区设立的政策背景下,利用政府在国家级开发区中对主导产业的政策偏向构造外生冲击,借助1998—2007年工业企业数据和2000—2019年上市公司数据,考察这一外生冲击是否通过供应链关系使得主导产业的上下游企业得到融资约束的缓解。研究表明,开发区主导产业受到的正向冲击会有效缓解主导产业上下游企业的信贷约束,上游企业融资约束缓解约占现金流的12.5%,下游企业融资约束缓解约占现金流的8.5%。本研究一方面为中央和地方政府制定政策缓解企业融资难和融资贵提供了基于供应链的思路,另一方面为理解开发区政策对企业影响的微观机制提供了一个融资约束视角的解释。"
2021,混合所有制改革对产业链定价策略影响的研究,叶光亮;王世强;陈逸豪,混合所有制;双重边际化;市场结构;空间价格歧视,经济研究,0,"混合所有制改革是我国社会主义基本经济制度的重要实现形式,对我国经济高质量发展具有重要意义。本文基于产业链的垂直市场结构设计理论模型,从控制权角度探讨混合所有制企业中的国有持股比例与产业链中双重边际化现象的关系。研究表明,存在国有持股比例阈值,当国有持股比例高于阈值时,产业链中不会出现双重边际化现象,反之则相反。市场竞争状况影响产业链整体利润、上下游利润分配规则和市场需求规模,从而作用于该阈值,影响双重边际化。与水平市场结构相反,由于上下游产品间互补效应的存在,垂直市场结构中市场竞争程度越强时,双重边际化现象越易出现,该现象也越易阻碍产业链整体利润提升,在推进混合所有制改革时需要加以关注。因此,依据市场竞争指标设计混合所有制改革措施时,务必要严格区分水平或垂直市场,关注不同市场结构下竞争程度对政策实施后市场竞争均衡的不同影响。"
2021,地理距离、投入产出关系与产业集聚,范剑勇;刘念;刘莹莹,投入产出关系;地理距离;新企业选址;头部企业,经济研究,0,"本文以新企业选址为研究对象探讨制造业空间集聚机制。主要工作是从地理距离与投入产出关系出发构建行业间距离指标,并基于工商企业注册数据、规模以上工业企业数据与投入产出表等相关信息,实证分析行业间距离对新企业选址的影响。本文发现,新企业选址倾向于靠近上下游头部企业所在城市,与上游行业(下游行业)头部企业的距离每增加1%,新企业数量将减少0.302%(0.331%);头部企业所属的产业链生态圈增强了距离负向效应。拓展性分析表明,16个制造业二位数行业(占比53.3%)表现出同时靠近上下游头部企业所在地的倾向。本文实证结果对推动国内贸易大循环与城市间产业协同发展等方面具有重要启示意义。"
2021,人工智能、索洛悖论与高质量发展：通用目的技术扩散的视角,程文,人工智能;索洛悖论;高质量发展;通用目的技术,经济研究,0,"在生产网络中对新一代通用目的技术——人工智能的采用和扩散是实现中国技术进步和高质量发展的关键所在。但在通用目的技术扩散初期,劳动生产率增长将经历较长时间的低迷阶段,这被称为""索洛悖论""。本文在对比信息时代和人工智能时代典型事实的基础上,将人工智能在生产网络中采用和扩散的过程内生化,构建了一个通用目的技术扩散影响劳动生产率增长的动态模型,揭示了""索洛悖论""形成及其演化背后的经济机制,并进行了参数校准与仿真模拟。模型模拟结合基于中国产业面板数据的实证研究发现:无论是用研发投入与SG&A费用,还是以上市公司股票估值溢价所衡量的无形资本对生产率增长的影响都呈现出短期抑制作用,但在长期将有效提升生产率。此外,由于生产网络中的上游产业传导效应并不显著,提高下游产业传导效应和激发企业家精神是提高短期和长期劳动生产率,实现高质量发展的重要途径。"
2021,《经济研究》微信公众号与网站所推送中文梗概的写作要求,,,经济研究,0,"<正>为了及时推广所刊发文章的学术贡献,《经济研究》编辑部将选择部分所刊发文章,以本刊微信公众号（erjweixin）与网站（www.erj.cn）推送其中文梗概。中文梗概具体写作要求如下:1.本梗概用于《经济研究》微信公众号和网站推广,主要面向国内读者。因此,中文梗概可以不同于（Summary）的中文翻译版。为了增强可读性,扩大读者群体,明确学术贡献,使读者完整、准确、便捷地理解文章,作者可在英文梗概中文翻译版的基础上适当修改和扩充一些内容。"
2021,中国共产党百年历程中对马克思主义政治经济学的理论创造,谢富胜;匡晓璐;赵敏,中国共产党百年经济思想;理论创造;马克思主义政治经济学,经济研究,0,"马克思主义是中国共产党百年来经济思想的理论源泉。19世纪中期资本主义在世界范围内扩张并与落后社会形态相连接形成了混合的社会形态,此后后进国家的社会主义实践不断发展,产生了马克思主义经典理论没有预料到的新问题。中国共产党在其百年历程中,独立自主地运用马克思主义立场、观点与方法并结合中国具体实际,准确把握社会基本矛盾和主要矛盾,明确中国社会发展的历史方位,形成了中国特色的历史方位论;以此为根本依据,统筹国内和国际两个大局,制定开展国内经济建设和处理国际经济关系的战略和政策,形成了中国特色的社会主义经济建设论和中国特色的社会主义与世界资本主义经济关系论,创造了中国式现代化新道路。中国共产党对马克思主义政治经济学的理论创造具有阶段性与连续性相统一的特点。党的十八大以来,习近平总书记关于中国特色社会主义经济建设的一系列论述是中国共产党百年经济思想的集大成。"
2021,建党百年中国经济学思想与理论研究——首届中国经济学思想与理论研讨会综述,陈丽莉;郭毅;张璐;于明哲,,经济研究,0,"<正>2021年是中国共产党成立100周年,是""十四五""规划开局之年,是我国全面建成小康社会、实现第一个百年奋斗目标之后,乘势而上开启全面建设社会主义现代化国家新征程、向第二个百年奋斗目标进军的元年。站在新的历史起点上,在百年未有之大变局中,中国经济学研究亦面临前所未有的机遇与挑战。为倡导与鼓励中国经济学者就中国经济学的发展进行深度的思想与理论探讨,《经济研究》编辑部、北京工商大学国际经管学院、中国人民大学国家经济学教材建设重点研究基地、"
2021,中国共产党现代化思想历程,张来明;侯永志,中国共产党;现代化;理论;思想,管理世界,0,"进入工业革命以来,由于脱离了世界现代化的浪潮,中国逐步成为半殖民地半封建社会。改变民族命运,必须实现国家的现代化。中华人民共和国成立后,中国共产党团结带领全国各族人民展开了现代化建设实践,在实践中不断丰富和完善现代化的思想和理论。中华人民共和国成立到1978年的基本思想是,发挥社会主义制度集中力量办大事的优势,迅速建立国家现代化的物质技术人才基础。1978年到党的十八大的基本思想是,以深化改革扩大开放突破现代化建设各方面的制约,迅速提高国家的经济实力。十八大以来,党确立了以人民为中心的发展思想,加快推进社会主义现代化强国建设。未来,中国共产党将为发展中国家的现代化和人类文明进步贡献更丰富的思想菁华和实践真知。"
2021,从动员到统合：中国共产党百年基层治理的回顾与前瞻,李春根;罗家为,中国共产党;建党一百年;基层治理;“统合型”治理,管理世界,0,"中国共产党建党100年来,始终坚持为人民谋幸福、为民族谋复兴的初心和使命,推动了基层治理制度的多次变革,呈现了从""动员""到""统合""的鲜明特征。从民主革命时期扎根基层社会、建立党政权力与基层社会的互动机制,到社会主义革命和建设时期建设现代民族国家、构建以支配和管控为内核""城乡分治""的单位制和人民公社;从改革开放新时期探索开放流动的基层群众自治制度、塑造""城乡一体""的治理新格局,到新时代坚持和加强党对基层治理的全面领导、提升党的多维整合功能。中国共产党基于不同时期治理目标的转换和经济社会条件的变化,以非凡的治国谋略主动作为,推动了基层治理制度的有效变迁,超越了西方政党和治理现代化的预设理论。展望未来,中国共产党""统合型""治理模式正在悄然孕育,必将加快塑造具有中国特色的政党建设话语体系,彰显""中国之治""的强大魅力。"
2021,地方政府债务风险：理论分析与经验事实,周世愚,地方政府债务风险;发展阶段;主要特征;权责框架,管理世界,0,"在新发展理念的指导下,中国政府高度关注包括地方政府债务风险在内的系统性金融风险。基于这一背景,本文首先回顾了分税制改革后我国地方政府债务风险的发展阶段,随后围绕现有债务治理权责框架,提炼出隐性担保和隐性金融分权作为分析视角,从表内和表外两个角度考察当前地方政府债务风险的主要特征。其中,表内债务风险特征主要体现为专项债风险隐患的集聚,表外债务风险特征主要体现为风险载体的多元化和风险来源的分散化。最后,本文展望了地方政府债务风险的防范化解路径,主张以债务风险评估预警的深化为基础,针对表内和表外不同的债务风险特征,差异化地进行制度设计和政策安排,促进地方债务权责框架的完善,切断地方举债行为转化为财政金融冲击的可能渠道。"
2021,改革开放以来我国税制改革的伟大成就、成功经验与未来展望,赵书博,改革开放;税制改革;成功经验,管理世界,0,"改革开放以来,税制改革作为我国全面深化改革的重要组成部分,取得了显著成效,发挥了税收在激励企业创新、促进节能环保、调节收入分配、推动对外开放等方面的积极作用。实践表明,我国税制改革的成功在于坚持党的领导,正确处理了我国国情与国际镜鉴的关系,采取了""先试点后推广""的方式。尽管如此,我国税制改革仍面临诸多挑战,包括企业创新水平及节能环保水平仍存在不足、居民收入分配差距仍然较大、人口老龄化趋势明显、对外开放面临百年未有之大变局等。""十四五""时期我国应完善增值税、企业所得税制度以推动产业结构升级,完善消费税、资源税、环境保护税制度以提高节能环保水平,完善个人所得税制度、开征房地产税以调节收入分配,优化关税、出口退税制度并加强国际税收合作以促进对外开放,不断提高税收征管与服务水平以提升国家治理效能。"
2021,现代财政制度的构建：一个公共秩序的分析框架,吕冰洋,公共秩序;现代财政制度;国家治理;财政职能,管理世界,0,"现代财政制度的理论基础不仅在于提供公共产品,还在于建设合理的公共秩序,实现发展与安全的统筹。与公共产品强调非排他性与非竞争性特征不同,公共秩序强调历史性和社会性特征。建立在社会主义民主法治基础上的现代财政制度,对多元社会整合、建设良好公共秩序具有重要作用。现代财政制度的职能为保护性职能、生产性职能和分配性职能,财政政策既包括经济政策也包括秩序政策。中国财政制度沿着""建设财政—公共财政—现代财政""的演变逻辑,呈现""嵌入企业—嵌入经济—嵌入社会""的递进演变。中国现代财政制度构建中,预算制度建设要民主法治、透明高效;财政收入制度要法定统一、嵌入社会;财政支出制度要社会参与、保护社会;政府间财政关系要寓活力于秩序。"
2021,“一带一路”倡议如何推动民族地区贸易发展？——基于复杂网络视角,蔡宏波;遆慧颖;雷聪,“一带一路”;民族省份;对外贸易;复杂网络,管理世界,0,"本文以统计对比和复杂网络分析的视角,分析""一带一路""倡议实施背景下我国民族八省区外贸发展水平及其变化,在此基础上通过社团划分深入考察民族地区贸易发展变化并解释""一带一路""倡议是否以及如何发挥作用。与以往研究不同的是,文章运用加权极值优化算法讨论""一带一路""倡议提出前后民族地区外贸发展在全国省际贸易网络中的地位变化,分别选取2001～2018年的18年和2013～2018年的6年进出口贸易数据计算两种概念、两种时间维度下的外贸依存度以及调整后的余弦相似度,最终以社团划分的方式刻画民族省份对外贸易及与我国其他省份的相似性。研究发现,""一带一路""倡议明显改变了民族地区的贸易发展态势及其在全国的贸易地位,不但使得民族地区的对外贸易总额出现较为明显的增长,而且充分挖掘了民族地区货源型产品进出口能力和潜力。特别是,民族八省区的外贸总额和外贸结构增长和优化均十分显著,与具有相似外贸结构和外贸发展态势的其他省份对比,验证了""一带一路""倡议实施推动民族地区贸易发展的结论。"
2021,大数据如何改变经济学研究范式？,洪永淼;汪寿阳,大数据;文本分析;机器学习;研究范式;研究方法;反身性,管理世界,0,"本文首先从经济学视角探讨大数据给经济学实证研究所带来的范式变革,包括从理性经济人到非完全理性经济人,从孤立的经济人到互相关联的社会经济人,从代表性经济人到异质性经济主体,以及从经济分析到经济社会活动的系统分析。然后,从方法论视角讨论大数据给经济学实证研究方法所带来的变革,包括从模型驱动到数据驱动,从参数不确定性到模型不确定性,从无偏估计到有偏估计,从低维建模到高维建模,从低频数据到高频甚至实时数据,从结构化数据到非结构化数据,从传统结构化数据到新型结构化数据,以及从人工分析到智能分析等。大数据引起的经济学研究范式与研究方法变革,正在深刻重塑经济学发展方向,不但加强了经济学实证研究范式的趋势,而且还进一步突破了现代西方经济学的一些基本假设的局限性,使经济学研究日益呈现出科学化、严谨化、精细化、多元化(跨学科)与系统化的趋势,并且与社会科学其他领域在方法论上日益趋同。中国大数据资源,为从中国经济实践中总结经济发展规律,从中国特殊性中凝练可复制的经济发展模式,从而构建具有深厚学理基础的原创性中国经济理论体系,提供了一个得天独厚的""富矿""。"
2021,促进互联网游戏产业健康有序发展,丁元竹,互联网游戏产业;健康发展;管理体制;治理机制,管理世界,0,"中国是世界上互联网游戏产业发展最快的国家之一,2018年成为全球最大的手机游戏市场。互联网游戏产业发展必须按照习近平总书记和""十四五""规划纲要的要求,坚持社会效益优先,寓教于乐,坚决把预防沉迷摆在重要位置。在把握互联网游戏产业管理和治理规律以及互联网游戏玩家沉迷行为特点的基础上,不断发展和完善促进互联网游戏产业健康有序发展的管理体制和治理机制,包括完善互联网游戏健康有序发展的政府管理体制,完善互联网游戏产业的社会治理机制,引导互联网游戏企业向善向上发展。新发展阶段上,面对各种社会矛盾和社会问题,互联网游戏产业要积极回应家长和社会的呼声,引导未成年人合理使用电子产品,实现向善向上发展。"
2021,依附式升级：平台生态系统中参与者的数字化转型战略,陈威如;王节祥,数字化转型;生态参与者;依附式升级;互补;依赖,管理世界,0,"传统企业借助数字平台的赋能可以缓解数字化转型中面临的技术能力和资源不足的约束,但是其作为生态参与者又面临""如何依附平台趁势升级、却又不丧失自主性""的两难困境。本文通过对设计企业洛可可集团和钉钉平台协同升级的案例研究,构建生态参与者借助平台企业推进数字化转型的""依附式升级""模型。研究发现,生态参与者采用""依附式升级""战略包括互融、共生、自主3个阶段;参与者通过与平台企业可视化、可重组的数字化行为,逐步实现效率提升、业务增长和生态构建;参与者与平台企业间的互补和依赖关系的平衡与演化是推动数字化进程的内生动力。本文对企业数字化转型的新洞见包括:一是传统企业可以加入平台生态系统,采用""依附式升级""新战略推进数字化转型;二是平台与参与者相嵌升维,未来产业结构将朝向""多维平台嵌套""的新组织形态演进;三是生态参与者与平台企业需处理好""互补和依赖""的新二元动态关系。"
2021,社会资本能否支撑中国民营企业高质量发展？,林志帆;龙小宁,非正式制度;企业社会资本;研发创新;廉政建设,管理世界,0,"在中国经济社会转型期,民营企业依赖非正式制度实现快速发展,成为""中国经济奇迹""的重要支撑。在改革的攻坚期和深水区,一个亟待回答的问题是:非正式制度能否长期支持企业发展?本文从企业社会资本与研发创新的角度出发展开研究。首先,理论推导表明,尽管孤立视角下社会资本投资能帮助企业争取稀缺资源而有利于研发创新,但由于稀缺资源的供给是相对固定的,全局视角下企业将相互挤出而形成负和博弈均衡,说明依赖社会资本并非企业高质量发展的长久之策。基于理论推导假说,本文使用私营企业调查数据进行检验发现,企业社会资本投资强度对研发投入与专利产出的影响为正,但其功效被细分市场中其他企业的竞争大幅削弱,并引致研发创新总量损失。拓展研究发现,反腐能有效地治理企业的非生产性活动,说明清廉的制度环境有助于促进企业中长期的发展。稳健性检验放松企业竞争范围假设、变更核心变量构造方法、使用工具变量处理潜在的内生性问题,前述结论依然成立。本文启示,中国应持续打造公平竞争的营商环境、构建""亲清""新型政商关系、健全政企沟通机制,以充分激发社会创新创业活力。"
2021,防卫还是囤积？商标组合对企业绩效的影响及启示,肖延高;冉华庆;童文锋;康凯悦,商标组合;企业绩效;防卫;囤积,管理世界,0,"本文立足我国商标注册申请和注册商标维持从紧政策环境,从商标的符号属性和注册类别两个维度,构建起商标组合矩阵及其价值模型,进而实证分析不同商标组合对企业绩效的影响。研究结果表明,企业的商标防卫行为和商标囤积行为对企业绩效的影响存在显著差异。其中,代表商标防卫行为的联合型商标组合的注册申请和维持具有稳健合理性,防御型商标组合对企业绩效的影响还有待观察;而累积型商标组合对企业绩效的负向影响明显,表明商标囤积行为正当性缺乏证据支持。研究结论不仅对高质量发展阶段企业优化商标注册和维持行为具有借鉴意义,而且为相应的商标法律适用和政策完善提供了管理经济视角下的有益启示。"
2021,精准帮扶政策的多维评估：基于G省B市扶贫实践的经验分析,黄薇;祝伟,多维贫困;帮扶政策;效果评估;扶贫实践,管理世界,0,"通过实施精准扶贫精准脱贫基本方略,2020年我国现行标准下农村贫困人口实现了全部脱贫,新时代脱贫攻坚目标任务如期完成。巩固拓展脱贫攻坚成果将成为""后脱贫攻坚时代""的重点工作,而重中之重则是通过对帮扶政策效果的多维评估,建立防止返贫监测帮扶机制和解决相对贫困的长效机制。本文基于G省B市2015～2017年开展精准扶贫工作的实践,收集11131户贫困家庭微观追踪数据,从多维贫困的视角对帮扶政策措施的实施效果进行科学评估。研究发现,现有帮扶政策对贫困户收入和劳动能力具有显著的提升作用,但在生活质量、健康等非收入贫困维度的减贫效应存在明显的异质性。随着帮扶政策实施的深入,减贫效应在不同维度贫困上均显著体现,其中收入、劳动能力和生活质量等方面的减贫效果尤为明显,能够更有针对性地解决深度贫困问题。进一步的异质性分析显示,现有帮扶政策在非收入维度的减贫效果表现出一定的普惠性,产业扶贫、基础设施扶贫和金融帮扶政策等具体帮扶措施对贫困户收入、劳动能力和生活质量的减贫效果明显且具有针对性,但在改变健康状况的作用较弱。上述多维评估研究为""后脱贫攻坚时代""进一步优化完善帮扶政策、巩固拓展脱贫攻坚成果以实现与乡村振兴的有效衔接提供了新思路新方案。"
2021,赋权、强能、包容：在相对贫困治理中增进农民幸福感,罗必良;洪炜杰;耿鹏鹏;郑沃林,相对贫困;赋权;强能;包容;幸福感,管理世界,0,"扶贫攻坚的伟大胜利标志着我国已经进入到缓解相对贫困实现共同富裕的新征程。相对贫困的多维性、复杂性和长期性,构成了谋求农民幸福的重要挑战。本文基于我国改革开放以来的反贫困历程,梳理出治理绝对贫困和相对贫困的逻辑线索,即""赋权—强能—包容"",据此提出增进农民幸福感的理论假说,并利用2014年和2016年中国劳动力动态调查(CLDS)的数据,依次分析了绝对收入和相对贫困对农民主观幸福感的影响。结果表明:绝对收入水平的提高能够显著提升农民主观幸福感,但具有边际效应递减的特点;客观相对贫困与主观相对贫困均会显著降低农民幸福水平。进一步的证据表明,赋权、强能和包容均能缓解农民的相对贫困,进而增进农民幸福感。文章强调,放松管制还权赋权、强化农民行为能力、保持社会流动性、未来均等机会的开放以及推进人居环境的可持续发展,将有助于相对贫困的治理进而提升农民的幸福感。其中,建立生态福利观并促进村庄的生态宜居是一个值得重视的治理策略。"
2021,农村人居环境整治效果评估——基于全国7省农户面板数据的实证研究,李冬青;侯玲玲;闵师;黄季焜,改厕项目;垃圾治理;污水治理;整治效果;政策工具,管理世界,0,"总结农村人居环境3年整治行动治理经验、分析治理政策作用机理、评估整治行动实施效果,有助于新一轮""提升五年行动""的顺利落实。在理论分析环境政策工具激励农户参与人居环境治理的基础上,本文利用全国7省1450余农户面板数据,从户厕使用、生活垃圾处理和生活污水处理三方面系统描述了我国农村人居环境的发展趋势和现状,并采用工具变量—固定效应模型定量评估了农村人居环境整治的实施效果及作用机制。结果表明,综合使用给农户发放补贴、政府直接投入公共环境设施和建立公共设施管护制度(如收费制度)等政策工具,有效地提升了农户的卫生厕所使用、生活垃圾集中处理和生活污水集中处理等人居环境指标,是改善农村人居环境的重要推力。尽管整治行动初见成效,但仍存在人居环境地区不均衡、发展不充分等问题。针对这些现实问题,本文提出了建立健全人居环境治理长效机制的具体建议。"
2021,基础教育公平与经济社会发展,杨成荣;张屹山;张鹤,基础教育;市场化教育;优势累积;劣势叠加;公平原则,管理世界,0,"2020年我国已实现教育大国的历史性转变,九年义务教育普及率已高于高收入国家的平均水平。然而,教育公平,特别是基础教育阶段的公平问题日益凸显。本文针对我国基础教育阶段的优质教育资源垄断、市场化教育扩张和教育功利化倾向等现实问题进行分析,探究优质教育资源积聚和市场化教育相互强化产生的累积效应,以及基础教育不公平在社会稳定、人口结构和发展潜力等方面引发的经济社会后果,并从教育资源分配、影子教育约束和教育评价3个方面给出改善劣势累积效应,实现基础教育公平的可行途径和对策。"
2021,中国产业发展的流动劳动力工资增长效应——来自流动人口动态监测的微观证据,呼倩;夏晓华;黄桂田,产业结构;劳动力流动;工资收入;选择效应;集聚效应,管理世界,0,"面对产业转型、消费升级以及人口老龄化的挑战,地方政府如何在新一轮的城市竞争当中成功吸引人才,是亟需回答的重要现实问题。为此,文章采用2010～2015年中国流动人口动态监测数据和地市层面宏观数据的合并数据,考察城市产业发展和结构升级对于流动劳动力工资收入和福利效应的影响及其作用机制。结果发现:(1)一个城市产业结构存在明显的工资溢价作用,流动劳动力选择效应和城市集聚经济是其主要机制。(2)这种溢价作用对不同收入水平流动劳动力的影响呈现明显的L型曲线特征。(3)无论名义工资、真实工资还是净效用,产业结构的工资溢价影响均显著为正。文章据此提出夯实产业发展基础、发掘城市集聚经济潜力和构建多元劳动力市场格局的政策建议。"
2021,全球经济危机后中国的信贷配置与稳就业成效,钟宁桦;解咪;钱一蕾;邓雅琳,稳就业;经济危机;银行信贷;新增投资;借新还旧,经济研究,0,"追求更充分更高质量就业是高质量发展的重要内涵。本文探究在全球经济危机发生后,中国如何快速实现稳就业,具体分析各类企业在稳就业方面所做贡献与付出的代价。通过分析多套企业数据与逐笔贷款数据发现:在""四万亿""计划实施期间新增信贷的支持下,国有、大型与受计划支持行业内的企业在短期内做大规模逆周期投资并大幅扩张雇员,然而由于后期绩效变差及偿债压力加剧,难以持续大幅增加就业。而民营、小型与未受支持行业内的企业在短期内未增加投资或就业,所获信贷显著提高了其在危机中存活的概率,且由于后期绩效改善而创造就业的幅度更大。因此,着眼于以较小代价取得中长期内较大的稳就业成效,在应对危机时可将更多资源投入到保中小市场主体中。"
2021,前瞻性与逆周期性的系统性风险指标构建,方意,系统性风险指标;敏感性;逆周期性;前瞻性;风险生成机理,经济研究,0,"基于经营业务视角,构建兼具直接关联性和间接关联性的网络模型,并以此构建适合度量中国银行业的系统性风险指标,具有重要的理论与实践意义。依据指标有效性的3大标准,将构建的系统性风险指标与传统的5种网络模型指标和6种尾部依赖模型指标进行全面比较。实证结果显示:(1)中国银行业系统性风险存在阶段性特征。低风险阶段主要由风险敞口和杠杆率等因素驱动,高风险阶段主要由间接关联性因素驱动。(2)相对于其他指标,本文的系统性风险指标具有敏感性、前瞻性、逆周期性等优势。(3)系统性风险有3个传染渠道,去杠杆降价抛售溢出渠道最为重要。随着外部冲击变化,传染渠道的重要性会发生变动,渠道变动的背后是系统性风险影响因素重要性发生变动。本文研究还发现,改善金融结构对于防范系统性风险有重要作用。"
2021,中国区域间的制度性贸易成本与贸易福利,韩佳容,国内市场整合;国内贸易成本;贸易福利,经济研究,0,"降低中国国内区域间的贸易成本,对于充分发挥国内市场潜力,推动构建以国内大循环为主体,国内国际双循环相互促进的新发展格局具有重要意义,而降低国内区域间的制度性贸易成本,更是促进国内大循环有效畅通的重要举措。本文通过构建一个多部门的一般均衡模型,发现中国国内贸易中的制度性贸易成本在国内总贸易成本中占比为21.7%,且制度性贸易成本的降低对贸易福利的改善来说效益十分明显,平均来看制度性贸易成本降低50%,会使中国整体福利水平提升5.9%,欠发达区域从制度性贸易成本的下降中获益最多。进一步地,各区域生产率差异化程度越高,即贸易弹性值越小,则制度性贸易成本的下降所带来的潜在收益也就越大;分部门来看,降低石油加工及炼焦业、农业、钢铁及有色金属加工冶炼业以及食品加工业部门的制度性贸易成本,将对中国的整体福利水平带来可观的效益。"
2021,跨境电子商务与双边贸易成本：基于跨境电商政策的经验研究,张洪胜;潘钢健,跨境电子商务;贸易成本;海关监管;搜寻成本;跨境物流成本,经济研究,0,"跨境电子商务作为承载""互联网+外贸""的贸易新业态,通过交易模式变革、交易环节简化、交易流程优化,推动贸易成本下降。本文基于2012年跨境电商(CBEC)相关政策作为拟自然实验,通过测算双边非对称贸易成本,利用CBEC政策清单等多种方法识别处理组,研究了跨境电商对中国双边贸易成本的影响。研究表明:(1)跨境电商显著降低中国出口和进口贸易成本。(2)跨境电商更有利于降低中国与信息通信技术服务出口规模和强度以及百度搜寻指数更小的贸易伙伴之间的贸易成本,表明CBEC显著降低了搜寻成本,且对出口中的企业搜寻成本降低效应大于对进口中的消费者搜寻成本的影响;跨境电商更有利于降低中国与物流绩效更弱国家的贸易成本,表明CBEC显著降低了跨境物流成本,且对出口中的跨境物流成本降低效应更大。(3)跨境电商的贸易成本降低效应在中国与发展中经济体之间更强,体现了跨境电商的""普惠贸易""特征。(4)跨境电商改善了贸易绩效,降低了出口产品价格,通过升级进口产品结构提高了进口产品价格,还促进了进出口产品质量升级。本文为近年来实施的跨境电商支持政策提供了有力证据,并为今后出口产品质量升级提供了思路。"
2021,城市社区基础设施投资的创业带动作用,万海远,城市基础设施;创业;经济增长动力;结构转型;投资拉动;创业驱动,经济研究,0,"在经济增长动力转换的关键阶段,近年来出现了能否以投资作为主要增长动力的方向性争议,研究基础设施投资在经济结构升级中的创造性作用非常重要。基于微观住户调查数据,本文研究了城市社区基础设施的创业带动作用,探讨了基础设施促进居民创业的原因和作用机制,分析了涉及重大宏观投资问题的微观基础,指出了未来基础设施的主攻方向和投资重点。本文发现,无论是按工程类还是按服务性质划分,社区基础设施都具有很大的正向外部性,使得居民创业比例显著提升,并且城市中心地区、交通环保类基础设施的创业带动作用更加明显。良好的城市社区基础设施便利了居民生产生活,促进了信息、资源和要素的流通效率,改善了居民主观预期,带来更多的创业机会和更低的创业门槛,从而社区基础设施显著提高了居民创业概率。在经济向高质量转型背景下,仍然要肯定""稳投资""在经济增长中的重要作用,尤其重视社区基础设施投资在结构转型中所扮演的关键角色,选择城市中心地区、资本密集型行业、交通环保类基础设施为投资重点,注重对高技能居民的创业政策引导,以提升基础设施带来的创业回报,并实现经济从投资拉动向创新驱动转变。"
2021,政府对居民转移支付的再分配效率研究,岳希明;周慧;徐静,收入再分配效应;非效率指数;排序改变;累进性偏离,经济研究,0,"本文从方法论和实证分析两个角度,探讨政府对居民转移支付在缩小收入差距上的效率表现。方法论部分,出于可分解性和具有经济学含义的考虑,本文创新性地提出再分配非效率指数,并将其分解为排序改变和累进性偏离两项。实证分析部分,本文利用卢森堡微观收入数据库(LIS)及中国家庭收入调查数据(CHIP),对44个国家的估计结果显示,样本国家再分配非效率的均值为0.5493(即54.93%),且国别差异较大,其中0.2658来自排序改变,0.2835来自累进性偏离。一方面,政府对居民转移支付再分配效率的实际表现仅为最优水平的45.07%;另一方面,在导致再分配效率不足的两个源泉中,排序改变和累进性偏离同等重要。与经济发展水平相联系,各国再分配非效率程度和累进性偏离与人均GDP对数值之间存在显著的负相关关系,但排序改变项与人均GDP对数值之间的相关关系不显著。在现代化进程中推进全体人民共同富裕,需要通过调整结构促使再分配效率不断向最优水平接近,资金分配要在进一步向低收入人群倾斜的同时,最大限度降低转移支付对居民收入排序的改变。作为本领域的未来研究方向,本文强调探讨各国社会保障体系制度安排的必要性,并提醒研究者注意累进性与收入再分配效应和再分配效率之间的复杂关系。"
2021,看不见的家庭教育投资：子女升学压力与母亲收入损失,王伟同;周洪成;张妍彦,教育竞争;隐性教育投资;升学压力;母亲收入,经济研究,0,"在家庭教育投资中,除现金性的显性教育支出外,家庭也会通过放弃潜在收入并增加子女陪护时间的方式进行隐性教育投资。这种看不见的家庭教育投资行为尚未得到学术界的广泛关注,但其对理解中国家庭的教育行为具有重要现实意义。本文利用子女升学压力对家庭教育重视程度的外生冲击作为识别框架,估计了母亲由于子女教育压力而放弃的潜在收入,为识别家庭隐性教育投资行为提供了微观证据。本文实证结果表明,子女升学压力会使母亲月收入显著下降19%,同时父亲收入没有显著变化。异质性分析发现,高学历、非国有行业、育有男孩或独生子女的母亲收入更容易受到子女升学压力的影响。机制分析表明,在子女升学压力下母亲会通过降低劳动参与率、降低工作时长以及增加家庭照料时间等方式进行隐性教育投资。进一步利用地区重点高校录取率反映地区升学压力,发现子女升学压力越大的地区,母亲收入下降幅度越大。本文研究识别了子女升学压力下的家庭隐性教育投资行为,为更好理解中国人力资本积累和家庭劳动供给决策提供了新的观察视角。"
2021,青年经济学者论文奖（2021）评选公告,,,经济研究,0,"<正>为了更全面、更具体、更及时地评价与奖励,在经济思想、理论、政策及研究方法等方面,在经济学各个学科领域,作出杰出原创性贡献的中国青年学者,促进中国经济理论研究和政策研究的繁荣与发展,同时体现""中国青年经济学者论坛""20周年以来的学术影响力、培养力、传播力,经中国青年经济学者论坛学术理事会全体成员单位集体讨论,经与支持单位嘉实基金协商,现共同决定,自2021年起,恢复评选""青年经济学者论文奖""。本奖项每年评选一次。同时,现有的""青年经济学家奖"",改为每两年评选一次。"
2021,强化知识产权保护与南北双赢,寇宗来;李三希;邵昱琛,知识产权保护;技术引进;倒U型;信息不对称,经济研究,0,"传统观点认为,强知识产权保护有利于北方国家而有损于南方国家。本文构建一个两期技术转移模型,说明在一定条件下,南方国家会自愿加强知识产权保护,并实现南北双赢。假设北方企业拥有两种技术,即传统技术和先进技术。若南方的知识产权保护太弱,北方企业可能会因为害怕被模仿而策略性延迟引入先进技术,导致南方国家受损。此时,南方政府将有积极性自愿加强知识产权保护以防止北方企业采用延迟策略,而模型分析表明,最优的知识产权保护力度是南方企业模仿能力的倒U型函数。进一步,如果是否拥有先进技术是北方企业的私人信息,南方政府将更不愿意采用严格的知识产权保护制度,因而消除信息不对称有利于南方国家自愿强化知识产权保护。"
2021,预期寿命、人力资本与提前退休行为,汪伟;王文鹏,预期寿命;提前退休;人力资本投资;动态一般均衡,经济研究,0,"随着人均预期寿命的延长和受教育年限的提高,包括中国在内的世界各国劳动者的实际退休年龄却普遍低于法定退休年龄,呈现提前退休趋势。本文试图在生育受到约束的制度环境下对上述反常现象进行理论解释,通过构建一个动态一般均衡世代交叠(OLG)模型,考察预期寿命延长对劳动者的人力资本投资、退休年龄选择的影响机制,并结合中国的现实经济进行数值模拟。研究表明:当预期寿命提高时,人力资本投资能够在生命周期中获得更高的工资率回报,劳动者在少年期倾向于进行更多的人力资本投资,提高受教育年限;人力资本积累、有效工资率上升和利率下降引起的收入效应超过了替代效应,使得劳动者在老年期增加对闲暇的需求,有能力和意愿提早退休,减少终生劳动供给时间;进一步地,本文发现放松生育控制政策也会使劳动者享受更多闲暇时间的意愿增强,选择提前退休。本文还考察了个体退休行为的异质性,发现随着预期寿命的延长,相对穷人而言,富人的退休年龄和终生劳动供给更低。本文的结论有益于厘清劳动者在老年期的退休决策机理,为如何推进退休制度改革提供理论依据。"
2021,非对称性环境规制的标尺现象及其机制研究,于亚卓;张惠琳;张平淡,环境规制;清洁生产标准;全要素生产率;非对称性;标尺现象,管理世界,0,"讨论环境规制的政策效应,不仅关注其能否推动企业改进环境绩效和经济绩效,还要关注其改进环境绩效和经济绩效的内在实质,即是否扭转了落后的生产方式。匹配中国工业企业数据库和工业企业污染排放数据库,辨识清洁生产标准规制内容的非对称性,检验环境规制对工业企业全要素生产率的影响,实证发现,清洁生产标准的实施能够促进工业企业全要素生产率的改进,不过,这种改进作用主要在污染排放强度较高的未达标企业和满足清洁生产等级最低标准的达标企业中存在,而污染排放强度较低的清洁企业却收效甚微,反映了非对称性环境规制政策效应的标尺现象:污染企业着力改进,清洁企业则可能静而不动。进一步研究发现,全要素生产率改进主要是通过企业总体优化而实现,创新补偿效应并不显著,并没有实质性扭转落后的生产方式,污染企业还在通过购买设备、扩大产能来应对清洁生产标准的实施,这加剧了生产规模扩张和污染排放的紧张关系,对环境质量造成压力。"
2021,积极响应习近平总书记号召把论文写在祖国大地上,丁元竹;沈艳;刘培林;李金华;贺雪峰;程虹;杜运周;苏屹;李海舰;刘军强;李实;刘守英;甘犁;吕长江;许晖;罗必良;杨世伟;陈彦斌,,管理世界,0,"2016年5月30日,习近平总书记在全国科技创新大会、中国科学院第十八次院士大会和中国工程院第十三次院士大会、中国科学技术协会第九次全国代表大会上发表重要讲话,提出""把论文写在祖国大地上""。2020年8月24日,在经济社会领域专家座谈会上,习近平总书记再次强调""把论文写在祖国大地上""。为积极响应习近平总书记这一重要号召,2021年4月24日管理世界杂志社在北京举办""研究中国问题讲好中国故事——把论文写在祖国大地上""研讨会。管理世界杂志社社长李志军、总编辑尚增健主持研讨会。来自中央党校(国家行政学院)、北京大学、浙江大学、中国人民大学、中国社会科学院、武汉大学、南开大学、中山大学、东南大学、北京师范大学、西南财经大学、哈尔滨工程大学、经济管理出版社等高校、科研院所和出版机构的18位专家参加研讨,大家踊跃发言、会场气氛热烈。来自全国高校和科研机构等单位的60多位代表参加了这次研讨会。管理世界杂志社社长李志军表示,积极响应习近平总书记""把论文写在祖国大地上""的号召是新时代科研工作者的重大使命,应深刻理解""把论文写在祖国大地上""的丰富内涵,深入领会""把论文写在祖国大地上""的重要意义,深度研讨""把论文写在祖国大地上""的重点举措,管理世界杂志社重视发挥期刊引领创新作用,愿意与广大科研工作者共同努力,积极推动""把论文写在祖国大地上""。与会专家就研究中国问题、讲好中国故事展开了深入的交流与研讨,高度评价管理世界杂志社举办此次会议和系列活动,深入贯彻落实习近平总书记""把论文写在祖国大地上""的重要指示精神,意义重大、影响深远。专家们纷纷表示,新时代哲学社会科学研究应立足中国国情和发展实践,研究总结中国经济社会发展的伟大实践,提炼中国经济发展实践的规律性成果,把实践经验上升为系统化理论。在此过程中,应坚持问题导向,察实情、出实招,避免学术研究中的""数学化""""模型化""等不良倾向,使理论和政策创新有根有据、合情合理,建设具有中国特色、中国风格、中国气派的哲学社会科学,为构建人类命运共同体贡献中国智慧和中国方案。现将参会专家发言要点刊登如下,以飨读者。"
2021,中国学者管理学研究的世界贡献：国际合作、前沿热点与贡献路径——基于世界千种管理学英文期刊论文（2013～2019年）的定量分析,何佳讯;葛佳烨;张凡,管理学;前沿热点;贡献路径;中国学者;LDA主题模型,管理世界,0,"本文在""构建中国特色哲学社会科学""战略方向下,基于2013～2019年间1000种国际英文管理学期刊483484篇论文(含中国学者32511篇)的纵向文献数据,从世界贡献的角度深入分析中国学者管理学研究的整体发展概况、国际合作以及前沿热点和重要贡献。研究结果显示,在21世纪第二个十年中,中国管理学者在国际学术期刊发表论文数量及其份额迅猛增长,与海外合作发表的成果在稳定数量份额的基础上提高了中国学者的主导地位;中国学者引领10个领域共32个前沿热点,主要分布在工商管理、管理科学与工程、公共管理及管理交叉学科领域,对世界学界的贡献存在多元路径特征,主要通过使用中国数据、基于中国问题和中国情境,但弱于运用中国理论思想。本文的创新在于涵盖管理学学科门类所有领域,采用数据智能和专家咨询意见结合的多阶段研究方法,重在前沿热点领域挖掘而非侧重个人或机构的绩效评价。本文的结论为中国管理学者要在国际上加强中国理论思想研究和运用提供了新的证据和行动指引,也为管理学门类学科发展和科研战略规划提供了若干政策性建议。"
2021,积极构建中国特色管理学理论体系——基于NSFC管理科学A类期刊刊文（2013～2020年）的分析,周泽将;王浩然;修宗峰,管理学;理论体系;中国特色;文献计量;发展路径,管理世界,0,"如何构建中国特色管理学理论体系以指导不断深化的本土管理实践已成为当前管理学界亟需解决的重要问题,而这一理论体系的构建离不开对中国当前管理学理论研究的客观分析与归纳演绎。本文选取国家自然科学基金委(NSFC)管理科学22本A类期刊刊文(2013～2020年)作为分析对象,应用文献计量法研究发现:(1)近年来管理学期刊的刊文篇数总体呈现先降后升的特征,单篇刊文篇幅有所增加,刊文严谨性不断增强;(2)研究方法呈现多元化,定量研究法占据主流,其中案例研究法已推广应用至中国情境下管理实践问题的研究当中;(3)研究情境聚焦于中国本土化的管理实践,技术创新、供应链、创新绩效和经济增长4个研究主题是管理学领域关注的热点,研究内容呈现出延续性与交叉性相结合、时代性与前沿性相结合的基本特征;(4)在不同领域的管理学代表性学术期刊中上述研究发现存在一定的异质性。在此基础上,本文凝练出中国特色管理学理论体系构建的现存问题与实现路径,试图通过该路径中""理论与实践""的持续性互动,探究中国特色管理学理论体系的本土化发展和国际化创新。本文从文献计量学视角增进了对中国特色管理学理论体系发展现状的理解,相关研究结论对于积极构建中国特色管理学理论体系具有一定的理论启示意义。"
2021,另类数据的信息含量研究——来自电商销售的证据,廖理;崔向博;孙琼,电商销售数据;信息含量;另类数据,管理世界,0,"本文使用中国消费行业上市公司2015～2018年的电商销售数据,研究消费者线上消费活动是否能向金融市场传递与公司价值相关的信息。研究结果表明,电商销售数据含有与公司基本面相关的信息,可以预测公司的未预期收入、未预期盈余和盈余公告累计超额收益。进一步分析发现,电商销售数据的预测能力在线上销售收入占比高、投资者关注度低、成长型、信息透明度高的公司中更强。本文也基于这些异质性检验深入分析了电商销售数据具有预测作用的原因。电商销售数据与消费者的消费行为及上市公司的销售活动直接相关,是一类很有代表性的另类数据,研究电商销售数据的信息含量和投资价值有助于丰富另类数据文献,同时也可为厘清另类数据在新兴资本市场中的作用提供新的经验证据。"
2021,预期寿命、养老保险降费与老年劳动供给：兼论中国退休政策改革,汪伟;王文鹏,预期寿命;养老保险缴费率;老年劳动供给;退休政策改革,管理世界,0,"本文通过构建一个包含体制性结构与劳动者退休决策异质性的世代交叠模型,考察了预期寿命、养老保险降费对老年劳动供给的影响。研究发现:由于体制外劳动者的老年劳动供给具有灵活性,降低养老保险费率能促使他们延迟退休,有利于提高社会老年劳动供给。如果体制内劳动者也能灵活选择老年劳动时间或法定退休年龄延迟,降低养老保险费率可以更多地增加社会老年劳动供给。预期寿命延长对社会老年劳动供给的影响不确定,取决于缴费率的下调幅度。如果缴费率降至(12%,20%]区间内,预期寿命延长会引致社会老年劳动供给上升;而缴费率降至12%及以下,预期寿命与社会老年劳动供给之间呈倒U型关系,目前生存寿命已处于拐点的右边,这意味着养老保险降费存在政策目标上的""下限""。进一步地,本文证实了养老保险降费改革能否实现社会福利的帕累托改进和有效利用老年劳动力资源的双重目标,不仅取决于缴费率的下调幅度,而且依赖于退休年龄的调整。本文的政策启示是,随着预期寿命的延长,政府应顺势而为,积极探索缴费率与退休年龄的联动调整机制,以达到""珠联璧合""的实施效果。"
2021,父子共治与创新决策——中国家族企业代际传承中的父爱主义与深谋远虑效应,祝振铎;李新春;赵勇,代际传承;父子共治;父爱主义;深谋远虑;创新决策,管理世界,0,"在中国家族企业主流的代际传承模式之下,""父子共治""是一个无法回避的独特现象,但鲜有研究关注该现象及其背后蕴含的深层逻辑。本文基于父爱主义理论研究父子共治企业的创新决策,并将父辈为帮扶子女顺利接班进行的企业创新""布局""刻画为代际传承中的深谋远虑效应。这一研究从过去主要关注家族企业代际传承是否有利于创新,转向对代际传承中如何创新及其微观机理的研究。本文以2006～2017年中国上市家族企业的样本实证发现,父子共治显著促进家族企业的创新投资,同时这种影响在两代亲缘关系越近、二代年龄越小以及二代具有丰富社会资本时更为明显。拓展检验发现,父子共治企业的创新资源更多配置到低风险领域,这一创新决策不仅反映了父辈为二代未来接班自治企业构建竞争优势的长远规划,更需规避当前的创新风险。进一步地,本文发现风险承担能力是父子共治企业创新投资的重要影响机制,但二代决策权力并未显著增强父子共治企业的创新并且创新投资呈现先强后弱的趋势,以及通过创新显著提升了父子共治企业的价值。本文的研究框架将父子共治、创新决策及其父爱主义的深谋远虑效应有机结合起来,拓展和深化了家族企业代际传承与创新的理论研究。"
2021,跨境数字平台参与、国际化增值行为与企业国际竞争优势,邬爱其;刘一蕙;宋迪,跨境数字平台;国际竞争优势;产品创新;品牌升级,管理世界,0,"在数字经济时代,中国企业面临着如何重塑国际市场新优势的历史机遇和重大挑战。随着数字平台快速发展,越来越多的中国企业寻求通过跨境数字平台开展国际业务活动。但是,跨境数字平台并不必然提升中国企业的国际竞争优势,数字平台参与影响企业国际竞争优势的路径和机制尚未清晰。针对这一理论缺口,本文基于组织学习视角和企业实践,创新性地提出""跨境数字平台参与—国际化增值行为—企业国际竞争优势""理论模型,深入分析产品创新和品牌升级两大国际化增值行为的关键中介作用、以及跨境数字平台特征和能力的调节效应,据此揭示企业参与跨境数字平台影响其国际竞争优势的传导路径和内在机制,拓展数字经济时代企业国际化理论,为中国企业有效利用数字技术实现国际化成长提供依据。"
2021,产业创新生态系统的形成与演进：“架构者”变迁及其战略行为演变,谭劲松;宋娟;陈晓红,产业创新生态系统形成与演进;架构者变迁;战略行为演变;政府角色;干预组合;中国轨道交通装备产业,管理世界,0,"架构者变迁及其战略行为演变如何促进产业创新生态系统形成和演进?本文以中国轨道交通装备产业为对象,采用纵向案例方法探究这个问题。研究结果表明:在产业创新生态系统演进的不同阶段,""架构者""动态变迁,不同架构者战略行为及其作用机制不同;同一架构者不同时期战略行为和作用机制也不同。新生期,政府作为""架构者"",通过行政干预自上而下构建产业创新生态系统雏形。扩展期和提升期,政府角色跨层次分离:向上成为宏观制度构建者,通过不断减弱的行政管理、增强的产业政策和科技资金资助,作为外部力量推动产业创新生态系统演进;向下作为产业创新生态系统参与主体——关键用户,促进产业创新生态系统演进。成熟期核心企业成为产业创新生态系统架构者,自底向上推动产业创新生态系统演进。本研究从中观产业层次拓展了创新生态系统战略和架构演进研究,深化并丰富了大型复杂产品产业中政府角色和作用机制研究;为政府、企业培育产业创新生态系统提供启示。"
2021,机器人的就业效应：机制与中国经验,李磊;王小霞;包群,机器人;就业;替代效应;规模效应,管理世界,0,"伴随机器人和人工智能等劳动节约型新技术的使用,机器人对就业岗位的冲击作用日益受到关注。本文基于中国微观企业数据检验机器人使用对中国工业企业就业的影响。研究发现,首先,与普遍担忧不同,企业的劳动力需求反而因机器人使用显著上升;其次,并非所有行业与工人都从机器人使用中获益,家具、造纸、制鞋等传统劳动密集型企业中的劳动力以及低技能劳动力的就业受到抑制;再次,机器人使用的就业促进效应主要源于企业产出规模的扩张,部分受到生产效率提高和产品市场份额提升的影响;最后,采用配对—倍差法、工具变量法等识别策略,以及控制可能的外生干扰后,机器人对中国企业就业的促进效应依然稳健存在。本文研究对客观评估机器人与人之间的关系具有一定的指导意义。"
2021,历史脉络与实践视野下的有为政府——中国特色社会主义政治经济学的核心命题,卢福财;王守坤,中国特色社会主义政治经济学;有为政府;有效市场;经济发展,管理世界,0,"政府本身是一个国家发展过程中最重要的制度条件,我国经济社会发展离不开有为政府在培育市场环境、实施产业政策、促进微观市场主体发展、推动科技创新以及完善宏观治理等层面的主导和引领作用。依托于中国特色社会主义处于基本经济制度,我国开创了有效市场与有为政府相结合的中国特色社会主义市场经济。有效市场和有为政府相互依存共生、相互协调促进的状态,是中国特色社会主义市场与我国基本经济制度相结合的伟大实践成果。为了服务于中华民族伟大复兴的战略全局和当前世界百年未有之大变局的内在要求,不仅需要加强有效市场对于配置资源所起到的决定性作用,而且还需要克服政府自身职能发挥可能存在的部分短板因素,并以设定增长目标、实施五年规划、坚持试点机制等制度工具为""抓手"",从深化生产要素市场改革、发展现代化产业体系、依托新型举国体制寻求技术突破、提升现代化国家治理能力等4个方面,主动构建新发展格局。"
2021,突发公共卫生事件下的全球股市系统性金融风险传染——来自新冠疫情的证据,杨子晖;王姝黛,突发公共卫生事件;维度诅咒;高维风险传染网络;防范输入性风险,经济研究,0,"本文采用最新发展的弹性网络收缩技术,构建高维收益溢出与波动溢出网络,在突发公共卫生事件背景下,全面考察了50个国家(地区)股票市场间的系统性金融风险传染关系,并对其背后的驱动机制展开了深入研究。分析结果表明,在新冠疫情的冲击下,全球股票市场的风险溢出表现出显著的地理溢出效应。贸易依存度与资本开放度较高的经济体间,金融风险传染效应更为明显。同时,单一市场对国际市场的风险冲击与其疫情严重程度显著正相关,而海外疫情风险的持续上升将加剧本土金融市场的脆弱性。尽管现阶段中国资本市场呈稳定发展态势和较强韧性,但需对此保持审慎乐观态度,全球疫情仍在蔓延乃至反弹,未来中国资本市场仍将面临外部金融风险的冲击。在此基础上,本文从突发公共危机治理的新视角,为有效应对疫情冲击、防范输入性风险传染提出了相关建议,从而为健全国际金融风险监控机制提供了有益参考依据。"
2021,经济周期中的信贷引导：基于网络博弈的视角,赵墨非;徐翔,信贷引导;网络博弈;风险传染;政府与市场关系,经济研究,0,"本文从生产者网络出发,探讨经济周期中政府信贷引导行为的动机与利弊。在经济下行周期中,政府进行信贷引导的主要目的是抑制信用风险通过生产者网络传播,进而缓解其对于社会总产出的负面影响。这一行为对于不同经济部门的影响存在异质性:对于网络结构呈单向链式上下游关系的传统部门,信贷引导能够有效提高总产出水平,其实际效率与目标企业下游产业链的数量与长度有关;对于网络结构复杂的新兴经济部门如金融衍生品和互联网经济,信贷引导失效,会造成额外的总产出损失。当经济陷入严重衰退时,信贷引导同样弊大于利,对于关键节点企业的援助不足以弥补低效信贷带来的效率损失。此外,本文还拓展分析了通过信贷引导扶持关键高科技企业与保护国家经济安全的作用机制。基于理论推导与实例分析,本文建议,各级政府在进行信贷引导时应以最大化社会总产出为主要目标,充分考虑经济周期所处阶段、生产者网络结构、产业链长度、节点企业的网络连接数与技术外部性等因素。"
2021,资本市场与企业投融资决策——来自新股定价制度调整的证据,胡聪慧;齐云飞,新股定价;政府管制;再融资;研发支出;并购,经济研究,0,"已有研究较少关注资本市场制度变革所发挥的宏观调控作用。本文以2014年新股定价制度调整为场景,考察发行市盈率管制对企业上市融资、再融资以及后续投资活动的影响。研究发现,发行市盈率管制导致公允估值较高的企业通过操纵股本规模、""压线""发行等方式减少上市时出售的股份,上市融资规模显著降低,但这些企业在上市三年内再融资的概率和规模显著上升。同时,发行市盈率管制显著降低了公允估值较高的企业在研发、并购等资金需求量大、风险较高项目上的投资支出。本文的研究结果表明,尽管企业会设法绕开政策的限制,但发行市盈率管制对企业股权融资效率、重大投资活动的不利影响也不容忽视。本文的发现对监管机构全面理解新股定价制度的经济后果,从宏观层面平衡新股定价制度的利弊具有重要的参考价值。"
2021,控股股东股权质押与企业债权人利益保护——来自中国债券市场的证据,史永东;宋明勇;李凤羽;甄红线,股权质押;信用利差;控股股东;债权人保护,经济研究,0,"近年来,中国债券市场违约事件中暴露出的大股东侵害债权人利益现象引发了社会舆论和监管部门的高度关注,如何识别与防范此类行为、保护债权人利益已成为中国债券市场高质量发展亟需解决的关键问题。在此背景下,本文聚焦股权质押这一中国上市公司控股股东普遍采用的独特融资方式,探讨股权质押是否会引发控股股东侵害企业债权人利益行为以及防范机制。研究发现,控股股东股权质押显著提高了发债企业二级市场信用利差,这种现象在控制权转移风险较高的企业中表现更加明显。经济机制分析显示,股权质押潜在的控制权转移风险容易引发控股股东侵害企业债权人利益的机会主义行为,增加了债券持有人要求得到的信用风险补偿。最后,本文还发现,高质量的内部控制、分析师关注以及外部审计有助于缓解股权质押引发的控股股东侵害企业债权人利益行为。本文研究结论对于""刚性兑付""打破后如何保护债权人利益、促进债券市场高质量发展具有重要的理论和现实意义。"
2021,IPO与专利管理：基于中国企业的实证研究,龙小宁;张靖,专利管理;策略性创新;首次公开发行,经济研究,0,"本文考察了企业在上市过程中是否会从事类似盈余管理的专利管理行为。研究发现:企业的专利申请量在IPO前后呈先升后降的倒V型状态,而这一规律主要是由质量较低的非发明专利的数量变化所主导。换言之,企业可能策略性地利用专利,特别是低质量的非发明专利进行了先拉升后回调的专利管理活动。进一步的研究表明,其目的是为了争取上市资格和提高IPO定价从而融入更多资金。此外,本文的实证结果显示,企业IPO前申请的专利的提前到期情况也更为严重,同时这种专利管理活动导致了资源错配,降低了上市企业的生产效率。"
2021,人才政策、研发人员招聘与企业创新,孙鲲鹏;罗婷;肖星,人才政策;研发人员招聘;企业创新,经济研究,0,"本文基于580多万条上市公司互联网招聘数据,分析了近年来各地出台的人才政策,对企业研发人员招聘和企业创新的影响。研究发现:第一,受到人才政策影响的公司,研发人员招聘数量显著上升;第二,政策类型层面,这一效应随着人才政策补贴力度和门槛要求的不同而变化,补贴力度越大、门槛要求越低,则效果越显著;第三,企业特征层面,对于高新技术企业、公司治理更好的企业以及非国有企业,人才政策的效果更加显著;第四,城市特征层面,经济发展状况越好、行政级别越高、科研配套环境更好的城市,人才政策效果更显著;最后,人才政策出台后,企业的研发投入、专利产出和研发效率也显著提升。本文从研发人员招聘的角度,为人才政策对企业创新的影响效果、具体机制和边界条件提供了微观证据,扩充了政府和制度因素对企业创新的影响效果方面的研究,并为加快建设人才强国、深入实施创新驱动发展战略、实现经济转型升级提供了借鉴。"
2021,家庭金融参与中的信任重建——来自农村社会养老保险的证据,高明;艾美彤;贾若,家庭金融参与;信任重建;自然实验;农村社会养老保险,经济研究,0,"信任是交易和合作的基础,对家庭金融参与具有重要影响。本文使用中国健康与养老追踪调查2011—2018年四期面板数据,以农村社会养老保险的制度变革作为自然实验,研究信任对家庭金融参与的影响及其重建机制。实证发现,由于老农保未能兑现承诺的储蓄回报和养老金待遇,相比未参加过老农保的家庭,老农保参加家庭在新农保设立初期的参加概率降低10.5个百分点;老农保缴费越多,领取越少,参加新农保的可能性越低。随着新农保的推广,农村社会养老保险制度的信任逐渐得到重建:参加过老农保的家庭参与新农保的可能性逐年上升,并最终比没有参加过老农保的家庭高出2.94个百分点。地区法治水平、政府透明度和公共服务水平,农村社会养老保险制度的信息传递和有效承诺是重建信任的重要机制,家庭自身的教育水平和信任偏好也有助于缓解先期信任方面的负面影响。本文对于理解信任重建和家庭金融参与具有重要的理论和政策涵义。"
2021,全球系统性金融风险跨市场传染效应分析,何德旭;苗文龙;闫娟娟;沈悦,跨市场金融网络;全球系统性金融风险;非线性因果检验,经济研究,0,"在金融全球化发展背景下,各个国家的金融市场连接形成复杂的金融网络。其中一国发生系统性金融风险或金融危机,必然通过该网络传染到其他国家,并且在传染的过程中可能产生放大机制引发全球金融危机。本文在分析中、美等6国经济事实的基础上,以2007—2019年日频数据为基础,测度全球14个主要国家(地区)货币市场、资本市场的跨市场金融网络,计算这一时段国际重大风险事件冲击下的全球系统性金融风险的传染效应。结果表明:全球系统性金融风险通过各国货币市场、资本市场进行交叉传染,资本市场的风险传染效应大于货币市场,但货币市场通过对本国资本市场的影响进而对其他国家金融市场的风险传染效应不容忽视;美国、英国是全球系统性金融风险的主要输出国家,且美国的风险输出效应大于英国;中国和欧元区国家是全球系统性金融风险的净输入国家,中国的净输入效应小于欧元区国家;美国等国家资本市场、货币市场的风险波动会显著影响到中国资本市场的风险状况。因此,根据主要国家金融市场风险波动幅度及时监测国内系统性金融风险、实施精准货币政策、改进宏观审慎监管、加强国际政策协调非常必要。"
2021,外汇储备、全球流动性与汇率的决定,缪延亮;郝阳;杨媛媛,外汇储备;全球流动性;资本流动;汇率,经济研究,0,"以外汇储备为代表的官方资本改变了全球资本流动和金融市场格局。随着各国资本账户的开放,外汇储备成为对冲跨国资本流动的重要政策工具。一般认为充足的外汇储备会自动起到稳定汇率的作用。本文构建了一个包含外汇储备和全球流动性的汇率决定一般均衡模型,明确将外汇储备纳入到汇率决定中来。理论和实证研究显示,当全球流动性趋紧时,一国汇率的稳定不仅取决于外汇储备的充足程度,更取决于外汇储备的使用意愿。如果外汇储备干预具有逆周期性,储备越充足的国家货币越能保值。但是,如果储备干预逆周期性不足,储备越充足的国家受全球流动性趋紧的冲击反而越大。这是因为外汇储备的积累嵌有正反馈机制,边际上压低汇率吸引更多套利资本。当汇率缺乏灵活性时,储备逆周期干预的实质是新兴国家以储备的数量超调来避免汇率水平的价格超调。灵活的汇率形成机制能够在事前避免外汇储备的大起,也就自然消除其在全球流动性趋紧时事后的大落。"
2021,货币政策、流动性与银行风险承担,蒋海;张小林;唐绅峰;陈创练,货币政策;流动性机制;银行风险承担,经济研究,0,"货币政策通过流动性机制,对银行风险承担产生重要影响,显著增加了宏观审慎监管过程复杂性,但鲜有学者对该问题进行过深入研究。为此,本文在DLM模型中引入流动性变量,刻画了货币政策影响银行风险承担的流动性机制,并基于中国133家商业银行微观数据,运用系统性GMM估计和面板平滑转换回归模型,进行了实证检验。结果发现:货币政策虽然不存在显著的风险转嫁效应,但存在显著的流动性传导效应,宽松型货币政策明显加剧了银行风险承担,并且这一影响会随着流动性水平的提高而得到加强;当银行流动性水平达到43%左右时,货币政策对银行风险承担的负向影响最为显著;当银行流动性处于较高水平时,法定存款准备金率调控效果优于其他货币政策工具;紧缩型货币政策对银行风险承担的约束明显弱于扩张型货币政策的激励,这一现象在流动性水平较高的银行中表现更加明显。另外,货币政策与银行风险承担之间的关系不仅依赖于银行流动性水平,还依赖于银行资产规模和资本充足状况。"
2021,农业补贴改革对粮食适度规模经营的影响,许庆;杨青;章元,农业“三项补贴”改革;临时收储政策改革;粮食适度规模经营,经济研究,0,"为促进粮食生产提质增效和顺应WTO规则,2014—2017年间中国实施了农业""三项补贴""改革和玉米、大豆临时收储政策改革,并将补贴重点向生产者尤其是规模经营农户倾斜。本文利用全国农村固定观察点2014年与2017年两期农户面板数据考察了农业补贴改革对粮食适度规模经营的影响。结果发现:农业""三项补贴""改革整体上提高了规模农户的补贴获得,促进了粮食适度规模经营,但这一效果更多体现于粮食主产的东北和内蒙地区;玉米临时收储政策改革不仅明显增加了农户进行玉米适度规模经营的概率,还显著促进了规模农户进一步扩大玉米的经营规模;大豆临时收储政策改革的明显效果主要来自大豆主产的黑龙江。本研究的结论为今后在WTO框架下进行水稻、小麦最低收购价政策改革,促进农户扩大并持续进行粮食适度规模经营提供了政策启示,即向生产者补贴转变的同时向粮食主产区倾斜。"
2021,第四届张培刚发展经济学青年学者奖颁奖典礼暨“后小康时代的中国经济发展”论坛公告,,,经济研究,0,"<正>第四届张培刚发展经济学青年学者奖结果现已产生。获奖者名单(按获奖者姓氏拼音排序)特公告如下:第四届张培刚发展经济学青年学者奖颁奖典礼将于2021年11月6日(星期六)在华中科技大学举行。届时还将召开""后小康时代的中国经济发展""论坛。2021年正值建党百年大庆。在百年庆典上,习近平总书记庄严宣告:经过全党全国各族人民持续奋斗,我们实现了第一个百年奋斗目标,在中华大地上全面建成了小康社会,历史性地解决了绝对贫困问题,正在意气风发向着全面建成社会主义现代化强国的第二个百年奋斗目标迈进。"
2021,组织领导力：中国共产党治理成就的制度逻辑,贠杰,组织领导力;中国共产党;治理成就;制度逻辑,管理世界,0,"组织建设是中国共产党建设的重要基础,党的全面领导、党的全部工作要依靠党的坚强组织体系去实现。高效的组织领导力是组织体系建设的重要内容,更是增强党的创造力、凝聚力、战斗力的重要保证。通过构建组织领导力的理论框架,本文探讨分析了中国共产党国家治理历史性成就背后的制度性逻辑,并通过中国共产党组织领导力的思想力、决策力、人事力、执行力和监督力等五大要素的结构功能分析,提出卓越的组织领导力是一个政党最应具备的能力,也是中国共产党治理成就的内在动因和制度逻辑,由此得出""组织常在、制度常在,但高效的组织领导力不常在""的实践总结。本文从新视角揭示了中国发展成就背后的政党制度优势,对深化党的建设内在规律和国家治理现代化研究,提供了新的组织学分析途径。"
2021,中国特色全国碳市场设计理论与实践,张希良;张达;余润心,碳市场;碳交易;系统设计;碳减排;碳税,管理世界,0,"中国的全国碳市场建设,一方面要遵循碳市场的基本原理和充分借鉴国际实践经验,但更要从中国的实际出发,走有中国特色的碳市场发展之路。在初始阶段,中国的全国碳市场总体上是一个基于强度的碳市场,而不是一个基于总量的碳市场,实质上是一个多行业的可交易绩效标准(Tradeable Performance Standards),兼具碳税和补贴两种政策激励效果。全国碳市场的总量是一个和覆盖行业实际产出量相关联的灵活总量,而不是一个固定的总量。碳市场管控的企业碳排放量不仅包括现场产生的直接碳排放量,也包括企业消费电力和热力引起的间接碳排放量。""十四五""期间,全国碳市场建设力争实现对8个重点高耗能高排放行业的全覆盖,按""严控增量""的原则,设定全国碳市场配额总量和确定行业碳排放基准,积极发挥全国碳市场建设在实现2030年前碳达峰目标中的作用。""十五五""期间,进一步扩大全国碳市场行业参与程度和覆盖企业数量,按""稳中有降""的原则,设定全国碳市场配额总量和确定行业碳排放基准,逐步扩大配额有偿分配比例,进一步提高全国碳市场在实现碳达峰目标和碳中和愿景中的地位和作用。"
2021,产业跃升、金融结构与中国经济增长,洪正;张琳;肖锐,经济增长;产业跃升;金融结构,管理世界,0,"在对中国工业企业数据梳理的基础上,本文发现了国企在产业跃升中的先导作用,并据此构建了一个包含国有部门与信贷摩擦的动态一般均衡模型,证明了在金融市场落后的发展中国家国有体制对于经济增长的促进作用。其基本逻辑是:产业的不断跃升需要大量进入成本和更多资本投入,这会导致企业面临跃升阶段早期亏损而后期盈余的跨期预算约束问题。由于发展中国家金融市场普遍不完善,所以民企很难在短期内克服信贷约束完成产业自然跃升,而国有企业则可以通过国有银行有效动员储蓄和分配资本绕开跨期预算约束,推动产业跃升进程,实现赶超发展。然而随着经济的增长,这一效应会逐渐被国有部门对增长的阻碍效应所抵消,导致经济最终落入较低的均衡。在现实中国企过度跃升与延迟退出、跃升不确定性以及国有银行严重的代理问题都可能会加速这一进程。减少后两个方面的不利影响内生了赶超中的金融结构,即为了克服国有银行体制缺陷,通过发展民营银行减少其代理成本,以及引入资本市场硬化其跨期预算软约束,分别产生了与相应增长阶段匹配的均衡银行业所有制结构和银行与资本市场比例。本文的结论对于重新认识国企作用、当前国企改革定位以及金融系统变革方向具有重要意义。"
2021,增值税的税收中性、企业投资和企业价值——基于“留抵退税”改革的研究,吴怡俐;吕长江;倪晨凯,增值税;留抵退税;企业税负;税制改革;税收中性,管理世界,0,"畅通的返还链条是增值税发挥税收中性特点的重要前提。本文以财税[2018]70号文为准自然实验,研究""留抵退税""改革如何影响企业价值。研究发现,与控制组企业相比,试点企业在政策颁布期间获得0.5%～1.1%的超额回报率;同时,预期形成更高留抵税额(待抵扣增值税额更高、资本支出更高、资本支出的波动性更高)的试点企业,其在政策颁布时的市场反应更为正面,说明改革显著提升了试点企业的价值。机制分析表明,面临更好投资机会的试点企业和收到更多税费返还的试点企业在改革后增加了投资,说明试点企业的价值提升源于改革促进了企业投资机会的实现。总体而言,""留抵退税""改革降低了制度性交易成本,提升了企业价值。本文的研究结论提供了全行业放开""留抵退税""的政策效果预估,为后续的增值税税制改革提供了依据和参考。"
2021,中国共产党领导的科技创新治理及其数字化转型——数据驱动的新型举国体制构建完善视角,蔡跃洲,中国共产党;科技创新治理;数字化转型;新型举国体制;数据驱动,管理世界,0,"本文在辨析科技创新治理相关概念基础上,从历史的视角梳理了中国共产党领导科技创新治理、服务经济社会发展、满足现实需要的演进历程,剖析了""十四五""时期我国科技创新面临的困难挑战,并就数字经济时代构建完善数据驱动的新型举国体制提出设想。中国共产党始终坚持实事求是的工作路线和优良传统,确定不同时期的科技发展战略,构建和完善相应的科技体制,并较好地实现了不同时期的科技战略目标。党的十八大以来,我国探索新型举国体制,初步实现有效市场与有为政府有机结合。""十四五""时期,科技事业和创新发展有了更高目标,创新活动""乌卡特征""则使科技创新治理面临""市场政府双失灵""挑战。深化科技创新治理数字化转型是协调错综复杂交互关系、提高治理效能、实现多主体协同的有效途径。新型举国体制是未来我国科技创新治理体系的重要组成部分。数字时代完善新型举国体制,应致力于将共产党领导的集中力量办大事举国体制、市场资源配置机制、数字技术及数据要素三方面优势进行整合,特别要做好数据交互机制、数据汇集平台等基础性工作,为优化创新资源配置、降低信息不对称提供支撑。"
2021,海外创新生态系统的组织合法性动态获取研究——以“一带一路”海外园区领军企业为例,陈衍泰;厉婧;程聪;戎珂,海外创新生态系统;合法性阈值跨越;国际动态能力;合法性聚焦;海外园区领军企业,管理世界,0,"本研究聚焦""从新兴经济体到新兴经济体(EM-EM)""情境下海外创新生态系统的组织合法性动态获取问题。通过对中国国家级海外园区——泰中罗勇工业园的领军型企业进行纵向单案例研究,并在此基础上结合动态能力理论构建了一个""EM-EM""过程中海外创新生态系统领军企业组织合法性聚焦、企业能力转化以及合法性阈值跨越三者之间的整合性框架。研究发现,""EM-EM""情境下海外创新生态系统的多合法性阈值随着合法性聚焦点在内部、伙伴间和外部之间不断切换而产生影响;为跨越多个合法性阈值,实现领军企业在东道国合法性水平的显著提升,其国际动态能力由国际利用能力向国际探索能力跃进,并在不断的交互影响中呈现出""低阶—中阶—高阶""的能力演化路径。本研究解析了多合法性阈值的动态跨越过程机制,拓展了有关创新生态系统、组织合法性以及动态能力的相关研究,同时也对""一带一路""背景下海外园区的可持续发展具有重要启示。"
2021,拨云见日——揭示中国盾构机技术赶超的艰辛与辉煌,欧阳桃花;曾德麟,中国盾构机;技术赶超;产品架构;关键零部件技术;双循环创新组织模式,管理世界,0,"盾构机如神舟飞船、高铁一样被公认为世界级领跑产品、国之重器,然而这一世界级现象却没得到国内管理学界应有的重视,此领域研究处于空白状态。本文旨在通过复盘中国盾构机突破西方技术封锁的赶超过程,提炼中国企业技术赶超的路径与创新组织模式。本研究发现:(1)复杂产品系统的技术赶超分为起步期与加速期两个阶段,前者的难题是如何解决从无到有的""冷启动""悖论,后者的难题在于如何平衡全新产品的技术升级与老产品的迭代创新之间的关系;(2)为解决上述两个难题,中国盾构机头部企业另辟蹊径创造出""双循环创新组织模式"",即由核心企业联合产学研其他创新主体,自上而下化解技术""冷启动""悖论,自下而上解决新技术升级与老产品迭代的矛盾。上述创新模式既不同于发达国家在已有核心技术基础上的再创新,也不同于后发国家所遵从的生产—工程—创新的逆A-U创新模式。本研究有助于揭示,基础相对薄弱而又受到西方技术封锁的中国企业如何在资源与时间双约束困境下,实现从追赶到领跑世界的华丽转身,对指导中国企业攻克""卡脖子技术"",立足世界技术之巅具有重大启示。"
2021,能源转型的规律、驱动机制与中国路径,范英;衣博文,能源转型;驱动机制;政策;路径;碳中和,管理世界,0,"目前世界范围内正在经历面向可持续发展的能源转型变革。尽管各国由于转型核心动机和能源资源禀赋方面的差异而呈现出不同的转型路径,但其背后的驱动机制却是相似的。在分析各国能源转型规律和机制的基础上,本文就我国能源转型的现实挑战和驱动机制进行了深入的探究,分析了""碳中和""目标引导下的能源转型新趋势,剖析了转型所面临的体制机制障碍和外部性定价障碍,并从市场驱动、政策驱动、创新驱动、行为驱动等多个维度提出了我国持续推动能源转型的着力点和突破点,形成能源转型的中国路径。"
2021,我国消费倾向的基本特征、发展态势与提升策略,陈昌盛;许伟;兰宗敏;李承健,消费倾向;国际比较;双循环;宏微观差异;发展态势,管理世界,0,"消费倾向走势是判断我国未来消费增长潜力的重要依据。我国宏观消费倾向偏低,微观消费倾向与国际差距并不大。投资率变动对我国宏观消费倾向造成较大干扰,微观消费倾向更能反映我国居民消费倾向的真实情况。国际上宏观和微观消费倾向均呈现U型发展规律,当前我国宏观消费倾向已开始上升,微观消费倾向还处于降中趋缓的阶段。疫情短期影响下全球主要经济体消费倾向均大幅下降,我国下降幅度相对较小,但中等收入群体消费倾向下降值得关注。综合判断,我国消费倾向水平和态势符合经济发展阶段。促消费的政策重点当务之急是巩固疫情防控,根本之策是保持必要增速、增强就业吸纳能力,持续之路是壮大中等收入群体、营造良好消费环境和支持自主生育。"
2021,中国低碳经济发展的协同效应研究,邬彩霞,低碳经济;能源流;资源流;协同发展,管理世界,0,"近年来,低碳经济一直是社会各界关注的重点,已有研究从不同角度对低碳经济进行了定义。本文从能源流和资源流两个方面明确低碳发展的实质,从一个全新的视角完善了低碳经济理论。同时,本文基于理论研究,构建低碳发展与经济社会发展的协同度模型及评估指标体系,并利用2005～2019年中国低碳治理及经济社会发展的相关数据进行了实证分析。研究发现,中国在采取节能减排、应对气候变化措施的同时,实现了经济的快速和高质量增长。进一步地,中国在推进生态文明建设的过程中,实现了低碳、经济、社会的协同发展。本文的研究结论扩展了低碳经济的理论体系,为中国低碳经济发展的路径设计提供了理论支撑,丰富了有关生态文明建设和构建人类命运共同体的讨论。"
2021,共同富裕的内涵、实现路径与测度方法,刘培林;钱滔;黄先海;董雪兵,共同富裕;高质量发展;中等收入群体;城乡差距;区域差距,管理世界,0,"共同富裕是社会主义的本质要求。共同富裕的实质是在中国特色社会主义制度保障下,全体人民共创日益发达、领先世界的生产力水平,共享日益幸福而美好的生活。实现共同富裕,必须围绕解决好发展的不平衡不充分问题,以让全体人民公平获得积累人力资本和参与共创共建的机会、公平地共享发展成果为主要思路,以壮大中等收入群体、提高中等收入群体富裕程度为主要入手点,夯实共同富裕的制度保障,实施若干重大战略,健全政策体系,营造共同富裕的良好社会氛围,构建科学的指标体系加以测度和引领,在高质量发展进程中持续提高人均收入水平,缩小人群、地区和城乡差距。"
2021,中国的边界污染治理——基于环保督查中心试点和微观企业排放的经验证据,赵阳;沈洪涛;刘乾,环保督查中心;分权;边界污染治理;企业清洁生产;垂直管理,经济研究,0,"从""中国之制""看""中国之治""。边界污染问题一直是经济学研究的热点和难点,本文探讨了中国情境下的中央环保督查制度对边界污染的微观治理效果及内在机制。研究发现:设立跨区域环保督查中心后,边界企业污染排放显著减少,说明中央环保督查制度对边界污染有显著的治理效果。作用机制检验证实:在财政压力大的地区以及企业为""税收大户""时,环保督查中心的作用效果更明显,说明中央环保督查制度在地区层面缓解了地方政府机会主义行为;边界企业通过资源循环利用、增加污染物处理等长效机制实现主动减排。本文的研究结果表明,实行自上而下的环境垂直监管有助于解决边界污染问题。本文为中央垂直管理体制治理边界外部性问题提供了直接的微观经验证据。"
2021,高校招生均等化政策改革与生源质量提升,刘瑞明;焦豪;石阳;毛宇,本地偏好;部属高校;生源质量;均等化;准实验,经济研究,0,"中国的高等院校招生长期以来一直存在着明显的""本地偏好"",为解决由此带来的一系列问题,教育部在2008年出台了一项强力的""均等化""政策,要求""部属高校""将本地招生比例逐步降低至30%以下。这为我们提供了一个难得的""准实验""来观察中国高校中存在的本地偏好及其后果。本文首次利用中国2005—2015年1189所高等院校的面板数据和双重差分方法,分析""均等化""对高校生源质量的政策效应。研究发现:""均等化""使得""部属高校""的招生分数大幅提升,有力地推动了所在高校的生源质量,并且,这种生源质量提升效应在本省和外省均显著存在。进一步的机制检验表明,""均等化""政策实施后,部属高校调整了招生策略,将更多的招生指标分配给了外地省份,尤其是那些高分省份,从而产生了""双重结构优化效应""。在进行大量的稳健性检验后,上述结论依然成立。这意味着,""均等化""政策带来了明显的招生名额优化配置效应。根据本文的发现,中国的高等院校""均等化""是保障未来教育质量提升和教育机会公平的一个重要举措。"
2021,“以税增信”是否有助于小微企业贷款?——来自“银税互动”政策的证据,杨龙见;吴斌珍;李世刚;彭凡嘉,银税互动;小微企业贷款;纳税信用;融资成本;信用贷款,经济研究,0,"小微企业融资难融资贵是世界性难题,中国尝试将企业""纳税信用""转化为""融资信用"",以数据互联共享和税务信用贷款为基础来缓解这一难题,实施推广了""银税互动""政策。本文基于2015—2017年浙江省的小微企业月度动态调查数据库,考察了银税互动政策对小微企业融资的影响。研究发现,该政策显著提高了小微企业平均的银行贷款可得性与贷款额度,贷款成本的下降在开展初期并不显著,在后期有所显现。享受这一政策红利的主体是小型企业,微型企业平均而言没有明显受益,但其内部的信贷分配有显著变化;银税互动信贷配给更偏向政策前无贷款、流动资金不足的企业;纳税信用评级为A、纳税额高的企业更容易受益。此外,银税互动的效果随银行密度和银企距离显著变化,意味着银税互动政策的效果与降低信息不对称和交易成本有关。政策效果还会随当地经济发展而变化。这些发现为""以税增信""这一新思路以及政策实践的可行性提供了事实依据和完善方向。"
2021,中国影子银行的成因、结构及系统性风险,周上尧;王胜,影子银行;系统性金融风险;银行挤兑,经济研究,0,"2008年金融危机爆发之前,美国经历了一段影子银行迅速发展的时期,而中国影子银行的融资规模在近十年内也增长了接近十倍,这是否暗示着中国影子银行发展背后可能隐藏着足以引致危机的系统性金融风险?为理解与测算上述风险,本文构建了可以刻画中国影子银行结构与挤兑危机事件的DSGE模型。基于估计后的理论模型,本文运用冲击历史方差分解方法考察了影子银行发展的主要驱动因素,同时结合非线性的银行危机模拟方法测算了系统性金融风险水平,以及检验影子银行监管政策的风险防控效果。研究结果表明:银行部门间的金融创新冲击是导致影子银行迅猛发展与系统性金融风险积聚的根本原因;在上述冲击驱动下,中国从2007年开始出现系统性金融风险,并于2011年与2013年到达峰值,分别对应了两次""钱荒""事件。随着2014年影子银行监管的不断加强,系统性金融风险迅速下降,并在2017年降至较低水平。本文反事实的政策模拟分析进一步验证了影子银行监管在风险管控方面的效力,但监管政策的实施会导致资源错配、降低长期产出水平。本文基于实际数据的反事实测算结果显示,在上述历史峰值时点,监管政策每降低10%的系统性金融风险将导致长期产出减少0.18%左右。"
2021,平台市场的最优分层设计,王勇;吕毅韬;唐天泽;谢丹夏,平台;双边市场;市场设计;用户异质性;平台分层,经济研究,0,"因假定同边用户是同质的,现有双边市场文献无法解释现实中广泛存在的平台市场分层运行的现象。本文通过引入同边用户的异质性假定,把Roth提出的市场设计三个关键要素(市场稠密性、拥堵性和安全性)引入Tirole所开创的双边市场理论,为分层运行提供了合理的经济解释。具体地,本文刻画了一个包含同边异质性的平台用户效用函数,并以此为基础构建了平台企业分层设计的决策模型,得出了平台企业的最优分层设计。本文发现,平台市场的最优分层设计与市场拥堵性、安全性成正相关,与市场稠密性成负相关,并且平台利润最大化时的分层数要小于社会最优时的分层数。相应的政策建议是,针对拥堵性和安全性相对重要的双边市场,监管者应当要求平台企业增加分层数目、优化平台市场的分层设计。"
2021,技术差距与中国工业技术进步方向的变迁,郑江淮;荆晶,偏向性技术进步;技术差距;门限效应;技术扩散;替代弹性,经济研究,0,"本文通过对中国工业行业1998—2016年技术进步的方向进行测度,发现2011年以前中国工业行业技术进步相对提高了资本的技术效率以及边际产出,而在2011年以后技术进步由资本偏向转变为劳动偏向,这也是导致中国劳动收入份额U型演变的关键因素之一。理论研究表明:与发达国家间技术差距的缩小是导致中国工业行业技术进步方向发生改变的重要因素。当与发达国家间技术差距较大时,中国工业行业技术进步以引进吸收国外先进技术为主,更加偏向资本。随着技术差距的缩小,中国逐步走向自主创新道路,技术进步会更偏向相对发达国家而言更为丰裕的劳动要素。基于省级面板数据的实证研究也表明,当技术差距较大时,经济开放程度是决定工业行业技术进步方向的关键因素,会通过促进资本增强型技术并抑制劳动增强型技术的方式,使技术进步偏向资本。而当技术差距缩小后,研发投入成为技术进步的主要来源,并且会使技术进步偏向劳动。因此,为进一步提高工业行业劳动收入份额,需要更加鼓励自主创新,注重引进人才和提高劳动者技能,促进劳动偏向性和技能偏向性技术进步。"
2021,语言将来时态标记特征与公司股利政策——基于投资者语言认知效应的跨国研究,潘越;林淑萍;张鹏东;戴亦一,语言特征;将来时态;认知效应;股利支付,经济研究,0,"近年来,学术界开始关注语言影响个体决策的认知效应。本文研究语法结构中的将来时态标记(FTR)是否影响股东对未来收益时间的感知,进而影响公司的股利政策。研究发现:首先,在不强制要求区分现在和将来时态(弱FTR)的语言环境中,公司的现金股利支付率较低。其次,控制长期价值导向这一文化维度并未改变本文结论,而较高的股东受教育水平和机构持股比例通过提升股东整体理性程度、缓解时间信息的认知差异,削弱了FTR与股利支付的关系,说明FTR可以通过认知机制影响决策。再者,通过研究在美国发行ADRs的其他国家(地区)样本表明,使用强FTR语言的股东比例上升会使企业提高股利支付率。最后,当企业的研发支出和无形资产越多、代理问题越严重,使得企业收益不确定性更高时,使用弱FTR语言的股东会增加对股利的诉求。本文结论在控制其他语言特征与交互固定效应、选取公元前1500年的粮食产量作为工具变量和以1997年香港回归事件构建DID模型等内生性检验下仍然成立。本文实证检验了语言的认知效应,为单一制度背景下语言经济学的研究提供了新思路。"
2021,宏观调控、地方政府与中国经济发展模式转型:土地供给的视角,赵扶扬;陈斌开;刘守英,宏观调控;地方政府;经济发展模式;外部冲击;土地供给,经济研究,0,"2008年金融危机后,中国经济发展模式发生了显著变化,在外需萎缩和工业增加值减速的背景下,宏观经济从高速增长向中高速增长转变,而基建投资加速、房地产价格高企、地方政府债务攀升等现象相伴而生。本文构建了一个包含宏观调控、地方政府、土地市场和地方政府债务的动态一般均衡模型,研究金融危机等外部冲击影响中国经济发展的内在逻辑机制,强调中国特色的宏观调控和地方政府行为的关键性作用。研究发现:地方政府行为转变是金融危机影响我国宏观经济的重要渠道,外部冲击导致以""招商引资""为基础的""土地财政""模式难以持续,地方政府逐步转向以""基建投资""为依托的""土地金融""模式,其代价是房价高企和地方政府债务快速攀升。增加建设用地指标、放松地方政府举债约束和刺激房地产市场等宏观调控政策,在稳定经济增长的同时放大了地方政府行为对宏观经济的影响。本文在统一的理论框架下解释了金融危机后基建投资加速、房地产价格高企、地方政府债务攀升和经济增长率温和下滑等一系列宏观重大现象,为理解金融危机前后中国经济发展模式转型提供了理论基础。构建""双循环""新发展格局是应对国际形势不确定性的重大战略举措,完善宏观调控体系和地方政府激励机制是妥善化解地方政府债务风险、稳定房地产市场、促进经济高质量发展的重要保障。"
2021,增长模式变迁与中国绿色经济增长源泉——基于异质性生产函数的多部门核算框架,宋马林;刘贯春,增长模式变迁;绿色经济增长;异质性增长路径;有限混合模型,经济研究,0,"本文将人力资本和能源要素纳入生产函数,利用多部门核算框架将经济增长分解为部门绿色生产率提升、部门间要素配置效率改善和要素禀赋积累,并依据地区真实产值条件分布的相似性引入异质性增长路径,从而重新估计了中国绿色经济增长源泉。基于2001—2015年省级三次产业数据的测算结果表明:第一,产业内部存在差异化的生产函数,拒绝所有省份遵从相同增长路径的传统假定,而且增长路径随时间推移发生了模式变迁;第二,中国绿色经济增长的主导驱动因素是要素禀赋积累,其次是部门间要素配置效率改善,两者增速下滑是导致2011年后中国经济进入""新常态""阶段的根本原因;第三,忽略增长路径异质性会低估要素禀赋积累的贡献率,并高估部门间要素配置效率的贡献率。本文结论表明,提升资本投资效率和克服要素市场扭曲是维持中国绿色经济持续增长的关键,进而对于扎实做好""碳达峰、碳中和""工作有着重要的政策启示。"
2021,不利冲击下经济增长恢复的经验——基于中国经济目标管理实践,李书娟;陈邱惠;徐现祥,不利冲击;目标对冲效应;经济增长,经济研究,0,"中国经济遭遇不利冲击后总能够较快恢复增长。本文尝试基于目标对冲效应给出一个可能的解释:中国施行目标导向的宏观经济管理,当遭遇不利冲击时,经济向下偏离当年增长目标,政府迅速实施目标导向政策,对冲不利冲击的负面影响,从而经济较快恢复增长。本文贡献了一个识别目标对冲效应的方法,采用洪水这一准自然实验,实证分析发现:在2001—2016年间洪水对当年经济的负面冲击约为1.07个百分点,目标对冲效应约为1.11个百分点,对冲了洪水冲击的负面影响,经济快速恢复增长。本文还发现,遭受洪水的城市当年增加财政支出约1个百分点、减免税负规模约15个百分点、提高信贷规模约5个百分点。这些发现是稳健的,揭示了目标对冲效应在经济平稳增长中的关键作用。"
2021,新发展格局中的收入分配政策优化方向与路径——第四届中国居民收入与财富分配论坛综述,杨灿明;孙群力;鲁元平,,经济研究,0,"<正>2021年4月25日,第四届中国居民收入与财富分配论坛在中南财经政法大学隆重召开。本届论坛由经济研究杂志社、教育部与科技部""收入分配与现代财政学科创新引智基地""以及中南财经政法大学财政税务学院联合主办。来自北京大学、清华大学、浙江大学、复旦大学、中国人民大学、武汉大学、华中科技大学、山东大学、吉林大学、中央财经大学、中南财经政法大学等高校与科研机构的100多名专家学者出席了本届论坛。本届论坛致力于为推进中国居民收入与财富分配相关研究开拓新视野、提供新方法、贡献新观点。"
2021,新时代中国特色社会主义经济学研究的新进展——第二十届中国青年经济学者论坛综述,彭玉磊;朱传奇;刘乐淋,,经济研究,0,"<正>尽管受到新冠疫情的影响,第二十届中国青年经济学者论坛仍然于2020年12月19—20日在中山大学隆重举行。本届论坛由中国社会科学院经济研究所经济研究杂志社、北京大学光华管理学院、武汉大学经济与管理学院和中山大学岭南(大学)学院主办,论坛主题是""新时代、新起点、新希望""。本届论坛共收到来自国内外青年经济学者的投稿论文430篇,其中英文论文48篇。经过两轮评审,119篇中文论文、9篇英文论文入选了本届论坛。来自国内数十所高校和科研机构的近200位经济学者齐聚一堂,就新时代如何发展和繁荣中国特色社会主义经济学理论以及当前国内外经济中的重大理论和现实问题进行了广泛的讨论和深入的交流。"
2021,家庭住房需求和资产配置——基于包含人力资本和禀赋异质性的生命周期模型,张吉鹏;葛鑫;毛盛志,住房需求;家庭资产配置;生命周期模型;人力资本与禀赋异质性,经济研究,0,"识别和区分家庭住房需求和资产配置受生命周期、代际和时间的不同影响,对于准确把握房地产和金融资产需求的长期趋势,推进相关市场的长效机制建设有重要意义。数据显示:房产在家庭资产配置中起主导作用,房产拥有率高、占比大,而其它金融资产比例较低;首套房购买者有明显的年轻化趋势,住房拥有率在40岁前后达到高点;房价对不同代际和户籍身份的家庭有不同影响,年轻人和新移民的购房支出高、房贷压力大。基于上述事实,本文构建了包含人力资本和禀赋异质性的分析住房需求决策的生命周期模型,研究发现:更好的人力资本和初始禀赋对住房拥有和房产配置均有正向影响,但是存在一定的替代作用;教育年限增加了收入,但是推迟了就业和婚育,导致首次购房年龄延迟;在房价快速上涨的背景下,禀赋提升会增加房产持有,挤出金融资产配置。"
2021,举国体制与重大突破——以特殊机构执行和完成重大任务的历史经验及启示,路风;何鹏宇,举国体制;重大任务;中央专委;特殊机构;重大突破,管理世界,0,"为在核心技术等方面取得重大突破,中国政治领导层提出实施""新型举国体制""的设想。但一些人把计划体制等同于""旧的举国体制"",仅仅揣测""新型""的含义。本文回顾被公认为举国体制范例的""两弹一艇一星""项目,证明使其成功的关键因素是中央专委,它得到最高领导层的授权并对项目的执行及其结果负责。类似的特殊机构也出现于美国,本文考察了美国在第二次世界大战期间成立的战时生产局和曼哈顿计划,以及至今还在活跃的DARPA。以中美两国的历史经验为证据,本文证明举国体制是一种任务体制,无关计划体制或市场经济体制,其特征是以特殊机构执行和完成重大任务。本文为理解""新型举国体制""的本质提供了一个基础,而""新型""将由新的实践所定义。"
2021,嘉兴学院商学院诚聘英才,,,管理世界,0,"<正>嘉兴学院坐落于历史悠久,经济发达的历史文化名城嘉兴,地处东南沿海、长三角中心腹地,东接上海、北邻苏州、西连杭州、南濒杭州湾,区位优势独特,产业发达、经济繁荣,是中国革命红船的起航地、江南文化发源地、世界互联网大会永久会址地、浙江省全面接轨上海示范区。嘉兴经济发达,2020年GDP总量排名全国城市50强的第41位。嘉兴学院是浙江省省属高校,全日制在校生15600余人,教职工1700余人,全职院士3人,柔性聘用院士6人。嘉兴学院由原浙江经济高等专科学校和嘉兴高等专科学校合并组建的普通本科高校,先后隶属于国家重工业部、冶金部、中国有色金属工业总公司,被誉为中国有色行业经济管理人才的""摇篮""。"
2021,企业数字化转型与资本市场表现——来自股票流动性的经验证据,吴非;胡慧芷;林慧妍;任晓怡,企业数字化转型;股票流动性;资本市场;文本识别;数字金融;金融科技,管理世界,0,"数字化转型赋予了企业新的发展动能,这能否进一步改善企业在资本市场中的表现?本文基于中国上市企业2007～2018年数据,借助爬虫技术归集企业年报中的""数字化转型""关键词,创新性地刻画出企业数字化转型强度,实证检验企业数字化转型对股票流动性的影响及其渠道机制。研究发现,企业数字化转型显著提升了股票流动性,并呈现出一定结构异质性特征,上述结论在经过一系列稳健性检验后依旧成立。渠道机制表明,企业数字化转型程度的提高,一是能改善信息不对称并强化市场的正面预期,二是促进企业研发投入与创新产出绩效提升,三是提升企业价值和财务稳定性,这些都有助于提升企业股票流动性水平。本文还发现,企业数字化转型效力的发挥需要外部基础条件的支撑。在金融科技、数字金融发展较好情况下,企业数字化转型对股票流动性的提升作用更为明显。本文可为理解资本市场中微观主体流动性提供线索,并为更好地驱动企业数字化转型提供相关启示。"
2021,关税与汇率变化对福利水平的影响——基于理论与量化分析的研究,樊海潮;张丽娜;丁关祖;彭方平,贸易不平衡;汇率对冲;福利效应;量化分析,管理世界,0,"本文在Eaton和Kortum(2002)及Melitz(2003)模型的基础上融入汇率因素,探讨了关税及汇率的双重变化对一国福利水平的影响,并就其可能的影响机制进行了探析。特别地,2018年以来中美两国关税和汇率水平的大幅变动,为本文的分析提供了良好的研究实例。文章量化分析结果表明,中美两国互相加征关税会恶化两国的总体福利水平,而人民币贬值不仅可以对冲此次关税变动对中国福利水平的负面影响,同时也有助于改善美国的整体福利水平。影响机制的相关分析显示:贸易顺差国货币贬值,对本国及贸易伙伴国的总体福利水平均具有正面效果;但当第三国也对贸易伙伴国汇率贬值时,则会削弱(甚至抵消)本国货币贬值的正面效应。"
2021,数字金融发展与家庭金融资产组合有效性,吴雨;李晓;李洁;周利,数字金融发展;金融资产组合有效性;投资组合多样性;极端风险投资,管理世界,0,"近年来,我国数字金融的迅速发展对社会经济产生了巨大的影响,同样对家庭多方面的行为也产生了深刻影响。本文利用中国家庭金融调查2013年、2015年、2017年和2019年4轮调查数据,探讨了数字金融发展对我国家庭金融资产组合有效性的影响。研究发现,数字金融发展显著提高了家庭金融资产组合有效性。机制分析表明,数字金融发展主要通过增加投资便利性、促进金融信息获取和提升风险承担水平等路径提升了家庭金融资产组合有效性。进一步研究发现,数字金融发展还提高了家庭金融资产投资组合多样性并降低了家庭极端风险投资的可能性,这同样验证了数字金融发展对我国家庭金融资产配置的优化作用。异质性分析结果显示,数字金融发展对家庭金融资产组合有效性的提升作用在发达地区、优势家庭中更为明显,这体现了破除落后地区及弱势群体""数字鸿沟""的紧迫性。相关部门应进一步提升落后地区、弱势群体对数字金融产品和服务的使用,从而更好地优化家庭金融资产投资组合、促进家庭财富增长。"
2021,税收征管、企业避税与劳动收入份额——来自所得税征管范围改革的证据,杜鹏程;王姝勋;徐舒,税收征管;企业避税;实际税率;劳动收入份额,管理世界,0,"维持劳动收入份额的稳定以实现发展成果由人民共享,是当前我国深化收入分配改革的内在要求和面临的重大挑战。本文基于2002年企业所得税征管范围改革这一""准自然实验"",利用断点回归分析方法,从理论逻辑和经验证据两个方面考察了税收征管对劳动收入份额的影响及其作用机制。研究发现,所得税征管范围改革提高了企业劳动收入份额3.4%～4.7%,且该影响在低税收征收强度地区的企业、高融资约束企业和竞争型企业中更为明显。机制分析的结果表明,税收征管强度提升引致的企业避税程度降低和劳动密集度增加是其提高劳动收入份额的重要途径。本文的研究结论不仅为理解我国劳动收入份额的变动机理提供了新的微观解释,同时也为完善税收征管体制建设以深化收入分配制度改革提供了决策参考。"
2021,改革开放以来国有企业混合所有制改革：历程、成效与展望,何瑛;杨琳,“十四五”时期;混合所有制改革;高质量发展;分类分层改革;竞争中性,管理世界,0,"改革开放以来,国有企业混合所有制改革作为我国经济体制改革的重要组成部分,沿袭""探索酝酿—成长跨越—调整完善—深化加速""的演进脉络,经历""形式""混合、""资本""混合、""产权""混合阶段后进入""机制""混合阶段,整体取得了积极进步与显著成效,但囿于体制约束、机制障碍、结构欠佳、模式传统、文化差异与环境制约等现实问题,仍存在诸多深层次矛盾与不足。""十四五""时期我国开启全面建设社会主义现代化国家新征程,将在宏观经济、中观产业和微观企业3个层面转入高质量发展阶段,并通过环境驱动、宏观引领、产业优化、企业发展、外生冲击赋能国有企业混合所有制改革。立足高质量发展新阶段,国有企业混合所有制改革应在总结成就和发现问题的基础上重塑目标体系,提出""十四五""时期推进和深化国有企业混合所有制改革的发展路径。"
2021,中国高新区“以升促建”政策对企业创新的激励效应,张杰;毕钰;金岳,国家级高新技术产业开发区;“以升促建”政策;激励效应;本土企业创新水平;扭曲效应;溢出效应,管理世界,0,"国家高新区作为最具中国特色的促进产业结构转型升级和自主创新能力提升的重要制度设计,具有重大研究价值。而判断中国国家高新区制度是否有效的关键依据,就在于科学验证国家高新区政策能否有效促进微观企业自主创新能力的提升。基于2009年""加快审批省级高新技术产业开发区升级为国家级高新技术产业开发区""政策出台的准自然实验条件,本文实证检验了中国各城市地区的国家高新区""以升促建""政策对企业创新水平的影响效应。稳健性的经验发现,高新区升级政策对城市层面企业创新水平产生了显著的促进效应,而这种促进效应主要体现在本土企业方面以及东部地区企业方面。从高新区的政府创新扶持政策角度来看,其在一定程度上对高新区内本土企业的创新活动造成了扭曲效应,削弱了高新区升级政策对中国本土企业创新水平的正向激励作用。从高新区的溢出效应角度来看,其在一定程度上对高新区外的本土企业创新活动产生了正向促进效应。本文的一系列经验发现,对中国特色的高新区制度及其政策体系调整和改革方向,具有重要的决策参考价值。"
2021,领导—下属关系图式一致性、信任与行为绩效——基于中国情境的实证研究,王雁飞;郑立勋;郭子生;朱瑜,关系图式一致性;认知信任;情感信任;任务绩效;创新行为,管理世界,0,"在当今竞争全球化和共享经济不断推进的时代背景下,组织日益扁平化、远程工作也愈发普及,信任在组织管理中扮演的角色越来越重要。组织中如何促进成员之间的人际信任,尤其是提升组织成员对领导的信任水平成为我国企业管理者关注的重要问题。基于社会交换理论,本研究探讨了下属对领导的认知信任和情感信任在领导—下属关系图式一致性与下属行为绩效关系中的中介作用。通过对220名员工及其直接领导的三阶段追踪、多来源问卷调查数据建立的多层次多路径模型分析结果发现:(1)领导—下属的关系图式越一致(即差距越小),下属对领导的认知和情感信任水平就越高;(2)在一致情况下,与""低—低""一致相比,领导—下属情感性关系图式在""高—高""一致时,下属对领导的认知和情感信任水平更高;(3)在一致情况下,与""高—高""一致相比,领导—下属工具性关系图式在""低—低""一致时,下属对领导的认知和情感信任水平更高;(4)在不一致情况下,与""高—低""相比,下属对领导的认知和情感信任在情感性关系图式""领导低—下属高""时更高;(5)领导—下属关系图式一致性通过下属对领导的认知信任影响任务绩效并通过情感信任影响创新行为。理论上,本研究厘清了上下级关系图式一致性对下属不同类型信任的影响机制,揭示了上下级关系图式一致性通过下属对领导的不同类型信任对下属行为绩效的差异化影响效应及作用路径,进一步丰富了人际信任的理论研究并推动了国内外领导行为研究范式的多元化。实践上,本研究有助于指导企业通过下属对领导信任的提升促进员工任务绩效和创新行为。"
2021,新组织情境下创新战略理论新趋势和新问题,魏江;刘嘉玲;刘洋,新组织;数字化;创新战略;战略管理,管理世界,0,"数字经济时代,双边与多边平台、在线社区、生态系统等为代表的新组织不断涌现,并引致很多主流创新战略理论核心观点或假设的颠覆。在梳理创新战略理论发展脉络、讨论新组织战略实践为新理论涌现创造的机会、以及界定新组织情境下创新战略管理研究内涵的基础上,本文首先识别出了新组织的基础模块微粒化、组织架构平台化、组织关系网络化和组织情境生态化等四大特征。结合这四大特征,本文针对创新环境、创新来源、创新资源、创新过程和创新治理等5个创新战略管理主要议题的核心理论在新组织情境下的适用性和可扩展性展开了讨论,并给出了每个议题的未来研究重点和关键科学问题,以期为发展和重构创新战略理论逻辑提供借鉴,并为理解和指导新组织情境下创新战略管理实践带来启示。"
2021,公司创业投资：文献述评与研究展望,加里·杜什尼茨基;余雷;路江涌,公司创业投资;创新生态;中国情境;文献述评,管理世界,0,"创业企业的创新与成长离不开财务资本和实物资源的双重支持,公司创业投资已经成为创业企业创新生态中不可或缺的一部分。伴随着公司创投活动的日益活跃,学术界从不同视角对这一现象展开了研究。本文试图对1980～2019年间国内外顶尖期刊发表的98篇公司创投文献进行分析,提出一个整合的概念框架。本文首先对公司创投的概念要素和核心研究问题进行梳理,接着从以下5个方面进行述评:(1)公司创投的驱动因素;(2)公司创投对母公司的战略效应;(3)公司创投单元的组织管理;(4)创业企业对公司创投的融资选择;(5)公司创投对创业企业的战略影响。最后,本文结合中国情境特征提出公司创投领域的研究展望。"
2021,华南农业大学农林经济管理学科简介,,,管理世界,0,"<正>一、学科概况华南农业大学农林经济管理学科历史悠久,积淀深厚。最早源于1910年广东农业教员讲习所开设""农业理财学课程"",1984年获批硕士学位授权点,1993年获批农业经济管理博士学位授权点,2003年获批农林经济管理一级学科博士学位授权点。本学科在温思美、罗必良等杰出学者的带领下不断发展壮大,现拥有专任教授54人,其中国家级人才2人、省级人才7人。农林经济管理学科2001年和2007年相继被遴选为国家重点学科。农林经济管理专业2019年入选国家级一流本科专业建设点。"
2021,中国共产党百年土地制度变迁的“历史逻辑、理论逻辑和实践逻辑”,严金明;郭栋林;夏方舟,土地制度变迁;历史逻辑;理论逻辑;实践逻辑,管理世界,0,"土地制度是国家的基础性制度,党的土地制度百年变迁体现了中国特色社会主义的精神实质、基本原则和科学内涵。基于历史逻辑、理论逻辑和实践逻辑""三个逻辑相统一""的分析框架,本文梳理总结了百年来党的土地制度在不同历史时期""以革命为主线""""以公平为目标""""以效率为优先""""以全面深化改革为战略""的历史逻辑,分析了百年土地制度变迁的理论源泉——马克思主义,探讨了直接指导中国土地制度变迁的基本理论""毛泽东思想""""邓小平理论""和""习近平新时代中国特色社会主义思想"",从而以史为鉴、以理为纲,探讨提出了""坚持社会主义公有制""""以人民为中心""""推进土地要素市场化改革""""推进国土空间治理体系和治理能力现代化""的实践逻辑,为未来土地制度全面深化改革提供参考。"
2021,我国就业扶贫的现实基础、理论逻辑与实践经验,平卫英;罗良清;张波,就业扶贫;精准扶贫;历史演进;理论逻辑;经验成果,管理世界,0,"中华人民共和国成立以来,我国减贫事业取得巨大成就,完成了消除绝对贫困的艰巨任务。就业扶贫作为最直接最有效并能激活贫困人口内生动力的脱贫方式,在我国减贫实践中发挥了重要作用。站在""两个一百年""奋斗目标的历史交汇点,梳理中华人民共和国成立以来我国就业扶贫实践历程,具有重要的历史意义和现实意义。本文从历史演进视角出发,将中华人民共和国成立以来我国就业扶贫实践历程划分为""统包统配""""就地转移""""东西部劳务协作""""精准对接、稳定就业""4个阶段,并进一步分析就业扶贫政策创新完善所基于的现实基础和背后的理论逻辑。最后,梳理总结我国就业扶贫政策体系形成以及实施过程中的实践经验。本文的研究为乡村振兴阶段就业帮扶战略调整及其他国家和地区探索适合的就业减贫之路提供了有益参考。"
2021,城市如何吸引高技能人才?——基于教育制度改革的视角,王春超;叶蓓,高技能人才;人才流动;劳动力技能结构;十二年免费教育制度;政策改革,经济研究,0,"本文探索中国各城市吸引高技能人才的有效制度安排。本文的理论分析认为,人口流入城市的行为以家庭为基本决策单元,同时取决于货币化经济收益和非货币化城市公共服务水平,父母对城市公共教育扩张和子女接受公共教育机会的考虑是流动人口,尤其是高技能人口迁入城市的关键决定因素。研究发现,十二年免费教育政策对各地区人才具有显著的吸引作用,也有助于改善政策实施地的劳动力技能结构。同时,城市教育政策改革对人口迁移决策的影响效应随人群受益程度的不同而有显著差异:随迁子女、学龄随迁子女数量越多,效应越强;因学龄随迁子女年龄差异而导致的当下、预期未来获益程度越强,效应越强。本项研究可为各地区制定吸引人才的有效政策提供参考。"
2021,财政分权、地方政府行为与企业杠杆率分化,谭小芬;张文婧,财政分权;杠杆率;地方政府行为;挤出效应;财政金融化,经济研究,0,"基于1998—2013年中国规模以上工业企业数据,本文考察了财政分权对企业杠杆率的异质性影响。结果发现,地方财政分权程度越高,平均而言当地企业杠杆率水平越低。财政分权对国有企业杠杆率的影响表现为挤入效应,而对非国有企业则表现为挤出效应。背后的机制在于,财政分权下地方政府通过直接或间接影响当地金融机构和企业部门的资源配置,改变了企业的外部融资环境,造成国企和民企在融资能力上的差异。企业与地方政府政治联系越密切或者信贷约束程度越低,财政分权对其杠杆率的挤出效应就会越小。本文认为,企业杠杆率的结构性失衡是财政风险金融化的微观表现,应以结构性去杠杆为基本思路,针对不同部门分类施策,同时规范中央与地方财税关系、深化金融体系改革、加强金融统一监管、强化地方政府激励约束机制和完善企业治理结构,为稳定宏观杠杆率、防范化解金融风险、促进财政政策与货币政策协调提供制度保障。"
2021,社会保险缴费基数改革的经济效应,杜鹏程;徐舒;张冰,社保负担;缴费基数下限;减税降费,经济研究,0,"本文基于2019年中国企业社保缴费基数核定方案改革的背景,考察了社保缴费基数下限负担对企业生产要素投入和产出水平的影响。研究发现,社保缴费基数下限负担每降低10%,企业的劳动需求将增加1.29%、资本投入将增加1.45%,同时产出水平将提高4.51%,且这一促进效应在低劳动技能型企业、劳动密集型企业和参保率较高地区上更为明显。此外,针对本次社保缴费基数核定制度改革的简单推断表明,降低社保缴费基数下限负担更有助于进一步释放西部和东南部沿海地区的制造业劳动力需求和提升制造业企业的产出水平。本文基于估计结果推断了企业社保缴费基数下降的经济效应,所得结论对""减税降费""激发市场活力、引导生产资源的优化配置和支持实体经济高质量发展具有重要的理论参考价值和政策借鉴意义。"
2021,税收优惠、租金分享与公司内部收入不平等,张克中;何凡;黄永颖;崔小勇,税收优惠;公司内部收入不平等;租金分享;固定资产加速折旧,经济研究,0,"本文利用2014年固定资产加速折旧政策对公司税负的冲击,采用双重差分法考察了公司税收优惠对其内部收入不平等的影响及其机制。研究结果显示:公司税收优惠显著增加了管理层平均工资,但普通员工平均工资未显著增加,从而扩大了公司内部收入不平等。机制检验发现,加速折旧政策带来的税收优惠通过促进企业资本投资显著提高了企业生产率和经营业绩,从而增加了员工能够与企业分享的租金,但与普通员工相比,管理层的租金分享程度更高。异质性分析结果显示,税收优惠对资产结构偏长期、规模较小和民营公司的内部收入不平等影响更大,但员工议价能力能够有效抑制税收优惠对公司内部收入不平等的影响。本文研究结论为我国利用公司税调节收入分配,促进社会公平提供了新的启发。"
2021,行业间要素错配、对外贸易与中国实际GDP变动,杨曦;徐扬,行业间要素错配;国际贸易;实际GDP;效应估算;量化贸易模型,经济研究,0,"本文在开放经济视角下考察国内行业间要素错配与国际贸易成本变动对中国经济的影响。理论机制分析表明,生产要素错配通过贸易比例、产值结构和要素价格渠道作用于实际GDP变动。结合2000—2014年跨国跨行业要素报酬与产品贸易数据,本文估算结果显示:(1)中国的行业间劳动力错配状况有所改善。对应于这一改善,中国实际GDP年均增长率提高0.47%。若2014年劳动力错配参数降至高收入国家的均值水平,则中国实际GDP年均增速将提高0.81%。(2)行业间要素配置效率提升与贸易自由化对实际GDP的影响存在互补效应。若同时考虑上述期间劳动力错配状况改善和贸易成本下降的影响,则中国实际GDP年均增速将提高1.07%。(3)行业间要素配置效率提升有助于减弱国际贸易不利冲击的负面影响。以中美贸易摩擦为例,虽然上述冲击使得中国实际GDP下降0.37%—0.60%,但是通过改善行业间劳动力错配状况,中国实际GDP仍将增加1.25%—3.50%。(4)跨国分工和行业间价值链机制放大了贸易自由化与劳动力配置效率提升对实际GDP的促进作用,而资本等生产要素的错配则会抑制二者对实际GDP的促进作用。本文基于跨国数据的对比分析和效应估算揭示了要素市场化配置改革对提高中国经济增长潜力的重要意义,并在外贸不利背景下为政府实现高质量发展提供了研究参考。"
2021,跨境电商与中国出口新增长——基于信息成本和规模经济的双重视角,马述忠;房超,跨境电商;出口增长;二元边际;信息成本;规模经济,经济研究,0,"跨境电商作为一种贸易新业态,正广泛而深刻地影响全球贸易格局,中国跨境电商产业的发展在世界范围内处于领先地位。本文使用双重差分法定量分析中国跨境电商产业政策对出口的总体性和结构性影响,并探讨其中的作用机制。研究表明,2012年后各项跨境电商产业政策的实施使得中国相关类别出口增长约4%—9%。通过对贸易流的结构性分解,发现跨境电商产业政策能够促进出口沿着扩展边际和集约边际实现增长,对扩展边际的作用更加显著,对集约边际的作用略显滞后。进一步的作用机制分析发现,跨境电商的发展,一方面降低信息成本,促进出口在扩展边际上的增长;另一方面强化规模经济,促进出口在集约边际上的增长。本文为理解跨境电商对国际贸易的影响提供新的视角,为发展贸易新业态推动贸易强国建设提供经验证据支撑。"
2021,青年经济学者论文奖(2021)评选公告,,,经济研究,0,"<正>为了更全面、更具体、更及时地评价与奖励,在经济思想、理论、政策及研究方法等方面,在经济学各个学科领域,作出杰出原创性贡献的中国青年学者,促进中国经济理论研究和政策研究的繁荣与发展,同时体现""中国青年经济学者论坛"" 20周年以来的学术影响力、培养力、传播力,经中国青年经济学者论坛学术理事会全体成员单位集体讨论,经与嘉实基金协商,现共同决定,自2021年起,恢复评选""青年经济学者论文奖""。本奖项每年评选一次。同时,现有的""青年经济学家奖"",改为每两年评选一次。"
2021,中国共产党与中国特色社会主义政治经济学——庆祝中国共产党成立一百周年笔谈,谢伏瞻;马建堂;洪银兴;江小涓;逄锦聚;韩保江;姚树洁;简新华,,经济研究,0,"2021年是中国共产党成立一百周年,是""十四五""规划开局之年,是实现""第一个百年""奋斗目标、乘胜而上开启全面建设社会主义现代化国家新征程的元年。站在""两个一百年""奋斗目标的历史交汇点上,立足新发展阶段,贯彻新发展理念,中国需要更高质量的经济增长、更高水平的改革开放、更加可持续的经济发展。无论世界百年未有之大变局下外部环境如何荆棘丛生,也不能改变实现中华民族伟大复兴的共产党人初心。今天中国开启全面建设社会主义现代化国家新征程,在新阶段、新理念与新发展格局下,一系列重大理论和实践问题亟待深入研究。为了庆祝中国共产党成立一百周年,在回顾中国共产党团结带领全国人民进行艰苦卓绝、不懈奋斗光辉历程的基础上,对中国共产党百年历史进程中的精神财富进行挖掘和整理,系统总结中国共产党领导革命、建设、改革开放的历史经验,本刊特邀请我国经济学领域著名的专家学者撰写一组主题为""中国共产党与中国特色社会主义政治经济学""的庆祝中国共产党成立一百周年笔谈文章,以飨读者。"
2021,全国统一大市场建设、资源配置效率与中国经济增长,陈朴;林垚;刘凯,统一大市场;区域贸易;劳动力流动;经济增长,经济研究,0,"本文通过构建多部门和多区域动态一般均衡模型定量研究全国统一大市场建设在过去20年对中国经济增长的影响。模型能够刻画生产率、产品流动性摩擦、劳动力流动摩擦以及投资效率的动态变化特征。通过将模型应用于30个省级行政区域并进行校准,本文研究了中国从1997—2012年间的经济增长,发现生产率冲击和投资冲击是经济增长的重要推动力。此外,贸易壁垒冲击和劳动力流动成本冲击也对增长产生了积极的影响。相对国际贸易壁垒对经济的影响,省际间贸易壁垒冲击的影响更强。此外,劳动力流动成本冲击对产出增长的贡献伴随时间推移越来越重要。利用本文的模型,我们还在一般均衡视角下分析了广东省生产率提高所带来的区域传导效应以及北京和上海劳动力流入壁垒上升对中国经济的影响。通过数值模拟分析还发现,对劳动力市场和产品流通进行改革以构建更高层次的全国统一大市场,减少劳动力流动摩擦和产品流动摩擦,能够进一步激发中国经济增长的潜力。"
2021,异质性政策效应分析——一种新的因变量条件分位数回归方法及应用,张征宇;孙广亚;杨超;周亚虹,分位数回归;平均处理效应;异质性;房价;最低工资,经济研究,0,"传统分位数回归方法(QR)可以揭示解释变量对因变量的异质性边际影响,因而在实证研究中具有广泛的应用。但QR方法的缺点是估计结果的阐释依赖于不可观察扰动项的经济学含义。本文提出一种新的因变量条件分位数回归(outcome conditioned QR,简称OC-QR)方法,用于分析政策效应的异质性。OC-QR的优点是能够直接识别并估计因变量位于其无条件分布的某一分位点(区间)时,解释变量对因变量的平均边际影响。新方法不仅能够刻画关键解释变量对因变量的异质性影响,并且具有更清晰的经济学解释。本文研究了OC-QR的识别、估计与推断步骤,还进一步讨论了OC-QR与OLS、QR以及Firpo et al.(2009)提出的无条件分位数回归(UQR)之间的区别和联系。最后,运用该方法研究了房价上涨对家庭消费的异质性影响,以及最低工资标准提高对不同工资水平人群的作用。结果表明OC-QR方法能较好地捕捉政策效应的异质性。"
2021,新阶段·新理念·新格局迈向新征程的中国经济,,,经济研究,0,"<正>新中国成立70多年来,在中国共产党的坚强领导下,全国各族人民团结一心,迎难而上,开拓进取,奋力前行,从封闭落后迈向开放进步,从温饱不足迈向全面小康,从积贫积弱迈向繁荣富强,创造了一个又一个人类发展史上的伟大奇迹,中华民族迎来了从站起来、富起来到强起来的伟大飞跃,正阔步走在中华民族伟大复兴的新征程上。2021年是中国共产党成立100周年,是我国现代化建设进程中具有特殊重要性的一年,是""十四五""规划开局之年,是我国全面建成小康社会、实现第一个百年奋斗目标之后,乘势而上开启全面建设社会主义现代化国家新征程、向第二个百年奋斗目标进军的元年。"
2021,限购政策的空间溢出与土地资源配置效率,陈钊;申洋,限购;空间溢出;土地配置效率,经济研究,0,"本文考察了始于大城市的住房限购政策对于住房市场泡沫的空间转移以及住宅用地出让空间布局的影响。研究发现,限购政策导致部分非限购城市房地产市场泡沫程度相对上升,并且商业住宅用地出让在政策实施后也向非限购城市倾斜。由于非限购城市经济活跃程度并没有因此增加且并非城市化过程中主要的人口流入地,这就意味着限购政策的空间溢出不仅放大了泡沫转移可能造成的房地产市场风险,也加剧了土地资源的空间错配。本文研究为决策部门更好地落实总书记关于房子""不是用来炒的定位""提供了研究依据及未来政策优化的方向。"
2021,家庭隔代抚养文化、延迟退休年龄与劳动力供给,郭凯明;余靖雯;龚六堂,家庭隔代抚养;退休;劳动力供给;生育率,经济研究,0,"实施渐进式延迟法定退休年龄会如何改变新发展阶段中国劳动力供给的长期趋势?本文实证发现中国家庭隔代抚养提高了家庭生育率和女性劳动供给,这意味着延迟退休年龄可能通过家庭隔代抚养渠道影响劳动力供给。本文在内生人口和经济增长的动态一般均衡模型中引入了家庭隔代抚养文化,发现延迟退休年龄后,家庭隔代抚养程度和年轻人劳动供给下降。劳动力数量增长速度的变化方向取决于生育成本的家庭隔代抚养弹性。如果生育成本的家庭隔代抚养弹性较高,那么劳动力数量增长速度将降低,反之亦然。劳动力质量增长速度的变化方向取决于生育时间成本。延迟退休年龄提高了年轻人的生育时间成本,在生育数量和质量替代关系的作用下,劳动力质量增长速度将提高。本文创新之处是将研究前沿的统一增长理论与中国特色的家庭隔代抚养文化结合,突出了中国传统文化的经济影响,从新的视角拓展了内生人口和经济增长理论研究,对研判中国延迟退休年龄政策效应也有重要参考意义。"
2021,深入贯彻落实习近平总书记在哲学社会科学工作座谈会上的重要讲话精神加快构建中国特色管理学体系,王永贵;汪寿阳;吴照云;吴晓波;毛基业;戚聿东;张维;苏宗伟;朱旭峰;杨开峰;杨立华;席酉民;李新春;张玉利;徐向艺;刘志阳;闫妍;魏江;郜亮亮,,管理世界,0,"2016年5月17日,习近平总书记在哲学社会科学工作座谈会上发表了重要讲话。为深入贯彻落实习近平总书记的重要讲话精神,推动建设中国特色、中国风格、中国气派的管理学体系,2021年5月15日管理世界杂志社在北京举办""加快构建中国特色管理学体系""研讨会。管理世界杂志社社长李志军、总编辑尚增健主持研讨会。来自清华大学、北京大学、中国社会科学院、中国科学院大学、中国人民大学、浙江大学、复旦大学、南开大学、南京大学、山东大学、北京航空航天大学、上海财经大学、上海外国语大学、首都经济贸易大学、江西财经大学、华南农业大学、安徽大学、西交利物浦大学等高校、科研机构的25位专家参加研讨,大家踊跃发言、会场气氛热烈。来自全国高校和科研机构等单位的70多位代表参加了这次研讨会。管理世界杂志社社长李志军表示,管理世界杂志社积极响应习近平总书记2016年5月17日在哲学社会科学工作座谈会上的重要讲话精神,心怀""国之大者"",重视发挥期刊引领创新作用,愿意与广大管理学领域科研工作者共同努力,为加快构建中国特色管理学体系贡献力量。与会专家围绕推动建设中国特色、中国风格、中国气派管理学体系展开深入研讨与交流,高度评价管理世界杂志社近年来在展示管理学高水平研究成果、促进管理学科研新秀成长、推动构建中国特色管理学体系等方面发挥的引领作用。专家们纷纷表示,加快构建中国特色管理学体系是管理学科研工作者的时代使命,应坚守学者初心,准确把握新发展阶段,全面贯彻新发展理念,修炼好中国特色管理学的""内功"",以高质量学术成果服务高质量发展目标。弘扬不唯洋、不唯书、只唯实的学风文风,聚焦新时代、大场景、真问题,关注管理的时代化和中国化趋势,深入挖掘和提炼中国制度情境下的管理实践创新和理论故事,全面总结管理学理论在中国发展的现实道路,为新时代高质量发展提供有价值的本土管理学理论供给,推动构建中国管理学的国际话语权,为丰富世界管理学研究积极贡献中国理论与中国智慧。现将参会专家发言要点刊登如下,以飨读者。"
2021,监管型小股东行权的有效性研究：基于投服中心的经验证据,陈运森;袁薇;李哲,投服中心;监管型小股东;证券监管;投资者保护;溢出效应,管理世界,0,"上市公司监管和投资者保护一直是困扰中国资本市场的难题,而成立具有监管性质的中证中小投资者服务中心(后简称""投服中心"")则是具有创新性的监管尝试。通过持有上市公司100股股票,投服中心采用市场化手段为小股东发声,是独特的半公共—半私人实施机制。本文手工搜集投服中心参加股东大会的行权数据,对监管型小股东行权的影响因素、市场反应和监管效果进行了分析。结果发现:首先,投服中心选择行权标的时,倾向于选择曾受到监管机构处罚和问询、收到非标准审计意见、较少发放股利及大股东掏空动机较强的企业;其次,投服中心的行权事件具有信息含量,即被行权企业的市场反应更差,这一负向市场反应在中小股东行权积极的企业中更为明显,且会受到具体的行权提问特征及被行权公司特征的影响;投服中心行权还具有实际监管效果:上市公司在被行权后有更加负面的新闻报道,也更可能引发监管机构的处罚跟进;此外还发现投服中心行权的监管效果具有行业溢出效应。结论显示,作为中国特色的半公共—半私人实施机制创新,监管型小股东具有较好的监管效果,对近年来持续推进的""创新监管方式改革""及新《证券法》实施都具有重要启示。"
2021,绿色信贷政策增进绿色创新研究,王馨;王营,绿色金融;信贷政策;《绿色信贷指引》;绿色创新,管理世界,0,"绿色金融是促进绿色创新实现绿色发展的重要推动力。在构建绿色金融体系和市场导向的绿色技术创新体系的双重背景下,本文采用双重差分(DID)方法检验了《绿色信贷指引》实施前后、绿色信贷限制行业相对于非绿色信贷限制行业的绿色创新表现,以此分析绿色信贷政策对绿色创新的影响。研究发现,《绿色信贷指引》实施后,相对于非绿色信贷限制行业,绿色信贷限制行业的绿色创新表现更加活跃,但绿色创新质量提升不明显。这得益于绿色信贷政策的代理成本降低作用和投资效率提升作用。进一步研究发现,随着地区环境执法力度和知识产权保护力度的加强,绿色信贷政策增进绿色创新的作用增强。最后,绿色创新既能够显著提升环境和社会绩效,也能够显著提升财务绩效,但对后者的改善具有迟滞性。如何更好地实现绿色金融与绿色创新的有效结合推进生态文明建设是本文最直接的政策含义。"
2021,构建主权债务重组的“上海模式”,周诚君;洪灿辉;汪浩,主权债务重组;布雷迪计划;“上海模式”,管理世界,0,"我国已经成为全球最大的官方债权人,对外债权头寸仍在快速增长,主权债务违约不可避免将出现常态化、持续性多发状态,新冠疫情进一步加剧了这一问题。我国传统的以双边协商、直接减记为主的重组模式,弊端逐渐显现,优化升级对外债权违约处置机制十分迫切。当前,应充分总结国际主流的债务重组模式和经验,推动对外债权重组的透明度、规范化、多边化、证券化,支持鼓励人民币国际债券置换重组,持续完善债务可持续性分析框架,不断提高债务重组效率,有效降低重组损失。同时,抓住我国作为最大对外债权方以及资源充沛、组织动员能力强的优势,结合中国经济发展条件、高质量发展和双循环新发展格局要求,以及人民币国际化战略目标,创新体制机制,积极推动并逐步形成由我国主导的、具有中国特色的主权债务重组""上海模式""。上海可充分利用建设国际金融中心优势,给予大力支持,推动相关具体政策的落地实施。"
2021,双支柱下的货币政策与宏观审慎政策效应——基于银行风险承担的视角,马勇;姚驰,双支柱框架;货币政策;宏观审慎政策;银行风险承担,管理世界,0,"本文基于有限责任制下银行风险承担行为的理论模型,分析了双支柱框架下的货币政策和宏观审慎政策的调控效应。理论分析表明:货币政策的放松刺激了银行的风险偏好,导致银行部门总体风险水平的上升;相反,以资本约束和杠杆率监管为代表的宏观审慎政策能够有效抑制银行的过度风险承担。并且,货币政策与宏观审慎政策存在相互作用,一方面,宏观审慎监管能够部分抵消货币政策的银行风险承担渠道的影响;另一方面,货币政策的放松恶化了宏观审慎监管所面临的权衡。在此基础上,本文基于我国69家商业银行2009～2018年的面板数据,对理论模型的结论进行了检验。实证结果表明:首先,货币政策的银行风险承担渠道得到了经验数据的支持,并且这一影响存在显著的关于银行资本水平的门槛效应。其次,宽松货币政策下,银行资本水平的门槛值有所上升;而较为严格的宏观审慎监管则降低了门槛值。并且,宏观审慎监管不仅直接降低了银行风险,而且有效抑制了银行在宽松货币政策下的过度风险承担。最后,货币政策影响银行风险承担的门槛效应在不同性质的银行中存在差异,相比于国有和股份制商业银行,城市和农村商业银行的风险承担行为对货币政策更为敏感。"
2021,中国金融安全评估：2000～2019年——基于部门流动性资产负债表的分析框架,张金清;张剑宇;聂雨晴;孙大钊,金融安全评估;流动性资产负债表;系统性风险,管理世界,0,"经济主体流动性不足是近年来危及我国金融安全突发事件的重要表现。鉴此,本文提出基于部门(1)流动性资产负债表的金融安全评估框架,借鉴Merton-KMV模型构建了金融安全指标,并对我国金融安全的历史情况进行了评估。为检验金融安全指标的有效性,本文还考察了金融安全、系统性风险和经济增速的实证关系。研究发现:(1)国有企业流动性净资产为负且流动性缺口不断增大,存在较高的债务风险;非国有企业的金融安全状况呈现周期为3～4年的波动,2019年末处于周期顶部;金融机构在2011年流动性监管政策出台后,金融安全指标企稳并保持高位;居民的流动性资产在2008年和2015年两次""股灾""中大幅缩水,金融安全指标跌入谷底;由于政府隐性负债的快速增长,自2014年以来其成为影响政府金融安全的最大因素。(2)系统性风险对各部门金融安全指标的长期响应为负,同时,经济增速对金融机构部门金融安全指标的响应也为负。"
2021,非国有股东治理与国有企业的税收规避和纳税贡献——基于混合所有制改革的视角,马新啸;汤泰劼;郑国坚,国有企业;税收规避;纳税贡献;混合所有制改革;非国有股东治理,管理世界,0,"合理的税负对于激发微观市场主体活力和促进宏观经济健康发展至关重要,如何有效改善国有企业的税收行为成为新时代全面深化国企改革的关键环节,本文研究混合所有制改革背景下非国有股东治理对国有企业税收特征的影响作用。研究发现:在控制股权制衡的影响作用下,非国有股东参与国企高层治理可以缓解国企代理问题和改善经营管理效率,从而在提高国企税收规避程度的同时增加其纳税贡献,这种效果在2013年底党的十八届三中全会深入推进国有企业混合所有制改革之后更为明显,并且在地方控制和外部制度环境较好的国有企业中更加突出。本文结论表明混合所有制改革有助于实现国有企业与政府""双赢""的目标,不仅对企业税收决策和非国有股东治理的学术文献进行了有益拓展,而且对决策高层进一步全面深化国有企业改革提供了政策参考价值。"
2021,家庭债务、房地产价格渠道与中国经济波动,孟宪春;张屹山,家庭债务;房地产价格渠道;经济波动;金融摩擦,经济研究,0,"近几年中国出现了家庭债务持续增长和经济增速放缓的现象,如何处理家庭债务与宏观经济之间的关系成为当前宏观调控面临的重要问题。本文通过构建家庭对住房具有低风险厌恶偏好特征且多部门同时存在金融摩擦的动态随机一般均衡模型,探究了中国家庭债务对宏观经济的影响机制。研究发现:第一,在居民对住房低风险厌恶的偏好下,家庭债务扩张促进住房需求增加过程中住房的边际效用缓慢下降,导致家庭对住房需求保持强劲态势并带来房价上涨,房价上涨又通过住房抵押渠道促进家庭债务进一步扩张,使得家庭债务与房价之间形成闭环正反馈机制。第二,在房地产价格渠道的传导下,家庭债务扩张挤出居民消费、企业信贷供给和生产投资,引起宏观经济波动。第三,受信贷市场顺周期性的影响,居民部门贷款价值比越高,家庭债务和宏观经济之间的联动幅度越大,因此抑制家庭部门加杠杆能够平抑由家庭债务扩张引起的经济波动。"
2021,规制性壁垒、异质不确定性与企业过度投资,陈少凌;李广众;杨海生;梁伟娟,政策不确定性;过度投资;规制性壁垒;战略先行价值;供给侧改革,经济研究,0,"产业组织理论与博弈论研究表明,在存在策略性进入壁垒或市场性进入壁垒条件下,不确定性上升可能促使企业过度投资。在当前多重风险叠加、企业面临不确定性加强的背景下,本文重点考察存在规制性壁垒条件下,异质不确定性可能影响企业过度投资的内在机理。通过构建企业与政府的两阶段动态期权博弈模型,并以2002—2016年房地产上市企业为样本,本文从理论与实证两方面考察了受规制性壁垒约束时异质不确定性对企业投资决策的影响。研究结果表明:(1)存在规制性壁垒条件下,企业的过度投资与先行期权的战略价值密不可分;(2)市场不确定性和政策时机不确定性均可能导致企业的过度投资,政策强度不确定性则会抑制企业的过度投资;(3)在规制性壁垒较严重的地区与行业,政策时机不确定性对企业过度投资的刺激作用更加显著;(4)供给侧改革,尤其是结构性的供给侧改革措施,对企业过度投资具有显著的抑制作用。"
2021,董事会中的不同声音:非控股股东董事的监督动机与监督效果,祝继高;李天时;YANG Tianxia,非控股股东董事;董事投票;监督动机;监督效果,经济研究,0,"本文利用中国强制披露的上市公司董事投票数据,分析了非控股股东董事的监督动机和监督效果。研究发现,非控股股东董事倾向于对与非控股股东利益联系紧密的董事会议案投非赞成票。并且,持股比例较高的非控股股东派出的董事和未在上市公司领取薪酬的非控股股东董事更倾向于投非赞成票。通过检验非控股股东董事投非赞成票的监督效果,本文发现,非控股股东董事投非赞成票能降低上市公司的代理成本、提高上市公司的经营效率和企业价值。进一步研究发现,非控股股东董事的监督对独立董事履行监督职能具有溢出效应,且这一效应在经营风险较高的公司中,以及当独立董事和非控股股东董事的职业背景相似时更显著。本文的研究对于进一步提高董事会治理效率、深化混合所有制改革和完善中国特色现代企业制度具有积极的启示。"
2021,宏观税负、研发补贴与创新驱动的长期经济增长,刘乐淋;杨毅柏,生产性政府支出;减税降费;R质量阶梯模型;熊彼特增长,经济研究,0,"随着中国经济步入""新常态""以及中美贸易争端愈演愈烈,科技创新的重要性愈发赢得公众和政策制定者的深刻认同。本文构建了一个基于创新驱动的熊彼特增长框架,将生产性政府支出和宏观税负水平引入质量阶梯模型。理论模型表明:宏观税负水平对长期经济增长存在倒U型作用,即如果宏观税负水平大于(小于)某个阈值时,宏观税负水平的提升会显著降低(提高)稳态经济增长率;同时,研发补贴率对稳态经济增长也存在倒U型作用。并且,最优研发财政补贴政策与税收政策相互依赖,要求政府综合把握政策组合的力度。给定现阶段研发补贴率与研发强度,中国最优宏观税负水平不超过16.9%,总体税率下降1个百分点将使长期人均GDP实际增速提高0.17个百分点;若政府统一协调宏观税负水平和研发补贴率,该政策组合的数值模拟结果表明,最优的宏观税负水平和研发补贴率分别在12.4%—17.8%和41.5%—47.9%之间。因此,2018年以来的""减税降费""政策正合时宜。由理论模型的校准结果观之,目前我国的研发能力仍偏弱,随着国家基础科研实力和科研投入的提升,全社会的研发能力将得到有效提高,从而减税降费对长期经济增长的贡献也将越发显著,本文给出的结果可视为""减税降费""政策对长期经济增长贡献的下限。"
2021,增值税多档税率、出口退税与国际经济效应,冯阔;唐宜红,增值税多档税率;出口退税;结构模型;国际经济效应;税率简并改革,经济研究,0,"本文在多国、多部门的一般均衡框架下构建了包含增值税的结构模型,首次模拟量化中国不同出口退税政策下增值税税率简并改革的出口与国际经济效应。研究表明:完全退税下的单档增值税税率变化呈现贸易中性,而不完全退税下单档税率的提高相当于出口征税,其出口扭曲效应通过增值税抵扣链发挥作用;与单档税率相比,不完全退税下多档增值税税率造成的有效税率提高与资源误置均引起本国出口与经济福利水平下降,而有效税率提高降低了他国经济福利水平的同时,本国资源误置却相对提升了其经济福利水平,且完全退税下不能消减资源误置的影响;中国近年增值税简并改革促进了本国与贸易伙伴国经济福利提升,其中多档税率调整对本国经济福利提升作用明显,而出口退税调整更有利于本国出口与他国经济福利提高;综合考虑增值税税收收入、国内与国际经济福利效应,中国单档税率最优点为10%—11%。本文从全球经济视角论证了中国增值税多档税率的影响,并提出税率简并改革的优化方案,为实现国内与国际经济发展的良性互动提供了参考。"
2021,马克思的流通经济理论及其中国化启示,谢莉娟;王晓东,马克思主义中国化;流通经济理论;流通特殊;社会主义市场经济,经济研究,0,"马克思的流通经济理论在新时代仍有重大价值,科学认识市场流通一般规律和中国流通经济运行的特殊规定性,关系到中国特色社会主义市场经济建设的大局。本文梳理了马克思流通经济理论的要点,并结合中国经验归纳了社会主义流通特殊性。在资本主义生产方式下,流通过程体现着资本的本性并生产着资本的生产条件,从而加剧过剩性危机和贫富两极分化。中国社会经济制度基本属性则决定了,公有制经济为主体的社会化大流通除资本流通形式外,还应保留以社会使用价值为生产或交换目的的简单商品流通形式一定比例的高质量发展,并在整个社会商品流通过程中实现简单商品流通""目的""和资本流通""手段""的有机结合;同时,流通特殊还体现为,以供给侧结构性改革为主线的现代流通体系建设、以政府和国有经济为主导的重要商品储备和流通调控、现代流通业的基础性和先导性定位、支持和服务于实体经济发展的商业资本结构合理化。本文也为深化流通改革提供了政策启示。"
2021,数字经济、人口红利下降与中低技能劳动者权益,柏培文;张云,数字经济;人口红利下降;中低技能劳动者权益,经济研究,0,"数字经济、人口红利下降的双重背景下,中低技能劳动者权益如何变动?本文分别进行理论与实证研究:理论方面,尝试构建多部门一般均衡模型对其进行分析;实证方面利用2002年、2007年、2008年和2013年CHIP的截面数据,运用双重固定效应模型进行检验。研究发现:其一,数字经济发展挤占了中低技能劳动者相对收入权,但改善了中低技能劳动者相对福利效应;其二,数字经济通过要素重组升级、再配置引致的效率变革与产业智能化削弱了中低技能劳动者的相对收入权,但通过数字化治理模式改善了中低技能劳动者的相对福利效应;其三,人口红利下降的劳动力短缺效应来源于中低技能劳动者,尤其是低技能劳动者的供给陷阱;其四,在人口红利下降背景下,数字经济发展仅削弱了低技能劳动者权益。这意味着,数字经济发展引致的低技能劳动力替代效应远甚于人口红利下降的低技能劳动力短缺效应,且微观个体禀赋、宏观经济环境与政府治理水平对低技能劳动者权益的影响具有明显差异性。"
2021,坚持农业农村优先发展:理论创新与实践探索——第四届中国农业经济理论前沿论坛综述,石宝峰;赵敏娟;夏显力;罗必良,,经济研究,0,"<正>2020年全面决胜脱贫攻坚战后,我国将进入后减贫的新历程。从脱贫攻坚走向全面推进乡村振兴,是我国""三农""工作重心的历史性转变。党的十九届五中全会提出,优先发展农业农村,全面推进乡村振兴。习近平总书记在2020年12月28—29日召开的中央农村工作会议上强调,民族要复兴,乡村必振兴。优先发展农业农村、全面推进乡村振兴,是一项具有全局和战略意义的重大任务。如何坚持农业农村优先发展的总方针,实施乡村振兴战略的总目标,促进农业高质高效、"
2021,中国信息经济学乌家培资助计划简介,,,经济研究,0,"<正>中国信息经济学会成立于1989年,致力在信息经济与信息管理领域搭建理论创新的桥梁,推动跨学科发展。学会创始人乌家培教授为中国著名经济学家,中国数量经济学会和信息经济学会创始人。为促进中国信息经济与信息管理领域的青年学者成长,并产生未来30年有国际影响力的理论创新成果,学会于2015年设立""中国信息经济学乌家培资助计划"",以表彰中国信息经济与信息管理领域青年学者的理论创新贡献。2016—2020年分别进行了第一届至第五届乌家培资助计划的评选。"
2021,价值循环、经济结构与新发展格局:一个政治经济学的理论框架与国际比较,李帮喜;赵奕菡;冯志轩;赵峰,价值循环;经济结构;新发展格局;政治经济学,经济研究,0,"本文利用政治经济学的价值循环和社会总资本再生产理论,构建了一个理解新发展格局的理论框架,阐述了不同的经济循环模式依赖于技术结构、分配结构、需求结构和生产结构的相互配合,进而通过一个包含固定资本的三大部类再生产模型明确了各种结构的不同组合关系构成了不同类型的发展模式和发展格局。在此基础上,本文利用1957—2017年投入产出表,构建了中国经济的三大部类表,分析了中国经济结构的变化逻辑和由此带来的发展模式变迁路径。本文还用同样的方法讨论了二战之后美国和日本的结构性特征,以此考察工业化后期可能的发展模式及其变迁规律,为中国未来的经济循环和新发展格局提供必要的启示。"
2021,以更高质量的制度经济学研究助力构建新发展格局——第三届中国制度经济学论坛(2020)综述,刘松瑞,,经济研究,0,"<正>面对新型冠状病毒肺炎疫情等国内国际新挑战,习近平总书记提出了""加快构建以国内大循环为主体、国内国际双循环相互促进的新发展格局""的蓝图。构建新发展格局是党中央在国内外环境发生深刻变化的大背景下,推动我国开放型经济向更高层次发展的重大战略部署。怎样在新发展格局下进一步讲好中国故事,加强四个自信,以更高质量的制度经济学研究助力构建新发展格局,成为制度经济学的重要问题。为了深入探讨这一问题,制度经济学相关领域的专家学者汇聚一堂,"
2021,中国行业劳动投入和劳动生产率:2000—2018,陈梦根;侯园园,劳动投入物量;劳动投入质量;劳动生产率;就业人数;工作时间,经济研究,0,"本文在增长核算框架下引入劳动力的教育程度、年龄、性别和所属行业四个异质性特征,构建就业人员、劳动报酬和工作时间的特征交叉分类矩阵,测算了2000—2018年总量和19个行业的劳动投入(物量),并将其分解为数量和质量特征,分析劳动投入总量及行业的表现,进而测算劳动生产率。研究发现,考察期内中国劳动投入年均增长率为2.5%,且78.8%来自劳动投入质量的上升,教育程度提高和行业结构优化是总量层面劳动投入增长的主要原因。2018年三次产业劳动投入物量占比分别为13.76%、31.06%和55.18%,劳动投入向第二、三产业转移速度快于数量结构变化,第三产业中的新经济及相关产业劳动投入有了较大程度的提升。部分生产性和生活性服务业的指数法劳动生产率相对较低,产出增长主要来自劳动投入的增加和行业规模的扩大。目前,中国就业人员增速减缓、人口老龄化趋势显现,提高劳动力整体教育程度和技术水平、进一步优化产业结构、提升第三产业ILP和产出水平是当务之急。"
2021,大气污染的劳动力区域再配置效应和存量效应,李丁;张艳;马双;邵帅,大气污染;劳动力流出;区域配置;劳动力市场,经济研究,0,"与已有基于混合截面数据和流动人口样本的研究不同,本文采用2013—2015年中国家庭金融调查的面板数据,从本地户籍劳动力流出视角研究了空气污染对其跨区县流出和跨国流出的影响,并借此讨论大气污染带来的劳动力区域再配置效应和存量效应。研究结果表明:（1）消除个体固定效应对结果的影响偏差后,空气污染对本地户籍劳动力跨区县流出效应较已有研究显著缩小。PM2.5增加1μg/m3,本地户籍劳动力流出区县的概率显著上升0.094个百分点,仅为现有研究的1/4。（2）相比之下,空气污染带来更大的劳动力跨国流出效应,显著降低一国劳动力的存量。PM2.5每增加10%,移民倾向增加28%。（3）从区域配置上看,空气污染使劳动力在空间上进一步集聚,劳动力从经济落后地区向发达地区、从中西部向东部、从二三线城市向一线城市流动。（4）空气污染降低劳动者的劳动参与率、就业率以及工资水平,并对因空气污染而流出的劳动者影响更大。（5）空气污染对劳动力流出的影响具有显著的异质性。对有环保意识和关注信息的劳动者,空气污染的影响更大。空气污染对家庭经济地位和学历更高的劳动者影响更大。"
2021,金融扎根、与人民一体和国家能力源泉——北海银行低利贷款的启示,魏建,北海银行;低利贷款;金融扎根;人民本位;国家能力,管理世界,0,"共产党成功地将山东由影响力薄弱区域发展成为夺取全国胜利的中流砥柱,其中北海银行低利贷款的贡献与经验值得总结。以贫雇农为对象的低利贷款,以其民主运作的方式和符合经济规律的特点,不仅较为成功地改善了贫雇农的政治、经济、社会状况,提高了社会生产水平,而且生动地向社会底层展现了共产党的政权本质,成为共产党实现金融扎根、与人民融为一体的利器。北海银行扎根于人民、获取力量于人民,展现出国家能力的本质源泉在于人民。各种细分能力基于人民利益而展开,社会主义现代化强国的国家能力建设就能蒸蒸日上。"
2021,分权时序与经济增长,李永友;周思娇;胡玲慧,分权时序;经济增长;行政分权;财政分权,管理世界,0,"分权理论一直认为分权会促进增长,但在经验上,分权改革在不同地区却有差异显著的增长效应,为何会有这种情况?本文基于中国省际多样化权力下放实践这一自然实验,从分权时序的角度探究分权时序选择差异是否是其中的一个原因。所谓分权时序,即各省在推进分权改革时选择行政分权和财政分权的次序安排。研究发现,分权改革如果选择行政分权先行,相较于财政分权先行或行政分权与财政分权并行,更能促进县域经济增长,这一结论在行政分权一次性全面推开的地区更加明显。不过,分权时序的增长效应会受到权力下放的内容和权力相伴的责任是否明确,以及分权制度中是否有激励性措施影响,对于行政分权先行的地区,如果下放的行政权力中包含有可以增收的实质性权力,分权的增长效应就相对较弱,即出现所谓的""权力诅咒"",对于财政分权先行的地区,如果分权制度中设定明确的支出责任和激励性措施,分权的增长效应就相对更强。本文的研究发现不仅为解释分权的增长效应差异提供了一个新视角,对分权理论是一个重要补充,而且为中国在新时代深化分权体制改革提供了一种选择路径。"
2021,收入不平等、正向选择与医疗市场中的资源错配,叶初升;倪夏;赵锐,医疗市场;正向选择;资源错配;医疗体制改革,管理世界,0,"""看病难""、""看专家""更难,是困扰我国百姓的重要问题。然而,一些文献发现,稀缺的高技能专家却在普通医生就能治好的病症上耗费了大量时间和精力。为解释稀缺专家资源偏向轻病的错配现象,本文提出一个""双重关系""分析框架:在医疗市场上,同时存在着医生与患者、医生技能与患者病情双重关系。由于医疗市场的特殊性,价格机制驱动医—患匹配,并不一定能同时实现医生技能与病情的最优匹配。理论分析表明,在收入不平等的影响下,由于""看专家""所具有的保险功能以及信息不对称,会促成患者正向选择,造成偏向轻病的专家资源错配。实证研究为上述理论分析提供了初步的经验证据。在此基础上,本文提出了矫正医疗资源错配的政策建议。"
2021,企业管理数字化变革能提升投入产出效率吗,刘淑春;闫津臣;张思雪;林汉川,数字化变革;投入产出效率;随机前沿分析;“两化”融合,管理世界,0,"企业对各类数字化转型项目的投资能否切实提升其投入产出效率?本文通过对全国第一个信息化与工业化深度融合国家示范区内1950家企业2015～2019年连续5年推行数字化管理的追踪调查数据,运用随机前沿分析方法和Tobit模型,测度企业数字化投入产出效率,分析影响企业管理数字化变革的关键要素,从而探索企业提升数字化管理效率的内在运行机制。研究发现,企业管理在数字化变革过程中的资本产出弹性远高于劳动产出弹性,二者投入对数字化效益产生的影响随时间发生改变;数字化转型投资项目的投资效率具有明显异质性特征,同时会随着企业规模的扩大产生相应的递增或递减效果。进一步研究表明,企业数字化投入和效率之间存在非线性关系(先下降、再加速下降直至拐点后上升,且在拐点后呈倒""U""型关系),且投资临界点在100万～200万元之间,走过推行数字化管理动态波动的""阵痛期"",企业数字化管理的先发优势得到显著提升。研究为企业制定数字化管理决策和政府制定企业数字化政策体系提供了经验证据和决策支持,并对在全国范围内进一步推进企业数字化变革具有重要的理论和现实指导意义。"
2021,安徽农业大学经济管理学院,,,管理世界,0,"<正>安徽农业大学经济管理学院学院秉持""内涵发展、特色发展、和谐发展""理念,办学规模逐步扩大,教育质量稳步提高。学院现有区域农业发展博士点,农林经济管理、应用经济学、工商管理、公共管理四个一级学科硕士点,农业管理、农村发展、会计、金融四个专业学位硕士点以及MBA教学点;农林经济管理、公共事业管理、旅游管理等12个本科专业。在校本科生2900余人,硕士研究生500余人。现有在职教职工117人,其中博士生、硕士生导师68人。"
2021,建设高标准市场体系与构建新发展格局,马建堂,,管理世界,0,"<正>当前,我国已经基本实现全面建成小康社会的第一个百年奋斗目标,正乘势而上开启全面建设社会主义现代化国家新征程、向第二个百年奋斗目标进军。党的十九届五中全会围绕新阶段构建高水平社会主义市场经济体制的重大任务,对建设高标准市场体系做出了全面部署,将""高标准市场体系基本建成""作为""十四五""时期经济社会发展的主要目标之一。这是党中央国务院面对深刻复杂变化的发展环境,坚持不懈建设社会主义现代化国家,坚定推进全面深化改革的重大战略举措,对加快构建以国内大循环为主体、国内国际双循环相互促进的新发展格局,具有重要的战略意义。"
2021,政府会计监督如何影响盈余管理——基于财政部会计信息质量随机检查的准自然实验,柳光强;王迪,政府监督;会计监督;财政部会计信息质量随机检查;盈余管理,管理世界,0,"会计造假是经济社会发展中的顽疾,如何进行有效的政府监督一直是学界和实务界共同关注的焦点问题。科学严谨评估监督效果意义重大。本文手工提取1999～2017年财政部会计信息质量随机检查公告披露出的问题企业数据,基于财政部会计信息质量随机检查制度""双随机、一公开""的准自然试验,实证分析了政府会计监督对上市公司盈余管理的影响。研究发现:(1)财政部会计信息质量随机检查对上市公司应计盈余管理与真实盈余管理均有显著缓解作用;(2)对于检查公告中披露具体数据的公司和整改态度积极的公司,其盈余管理程度改善更多;(3)监管效果在产权性质不同的公司、处于市场化程度不同地区的公司、股权集中度不同的公司具有差异。本文的结论为完善政府会计监督制度提供了经验证据。"
2021,银行业务地理集中是否降低了金融风险？——基于中国城市商业银行微观数据的研究,王京滨;李博,城市商业银行;金融风险;地理集中度;HHI指数;门限效应,管理世界,0,"本文采用中国106家城市商业银行的2001～2016年微观财务数据及其分支机构的分布数据,构建了可以测度银行业务地理集中的指数变量,从实证角度探讨了我国城市商业银行的金融风险与其经营范围地理空间变化之间的关系。结果发现:第一,城市商业银行业务地理集中能够显著降低其金融风险;第二,城市商业银行业务地理集中对于其金融风险具有""U""型作用规律;第三,城市商业银行业务地理集中对其金融风险的作用存在门限效应,即城市商业银行地理集中的避险效应以及地理集中对金融风险的""U""型作用只有在金融风险低于某种水平时才能有效发挥,当金融风险高于某一门限水平后,适度的地理扩张反而能够起到降低风险的作用。本文的研究结果为确证城市商业银行过度扩张所带来的金融风险提供了较为新颖的经验证据,为通过调节银行业务地理集中程度来防范金融风险提供了较为重要的实证依据与决策参考。"
2021,财政、国家与政党：建党百年视野下的中国财政,吕炜;靳继东,建党百年;国家建设;政党制度;财政道路,管理世界,0,"中国共产党领导的新型政党制度是我国国家治理和制度体系最本质的特征,贯穿于财政服从和服务于社会主义现代化国家建设的全部历史过程,决定着中国特色社会主义财政道路、制度和理论的根本内涵。本文试图从中国共产党建党百年的历史视野出发,按照财政、国家与政党的逻辑分析框架,通过对财政与国家共时性关系的历时性梳理,阐释政党影响和决定下的财政建设与现代国家治理之间互为促动的制度机理。进而立足我国新型政党制度与国家建设实践,阐释财政与市场经济以及财政与社会主义市场经济间内在逻辑的一般性和特殊性,探讨和认识中国共产党领导下的独特道路所决定的财政本质与改革逻辑。最后立足中国财政的本质和逻辑,总结财政在社会主义市场经济改革发展中的独特贡献,为认识和构建新时代中国自己的财政基础理论做探索性思考。"
2021,制度集成创新的原理与应用——来自海南自由贸易港的建设实践,董涛;郭强;仲为国;程升彦;邓晓,海南自由贸易港;制度创新;制度集成创新,管理世界,0,"高质量高标准建设海南自由贸易港,制度集成创新是重中之重。本文以海南自由贸易港建设为对象,着重研究制度集成创新理论构建:首先对海南自由贸易港制度集成创新的现状、问题及原因进行剖析,发现理清制度集成创新的定义内涵是解决现行问题的关键之处;其次通过对制度、制度创新和集成创新的文献梳理以及我国改革开放重点案例中制度创新方面的经验总结,初步建构制度集成创新原理,并通过其内涵、本质、特征等分辨其与制度创新的根本区别;最后运用制度集成创新原理,解决海南自由贸易港制度集成创新的难点问题,解析出制度集成创新的关键成功因素和实施建议。"
2021,管理者短视主义影响企业长期投资吗？——基于文本分析和机器学习,胡楠;薛付婧;王昊楠,管理者短视;长期投资;文本分析;机器学习,管理世界,0,"在可持续发展战略导向下,秉持长远理念是企业抵御外部环境威胁和拥有可持续经营能力的基石。然而,作为企业掌舵人的管理者并非都具有长远的目光。本文基于高层梯队理论和社会心理学中的时间导向理论,提出了管理者内在的短视主义特质与企业资本支出和研发支出的关系,并采用文本分析和机器学习技术构建出管理者短视主义指标从而对其进行实证检验。研究结果发现,年报MD&A中披露的""短期视域""语言能够反映管理者内在的短视主义特质,管理者短视会导致企业减少资本支出和研发支出。当公司治理水平、监督型机构投资者的持股比例以及分析师关注度越高时,管理者短视主义对这些长期投资的负向影响越易受到抑制。最终,管理者短视主义导致的研发支出减少和资本投资效率降低会损害企业的未来绩效。本文拓宽了管理者短视主义的行为后果分析,对企业高层次管理人才的聘任以及企业和政府的监管具有重要的实践启示。同时,本文将文本分析和机器学习方法引入管理者短视主义的研究,为未来该领域的研究提供了参考和借鉴。"
2021,动态能力研究述评及开展中国情境化研究的建议,焦豪;杨季枫;应瑛,战略管理;创新管理;动态能力;数据驱动;中国情境,管理世界,0,"企业所拥有资源和能力如何与所处环境动态匹配是战略管理领域研究的核心问题。动态能力理论拓展了资源基础学派的静态研究视角,以演化视角克服核心刚性缺陷,通过资源整合和重构进行战略革新获取动态环境下的可持续竞争优势,越来越受到学术界和实务界的重视。本研究通过系统梳理1997～2019年发表在Web of Science核心合集的666篇英文文献,从论文发表趋势、期刊发表平台、核心学者和关键节点文献、研究热点演进等方面呈现动态能力研究概况。在此基础上,聚焦分析发表在17个国际期刊上的84篇英文文献,构建基于""研究视角—影响因素—作用过程—影响效应""的动态能力整合研究框架。最后,在对比中英文代表性文献基础上,提出应采用二手数据分析、行为实验与仿真模拟等多种研究方法进行动态能力研究,建构动态能力的认知性与非认知性双重微观基础,探究动态能力影响绩效的作用机理和过程机制,揭示动态能力在创新系统构建中的角色定位和作用机制,探析数据驱动的新型企业动态能力的结构维度和发展机制,以及关注中国独特文化与制度情境的嵌入对动态能力研究的影响。"
2021,创业领域即兴行为研究：前因、结果及边界条件,马鸿佳;吴娟;郭海;葛宝山,扎根理论;创业领域;即兴行为;文献回顾,管理世界,0,"在VUCA时代,企业如何应对环境不确定性已成为企业管理的核心问题之一。研究表明,即兴行为是复杂多变环境下企业应对快速变化和获取意外机会的有效途径,而即兴行为作为创业过程中的普遍行为,也是帮助新企业有效应对突发事件的关键策略。目前在创业领域,即兴行为的研究正迈向高速发展阶段,但研究较为零散,且理论体系尚未形成。因此,本文运用扎根理论研究方法对国内外重要期刊上新创企业即兴行为的研究文献进行了系统化梳理,提炼了关于新创企业即兴行为的定义、维度、特性、前因、结果和边界条件6个方面的研究内容,在此基础上构建了创业领域即兴行为的综合研究框架,并结合这一框架以及现有研究的不足对未来研究提出展望,以期扩展对创业领域即兴行为的研究。"
2021,中国经济发展的突出特征在于增长的稳定性,刘伟;蔡志洲,经济增长;稳定性;通货膨胀;社会主义市场经济;国际比较,管理世界,0,"新中国成立后尤其是改革开放以来,中国在经济增长上取得了巨大的成就。但是在改革开放前,由于计划经济体制、判断失误以及自然灾害等方面的原因,经济增长起伏很大。改革开放后,我们以价格体系的改革为先导,探索市场化改革的道路,最终建立、发展和完善社会主义市场经济体制和宏观调控,实现并保持了长期、稳定的高速经济增长。价格总水平的上升和波动幅度不断减小,经济运行的稳定性在不断提高。现在,和世界其他国家相比,中国无论在平抑经济周期还是抵御突发事件和外来冲击方面,都有更强的应对能力,表明中国特色社会主义市场经济制度具有实现由高速经济增长向高质量发展的转型能力,这为中国实现社会主义现代化的长期目标提供了坚实的基础。"
2021,中国城市营商环境评价的理论逻辑、比较分析及对策建议,“中国城市营商环境评价研究”课题组;李志军;张世国;牛志伟;袁文融;刘琪,城市营商环境;指标体系;区域差距;对策建议,管理世界,0,"持续优化城市营商环境是构建现代化经济体系,实现经济高质量发展的重要举措,而如何全面准确地衡量城市营商环境是优化营商环境的重要基础。本文基于生态系统理论,从公共服务、人力资源、市场环境、创新环境、金融服务、法治环境、政务环境7个维度出发构建了中国城市营商环境评价体系,并对我国289个地级市及以上城市的营商环境进行评价分析。研究结果表明,首先,营商环境指数得分方面,部分直辖市、计划单列市、省份城市等城市的营商环境相对优势逐渐扩大;同时,东部、中部地区城市营商环境明显优于西部和东北地区。其次,七大分项指标得分方面,排前100名城市的分布也存在较为明显的区域差异,一方面,各个分项指标中,东部地区城市数量都有显著的优势,中部地区次之;西部、东北地区的前100名城市数量相对较少;另一方面,南北区域差异逐渐扩大,除了公共服务指数,其他6个分项指标中南方地区城市数量拥有明显的优势,并且区域的差距日益扩大。进一步地,对6个重点城市群内城市营商环境比较分析表明城市群之间也存在较大的区域差距。最后,本文提出了优化我国城市营商环境的对策建议。"
2021,生育政策与家庭微观决策及宏观经济结构,袁扬舟,生育政策;代际收入转移;资源错配;人力资本;技能溢价,经济研究,0,"本文根据中国传统文化和家庭行为的特征事实,构建了新的家庭效用与决策函数模型,融合了""养儿防老""等传统情结,将生育决策、子辈人力资本投资和代际收入转移同时内生化。本文模型兼顾了父辈对子辈的""利他动机""和""交换动机"",考虑了子辈对父辈来讲兼具的""消费""和""投资""的双重效应。在这些关键设定之下,模型的理论推导与数值模拟发现:第一,生育政策会通过人力资本投资和代际收入转移渠道影响代际流动性;第二,虽然生育政策可提高人均产量,但子辈数量受限影响其""消费效应""和""投资效应""的功能充分发挥,造成资源错配,导致父辈期望效用反而下降;第三,金融市场的完善与开放可以部分抵消生育政策对代际流动性、父辈效用和宏观经济结构的负面影响。本文模型有助于解释2000年以来中国的低利率和技能溢价增长放缓等现象,为全面分析生育政策对社会公平和效率带来的影响提供了理论框架。"
2021,计量经济学前沿理论与方法——第四届中国计量经济学者论坛(2020)综述,纪园园;谢婼青;李世奇;邸俊鹏,,经济研究,0,"<正>一、前沿随着数字经济、网络经济、平台经济的迅猛发展,各个领域的数据不断增多。大数据时代正在到来,传统的量化方法在建模、结构分析和预测中遇到较强的局限性。因此,对中国经济运行进行跟踪、分析和预判及对各项宏观产业政策进行量化评估亟需进一步推广计量经济学理论与方法,从而更好地发挥量化方法在经济社会中的作用。一方面,要坚持不懈继续与国际一流的计量学者和同行保持交流对话,在方法上不断跟进、学习和超越。"
2021,西南财经大学保险学院诚聘海内外英才,,,经济研究,0,"<正>西南财经大学坐落在享有""天府之国""美誉的成都市,是部属""211工程""和""985工程""优势学科创新平台建设的全国重点大学,入选全国""双一流""建设高校。西南财经大学保险学院现有保险学(含保险科技光华创新实验班、保险精算、保险财务与会计双语实验班)、劳动与社会保障以及精算学三个本科专业;有保险学(含风险管理与保险、国际保险会计、保险精算)和社会保障学两个硕士点,是在全国率先设立的保险专业硕士点;有保险学、社会保险与经济保障两个博士点。"
2021,中国共产党和马克思主义政治经济学——纪念中国共产党成立一百周年,裴长洪;彭磊,中国共产党一百年;马克思主义政治经济学中国化;理论创新,经济研究,0,"在马克思主义政治经济学中国化过程中,中国共产党创造了新民主主义政治经济学、中国特色社会主义政治经济学和当代国际政治经济学。本文简要叙述了这些理论创新的主要内容和重要观点,分析了马克思主义政治经济学中国化的四个基本特征,即人民性、实践性、民族性和时代性,回答了中国共产党为什么能够不断理论创新。结论是:中国共产党的先进性是理论创新的政治基础和前提;马克思主义世界观和方法论是理论创新的思想指引;勤于学习和善于学习是理论创新的思想营养;三大优良作风是理论创新的智慧来源和动力机制。中国共产党风云激荡的百年史,既是新民主主义实践和社会主义实践的伟大斗争史,也是马克思主义政治经济学中国化伟大工程的建设史。展望未来15年,当中国实现社会主义现代化强国远景目标的时候,马克思主义政治经济学中国化必将出现更加光辉灿然的前景。"
2021,地方债管理体制改革与企业融资困境缓解,梁若冰;王群群,地方债管理体制;企业融资困境;地方政府债务估算,经济研究,0,"本文利用2015年开始的地方政府性债务管理改革作为政策冲击,实证考察改革对政府性债务与企业融资的影响,并分析了后两者之间的关系。首先,基于2014年审计署公布的全国各省、自治区地方政府性债务数据,利用收支相抵方法估算了2007—2017年的中国地级市政府性债务。其次,针对207个地级市与1417家非金融上市公司数据进行了实证分析,发现地方政府性债务管理改革不仅显著抑制了政府性债务的增长,同时也缓解了企业的融资困境,而且上述结果在替代变量估计、变更估计方法与安慰剂检验中仍保持稳健。最后,机制分析表明,改革主要通过降低融资平台新增贷款来缓解上市公司的融资困境。"
2021,监管规避与隐性金融风险,郁芸君;张一林;彭俞超,金融风险;监管套利;影子银行;监管穿透性,经济研究,0,"金融危机的历史经验表明,金融机构的真实风险并不一定被外界所知,这种隐性金融风险会导致监管者陷入行动滞后的困境。本文研究表明,如果监管者无法穿透银行的资产质量,那么对银行资产质量过于严格的要求反而会恶化银行的资产质量,诱发银行刻意隐藏风险的行为,导致银行的风险在不被外界察觉的情况下暗中积累,并且,大量本应被银行清算的企业继续存在于市场,成为无效率占据金融资源的僵尸企业。本文的政策含义在于,在影子银行快速发展、银行规避监管的方式快速演变的背景下,治理监管规避不仅是防范金融风险的题中应有之义,更是避免金融风险暗中积累乃至突然爆发的关键所在。"
2021,人民币国际使用的影响因素——基于全球视角的理论及经验研究,王孝松;刘韬;胡永泰,人民币国际化;SWIFT交易数据;对外直接投资;国际比较,经济研究,0,"本文构建了包含两国的跨期国际货币需求模型,考察货币国际使用的影响因素,并使用2011—2016年间的SWIFT交易数据,对世界主要货币和人民币国际使用的影响因素进行实证分析。实证结果表明,对于世界主要货币而言,更高水平的一体化程度和稳定的宏观经济形势有助于推动其国际使用。具体而言,贸易和间接投资更有助于提高国际货币的直接使用,而直接投资则更加有助于国际货币的间接使用。对人民币而言,贸易和直接投资同时提高了其国际使用的范围和强度。同时,中国人民银行在此期间推出的一系列政策也显著提升了人民币国际化的程度。推进人民币国际化更深层次的问题是中国金融体系改革,中国货币当局只有不断加强金融体系的市场化,才能推动人民币成为新兴的重要国际货币,而""一带一路""倡议背景下中国企业的海外直接投资是未来人民币国际化的一条重要路径。"
2021,“排斥”还是“包容”:传统宗族文化与现代银行发展,刘冲;刘莉亚;李庆宸,宗族文化;金融发展;金融知识,经济研究,0,"已有研究指出,广义信任的缺乏会降低企业和居民的金融需求,从而阻碍金融发展,而中国传统宗族文化通行的是有限信任而非广义信任。同时,也有观点认为宗族依赖内部金融市场的社会规范会导致对外部金融的替代。这是否意味着宗族文化排斥金融发展?本文以银行发展为研究对象,基于家谱数据构建城市层面宗族文化指标,结合银行业分支机构的开设情况,对二者之间的关系和作用机制进行实证分析。基准模型和工具变量回归结果显示,宗族文化显著促进了银行发展。然后,本文借助2009年监管部门放松中小银行分支机构开设的供给端政策,证实宗族文化对银行发展的包容源于需求端。进一步区分企业和居民需求的结果支持后者。前述发现与信任和社会规范的逻辑相悖。影响机制检验表明,宗族文化越浓厚,居民受教育程度、金融知识水平越高,进而对银行服务(存款、银行卡)的需求也越多。本文拓展了文化与金融方面的文献,对于理解区域金融发展差异,洞悉传统文化永不褪色的价值有一定的启示意义。"
2021,新发展格局下的互联网与数字经济研究——第二届互联网与数字经济论坛综述,姜舸;安同良;陈孝强,,经济研究,0,"<正>在挑战与机遇并存的2020年,中国的经济发展面临了来自疫情与外部环境的严峻挑战,依靠自身的韧性和全国人民的共同努力取得了举世瞩目的成就。其中我国的互联网企业异军突起,凭借市场与技术优势,为全国与世界人民抗疫提供保障,也成为疫后经济复苏的强劲驱动力。在这一全新的发展格局下,《经济研究》编辑部联合南京大学经济学院共同举办的第二届互联网与数字经济论坛于2020年11月28日召开。"
2021,省际双边信任与资本跨区域流动——基于企业异地并购的视角,杨继彬;李善民;杨国超;吴文锋,省际双边信任;资本跨区域流动;异地并购;市场分割;交易成本,经济研究,0,"资本跨区域自由流动不仅有助于实现资源优化配置,还可以助力区域协调发展战略的实施,但区域间的非正式制度障碍长期存在。本文借助异地并购这一典型的资本跨区域流动形式,并利用CESS省际双边信任调查数据,研究了省际双边信任对资本跨区域流动及其效率的影响。研究发现,收购方所在地对目标方所在地的信任程度和目标方所在地对收购方所在地的信任程度均能显著提高地区间并购频率及规模,但仅当目标方所在地对收购方所在地信任程度越高时,企业异地并购的长短期绩效才越好。结果表明,不同方向的省际双边信任对并购行为和并购绩效存在异质性影响。机制分析发现,目标方所在地对收购方所在地信任程度越高,收购方在并购中的交易成本越低,体现在聘请中介机构的需求越小、完成并购交易的时间越短、支付的溢价率越低、并购后的管理费用越少。并且,目标方所在地对收购方所在地的信任程度对并购绩效的影响在市场分割程度较高的地区更加显著。最后还发现,与低相互信任模式相比,高相互信任模式地区间的并购频率和规模更大,并购绩效也更好。本文基于中国省际双边信任存在不对称的特点,从非正式制度的视角丰富了资本跨区域流动的相关研究。"
2021,新发展格局的理论逻辑、战略内涵与政策体系——基于经济现代化的视角,黄群慧,新发展格局;经济现代化;工业化;供给侧改革;需求侧管理;产业政策;竞争政策,经济研究,0,"本文从经济现代化或者说是工业化视角出发,对构建新发展格局的理论逻辑、战略内涵和政策体系进行了深入研究。与已有研究强调新发展格局""双循环""的属性不同,本研究更加强调新发展格局的本质特征是中国现代化进程发展到新发展阶段后的高水平的自强自立。一是提出了""阶段—模式—动力""的三维理论解释,认为构建新发展格局是与现代化新阶段相适应的经济现代化路径,是中国基于自身资源禀赋和发展路径而探索的、以自立自强为本质特征的、突破""依附性""、具有""替代性""的一种经济现代化模式,是一种充分利用大国经济优势、围绕着自主创新驱动经济循环畅通无阻的经济现代化战略;二是提出了构建新发展格局的战略内涵是推进高质量工业化战略,实现从成本驱动、出口导向、高速度工业化向创新驱动、内需导向、高质量工业化转变,协同推进新型工业化、信息化、城镇化、农业现代化的实现;三是提出构建新发展格局的""双协同""政策体系——供给侧结构性改革与需求侧管理的有效协同的宏观调控政策体系、竞争政策与产业政策有效协同的技术创新政策体系,认为构建新发展格局要在坚持供给侧结构性改革为主线、国内经济大循环为主体、市场在资源配置中起决定性作用的原则下,加快形成一种供给与需求动态平衡、改革与管理有效协同、国内循环与国际循环相互促进、竞争政策与产业政策有效配合的政策体系和运行机制。"
2021,部门异质性替代弹性与产业结构变迁,徐朝阳;王韡,产业结构变迁;恩格尔法则;Baumol效应;库兹涅茨事实,经济研究,0,"现有产业结构变迁文献主要基于恩格尔法则和Baumol效应解释产业结构变迁过程,而基于Baumol效应的模型往往被认为难以独立地刻画农业、服务业和工业三大产业部门完整的产业结构变迁事实。本文将复合CES函数引入到一个经典的Baumol效应模型中,允许农业与非农业之间、工业与服务业之间的替代弹性存在异质性,从根本上克服了现有基于Baumol效应模型的缺陷,还有潜力解释世界各国普遍发生的工业部门增加值占比先上升后下降的""倒U型""结构变迁过程。基于1978年以来的数据,本文发现仅仅依靠Baumol效应,就可以较好地模拟我国农业增加值GDP占比不断上升、服务业GDP占比不断下降和工业增加值GDP占比高位徘徊的基本经验事实,并且我国工业部门还未明确进入""倒U型""产业结构变迁后半段,因此现在还不能判断我国已经进入工业部门劳动力比重和增加值比重下降的""后工业化阶段""。"
2021,城市财富与绿色技术选择,董直庆;王辉,财富筛选;绿色技术;财富性质,经济研究,0,"富者是否更具有社会责任?向来是一个颇具争议的问题。若在环境治理与技术创新领域,则表现为富者可能更有能力和更富有责任地选择绿色技术,事实是否果真如此?本文利用2004—2016年中国268个地级市面板数据,从经济、社会以及生态维度构建财富的综合指标,检验了城市财富绿色技术筛选效应的存在性及其形成逻辑。结果发现:第一,城市财富会筛选技术,即存在绿色技术自选择效应并呈现自我强化特性;第二,城市财富的绿色技术选择偏好受制于财富性质,财富的来源方式和获取难易度在其中扮演重要角色;第三,城市财富的绿色技术选择偏好源于自我筛选和外在约束的双重机制,财富会诱致技术朝绿色方向演变,而外在约束也会改变财富的选择性偏好。"
2021,中国国内生产总值核算历史数据的重大补充和修订,许宪春,国内生产总值;历史数据;资料来源;基本分类;核算方法,经济研究,0,"中国GDP生产核算和使用核算分别始于1985年和1989年,为了满足经济分析和管理对数据的需求,国家统计局对以前年度的GDP生产核算和使用核算历史数据进行了补充。20世纪90年代初,中国开展了第一次全国第三产业普查;21世纪初以来,中国开展了四次全国经济普查,每次普查之后国家统计局都对普查年度GDP核算数据进行修订。为了满足经济分析和管理对数据的连续性和可比性需求,国家统计局对普查以前年度GDP核算历史数据进行了修订。2016年,国家统计局开展了研发支出核算方法改革,相应地也对中国GDP核算历史数据进行了修订。本文对中国GDP核算历史数据的一次重大补充和六次重大修订的情况进行了比较详细的研究和阐述。首先,比较详细地研究和阐述了GDP核算历史数据的补充办法;其次,比较详细地研究和阐述了普查年度GDP核算资料来源的变化、基本分类的修订和核算方法的改革以及普查以后GDP核算历史数据的修订情况。再次,简要阐述了研发支出核算方法的改革和相应的GDP核算历史数据的修订情况。最后,阐述了GDP核算历史数据的修订作为今后一项长期的、重要的、规范性的统计工作的重要意义。本文对于研究中国中长期经济发展问题和政策问题具有参考价值。"
2021,中国信息经济学乌家培资助计划简介,,,经济研究,0,"<正>中国信息经济学会成立于1989年,致力在信息经济与信息管理领域搭建理论创新的桥梁,推动跨学科发展。学会创始人乌家培教授为中国著名经济学家,中国数量经济学会和信息经济学会创始人。为促进中国信息经济与信息管理领域的青年学者成长,并产生未来30年有国际影响力的理论创新成果,学会于2015年设立""中国信息经济学乌家培资助计划"",以表彰中国信息经济与信息管理领域青年学者的理论创新贡献。"
2021,宏观之微观意义和微观之宏观启示——第九届宏观经济政策与微观企业行为研究学术研讨会综述,饶品贵;罗勇根;陈冬华;姜国华,,经济研究,0,"<正>2020年11月7日,第九届""宏观经济政策与微观企业行为""学术研讨会于暨南大学管理学院顺利召开。会议由经济研究杂志社、北京大学财务分析与投资理财研究中心、南京大学商学院、暨南大学管理学院、重庆大学经济与工商管理学院、清华大学中国经济社会数据研究中心、中国人民大学商学院联合主办。研讨会致力于通过宏观经济政策与微观企业行为相结合的研究视角,构建和发展具有中国特色的经济理论,"
2021,社保缴费率下降对企业社保缴费与劳动力雇佣的影响,宋弘;封进;杨婉彧,社保缴费率下调;企业参保;劳动力雇佣;工资,经济研究,0,"社保缴费率下调已经成为激发中小企业活动、促进经济可持续发展的重要举措,系统评估社保缴费率下降对企业行为的影响有助于进一步优化社保缴费率政策。已有研究大多关注高社保缴费率的经济社会影响,而非缴费率下调的效应。在此背景下,本文以浙江省各地区2012年的社保缴费率下调统筹为切入点,利用双重差分法解决内生性问题,创新性地考察了社保降费对企业社保缴费与劳动力雇佣行为的影响。本文稳健地发现:一方面,养老保险缴费率下降显著提高了企业的社保参与率,并且提高了企业社保总缴费支出,这意味着降低社保缴费率政策实现了提高企业参保与保持社保基金平衡的双赢;另一方面,降低缴费率显著提高了企业劳动力需求,并且这一效应对于中小民营企业尤其明显,这意味着在当前经济形势下行的情景下,社保降费的确实现了稳就业、增信心的预期。本文的研究有助于从企业缴费与就业角度深入理解当前新一轮全国层面的社保缴费率下降政策可能带来的经济社会效应,同时也有助于后续配套改革措施的出台和调整。"
2021,央行担保品框架、债券信用利差与企业融资成本,黄振;郭晔,央行担保品管理框架;债券;信用利差;融资成本;增信作用,经济研究,0,"央行担保品管理框架作为现代中央银行制度的重要组成部分,关系着合格担保品范围内的资产价格与相关企业融资成本。本文基于2013年央行担保品管理框架设立这一准自然实验,运用双重差分模型分析被纳入合格担保品范围债券的信用利差所受的影响。结果表明:第一,央行担保品管理框架会显著促进被纳入合格担保品范围债券信用利差的下降,起到降低企业融资成本的作用。第二,央行担保品管理框架对不同所有制企业债券的影响具有异质性,对民企债券信用利差的降低作用更大,其次是中央国有企业,最后是地方国有企业,原因在于央行对民营企业的增信作用较强。第三,当央行实施宽松的货币政策或当债券市场中合格担保品比例较高时,担保品管理框架对信用利差的作用效果会减弱。因此,为支持经济的重点领域与薄弱环节,央行可以将相关债券或信贷资产纳入合格担保品范围,引导其融资成本下降,缓解民营企业""融资难融资贵""。同时,应将货币政策与债券市场环境纳入考虑,让担保品管理框架更好地发挥作用。"
2021,中国企业R&D补贴策略:补贴阈限、最优规模与模式选择,安同良;千慧雄,R&D补贴;补贴阈限;最优规模;“普惠式”补贴;“竞争式”补贴,经济研究,0,"R&D补贴是当今世界各国推进本国创新、参与全球技术竞争、占领技术前沿制高点的重要产业政策,但关于适宜采用R&D补贴的经济阈限、R&D补贴的最优规模,以及实施R&D补贴的有效模式等核心问题依然缺乏系统性的理论建构。鉴于此,本文从技术外溢视角出发,将R&D补贴嵌入到R&D竞争框架内,构建理论模型系统阐释R&D补贴的上述相关问题,同时使用产业层面的数据进行实证分析。研究发现:给定技术溢出水平,只有当其他经济条件处在补贴阈限内时才需要R&D补贴;当需要补贴时存在一个最优的R&D补贴规模;R&D补贴绩效会随着经济条件的变化发生反转;""普惠式""补贴与""竞争式""补贴有各自的优势区间。中国的R&D补贴总体有效,高技术产业的补贴绩效尤为显著;税收优惠政策对企业R&D投资的带动作用要优于直接的财政补贴。"
2021,跨国投资与创新绩效——基于对外投资广度和深度视角的分析,黄远浙;钟昌标;叶劲松;胡大猛,对外投资广度;对外投资深度;创新绩效,经济研究,0,"以中国为代表的新兴经济体企业在""走出去""过程中的区位布局呈现出市场多元化以及嵌入东道国市场程度不同的特点,这一情形导致""逆向溢出效应""的条件有所区别。本文利用1998—2013年中国工业企业层面数据回答了对外投资广度与深度对创新绩效的作用效果,研究发现:(1)对外投资广度对创新绩效有正向促进作用,对外投资深度的作用呈""U型""变化;(2)制度多样化程度正向调节对外投资广度与创新之间的关系,而对对外投资深度与创新之间关系的影响较弱;(3)对投资目的地以及企业异质性的进一步分析表明,制度距离方向、区位以及经济发展类型会左右对外投资广度和深度的作用,不同投资动机和所有制也会影响两者的作用。本文的研究进一步推进了对外直接投资""逆向溢出效应""理论的研究边界,也为政府和企业如何创新对外投资方式提供了理论参考。"
2021,增长中的分化:同群效应对家庭消费的影响研究,宋泽;邹红,同群效应;消费分化;消费增长;追赶琼斯;风险分担,经济研究,0,"理解消费增长中的分化现象是更好发挥消费主引擎作用、加快构建双循环新格局的关键。本文基于相对收入消费理论假说,利用2010—2014年城镇住户调查数据,分析城镇家庭消费波动与分化的同群效应及其影响机制。研究发现:同群效应可以解释家庭消费性支出19.8%的变化,对衣着、食品、居住、教育支出变化的影响分别为37.7%、32.2%、25.1%和21.7%。同群效应对特大/超大城市家庭的衣着、手机等可见性支出有显著影响,大城市中低收入家庭在教育支出中面临更大的同群竞争压力。同群效应的""追赶琼斯""机制是造成消费选择和消费水平分化的主要原因,同群风险分担机制能缓解消费冲击带来的福利下降。致力促进形成国内大市场,应发展壮大中等收入群体,完善降低低收入群体消费风险的保障机制,充分发挥同群效应在消费升级中的需求牵引作用;解决教育等公共服务供给的相对结构性稀缺,以优质供给激活消费大市场。"
2021,投资者情绪、有限套利与股价异象,何诚颖;陈锐;薛冰;何牧原,投资者情绪;换手率;非主力资金;有限套利,经济研究,0,"同美国市场投资者情绪与截面股票未来收益短期正相关、长期负相关的现象不同,中国A股市场两者之间短期内就呈现负相关特征。本文认为这主要与中国A股市场以个人投资者为主体且做空套利受限严重有关,因此与以机构投资者为主体的美国市场存在明显差别。考虑到A股独特的市场交易结构与投资者行为特征,本文提出非主力资金买卖不平衡指标(BSI),通过捕捉散户的资金流向实现对个股投资者情绪的测算。实证结果表明,股票组合收益率与非主力资金BSI指标存在明显的单调递减特征,且无法由通常衡量投资者情绪的换手率因子所解释,与换手率的市场异象也有显著差异,后者表现出换手率特别高的股票组合收益明显更低的非对称特征。本文的理论与实证也进一步指出,有限套利是A股市场投资者情绪异象的主要原因之一,在套利受限更为严重的股票组合中,投资者情绪与股票收益截面负相关的现象更为明显。同时,市场极端情绪和极度乐观情绪下的投资者情绪股价异象更为明显。"
2021,社会资本的决定因素:基于主观经济地位视角的分析,李涛;周君雅;金星晔;史宇鹏,社会资本;主观经济地位;法律知识;互联网,经济研究,0,"本文利用2010、2012、2013和2015四个年份中国综合社会调查(CGSS)数据,以居民是否参加居委会或村委会选举投票来度量社会资本水平,系统分析了个人主观经济地位对其社会资本水平的影响。研究结果表明,人们较低的主观经济地位对其社会资本水平具有明显的消极影响:人们的主观经济地位越低,其参加投票的可能性越小。进一步的分析发现,个人主观经济地位是通过影响其公共参与信心以及对政府的信任进而影响其投票行为的,这种影响会因当地的法律知识水平和互联网使用整体状况不同而存在明显差异:在法律知识水平更高、互联网使用频率更高的地区,人们较低的主观经济地位对其参加选举投票的阻碍作用越小。本文的实证发现对于提升我国居民的社会资本水平有着重要的政策涵义。"
2021,美国利率调整和税率调整的影响与我国应对措施研究,马理;文程浩,美国利率调整;美国税率调整;对中国的影响;应对措施,经济研究,0,"美国近年来针对经济发展状况频繁调整利率政策与税率政策,这些政策对其他国家有较强的溢出效应,但目前对其传导机理与传导效果尚缺乏深度的理论分析。本文构建了两国的动态随机一般均衡(DSGE)模型,在开放经济背景下研究了美国的利率调整(以加息为替代)与税率调整(以减税为替代)对中国经济的影响。结论显示:美国加息会对中国经济产生较大的负面冲击,在短期内会导致中国的产出、资本投入、净出口与就业率出现下降,在长期中,虽然下降趋势有所缓和,但对资本外流与净出口的负面影响非常大;美国减税在短期内对中国经济有负向冲击,但在长期中影响较弱。相应的政策建议是:认真评估美国利率调整的冲击方向、力度和影响,关注国内的通胀水平与进出口,向市场灵活适度的定向提供流动性,增加产出与提高就业率;加强监控,采取必要措施防止资本外逃与净出口下降;减税降费降低企业经营成本,推进经济结构调整;预估可能产生的贸易摩擦与政治矛盾,提前做好防范预案。"
2021,第三方效应、区域贸易协定深化与中国策略:基于协定条款异质性的量化研究,铁瑛;黄建忠;徐美娜,区域贸易协定;深度条款;异质性;深化路径;中国策略,经济研究,0,"具有水平差异性和垂直自我深化的区域经贸深度一体化正在成为当今国际贸易领域的新现象之一。本文依据自由贸易协定(FTA)条款异质性,构建了完整立体的FTA深度指标测度体系,实证研究了区域贸易协定深化的动因与路径,并基于实证研究结果探讨了我国深度参与区域经贸合作的发展战略。实证研究发现,相比于同质性的FTA,第三方效应对于深度FTA缔结和深化同样具有很好的解释力,但因FTA的异质性也会表现出显著的差异性:(1)第三方效应对覆盖货物贸易深度自由化或经济合作类条款的FTA缔结与深化具有较强解释力,但对覆盖服务贸易、投资或是政治性、科研合作性质条款的FTA缔结和深化中的作用会受到明显削弱;(2)相较于""北—北""国家对,国家对保有深度FTA数量差异的负面影响在""南—北""国家对中会受到明显削弱;(3)第三方效应随着年份的推移,也表现出逐步弱化的趋势。基于经验研究结论,本文进一步回顾了中国参与区域经贸深度合作的历史与现状,为我国现行的包括""一带一路""倡议在内的近期一系列区域经贸合作重大举措提供了理论基础和经验证据。基于本文的结论,建议在区域经贸合作领域采用""先量后质""""以量促质""""重点突破""的发展思路,先通过推进浅层和宽松的贸易自由化实现国际经贸合作关系网的快速延展,针对既有FTA有选择地尝试提升深度水平,探索并推广""中国文本""。"
2021,新冠肺炎疫情对中国劳动力市场的影响——基于个体追踪调查的全面分析,蔡昉;张丹丹;刘雅玄,新冠肺炎疫情;劳动力市场;心理健康;公共卫生政策,经济研究,0,"中国的新冠肺炎疫情防控取得了重大战略成果,为世界各国提供了宝贵经验。其中疫情防控对劳动力市场的影响及其复苏,特别值得深入讨论。本文利用2020年3月初到11月底对5600多名从业者的个体追踪数据,分析了疫情暴发期间中国劳动力市场遭受的冲击。研究发现,从业者复工率从3月初的63.1%提高到6月中旬的84.2%,截至11月底恢复到89.7%;从业者的失业率从6月中旬到11月底降低了60%,达到4.4%。疫情冲击下的就业趋势呈现""V""型特征,即尽管中国就业形势一度受到疫情的猛烈冲击,但随着疫情防控的有利开展,中国劳动力市场活力平稳恢复,就业趋势整体向好。此外,本文利用回归技术分析了""封城""等防控措施对复工进度的因果影响,进而对从业者心理健康的影响。分析发现,地区层面的疫情防控措施显著降低了从业者个体复工的可能性,复工不足会对从业者的心理健康产生显著的负向影响,而这一影响倾向于短期。本文的结论强调了应对短期的就业冲击,常态化疫情防控下应做好""稳就业""工作,尽量减弱对经济的负面影响;同时需尽快制定针对失业群体的帮扶政策,""保基本民生"",减少贫困的发生。"
2021,省以下多样化放权策略与经济增长,李永友,放权策略;多样化;经济增长,经济研究,0,"县域经济发展是中国经济成功的一个重要支撑,调动县(市)政府为增长而竞争的积极性是实现县域经济发展的成功经验。但在县域经济发展中,一个现象值得重视,即县域经济发展的同时县域之间差距依然非常显著,如何在保持县域经济发展中实现县域经济的稳定收敛,最终实现平衡充分发展,是新阶段实现城乡融合发展和畅通国内大循环和国际国内双循环亟待研究的问题。本文基于中国各省自2002年开始为发展县域经济创造性实施放权改革这一自然实验,从放权改革视角识别县域经济发展的有益经验。研究发现:放权领域的数量越多,越有利于经济增长;在放权领域数量既定情况下,先在行政领域实施放权要比先在财政领域实施放权,更有利于经济增长;相比较发达地区,在欠发达地区实施放权改革,对经济增长的促进效应更大。本文的研究发现不仅为新阶段实现县域经济的平衡充分发展提供了改革思路,而且为丰富两代分权理论提供了新证据,为分权增长效应实证结果的不一致提供了一种新解释。"
2021,中国经济高质量发展的逻辑、测度与治理,杨耀武;张平,经济高质量发展;理论逻辑;综合评价体系;治理机制,经济研究,0,"本文在探讨中国经济高质量转型的现实与理论逻辑基础上,通过构建理论模型分析影响经济发展质量的主要因素,并由此形成测度中国经济发展质量的多指标综合评价体系,从而为经济高质量发展的讨论由定性分析向定量研究拓展进行了初步的探索。通过选取各方面具有代表性的基础经济指标,本文测度了1993—2018年中国经济发展质量状况并分阶段对经济发展质量变动的原因进行了分析。结果显示,1993年来中国经济发展质量总体处于逐步提升状态,但各阶段的提升速度存在明显差异,中国经济增速变化与经济发展质量变迁并不具有趋同性。在经济增长处于中高速阶段的2013—2018年,经济发展质量提升最为快速。从各方面指标贡献看,经济效率与稳定性及经济成果分配指标的贡献率随阶段变化波动较大;人力资本及其分布的贡献率,呈倒U型曲线特征;而自然资源与环境贡献率,则呈U型曲线特征;社会相关指标对经济发展质量提升贡献量2013—2018年较前几个阶段有所增大。本研究具有两方面的政策含义:一是中国在推动经济高质量发展方面稳步推进,但潜在的挑战依然较多,推动高质量发展仍需付出努力;二是要加快推动以人民为中心的发展转型,提升人力资本,促进知识阶层崛起,形成有利于广义人力资本形成的消费与创新效率补偿的良性互动。"
2021,汇率变动、产品再配置与行业出口质量,毛日昇;陈瑶雯,汇率变动;出口质量;重新配置;进口中间品,经济研究,0,"本文通过构建局部均衡理论模型,分析了出口和进口汇率变化对行业出口质量升级的不同影响机制。基于中国2000—2015年海关多维度细分产品数据,采用KSW方法和BF方法测算了细分制造业的出口质量升级状况,检验了人民币汇率变动通过多种渠道对中国制造业出口质量升级的影响。研究表明:第一,汇率升值会显著促进行业出口质量升级。出口和进口汇率变化对行业出口质量升级作用相反,出口汇率变化的边际作用相对更高。第二,汇率升值主要通过影响行业内部产品重新配置(新产品净进入)促进了行业出口质量升级,汇率升值对行业出口质量升级的扩展边际和集约边际作用相反,对扩展边际质量升级的正向影响作用更大。第三,汇率变化对出口质量升级影响与行业进口中间品的比重存在显著的系统性关系,在进口中间品比重更高的行业,汇率升值更可能对出口质量升级产生促进作用。"
2021,效率与公平不完全相悖：信息化与工业化融合视角,谢康;廖雪华;肖静华,信息化与工业化融合;经济增长效率;经济增长公平;不完全相悖;数字经济,经济研究,0,"本文根据中国省际面板数据的实证结果,提出信息化与工业化融合影响经济增长效率与公平不完全相悖的概念,描述""两化""融合对经济增长效率的影响是确定、正面且当期,对经济增长公平的影响则是直接与间接、正面与负面作用相互叠加且当期与滞后效应共存。在此基础上,对影响经济增长效率与公平不完全相悖效应的发生机理、现实事例及对数字经济的启示进行讨论。表明效率与公平不完全相悖具有普遍性,由此提出解决效率与公平不完全相悖的技术替代规则、非抑制技术进步的能力提升规则、动态调整的分层分类规则等三种抵消性规则,为社会主体更高效地获取数字经济的社会福利、控制数字经济的不确定性风险提供了政策启示。"
2021,三次产业增长和产业价格结构变化对中国经济增长的影响：1952—2019年,王弟海,经济增长;三次产业;价格结构变化;经济增长率的分解,经济研究,0,"本文主要研究了1952—2019年我国三次产业增长和价格结构变化对实际GDP增长率的影响效应。本文首先在现有增长率因素分解的核算方法基础上提出了一种新的增长率分解核算方法,这一方法能够识别出结构变化对增长率的影响效应。然后,运用新分解方法重新核算了1952—2019年我国实际GDP增长率的产业分解情况,并藉此重点分析了三次产业增长拉动实际GDP增长的情况,以及价格结构变化对我国经济增长率和三次产业增长拉动GDP增长点的影响。分析结果表明,1952—2019年我国经济增长主要由第二产业增长拉动(贡献率超过50%),但第三产业拉动经济增长的作用逐渐增大,二产作用逐渐减小;短期内,三次产业价格结构变化对经济增长的影响总效应不大,但三次产业自身的价格变化效应并不小,并且价格结构变化极大改变了三次产业增长拉动实际经济增长的效应;长期来看,价格结构变化通过鲍莫尔成本病对经济增长产生较大阻碍作用。"
2021,贸易开放与财政政策波动性,王立勇;袁子乾;纪尧,贸易开放;财政政策波动性;政府规模;回归合成法;机器学习,经济研究,0,"本文首先通过方差时变模型测度了中国和其他42个国家(36个OECD国家与6个非OECD国家)的财政政策波动性。此后借助Hsiao et al.(2012)的反事实框架,利用42个国家与中国的个体相关性,以中国2001年底正式加入WTO这一事件作为准自然实验进行反事实分析,以此推断贸易开放对财政政策波动性的因果效应,并借助Hsiao et al.(2012)反事实框架、""matrix completion""方法和面板数据模型等进行稳健性检验与机制分析。结果表明:中国的财政政策存在较大的波动性,但在2001年底加入WTO后,财政政策波动性有所降低;贸易开放对财政政策波动性具有显著的因果效应,随着贸易开放度的提高,财政政策波动性显著降低,结论具有稳健性与一般性。进一步的回归合成法实证结果显示,贸易开放对财政政策波动性的影响通过""中介效应""和""补偿效应""扩大政府规模这一渠道产生,即伴随一国贸易开放度的提高,该国政府规模随之扩大,进而降低该国的财政政策波动性。"
2021,新兴经济体汇率制度选择：状态依存的视角,路继业;张娆,汇率制度选择;稳定汇率倾向;真实状态依存;虚假状态依存,经济研究,0,"本文在多元离散选择模型中引入真实状态依存和虚假状态依存,试图解释大部分新兴经济体长期采用爬行钉住汇率制度、波幅与管理浮动汇率制度以稳定名义汇率的事实。研究发现:(1)新兴经济体的汇率制度选择主要由状态依存决定,并且真实状态依存这一内在驱动因素是导致新兴经济体采用爬行钉住、波幅与管理浮动汇率制度的重要原因;(2)非状态依存所代表的外部决定因素对新兴经济体汇率制度选择的影响不显著也不稳健,这与经典汇率制度选择理论的预测不同;(3)具有稳定名义汇率功能的爬行钉住、波幅与管理浮动汇率制度并不必然具有危机倾向,相反在一定条件下具有较高可维持性和稳定经济的作用。中国2015年""8·11汇改""以来逐步增加人民币汇率稳定性的政策调整有内在合理性。最后,本文给出了有针对性的启示与政策含义。"
2021,农业经济学研究中的微观数据使用及发展趋势——第三届微观经济数据与经济学理论创新论坛综述,钱文荣;茅锐,,经济研究,0,"<正>2020年11月7日,经济研究杂志社和浙江大学中国农村发展研究院共同举办了第三届微观经济数据与经济学理论创新论坛。本文综合论坛入选的研究成果,揭示了微观数据在支撑乃至引领相关研究中发挥的重要作用,同时回顾了中国在""三农""微观数据库方面的建设历史、最新发展和挑战,并提出了可能的解决方案。"
2021,地方政府竞争下的区域产业布局,马草原;朱玉飞;李廷瑞,政府竞争;产业政策;产业结构;自然实验,经济研究,0,"地方政府竞争对不同行政区域的产业布局会产生何种影响?以Young(2000)为代表的主流文献大多基于""地方政府竞争→市场分割→地区产业同构""的理论逻辑,通过测量区域之间产业结构相似度的时间趋势来反推地方政府竞争及市场分割的强弱。本文认为,由于缺乏""无分割状态""下区域产业布局的对照组,使得这种以""时间趋势法""为识别策略的研究范式无法在时间截面上提供直接的事实依据,而只能在事先假定地区分割导致产业同构的基础之上,借助产业结构相似度的变化趋势来判断地区分割程度。这不仅陷入了前提和结论之间循环推证的逻辑窘境,而且很容易将经济体系中某种内在力量引起的各地区产业结构的共同变化趋势,错误地归咎于行政区域之间的市场分割。为了纠正现有研究范式和结论的偏差,本文利用中国省际分界线两侧城市的空间近邻特征构造了自然实验,真正析出了行政区割效应对地区产业布局的影响。一个颠覆性的结论是:省际分界线的存在显著扩大了跨省相邻的城市之间产业结构的差异程度,这意味着在地方政府竞争格局下,区域产业布局非但没有走向同构,反而通过特色产业政策强化了地区分工,促进了""行政区域专业化""的形成。"
2021,人口快速老龄化对经济增长的冲击,都阳;封永刚,快速老龄化;经济增长;冲击,经济研究,0,"中国即将进入人口老龄化加速的时期,其速度在中等收入和高收入国家中位于前列。利用122个国家跨越25年的面板数据,本文实证分析了不同的老龄化速度对经济增长的影响。结果表明,人口老龄化速度只有在达到一定阈值时,才会对经济增长产生显著的影响。中国未来的人口老龄化进程显然符合快速老龄化组的特征,基于本文的估计参数和人口预测数据估算,仅仅由于人口快速老龄化,中国2020年至2025年的经济增长速度平均每年将会放缓1.07个百分点。抑制劳动力市场规模扩张和减缓全要素生产率增长是老龄化影响经济增长的两个最重要的机制。虽然未来改变人口结构的可能性非常有限,但可以根据快速老龄化影响经济增长的上述途径制定相关的应对策略。"
2021,环境规制的产业转移升级效应与银行协同发展效应——来自长江流域水污染治理的证据,罗知;齐博成,环境规制;银行业发展;产业转移;产业升级,经济研究,0,"环境规制是否能实现青山绿水和金融发展的双赢是同时打赢""三大攻坚战""的关键。严格的环境规制可能带来大量高污染企业的关停并转、企业违约风险加大,对于高污染企业集聚的地区而言,甚至有可能产生银行的信贷风险。本文利用""十一五""规划中的水污染治理政策作为外生的政策冲击,以长江流域的85个城市作为样本,研究结果显示,环境规制加强不仅没有对银行业产生负面冲击,反而能显著带动地区银行业的协同发展。本文从产业转移升级视角来解释这一现象:(1)严格的环境规制使得污染程度较高的企业产值下降,由此产生的产品供给缺口转移到污染程度较低的企业。污染程度较低的企业产值提高增加了信贷需求,从而推动了银行业发展。(2)严格的环境规制也推动了地区的产业结构升级,第三产业无论是产值还是比重都出现了显著的提高,这都将增加信贷需求,促进银行业发展。"
2021,技术进步和产业结构扭曲对中国能源强度的影响,沈小波;陈语;林伯强,技术进步;产业结构;结构扭曲;能源强度,经济研究,0,"本文基于三次产业的就业份额和产出份额数据,测度1978—2016年中国分地区的产业结构扭曲指数,并利用空间面板模型考察分地区产业结构扭曲对能源强度的影响。结果表明,改革开放以来,中国分地区产业结构扭曲指数总体上显著下降,东部地区产业结构扭曲指数最低,中部地区次低,西部地区最高。空间杜宾模型的估计结果表明,中国能源强度在地区间存在明显的依赖性。产业结构扭曲虽然对能源强度没有显著的直接效应,但却存在显著的间接效应。从总效应看,产业结构扭曲是抑制能源强度下降的一个重要因素。提高能源价格、提升对外贸易水平、优化外商直接投资有助于驱动能源强度下降,R&D支出对抑制能源强度没有明显的积极影响。为了降低能源强度,中国应该致力于消除产业结构扭曲的微观根源,促进农业劳动力转移,建立市场化的能源价格形成机制,提高R&D支出的利用效率。"
2021,大数据、个人信息保护和价格歧视——基于垂直差异化双寡头模型的分析,李三希;武玙璠;鲍仁杰,价格歧视;个人信息保护;垂直差异化;福利分析,经济研究,0,"本文从价格歧视角度出发,讨论大数据时代非敏感个人信息保护的利与弊。传统文献认为,在垄断市场结构下,无个人信息保护会使厂商利用大数据对消费者进行一级价格歧视,从而最小化消费者剩余。本文则证明,一旦引入竞争,消费者总剩余和社会总福利在无个人信息保护和完全一级价格歧视时达到最大,而禁止价格歧视则带来产品的无效分配。此外,不同类型的消费者和厂商对个人信息保护政策的偏好不同。据此,本文认为引入竞争是解决企业利用大数据压榨消费者的有效途径,且消费者的非敏感个人信息应在竞争厂商间公平共享,从而为政策制定者在制定个人信息保护政策时根据行业特点协调各方利益提供了一定的理论依据。"
2021,经济增长、收入分配与贫困：包容性增长的识别与分解,黎蔺娴;边恕,收入分配;包容性增长;不平等;RIF回归;FFL-OB分解,经济研究,0,"使人民平等地参与、公平地享受经济发展的成果,不仅要增加家庭货币收入,更需要改善家庭间福利分配的不平等,但是如何准确度量群体间福利变化程度的不均?为此,本文通过NIGIC曲线和FFL-OB分解技术,构建了包容性增长的识别和分解方法,并使用2012—2017年中国综合社会调查数据,测度了不同收入群体间福利增长的状况。研究发现:(1)虽然不同收入阶层间的货币收入增长差异扩大了社会的财富不平等,但是非货币福利在低收入群体中的快速增长却缩小了阶层间的福利差距,实现了中国经济的包容性增长;(2)城乡收入增长差距缩小,包容性增长水平和趋势一致,但城乡内部收入增长差距扩大,城市增长中分配不均状况更显著;(3)非货币福利对不同群体、不同年份收入增长的影响程度不同,这实际体现了政府公共政策实施效果的差异,因此包容性增长分析能够成为一种新的政策评估工具。"
2021,中国共产党领导建设新中国的经济发展思想演进,洪银兴,新中国;中国共产党;经济发展思想;演进,管理世界,0,"研究新中国党的经济发展思想随着时代的进步而演进的艰难历程,不仅可以发现习近平新时代中国特色社会主义经济思想产生的渊源,而且可以深刻理解进入新时代后,习近平新时代中国特色社会主义经济思想中的关于经济发展的新思想的重大理论贡献。本文分站起来、富起来和强起来3个时代从6个维度研究经济发展思想演进。其中包括:(1)不同发展阶段对社会主要矛盾的判断,从而明确各个阶段的根本任务。(2)不同发展阶段的发展理念,从而产生不同的经济发展方式。(3)不同阶段提出的社会主义现代化的目标分析,从而产生不同的现代化路径。(4)不同发展阶段克服二元结构的路径分析,从而产生对农业的不同态度和不同的农业发展道路。(5)不同发展阶段经济发展的调节方向分析,从而产生对经济发展的供给侧和需求侧的不同调节思路。(6)不同发展阶段的发展格局分析,从而产生不同阶段国民经济的内循环和外循环的发展格局。"
2021,光荣与梦想：中国共产党社会保障100年回顾,席恒;余澍;李东方,中国共产党;建党一百年;民生;社会保障,管理世界,0,"中国共产党建党100年来,始终秉承着为人民谋幸福的宗旨,特别是在事关民生的社会保障领域,从建党初期的民生主张到政策实践,从中华苏维埃共和国的社会保障初步探索到陕甘宁边区的社会保障工作,从抗日战争时期、解放战争时期团结一切力量的人民保障到建国前期的劳动保险制度确立,从改革开放时期现代社会保障制度的积极探索到新时代世界上最大规模的社会保障体系建立。中国共产党基于时代变化的条件约束和保障民生福祉的目标约束,使中国共产党领导下的中国社会保障对象不断扩大,保障项目不断增加,人民群众的获得感、幸福感、安全感不断增强,真正体现了中国共产党全心全意为人民谋福祉的建党初心和奋斗目标,以100年的光辉成就,实现了中国人民的百年梦想。"
2021,国际运输通道与中国进出口增长——来自中欧班列的证据,周学仁;张越,中欧班列;双重差分;补贴;进出口,管理世界,0,"中欧班列是运行于欧亚大陆上的陆路贸易新通道和跨国货运合作新机制。在中国建设贸易强国和扩大向西开放背景下,中欧班列为研究国际运输通道对中国进出口的影响,提供了合适的准自然实验样本。本文利用2004～2017年中国城市层面的贸易数据、中欧班列数据等,采用双重差分方法识别了中欧班列开通的贸易增长效应。结果发现,相较于未开通中欧班列的城市,开通城市的出口和进口均显著增长;补贴激励是中欧班列贸易增长效应的中间机制,并主要通过铁路、公路和水路的物流规模增长实现传导作用;在没有班列补贴情况下,班列开行数量增加仍可促进开通城市进出口增长;市场引力对开通城市进出口增长有显著传导作用;中西部城市及经济发展水平较低的城市,开通中欧班列的进出口增长效应显著更大。本研究为我国推进中欧班列发展和建设国际运输通道提供了有益的政策启示。"
2021,经济集聚、技能匹配与大城市工资溢价,王俊,经济集聚;技能匹配;工资溢价,管理世界,0,"本文基于经济集聚的技能匹配效应视角剖析了大城市工资溢价的微观形成机制。文章以经典的搜寻与匹配模型为研究基点,引入劳动力匹配效率方程,在理论层面论证了经济集聚及匹配效率对工资水平的正面推动作用。将中国综合社会调查(CGSS)数据与地级市数据对接展开实证检验,考察经济集聚、技能匹配与大城市工资溢价之间关系。研究发现经济集聚促进了匹配效率的提升以及城市工资水平增长,并且经济集聚通过提升匹配效率而导致工资水平增长的传导机制也是存在的。经济集聚度高以及匹配效率高的直辖市和特大城市具有更加显著的工资溢价;在同等级别城市中,高技能劳动力相对于低技能劳动力具有更高的工资溢价,而且,在异质性城市和异质性劳动力中经济集聚影响工资水平的传导机制都是存在的。"
2021,破解颠覆性技术创新的跨界网络治理路径——基于百度Apollo自动驾驶开放平台的案例研究,李东红;陈昱蓉;周平录,颠覆性技术创新;平台;网络治理;自动驾驶,管理世界,0,"本文以百度Apollo自动驾驶开放平台为案例研究对象,研究了平台以跨界网络治理驱动颠覆性技术创新的演进过程及其内在机制,研究发现:(1)跨界平台网络是不同于单个企业的新型技术创新组织载体,可以通过技术网络丰富、市场网络丰富和两个网络价值共创的继起性演进在驱动颠覆性技术创新中发挥重要作用;(2)在跨界网络驱动颠覆性技术创新的不同时期,为解决技术与市场不确定性高以及网络参与者关系复杂等难题,平台可以通过网络治理路径的选择促进颠覆性创新的不同过程与结果,在技术网络丰富期,平台可以通过内容治理与关系治理促进技术的内容颠覆与结构颠覆;在市场网络丰富期,可以通过价值治理与关系治理促进市场的价值颠覆与结构颠覆;在技术网络与市场网络协同的价值共创期,可以通过""网络平台包络(内容治理)、跨界网络效应激发(关系治理)、异质性利润焦点获取(价值治理)""的综合治理促进技术与市场的颠覆可持续性;(3)平台治理中的内容治理与价值治理是跨界网络治理的""硬实力"",而关系治理是跨界网络治理的""软实力"",软硬实力的组合共同促进颠覆性技术的技术突破与市场突破。本文丰富了网络治理理论、颠覆性创新理论和平台理论,并对尝试借助平台推进新兴前沿技术突破、尤其是跨界推进颠覆性技术创新的实践行动具有管理启示。"
2021,从外部帮扶到内生驱动：少数民族BoP实现包容性创新的案例研究,郭咏琳;周延风,少数民族BoP;资源约束;片面认知约束;包容性创新,管理世界,0,"本文基于包容性创新理论,从少数民族致贫原因、依托资源类型以及资源约束特征差异的现实情境出发,提出少数民族BoP概念。在此基础上进一步探讨了少数民族BoP是如何与企业互动以识别、突破资源约束而最终实现包容性创新。通过剖析中国W电商企业少数民族非遗手工艺合作项目,本文揭示了少数民族BoP从外部帮扶到内生驱动的包容性创新实现过程。首先,我们发现了基于少数民族情境的手工技艺价值、产品规范化以及自我发展的片面认知约束。随后,我们开发根植于少数民族BoP的包容性创新过程模型,模型共有外部企业指导帮扶、外部企业连接帮扶和内生驱动发展3个阶段,使得少数民族BoP实现从以劳动力作为生产资源的普通生产者,到以非遗技能作为生产资源的企业合作伙伴,再到以非遗技能作为生产资源实现内生驱动的小型生产者的角色跃迁。本文提出的少数民族BoP概念拓展了现有文献中关于BoP的分类界定,为探讨少数民族BoP实现包容性创新方式提供了新思路,基于少数民族身份及外部环境而形成的片面认知约束的识别深化了BoP资源约束的研究,也为中国情境下拓宽少数民族脱贫之路提供了新路径。"
2021,基于技术追赶动态过程的后发企业市场认知演化机制研究,彭新敏;刘电光,市场认知;动态过程;演化机制;后发企业;技术追赶,管理世界,0,"后发企业在技术追赶过程中,既存在显性的技术能力劣势,又面临隐性的市场认知劣势,因此在构建技术能力之外还需通过改变市场认知才能突破追赶困境,然而现有研究尚未将市场认知作为独立的理论视角,且市场认知演化的关键过程及其内在机制仍未被充分揭示。本文通过对海天在注塑机领域实现赶超的案例研究,探究了后发企业在技术追赶过程中市场认知的演化过程及其机制。研究发现:(1)后发企业在""追赶—超越追赶—行业前沿""3个阶段中,市场认知相应地经历了""合法化身份—差异化形象—引领性地位""的连续演化过程。(2)在此过程中,模拟机制、转换机制和塑造机制依次发挥了重要作用。其中,后发企业通过由类比行动和获取外部资源构成的模拟机制,获得了市场合法化身份;通过由疏离行动和重组内部价值构成的转化机制,取得了市场差异化形象;通过由分化行动和重构未来方向构成的塑造机制,实现了市场引领性地位。据此,本文提出一个在技术追赶动态情境下市场认知演化的阶段式过程理论模型,明确了市场认知演化的前因、机制和结果,为后发企业克服市场认知劣势,最终摆脱技术追赶困境提供了管理启示。"
2021,中山大學嶺南(大學)學院——华南地区首屈一指的经济管理学院,,,管理世界,0,"<正>作育英才·服务社会EDUCATION FOR SERVICE中山大学岭南(大学)学院地处粤港澳大湾区腹地,是一所国内一流、国际知名的经济管理学院,秉承中山大学""德才兼备、领袖气质、家国情怀""的人才培养目标和""作育英才,服务社会""的岭南传统,致力于经济学、金融学、管理学的教学与研究,为中国乃至全球培养具有人文精神、全球视野的经济管理人才。2015年,学院获得AMBA、EQUIS和AACSB三大国际认证,是中国大陆第三家获此殊荣的商学院,成为全球同时获得三大认证的为数不多的商学院之一。2020年,学院顺利通过三大认证机构的再认证。"
2021,分类管控下的债务风险与风险传染网络研究,吴德胜;曹渊;汤灿;郝希阳,杠杆率;债权人结构;企业债务;担保网络,管理世界,0,"防范化解重大风险,守住不发生系统性金融风险的底线是我国经济工作的重心之一。本文针对部门债务,从债务口径、债务结构和偿付风险3个层次深入研究了实体经济债务风险的关键问题,提出了分类管控我国债务风险的理论模型。从部门间债务的比较分析中,本文发现非金融企业债务在实体经济债务中具有极高的系统重要性,针对这一特点,我们构建了双层交易对手方风险传染网络模型。以江苏省和山东省产业债发行人担保网为样本,基于该模型研究了区域非金融企业间债务风险传染结构,并根据综合节点度与对外风险敞口两类指标识别出若干核心风险传染节点。研究发现我国非金融企业部门内的债务间存在较强关联性,是潜在的区域系统性风险源。本文认为,我国当前的宏观债务问题存在国情特殊性,应尽快建立符合中国国情的债务风险和压力分析评估体系,为防范金融风险提供分类施策工具。"
2021,跨越非正式与正式市场间的制度鸿沟——创业支持系统对农民创业正规化的作用机制研究,雍旻;刘伟;邓睿,创业支持系统;农民创业;正规化;泛中介;多案例研究,管理世界,0,"创业者从非正式市场跃迁到正式市场的过程即正规化。基于制度经济学的研究往往将正规化视为成本收益分析后的合法性转变,忽略了非正式制度对该过程的影响。事实上,非正式市场中的创业者仅凭自身力量难以跨越不同市场间的制度鸿沟,需要依靠制度中介发挥桥梁作用。本研究综合制度经济学与组织制度理论视角探究创业支持系统作为泛制度中介如何助力农民创业者实现正规化。基于此,选取央视《致富经》栏目中10个农民创业实例作为样本,运用扎根理论方法探析农民创业正规化过程。结果表明:私人、学术、政府、非政府组织四类创业支持者实施一系列克服结构性制度空洞的举措,既提供了跃迁的经济激励和基础设施,更弥合了非正式与正式价值观念、行为规范、合理性认识之间的差异,促进了创业者在个体、网络、系统层面的变革。总体上,创业支持者及其支持举措构成的""泛中介""创业支持系统为农民创业正规化提供支撑,而提升该系统的稳定性将有助于变革的实现,使当地市场与制度环境得到改善并诱发更多农民创业跃迁行为,最终形成正规化的良性循环。"
2021,创业团队的内部治理：协作需求、薪酬差距与团队稳定性,许楠;田涵艺;刘浩,创业团队;团队内部治理;团队稳定性;薪酬差距;创业板,管理世界,0,"创业团队是组织租金创造的源头,其内部是如何使用正式合约进行治理的,尚缺乏大样本实证研究。利用2009～2018年创业板团队创始人个人层面的数据,我们以创业团队面临的第一份正式合约薪酬契约为视角,研究发现:较小的薪酬差设置显著提高了创业团队的稳定性;同时,在协作需求更强(业务复杂度高)的团队中,上述关系被显著加强。进一步地,我们考察了不同的团队特征(团队规模和亲缘关系),发现随着私下沟通成本的增加以及团队间非正式合约的替代,薪酬差距和团队稳定性的关系被显著削弱;最后,我们进行了相关经济后果的检验。本文的发现强调了正式合约设计和团队生产力物化过程的匹配规律,也为团队治理过程中隐性契约和显性契约的耦合提供了证据。"
2021,党的以人民为中心的土地政策：百年沿革与发展,俞明轩;谷雨佳;李睿哲,土地政策;土地制度;以人民为中心;深化改革;治理,管理世界,0,"党的百年土地政策从一个侧面折射出中国共产党人为中国人民谋幸福的初心和使命。本文以党的百年土地政策的沿革与发展为线索,系统梳理了党实现""耕有其田""、""住有所居""的人民愿望的土地政策改革历程,对党通过土地政策确立土地公有制和以用途管制为核心的土地管理制度,完善土地产权及土地资源配置体系,优化土地利用结构和不断解放发展土地要素生产力的实践与创新做了深入解读。通过梳理党的百年土地政策变革历程中不同阶段土地政策的特征及内在联系,提炼出在土地政策的制定和调整中要坚持""以人民为中心""的执政理念、充分发挥市场机制在土地资源配置中的决定性作用及注重生态文明建设以确保土地资源可持续利用和为民所用的现实启示。"
2021,精准扶贫政策效果评估——家庭消费视角下的实证研究,尹志超;郭沛瑶,精准扶贫;双重差分模型;消费;消费结构,管理世界,0,"本文基于2013～2019年中国家庭金融调查(CHFS)数据,运用双重差分(DID)方法,检验了精准扶贫政策对贫困家庭消费的影响,深入探讨了精准扶贫分类施策的政策效果。研究发现,精准扶贫政策使贫困户人均消费提高4.37%,生存型消费提高5.76%,发展型消费提高13.12%。从消费结构来看,政策显著增加了食品、衣着、居住、交通通信及教育文娱等支出,同时,居住类、交通通信支出占总消费的比重显著提高,医疗保健支出占比显著降低。进一步地,对于老年贫困家庭,精准扶贫政策通过直接转移支付方式提高消费水平,优化消费结构;对于因病致贫家庭,政策通过低保等直接转移支付方式,降低医疗支出,提高生活水平;对于因学致贫家庭,政策通过教育帮扶方式,缓解教育负担,改善生活质量。对于教育程度低的家庭,政策通过""扶志与扶智""相结合的方式激励贫困家庭,过上美好生活。本文实证结果表明精准扶贫政策发挥出""对症下药,靶向治疗""作用。家庭特征异质性分析表明,政策对老年人口、不健康人群、未成年子女数量多、教育水平低的深度贫困家庭作用更明显。地区异质性分析发现,政策在贫困县与""三区三州""深度贫困地区效果更突出。这表明精准扶贫政策聚焦深度贫困,专啃""硬骨头"",精准发力,推动贫困家庭生活质量大幅提升。本文的研究为厘清精准扶贫政策帮扶渠道,评估减贫动态效果提供了实证依据,可为相关部门切实把握政策成效,巩固拓展脱贫成果,总结中国扶贫经验提供政策参考。"
2021,迈向2035年的中国乡村：愿景、挑战与策略,叶兴庆,农业农村现代化;乡村振兴;2035年,管理世界,0,"未来15年,农业小部门化的推动因素将更加多元,农业增长区域分化程度将更加显著,以粮食为代表的大宗农产品""总量不足、品种分化""格局将更加明显,农户兼业化、农民老龄化、村庄空心化将更加突出。应处理好发挥农业比较优势、提高农业资源配置效率与稳产保供的关系,处理好扩大农业经营规模、优化村落布局与促进农民工市民化的关系,处理好发展乡村""三新经济""、优化乡村人口结构与扩大农村土地集体产权结构开放性的关系,处理好增加乡村振兴资源要素投入、改善乡村基础设施和公共服务与提高资源配置效率的关系。应充分利用农业多种功能和乡村多元价值带来的机遇,遵循城镇化和乡村发展规律,以促进农业提档升级、发展乡村""三新""经济和提升乡村生活品质为主要抓手。"
2021,马克思经济学的当代价值及其现实意义研究——评《走进马克思经济学殿堂》,杨运筹;孟繁芸,,管理世界,0,"<正>马克思主义经济学是一门随着时代变化而发展的社会科学理论,是伴随着现代化的脚步而不断完善和实现历史性突破的,加快马克思主义经济学的现代化进程能够进一步完善其理论体系,也能够更好地促进人们对马克思经济学知识内容的消化理解,使其理论成为建设我国社会主义政治经济学的重要内容。当代经济学者卫兴华编写的《走进马克思经济学殿堂》一书,对马克思经济学的当代价值及其现实意义研究具有重要的参考价值和作用。作者汇集了他学术生涯的各个时段,几十年如一日地坚持和发展马克思主义经济学理论,在他的学术文集和专著中阐述了许多与《资本论》有关的重要观点。"
2021,密度、距离与农民工工资：溢价还是折价?,胡雯;张锦华,密度;距离;集聚经济;工资溢价,经济研究,0,"大城市的密度、距离带来的是工资溢价还是工资折价?本文匹配了4460个农民工数据与184个迁入地城市数据,采用两阶段工具变量法进行了实证分析。研究发现,反映城市集聚的密度有正外部性,在控制劳动力特征后工资溢价仍然存在。控制城市特征后,发现密度过高导致工资折价。距离对集聚经济有离散作用,农民工工资与迁移距离呈现""N型""关系,与到中心城市距离存在""∽型""关系,证实了""中心—外围""理论。密度、距离对工资存在交互作用,内含集聚效应与拥挤效应的博弈。工资溢价存在于大城市和特大城市,而超大城市和中小城市表现为工资折价。本文印证了适度的城市规模才能发挥集聚经济的工资溢价,合理规划城市形态,缩短距离、减少分割,重塑中国经济地理和农民工迁移版图,在集聚中走向平衡。"
2021,农村税费改革与地方政府筹资模式的转变,毛捷;曹婧,政府筹资模式;土地税收比率;农村税费改革;取消农业税,经济研究,0,"政府筹资模式转变与经济发展阶段和财税体制改革等密切相关。为实现财政可持续,为经济高质量发展提供财力保障,有必要研究地方政府筹资模式的调整机制与优化之策。本文利用1999—2016年中国地级市层级数据,借助取消农业税改革造成的地方财力紧缩构建强度双重差分模型,实证检验了财力紧缩对土地税收比率(土地出让收入与地方税收收入之比)的影响。研究结果发现,财力紧缩是造成地方政府筹资模式偏离税收、转向土地的重要原因,该结论不受变量设定和干扰性因素等影响,并通过了安慰剂检验。进一步的异质性分析表明,上述效应在土地出让收益较高和实施土地储备制度的地区更为突出,而在土地出让成本较高的地区有所减弱。本文研究表明,协同稳步推进央地财政关系改革、地方税体系建设和土地要素市场化配置有助于破解地方政府对土地融资的路径依赖,回归以税为主的筹资模式。"
2021,过度借贷的负外部性与最优宏观审慎政策设计,贾鹏飞;范从来;褚剑,宏观审慎政策;过度借贷;负外部性;高杠杆;最优政策设计,经济研究,0,"宏观审慎政策对于防范化解重大风险、维护经济金融稳定具有举足轻重的作用,现有研究主要关注具体的宏观审慎政策工具是否改进社会福利、如何与其他经济政策协调配合,而鲜有对更根本的宏观审慎政策实施的理论依据的探讨,也就难以真正触及最优宏观审慎政策的本质,更难以设计最优政策。本文基于过度借贷负外部性的视角,系统阐释了""过度借贷-负外部性-市场失灵-政府干预-最优宏观审慎政策""的理论机制。具体地,本文通过建立一般均衡模型进行研究,发现无政策干预下借款人的过度借贷行为会产生严重的负外部性,导致经济陷入借贷约束收紧、消费减少、资产价格下跌的恶性循环,最终加剧金融危机的发生;而政府可以通过宏观审慎政策干预借款人的过度借贷行为,当借贷水平达到社会最优时,宏观审慎政策就实现了最优设计。在此基础上,数值模拟表明,最优宏观审慎政策可以大大降低金融危机发生的概率以及金融危机对实体经济的影响程度。在当前实体经济高杠杆危及经济金融稳定的大背景下,本文的研究对于政策当局有效制定宏观审慎政策以防范化解重大风险具有较为重要的理论启示。"
2021,中国高投资率之谜：分税制的激励作用,刘勇政;吕冰洋;李岩,税收分成;分税制;投资率,经济研究,0,"中国投资率长期大大高于世界平均水平,并呈波动上升趋势。是什么因素在支持投资的长期高速增长?从财政角度看,近二十年来最重要的制度安排是分税制,其重要特点是地方政府参与流动性税基的税收分成。本文结合分税制的特点研究它对投资的激励作用,理论分析发现:当地方政府的税收分成比例提高时,地方财政收入和公共支出随之增加,征税带来的正外部性会超过负外部性,由此对投资产生正的边际效应。实证结果支持了理论判断,即省以下政府企业所得税和增值税分成比例的提高显著地推动了地级市投资率的上升,该激励效应在经济不发达地区更为明显,而2008年金融危机一定程度上削弱了投资激励。上述结论从财政激励的角度解释了伴随中国经济快速发展的投资高涨现象。"
2021,消费税征收环节后移对企业的影响——来自股票市场的初步证据,刘行;陈澈,消费税;征收环节后移;税收改革;企业价值;事件研究,经济研究,0,"采用事件研究方法,本文通过观察股票市场对""消费税征收从生产环节后移至批发/零售环节""的改革方案的反应,为消费税征收环节后移对企业的影响提供了初步证据。结果表明,相比未缴纳消费税的企业,缴纳消费税的企业在[-1,1]事件窗口期的股票市值下降了约0.8%。这与消费税征收环节后移会提高消费税税基,降低消费者需求,负面影响企业业绩的预期一致。进一步,消费税征收环节后移对消费税缴纳比例较高、产品需求价格弹性较大、所销售的消费品采用从价定率和复合计税方法(相较于从量定额计税方法)的企业影响程度更大。此外,本文还识别了消费税征收环节后移之后潜在的消费税纳税义务人,发现这些企业的股票市值也在显著下降。本文结论有两点启示:(1)消费税征收环节后移的同时可以适度且差异化地降低消费税税率;(2)消费税征收环节的后移会改变行业内的市场结构,加剧行业分化。"
2021,企业家控制权、创业资本与资本配置效率——来自中国民营上市公司的证据,覃家琦;杨玉晨;王力军;杨雪,企业家控制权;创业资本;资本配置效率,经济研究,0,"本文以1998—2015年中国民营上市公司为样本,检验企业家控制权、创业资本与资本配置效率之间的关系,研究发现:第一,企业家控制权能够促进资本配置效率,验证并拓展了Coase (1937)所强调的企业家控制权在资源配置中的重要作用。第二,创业资本对企业家控制权-资本配置效率敏感性具有负面影响,验证了Kaplan&Stromberg (2003,2004)所提出的创业资本对企业家控制权的分割作用,为创业资本影响企业价值提供了企业家控制权视角的理论基础和实证证据。第三,企业家控制权的增值效应在治理、管理两种控制权上均有体现,但创业资本的分割效应更多地体现为对治理控制权的分割。第四,在将技术效率替换为单要素生产率、全要素生产率、全要素生产率增长及其分解指标后,以及通过工具变量法、倾向得分匹配和干预效应模型处理内生性问题后,原有结论依然成立。第五,企业家控制权的增值效应在中国传统文化背景下更为明显,而创业资本的分割效应则受到多个因素的制约,包括企业家层面的政治背景、公司层面的融资约束和增长机会、中观层面的行业和地区因素。"
2021,房价与出口：不可贸易部门对可贸易部门的挤出效应,陈勇兵;刘佳祺;徐丽鹤,房价;出口;荷兰病;降成本;稳外贸,经济研究,0,"本文基于2005—2013年城市层面数据,利用2010年颁布的限购政策作为房价负向冲击的自然实验,将其作为房价的工具变量,探讨房价对出口的影响。研究发现,限购城市相对于没有实施限购的城市,限购政策实施之后出口相对增长。在一系列稳健性检验后,结果依然稳健。进一步地,在排除了物价总体上涨带来的影响后,本文肯定了""荷兰病""原理中不可贸易部门繁荣对可贸易部门发展的挤出效应,即高房价导致劳动力和资金向房地产相关部门流动,这带来了制造业部门用工成本和资金成本的上升,进而阻碍了制造业企业的出口。因此,稳房价,降成本,是稳外贸的重要支撑。"
2021,央行沟通有助于改善宏观经济预测吗?——基于文本数据的高维稀疏建模,林建浩;陈良源;罗子豪;张一帆,央行沟通;文本分析;宏观经济预测;栅栏分布式多项回归模型,经济研究,0,"宏观经济预测是宏观调控精准施策的重要前提,一直以来是方法论研究的前沿议题。随着央行沟通在预期管理中的频繁使用,其传达的信息受到普遍关注,本文致力于利用央行沟通文本进行宏观经济预测。首先生成符合央行沟通表达习惯的专用词典用于构建完整语料库,继而利用栅栏分布式多项回归模型从高维和稀疏的语料库中提取有效信息,得到央行沟通测度。基于152个指标构建基准动态因子模型,进一步引入央行沟通测度作为新的预测因子,结果显示央行沟通测度有助于提升模型样本内拟合效果。考察样本外预测效果,在不包括预测变量历史信息时,央行沟通测度能够使得不同期限的预测精度提高6.80%—16.65%;包含预测变量历史信息时则出现分化,在期限较短时,央行沟通未能提升预测精度,这是因为主要沟通信息与预测变量历史信息重叠;当期限较长时,预测精度有所提升,表明沟通中少量的前瞻性指引具有持续的预测能力。本文研究从预测角度验证了中国央行沟通在预期管理中的作用,并为进一步利用非结构化的文本大数据提升中国宏观经济实时预测能力提供了新思路。"
2021,财政扩张、信用违约和民营企业融资困境,梅冬州;温兴春;吴娱,财政扩张;信用违约;民营企业融资,经济研究,0,"2008年国际金融危机后的财政扩张计划使得民营企业产出比重下降,之后的""去杠杆""又导致民营企业融资更加困难,针对这看似矛盾的现象,本文构建了一个包含金融摩擦的多部门DSGE模型,在一个一致的框架下进行了分析。研究发现,以信贷来支撑的财政扩张,在刺激产出增加的同时,也提高了资金的使用成本,进而对民营企业借贷成本产生影响。去杠杆的过程中出现的大量违约,造成金融中介资产损失,导致金融中介减少贷款,同时通过金融加速器效应使得企业外部融资成本上升。更高的借贷成本和更高的外部融资风险溢价,导致民营企业融资成本大幅上升。对此,要从宏观政策上改善民营企业融资困境,应关注政策或者冲击对银行资产负债表的影响,并通过调节银行准备金或者用财政资金补充银行资本金进行应对。"
2021,省会城市经济发展的溢出效应——基于工业企业数据的分析,赵奎;后青松;李巍,强省会战略;溢出效应;学习机制;Bartik工具变量,经济研究,0,"如何协调城市之间的经济发展是一个重要问题,一种观点主张""严格控制大城市规模,发展中小城市"",另一种相反观点主张推行强省会战略,以省会城市的发展带动地方城市的发展。两种政策主张的差异反映了人们在省会城市的发展是促进还是阻碍地方城市的发展这一问题上的分歧。本文使用中国工业企业数据库构造的1998—2012年城市—行业层面的面板数据来研究省会城市的工业发展对省内其他地方城市发展的影响,通过使用份额移动法构造的Bartik工具变量来解决内生性问题。回归结果表明,省会城市的工业发展会显著带动地方城市的发展:省会工业的发展每提高1个百分点,会带动地方城市的发展提高0.2—0.3个百分点。本文区分了实现溢出效应的两种机制:学习机制和分工机制。实证分析表明,学习机制在其中起主导作用。最后,本文从上下游产业关联的视角分析了省会城市工业发展的影响,发现了比之前更强的溢出效应,其影响为0.3—0.5个百分点。本文研究为强省会战略的实施提供了实证支持。"
2021,构建新发展格局：在统筹发展和安全中前行,高培勇,新发展阶段;新发展理念;新发展格局;统筹发展和安全,经济研究,0,"本文围绕构建一个什么样的新发展格局、怎样构建新发展格局这一重大问题,分别三个层面作了系统分析:其一,透过现象看本质,新发展格局的核心要义在于统筹发展和安全。只有站在统筹发展和安全的高度,才能找准构建新发展格局的着力点和着重点、出发点和落脚点,防止构建新发展格局实践走偏变样。其二,统筹发展和安全不仅同构建新发展格局的行军路线和最终成色高度关联,而且体现了进入新发展阶段、贯彻新发展理念的必然要求。以加快构建新发展格局为契机和转折点,我国已走上坚持发展和安全并重之路。其三,相对于其他领域或其他方面的安全而言,市场主体安全是最具基础意义的安全,财政安全是最具底线意义的安全。在统筹发展和安全中构建新发展格局,要牵""牛鼻子""——首先统筹好市场主体发展和安全以及财政发展和安全。"
2021,潜在增速缺口与宏观政策目标重构——兼以中国实践评西方主流宏观理论的缺陷,陈彦斌;陈伟泽,宏观政策目标;货币政策;产出缺口;潜在增速缺口;新凯恩斯主义,经济研究,0,"理想的宏观经济运行状态应该呈现为产出缺口和通胀缺口等短期指标在合理区间内平稳运行,而且潜在增速相对稳定。近十年来中国经济出现了产出缺口较小而潜在增速快速下调的现象,以逆周期调控为核心的新凯恩斯主义宏观调控主流理论难以适用于此情形。因此,本文提出""潜在增速缺口""概念——潜在产出增速与潜在产出合理增速的差值,试图构建一个新的宏观政策一般性理论框架来分析宏观政策目标体系重构问题。该理论框架的优势在于能够将长期潜在增速与短期产出水平的权衡取舍关系纳入到统一分析框架内。本文得到超越传统宏观调控理论的两个一般性结论。第一,当潜在增速内生决定时,名义刚性会导致潜在增速无效调整,因此需要把潜在增速缺口纳入宏观调控目标体系中。第二,由于存在产出缺口与潜在增速缺口的权衡取舍关系,因此短期总需求管理政策需要对潜在增速缺口作出必要反应。有鉴于此,由于现阶段中国潜在增速处于持续下调状态,宏观调控不宜再以产出缺口为零为核心目标。中国宏观调控可持续3—5年适当增加力度,即让产出缺口保持为正以收窄负向潜在增速缺口,这有助于中国经济走出潜在增速与总需求螺旋式下调的局面,并提高宏观调控效率。"
2021,构建新发展格局与马克思主义经济学的创新发展——全国第十四届马克思主义经济学发展与创新论坛综述,孔晓;谢地,,经济研究,0,"<正>党的十九届五中全会提出""加快构建以国内大循环为主体、国内国际双循环相互促进的新发展格局""。这是直面""百年未有之大变局""和新冠肺炎疫情在全球爆发以来错综复杂的国际国内形势,对""十四五""期间乃至未来更长时间我国经济社会发展战略作出的新的重大谋划,是习近平新时代中国特色社会主义思想的重大理论创新,也为创新发展当代中国马克思主义经济学提供了丰厚的土壤。"
2021,“十四五”时期健全现代文化产业体系的逻辑框架与战略路径,顾江;陈鑫;郭新茹;张苏缘,现代文化产业体系;文化市场;协同发展,管理世界,0,"健全现代文化产业体系是""十四五""时期我国经济高质量发展的重要内容之一,更是满足人民美好生活需要的内在要求和重要保障。本文基于我国现行文化产业体系运行过程中的结构性矛盾、要素错配、市场治理机制不完善以及全球文化产业价值链低端锁定风险等问题,准确把握现代文化产业体系的内涵、特征与目标,遵循""要素协同、产业协同、区域协同、供需协同""的系统发展逻辑,以实施龙头企业带动、推进柔性生产、优化产业结构、鼓励创新创意为战略思路,从强化文化金融支撑、激发文化消费、深化文化科技融合、壮大文化市场主体、促进对外文化贸易、引育文化人才、完善文化市场治理、推动协调发展等方面提出了健全我国现代文化产业体系的对策建议。"
2021,空气污染与城镇人口迁移：来自家庭智能电表大数据的证据,王兆华;马俊华;张斌;王博,空气污染;人口迁移;智能电表数据;面板门限模型,管理世界,0,"人口迁移近年来越来越受到国内外学者的关注,主流观点认为人口迁移主要动力来自于对经济收入和发展机会的追求等;但空气污染是否会导致城镇人口迁移,并且是否会因经济发展水平差异而存在异质性,目前缺乏可靠的实证证据。为此,本文基于200多万户城区家庭约1亿条智能电表月度数据,构建了区县级的城镇人口迁移指数,采用面板固定效应模型和两阶段最小二乘法分析了空气污染对城镇人口迁移指数的影响,在此基础上,引入门限回归模型探讨了该影响效果在不同经济发展水平下的异质性。研究发现,空气污染会对当地人口产生挤出效应,在冬季和春季等空气污染严重的时段人口迁出效应更加明显;进一步研究发现,空气污染对城镇人口迁移的影响存在短期累积效应,居民以往的城市空气污染经历会持续作用到当前的迁移行为;经济发展水平的差异会使空气污染对城镇人口迁移的影响产生门槛效应,在经济发展水平相对较低的地区,空气污染对城镇人口迁移的影响效果更加明显。这在一定程度上表明,经济发展水平较低地区的居民对所在地的工作岗位黏性和医疗条件黏性较弱,更容易受空气污染的影响而迁移。本文揭示了空气污染与城镇人口迁移的内在联系,对城市空气污染可持续应对具有一定的借鉴意义。"
2021,信任与捐赠：社会网络在捐赠型众筹中的认证作用,王正位;王新程,社会网络;信息不对称;信任;众筹,管理世界,0,"捐赠型众筹的社交属性吸引了广泛的爱心人士参与捐赠,为中国慈善事业带来新的发展契机,然而其快速发展的原因却未得到学界足够关注。本文使用某捐赠型众筹平台的数据实证研究受赠方社会网络的经济角色。社会网络除了提供捐款资金外,还起到了认证作用。证实人认证使项目更广泛地传播并吸引了更多的潜在捐赠者,进而募集到了更多资金。此外,不同社会距离的证实人认证作用的大小随关系的强弱呈现倒U型。本文也使用双重差分的方法缓解了内生性问题。这些研究发现对于金融科技通过拉动更广泛的社会力量来助力慈善事业的发展有着较为重要的理论和实践意义。"
2021,商业模式创新视角下我国半导体产业“突围”之路,吴晓波;张馨月;沈华杰,商业模式创新;半导体产业;后发劣势;二次创新;创新联合体,管理世界,0,"当前国际竞争格局严峻,我国半导体产业面临着前所未有的挑战。如何突破""卡脖子技术""成为各界专家讨论的焦点。然而,全球半导体产业的演化在遵循技术发展规律的同时,更与其商业模式创新紧密相关。可以说,没有商业模式创新就没有""摩尔定律""。在先发优势极其明显的半导体产业中,单纯就技术视角来谈半导体产业的""技术突围""只能受囿于已有技术范式,受制于人。首先,从台积电和三星两家企业通过""商业模式创新""克服后发劣势打破""天花板""的典型案例出发,本文分析提出了""分工体系重构""与""需求错位""两条商业模式创新路径。然后,通过对芯恩集成电路有限公司和长光精密仪器集团有限公司两个案例的剖析,进一步探究了中国情境下,后发半导体企业通过""创新联合体""和""差异化需求""克服后发劣势的两条商业模式创新路径。在此基础上,结合当下国际竞争格局与新冠疫情带来的影响,本文从技术(旧范式/新范式)、市场(全球化/逆全球化)情境和企业所采用的不同商业模式创新(原创/二次),总结提出了八种后发半导体企业的突破路径,并进行了相应资源、能力和策略的分析和讨论,以期对我国半导体产业的""突围""之路有所启示。"
2021,非研发补贴与研发补贴对新创企业创新产出的非对称影响研究,吴伟伟;张天一,新创企业;政府补贴;创新产出;金融化;信号效应,管理世界,0,"政府补贴对新创企业创新水平提升和持续发展具有重要意义。本文运用我国2009～2018年中小板和创业板新创企业数据,基于信号理论分析研发补贴、非研发补贴对新创企业创新产出的非对称影响,并探讨金融化与所有权性质对政府补贴信号传递的联合调节效应。实证研究发现:研发补贴对新创企业创新产出具有倒U型影响,非研发补贴对新创企业创新产出具有积极影响;新创企业金融化水平的提升能够强化研发补贴对创新产出的倒U型影响,新创企业金融化水平的提升能够加强非研发补贴对创新产出的积极影响;国有新创企业金融化对研发补贴、非研发补贴和创新产出关系的调节作用均弱于非国有新创企业。本文有助于深化对政府补贴信号效应的理论解释,为政府补贴政策制定和新创企业创新实践提供启示。"
2021,地方债务密集度攀升的乘数和双重挤出效应研究,刘蓉;李娜,地方债务密集度;经济增长;乘数效应;双重挤出效应,管理世界,0,"供给侧结构性改革背景下,我国经济运行出现地方债务密集度攀升的现象,即地方新增债务增量对产出增量的比值呈现上升的发展态势。本文试图解释地方债务密集度攀升的内在逻辑,从地方债务的新增和存量两个视角剖析其对经济增长的影响机制和经济效应。研究结果显示:(1)地方债务密集度攀升是地方新增债务拉动产出的传导路径受到不断累积叠加的地方债务存量的负向调节。实证结果显示,地方债务存量每增加1个单位,地方新增债务的拉动作用将下降0.007个单位。(2)地方新增债务通过公共投资和流动性渠道对短期经济增长产生乘数效应和第一重挤出效应;地方存量债务通过流动性渠道对短期经济增长产生第二重挤出效应,而且其还本付息压力会削弱地方新增债务的乘数效应并加重第一重挤出效应。(3)地方债务本息用财政资金偿付会压缩公共投资规模而降低乘数效应;用举借新债偿付会挤占流动性产生挤出效应。实证结果表明,两种情况相比较,前者负面作用更大。"
2021,分权的生产率增长效应：人力资本的作用,高琳,财政分权;经济增长;全要素生产率;人力资本;高质量发展,管理世界,0,"关于财政分权的增长效应迄今未形成广泛共识。本文考察财政支出分权对全要素生产率增长的影响。基于中国省级以下分权体制研究发现:(1)分权一方面通过地区竞争等有益机制促进了地区生产率增长,但另一方面又通过抑制劳动力人力资本水平阻碍了生产率增长。(2)分权促进生产率增长的正面效应在市级分权和县级分权层面均有体现,但负面效应主要由县级分权驱动;并且,县级分权的负面效应与正面效应几乎完全抵消。(3)对人力资本技能构成的分解发现,分权(主要是县级分权)对不同的劳动力技能存在异质性影响,即增加了低技能劳动力占比、减少了高技能劳动力占比。(4)机制分析表明,县级分权显著降低人力资本水平并不能由县级政府不重视公共教育投入的支出结构偏向行为解释,主要是因为分权促使县级政府大力推动制造业发展,由此吸纳相对更多的低技能劳动力和更少的高技能劳动力,进而拉低劳动力平均人力资本水平。本文为理解财政分权在中国经济增长中的角色提供了新证据,为分权增长效应的经验分歧贡献了一个""中国样本""诠释,亦丰富了分权如何影响人力资本的理论解释机制。"
2021,数智赋能：危机情境下组织韧性如何形成？——基于林清轩转危为机的探索性案例研究,单宇;许晖;周连喜;周琪,危机情境;组织韧性;能力升级;数智赋能;数字跳升,管理世界,0,"在VUCA特征日益明显的""新常态""下,企业赖以生存的商业模式与发展路径遭到破坏,能否在不利事件的冲击下形成韧性并反思改进和转型,成为企业存活甚至撬动未来发展的关键。本文针对林清轩转危为机的实践,系统探索了危机情境下组织韧性的形成过程以及数字化对组织韧性形成的作用机制。研究发现:(1)组织韧性是在不利事件不断压迫和干扰下所形成的一种特殊的动态能力,组织韧性的形成得益于激活、适应性重构和转化3个关键要素的动态循环;(2)数字化对于组织韧性形成的作用机制主要聚焦于连接、聚合和筛选3个方面,其背后体现的是数智赋能下组织核心要素的重塑过程;(3)危机情境下组织能力升级表现出一种数字跳升逻辑,即利用危机所产生的压力,将数字化视为组织能力升级的跳板,重塑企业经营管理场景与运营模式,在有限的时间内使组织能力实现由低阶到高阶的跃迁。本文最终所形成的理论框架,能够贡献于现有文献对于组织韧性的形成考量不足所造成的研究缺口,在此基础上所提炼出的数字跳升逻辑,既是对传统数字化转型逻辑的一种补充,也是在数字经济时代对组织能力升级理论规律挖掘的新尝试与新探索。"
2021,新时代经济科学的学科布局与顶层设计——国家自然科学基金经济科学学科申请代码调整的逻辑和内容,任之光;薛涧坡;洪永淼;汪寿阳,国家自然科学基金;经济科学学科;申请代码,管理世界,0,"本文介绍国家自然科学基金经济科学学科申请代码调整的时代背景,分析经济科学学科在整体资助中的定位和现状,结合新时代自然科学基金委改革部署和经济科学学科战略布局,提出经济科学学科申请代码调整所遵循的八大主要原则和整体框架。在此基础上,详细介绍申请代码调整的内在逻辑、调整内容和资助方向,对比新申请代码与原有申请代码、国内国际主要机构对经济科学学科领域不同划分方法之间的区别和联系,为推动""十四五""时期中国经济科学研究方法科学化、问题解析规范化、理论知识系统化做好顶层设计。"
2021,中国信息经济学乌家培资助计划,,,管理世界,0,"<正>中国信息经济学会成立于1989年,致力在信息经济与信息管理领域搭建理论创新的桥梁,推动跨学科发展。学会创始人乌家培教授为著名经济学家,中国数量经济学会和信息经济学会创始人。为促进中国信息经济与信息管理领域的青年学者成长,产生有国际影响力的理论创新成果,学会于2015年设立中国信息经济学乌家培资助计划,以表彰中国信息经济与信息管理领域青年学者的理论创新贡献。2016-2020年分别进行了一至五届乌家培资助计划的评选。"
2021,2020中国信息经济学乌家培资助计划,,,管理世界,0,"<正>2020年中国信息经济学乌家培资助计划授予南京审计大学经济学院俞宁教授和复旦大学管理学院卢向华教授。俞宁教授在理论经济学的机制设计和社会选择方面做出了不少达到国际一流水准的工作,研究成果具有较强的影响力和发展潜力。卢向华教授的研究涵盖了信息经济、信息管理与市场营销的交叉领域前沿课题,在理论和实践方面均有较好的影响力。"
2021,第六届中国信息经济学乌家培资助计划（2021）评选公告,,,管理世界,0,"<正>【评选条件】(1)评选对象需在国内外学术期刊发表信息经济和信息管理领域的论文(发表时间不限),其中代表作3-5篇(第一或通讯作者);(2)代表作具有重要的学术创新性和影响力;(3)评选对象为具有中华人民共和国国籍,2021年7月31日前不超过45周岁的学者。【资助计划】资助人数为1-3名,资助总额为20万元人民币。"
2021,中国开放型经济学：构建阐释中国开放成就的经济理论（英文）,裴长洪;刘斌;龚华燕,中国特色社会主义;开放型经济学;全球治理;人类命运共同体,Social Sciences in China,0,"构建中国开放型经济学理论,应突破西方主流国际经济学的局限性。一是揭示围绕""三对关系、六条线索""展开的中国渐进式贸易自由化进程的规律。二是总结互联网、数字技术和人工智能等新业态重塑中小企业微观主体地位,培育和形成国际竞争新优势的经验。三是分析共建""一带一路""建立的合作共赢、海陆贯通的新型国际生产分工模式及其蕴含的贸易盈余与资本输出紧密联系的新型国际经济多元平衡观。四是在习近平重要论述指导下,将人类命运共同体全球经济治理中国方案的理念学理化。"
2021,地域社会论与乡族理论：比较视野下的社会经济史研究（英文）,郑振满;森正夫;王文娥,明清;江南;社会经济史;地域社会论;乡族理论,Social Sciences in China,0,"当代中日两国学者对中国古代史研究一直保持着密切的交流与对话。明清江南社会经济史研究兼具区域史和社会经济史这两个侧重点不同的重要的研究领域。区域史研究具有宏观整体的视野,社会经济史侧重人类的经济和社会行为,两者的长期结合研究,逐渐产生了一些具有重要影响力的有关明清江南社会发展的一般性结论。日本学者森正夫对""地域社会论""做了深入的阐释,中国学者郑振满则从""乡族理论""的角度做了回应。国际学术界长期保持的对话和交流所激发的古代社会研究的理论创新是宝贵的知识共同体财富。"
2021,区块链、企业数字化与供应链金融创新,龚强;班铭媛;张一林,区块链;供应链金融;道德风险;金融科技,管理世界,0,"数字供应链金融是区块链技术与传统供应链金融相结合的金融创新产物。本文构建了位于供应链网络中的企业向银行抵押融资的理论框架,系统分析了数字供应链金融的经济运行原理以及与传统供应链金融相比的优劣。研究发现,当供应链上的上链企业达到一定数量,且上链信息的质量达到一定水平时,区块链的共识机制所揭示的企业相关信息将逼近于真实信息,从而起到防范企业信息操纵、恶意欺诈等道德风险的作用,使得银行能够在有效控制风险的情况下为供应链上的企业提供可及性足够高、成本足够低的融资服务。反之,当上链企业数量较少或者上链信息的质量无法得到保证时,银行更适合通过传统的线下尽职调查等方式来防控风险。本文从理论上揭示了,未来随着区块链技术在供应链中的普及以及由此带来的企业数字化水平的提升,基于区块链技术的数字供应链金融将成为一种更加高效、普惠的金融支持手段。"
2021,媒体报道与未成熟金融市场信息透明度——中国网络借贷市场视角,沈艳;王靖一,数字金融;网络借贷;媒体关注度;新闻文本情绪,管理世界,0,"本文研究媒体报道在提高未成熟金融市场信息透明度中的作用。本文构建一个出借人决策模型,并利用2013年3月至2018年7月期间发表的1800万篇新闻文章构成的文本数据构建周度数字金融媒体关注度和新闻文本情绪指数后,评估了媒体报道对同时期275家网络借贷平台交易量的影响。本文有3点主要发现。第一,媒体关注度越高、新闻文本情绪越正面,市场交易量越大,反之亦然。第二,媒体报道对未成熟金融市场存在短期影响,并且这些影响不会反转。媒体关注度和新闻文本情绪对交易量的正向预测能力不仅在1～2周这样的短期存在,并且在长达4周的时间内也未消失。第三,媒体报道对不同规模平台的影响存在差异,其中,大平台的交易量更受新闻文本情绪影响;而小平台的交易量更受是否被媒体关注的影响。进一步的机制分析显示,媒体报道对网络借贷市场资金供求两端的影响存在不对称性,主要是对出借人数和人均出借金额的增减产生显著正向影响,而对需求端的借款人数和人均借款金额的影响是短暂且微弱的。这些发现提供了未成熟金融市场发展过程中,媒体关注和媒体文本情绪会影响资金供求的实证证据,是对传统金融市场分析框架的一个有益补充,有助于理解新兴金融市场的发展变化,也指出了在数字经济时代,有效的媒体报道管理对促进未成熟金融市场健康发展的重要性。"
2021,中国特色政府监管理论体系：需求分析、构建导向与整体框架,王俊豪,政府监管;理论体系;政府职能;治理效能,管理世界,0,"在中国建立与完善社会主义市场经济体制过程中,政府监管是一个不断加强的重要政府职能。最初引自西方发达国家的中国现有政府监管理论已不能较好满足新时代政府监管的实践需要。构建中国特色政府监管理论体系要求坚持以马克思主义为指导,立足中国社会主义基本制度,服务中国政府监管实践需求,提炼概括中国监管实践经验与规律等基本导向,以彰显中国特色。中国特色政府监管理论体系以""监管有据、运行高效、精准有效、公开透明、激励约束""为基本特征,其整体框架是由政府监管的法律法规制度体系、监管机构体系、监管方式体系、监管监督体系和监管绩效评价体系5个相互联系的子体系构成的有机整体,其主要应用价值是为分析特定领域或行业的政府监管问题,完善政府监管体系,提高政府监管效能提供理论框架。"
2021,笃步前行创新不止——我国管理科学与工程学科70年回顾、反思与展望,盛昭瀚;霍红;陈晓田;刘作仪;徐伟宣,管理科学与工程;发展历程;70年回顾,管理世界,0,"管理科学与工程是一门运用系统科学思维引领管理活动及指导管理行为、注重运用数学语言与科学范式对管理问题进行分析、预测、决策、优化和调控,并主要通过设计和构建""工程""、""类工程""等人造系统作为解决管理问题方案的学科。在我国管理学领域各个学科中,管理科学与工程是发展最早、基础最厚实的学科之一。今天,在我国管理学发展取得巨大成就之际,对新中国成立以来我国管理科学与工程学科发展历程进行回顾与总结,让我们深切地感受到:70年来,我国管理科学与工程学科发展的现实道路深深铭刻着我国独特的国情与文化烙印,同时以其自身科学内核的强大生命力开掘出一条曲折崎岖、顽强前行的道路。面向未来,我们应该继续发扬笃步前行、创新不止的精神,开创我国管理科学与工程学科发展的新局面。"
2021,大科技信贷：一个新的信用风险管理框架,黄益平;邱晗,大科技信贷;普惠金融;中小企业融资;大科技生态系统;大数据风控模型,管理世界,0,"大科技信贷是指大科技公司利用大科技生态系统和大数据风控模型这两大工具提供信贷服务,创新信用风险管理框架。这项具有突破性的信贷业务首创于中国,并且已经在很多国家落地,为发展普惠金融服务提供了一个相对稳健的解决方案。本文的目的是分析大科技信贷在中小企业贷款领域的信用风险管理框架的工作机制及其宏观影响。大科技平台及其生态系统通过连接数以亿计的用户实现获客,积累大量的数字足迹,支持实时监测与信用风险评估,同时设计相应的激励机制改善还款管理。本文利用中国某家头部金融科技公司逐笔贷款数据的实证分析表明,与传统风控模型相比,大数据风控模型具有突出的信息优势和模型优势,能够更加准确地预测违约。大科技信贷能够有效降低信用历史较为缺乏借款人的融资门槛,提高金融普惠性,同时因为信贷决策不再依赖资产价格,显著减弱金融加速器机制。"
2021,互联网创业的信息分享机制研究——一个整合网络众筹与社交数据的双阶段模型,刘刚;张泠然;梁晗;王泽宇,互联网创业;信息分享;创业融资;网络众筹;社交网络,管理世界,0,"互联网众筹平台不仅为创业者带来了创新的融资渠道,极大改变了创业者的社交网络形态,同时也滋生了严峻的信息不对称问题。本文基于众筹网站3478个创业项目及其创业者社交网络数据,研究了创业过程中随着社会网络阶段的演变,创业者通过其社交网络进行信息分享对创业融资绩效产生的影响。结果表明,创业者以第三方社交网络为渠道分享信息,通过信任机制降低信息不对称,有效提升了融资绩效,且其成效具有信息异质性和阶段动态性。在个人社交网络阶段,个人相关信息分享及其所获反馈产生了更强的融资绩效提升作用;而随着创业过程步入社会化社交网络阶段,项目相关信息分享及其所获反馈的提升效应更强。本文构筑的创业者社交网络信息分享及其所获反馈与互联网创业融资的双阶段模型,是结合互联网众筹的社交属性对其信息不对称问题的回应,打破了已有研究囿于众筹平台内部进行信息分享的局限,推动了研究视角由静态向动态发展,也是对互联网金融创新条件下相关创业范式的有益探索。"
2021,遵循普遍合意法则的有限理性消费行为选择——税负感知度与“替代转移效应”视角,张海峰;林细细;梁若冰,税收认知理论;税负感知度;“替代转移效应”;价格调节机制,管理世界,0,"合理利用税收工具调节居民消费,是税收调节助推高质量发展的重要体现。本文以卷烟消费税为例,尝试从税收认知理论的视角研究税收政策对居民消费行为的真实调节作用。使用中国劳动力动态调查数据,借助2015年税率调整的政策冲击,本文检验了税负感知度与""替代转移效应""如何弱化税收对消费的调节功能,形成分层式效果。并借以解释为何对较低收入群体控烟效果不显著,指出这种似是而非的""理性行为""可能会加剧健康不平等,带来价格调节机制横向失衡的隐忧。本文在丰富税收认知理论的同时强调发挥其因势利导的作用,为今后相关税收政策的制定,引导消费结构均衡化升级,实现高质量消费提供理论参考,同时对政府积极落实""减税降费""具有重要的靶向性和指导性价值。"
2021,集中连片贫困山区电商扶贫的探索及启示——以重庆秦巴山区、武陵山区国家级贫困区县为例,王胜;屈阳;王琳;余娜;何佳晓,电商扶贫;集中连片山区;启示;对策,管理世界,0,"本文对重庆秦巴山区、武陵山区国家级贫困区县电商扶贫的做法进行了全面总结,并结合典型案例分析,归纳总结出贫困山区产品培育型、主体改造型、服务改善型、利益联结型四类电商扶贫模式。在此基础上,分析了后2020时代开展电商扶贫面临的机遇及挑战,提出了推进电商扶贫产业基础高级化、农产品生产链供应链管理数字化、扶贫利益联结稳固化、网络交易市场规范化等深化电商扶贫工作的基本路径及对策建议。"
2021,嵌入性组织为何存在？供销合作社农业生产托管的案例研究,孟庆国;董玄;孔祥智,制度关系;关系合同;多重制度逻辑;公共企业,管理世界,0,"本文通过发展关系合同理论解释嵌入性组织为何存在,从而解开""嵌入性组织悖论""。本文首先揭示威廉姆森和刘世定关系合同理论隐含前提假设,并补充更符合现实的假设,即制度关系及其不可化约性。基于此,本文提出关系嵌入结构,以区分和比较嵌入性组织与其他备选组织方式。嵌入性组织因为嵌入于多元制度关系而具有相对优势,能够为多方合作提供正当性并降低交易成本。最后,选取供销社农业生产托管作为关键案例展示本文理论解释力。本文弥补了已有解释在完整性和一般性方面的不足,倡议超越""政府—非公共""二分思维并关注制度关系。"
2021,“权释”农村集体产权制度改革：理论逻辑和案例证据,张浩;冯淑怡;曲福田,剩余索取权;剩余控制权;农村集体产权制度改革;农民财产权益;农村集体经济,管理世界,0,"农村集体产权制度改革面临农民财产权益难保障和集体经济难壮大的""两难""困境。然而,现有研究对这一问题仍然缺乏系统的理论探究和完整的案例验证。本研究立足农村集体产权制度改革""两难""困境,将合作制理论与不完全契约理论相结合,构建了农村集体资产剩余索取权界定与保障农民财产权益、剩余索取权和剩余控制权相匹配与壮大农村集体经济的分析框架,推演了解决""两难""、实现""双赢""的理论假说,并以苏州吴中区农村社区股份合作社纵向改革为例验证了理论假说,最终提出农村集体产权制度改革从""两难""到""双赢""的实现路径。研究表明,充分界定农村集体资产剩余索取权以及促进农村集体资产剩余索取权和剩余控制权相匹配是实现农村集体产权制度改革从""两难""到""双赢""的""良方""。基于苏州吴中区的考察发现,通过政经分开、股权设置(取消集体股、设置多元化的个人股)、股权固化和股份权能拓展等改革充分界定农村集体资产剩余索取权能够保障农民财产权益。通过完善""三会""等基层民主治理机制最大程度地促进农民的""两权""匹配,以及通过激励性工资和长期性股权赋予管理者剩余索取权、通过监督机制(降低信息不对称性和控制自由现金流)约束管理者剩余控制权,最大程度地促进管理者的""两权""匹配,能够提高农村集体资产的利用效率,壮大农村集体经济。"
2021,中等收入国家成长为高收入国家的基本做法与思考,张来明,中等收入国家;高收入国家;中等收入陷阱;成长经验,管理世界,0,"""十四五""时期是我国迈向高收入国家的关键阶段。第二次世界大战后,世界100多个中等收入经济体中,有36个国家及地区曾由中等收入成长为高收入,其中部分国家又退回中等收入乃至低收入。这些国家在产业转型、技术创新、人力资本、金融体系、政府调控、收入分配及参与全球贸易等方面取得了成功。相反,其他一些国家没能实现经济的可持续增长,落入中等收入陷阱。本文基于世界银行数据库,考察了若干国家近50年来经济社会发展方面的经验教训,结合当前我国经济发展阶段,提出促进产业转型升级、加快技术进步创新、加大人力资本投资、保障金融体系安全、加快市场化改革和政府治理改革、缩小收入分配差距及扩大对外开放等7个方面的思考,为我国迈向高收入国家提供案例经验参考。"
2021,中国信息经济学乌家培资助计划,,,管理世界,0,"<正>中国信息经济学会成立于1989年,致力在信息经济与信息管理领域搭建理论创新的桥梁,推动跨学科发展。学会创始人乌家培教授为中国著名经济学家,中国数量经济学会和信息经济学会创始人。为促进中国信息经济与信息管理领域的青年学者成长,并产生未来30年有国际影响力的理论创新成果,学会于2015年设立中国信息经济学乌家培资助计划,以表彰中国信息经济与信息管理领域青年学者的理论创新贡献。2016-2020年分别进行了一至五届乌家培资助计划的评选。"
2021,奋进新时代开启新征程——学习贯彻党的十九届五中全会精神笔谈(下),林毅夫;何德旭;范从来;田国强;郭庆旺;万广华,,经济研究,0,"在""两个一百年""奋斗目标的历史交汇点上,党的十九届五中全会重点研究""十四五""规划问题并提出建议,将""十四五""规划与2035年远景目标统筹考虑,对动员和激励全党全国各族人民战胜前进道路上各种风险挑战,为全面建设社会主义现代化国家开好局、起好步,具有十分重要的意义。为深入学习贯彻党的十九届五中全会精神,本刊特邀请国内部分经济学家撰写笔谈文章,以飨读者。"
2021,迎接中国共产党成立100周年为构建中国特色经济学三大体系而共同努力,黄群慧,,经济研究,0,"<正>主编新年寄语辞旧迎新,《经济研究》与经济理论界同仁一起送走2020年这个新中国历史上极不平凡的一年,迎来2021年这个在社会主义现代化进程中具有特殊重要意义的一年。2020年是我国全面建成小康社会和""十三五""规划收官之年,面对严峻复杂的国际经济形势特别是新冠肺炎疫情的严重冲击,中国作为全球唯一实现经济正增长的主要经济体,交出了一份人民满意、世界瞩目、可以载入史册的答卷。"
2021,第四届张培刚发展经济学青年学者奖评选公告,,,经济研究,0,"<正>为促进中国经济学学术进步,推动经济学学科建设,鼓励经济学青年人才成长,提高中国经济研究水平,张培刚发展经济学研究基金会于2018年特设立""张培刚发展经济学青年学者奖""。张培刚发展经济学青年学者奖每年评选一届,坚持公开、公平、公正的原则,重在发现和表彰在发展经济学及相关领域拥有创新性的学术研究成果并且具有较强科研潜力的中国青年经济学者。本奖项评选不收取任何费用。"
2021,城市规模的工资溢价：来源与经济机制,陈飞;苏章杰,城市规模;工资溢价;静态效应;动态效应;选择效应,管理世界,0,"在我国积极推进新型城镇化以及城市群发展战略的背景下,对大城市工资溢价的来源以及经济机制进行研究具有重要的现实意义。鉴于此,本文利用2013年中国家庭收入调查项目(CHIP)数据和2017年全国流动人口动态监测(CMDS)数据,通过因果效应识别和基于分布函数的参数估计方法,较为全面地考察了大城市工资溢价的3个潜在来源:静态效应、动态效应和选择效应,并对其形成机制进行解释。实证结果表明,在控制城市生活成本的情况下,城市规模的工资溢价效应仍然存在,而且静态效应和动态效应是解释工资溢价的主要原因,选择效应并不明显。进一步,通过对大城市工资溢价形成机制的研究发现,大城市的劳动力市场更为完善、劳动者寻找工作的时间成本更低以及劳动者更有可能积极转换工作,是大城市静态工资溢价存在的重要原因。而增加教育投资、加大对劳动者的技能培训有利于提升其动态工资溢价。"
2021,企业绿色创新实践如何破解“和谐共生”难题？,解学梅;朱琪玮,绿色工艺创新;绿色产品创新;适应合法性;战略合法性;伦理型领导,管理世界,0,"在当前中国经济转型过程中,制造业企业亟须借助绿色创新突破制度和效率困境以实现可持续发展。本研究立足本土""和谐共生""文化,基于二元合法性理论,构建了一个条件过程效应模型,探讨制造业企业绿色创新影响其可持续发展绩效的内在机制与边界条件。基于2013～2018年我国重污染制造业上市公司数据,研究发现:(1)绿色工艺创新、绿色产品创新均能促进企业可持续发展绩效,但绿色工艺创新相比绿色产品创新更能改善企业环境社会责任绩效,而绿色产品创新相比绿色工艺创新更能提升企业财务绩效;(2)二元合法性(适应合法性、战略合法性)的中介作用揭示了绿色创新与企业可持续发展绩效关系中的和谐机制;(3)伦理型领导正向调节二元合法性在绿色工艺创新与可持续发展绩效之间的中介效应;但未能显著调节二元合法性在绿色产品创新与可持续发展绩效之间的中介效应。为此,本文进一步设计Post-hoc检验,结果表明:伦理型领导与绿色补贴的交互作用可以增强二元合法性在绿色产品创新和可持续发展绩效之间的中介效应。此外,经过一系列内生性与稳健性检验,上述结论依然成立。本研究不仅从细分维度丰富了绿色创新理论研究范畴,为绿色创新与二元合法性理论的融合研究提供了新的视角;而且为制造业企业的绿色创新实践提供了理论借鉴和指导。"
2021,媒体情绪传染与分析师乐观偏差——基于机器学习文本分析方法的经验证据,张宗新;吴钊颖,媒体报道情绪;分析师乐观偏差;股价波动;有限理性,管理世界,0,"本文利用2013～2017年上市公司的百度新闻报道作为文本,运用机器学习文本分析方法测算情绪倾向得分,考察了媒体情绪对分析师预测行为的影响及其传染机制与风险后果。研究发现:(1)媒体乐观情绪会显著正向影响分析师盈利预测的乐观偏差度;(2)媒体情绪通过""分析师有限关注""与""投资者情绪""两条路径来影响分析师预测的乐观倾向;(3)分析师乐观情绪和媒体乐观情绪均会加剧股价波动及尾部风险,且分析师乐观情绪是媒体情绪影响股价波动的传导路径;(4)明星分析师与非明星分析师均会受到媒体情绪的感染,前者理性程度相对更高但其行为对股价波动冲击更为明显。本研究对于规范媒体行为,矫正分析师过度乐观偏差,合理引导理性投资具有重要意义。"
2021,税收优惠能否激励风险投资：基于准自然实验的证据,彭涛;黄福广;孙凌霞,税收优惠;投资抵扣;风险投资;风险承担,管理世界,0,"风险投资支持初创科技型企业的过程中容易出现市场失灵,如何进行政策引导成为关键问题。以投资抵扣税收优惠政策(财税〔2017〕38号文)的实施为准自然实验,采用双重差分方法评估政策效果。结果显示,投资抵扣税收优惠增加风险投资基金对初创科技型企业的投资,且对有限合伙制基金、投资本地基金、经验丰富基金以及非国有基金的正向作用更大。排除投资价格竞争、新基金设立、新企业创建以及税收套利等替代性解释后,证实投资抵扣税收优惠的影响渠道是提高基金的风险承担。风险投资基金策略更多转向初创科技型企业,说明结构性减税政策具有显著的定向引导效果。以西部大开发税收优惠(财税〔2011〕58号文)为对照,检验不同形式税收优惠的影响,发现整体性直接降低风险投资基金企业所得税率造成基金的初创科技型投资和风险承担下降。研究表明,相对于降低企业所得税率,投资抵扣税收优惠更有利于激励风险投资支持创新创业。"
2021,企业出口与创新驱动——来自中关村企业自主创新数据的证据,崔静波;张学立;庄子银;程郁,企业出口;产品创新;专利创新;自我选择效应;倾向性得分匹配,管理世界,0,"本文采用2010～2015年北京中关村自主创新企业的面板数据,考察了出口对企业创新的影响。为了全面分析出口对创新的影响,我们将创新分为创新投入和创新产出两个部分:创新投入由研发部门支出和研发部门人员投入来衡量,而创新产出由新产品收入和专利授权数量来衡量。本文运用倾向得分匹配方法控制住了出口企业的自我选择效应,检验出口对创新的促进作用。我们发现:(1)总体上来看,企业出口显著促进了创新投入与创新产出;(2)从行业异质性角度出发,并不是每个行业出口都能促进企业的创新,在有些行业中出口对创新的提升是有限的;(3)出口对创新投入的提升会随着时间的推移先逐步减弱,再逐步增强,而对创新产出的影响随时间推移而减弱;(4)本文进一步采用2001年我国加入WTO作为稳健性检验,利用行业层面出口关税调整和政策时间变动构造双重差分模型,检验以出口关税下降形式的贸易自由化对企业创新研发投入和创新产出的影响,巩固了企业出口对创新驱动的因果促进效应。本文研究结果为我国经济迈向高质量发展阶段,进一步扩大开放新举措,提供贸易深化与企业创新驱动的理论支撑与政策建议。"
2021,国有资本投资运营公司双向治理路径研究——基于沪深两地治理实践的探索性扎根理论分析,张宁;才国伟,国有资本投资运营公司;双向治理路径;扎根理论;企业能力,管理世界,0,"本文借助扎根理论研究方法,对沪深两地国资委与国有资本投资运营公司及其投资企业三层监管架构之双向治理路径进行探究。在系统整合的框架下构建了双向治理路径的理论模型,揭示了其国资监管的作用机制和价值传导模式。研究发现,在自上而下的治理路径中,监管系统和战略系统的构建与层层传导是核心作用机制;在自下而上的治理路径中,国有资本投资运营公司在内外部系统的动态平衡中建构自身的监管和战略系统,并将体制机制改革诉求与业务战略调整方向以向上反馈影响的方式参与治理;改革与创新主导着双向治理路径中的价值传递;无论是自上而下的推动力还是自下而上的影响力,企业能力始终是授权放权和支持力度的关键决定因素。本文为深化国资国企改革,畅通双向治理路径,提供了理论支撑和实践经验。"
2021,企业创新网络：溯源、演化与研究展望,鲁若愚;周阳;丁奕文;周冬梅;冯旭,企业创新网络;研究综述;研究溯源;研究演化;研究展望,管理世界,0,"从20世纪90年代至今,以网络合作的方式进行创新已经成为全球企业组织发展的通用模式,针对企业创新网络的研究也迅速成了网络研究的热点之一。步入新时代,数字化情景与开放式创新、平台以及生态系统等网络研究新议题交织,为企业创新网络的研究带来了机遇与挑战。基于这一背景,研究在界定企业创新网络概念的基础上,检索发表于国内外核心期刊上的449篇文献,系统地对企业创新网络的研究进行梳理。首先,从企业集群、校企合作以及战略联盟3种不同的企业网络实践角度出发对企业创新网络进行溯源;其次,基于文献主题分析进一步提炼企业创新网络研究理论框架,提出并论述了企业创新网络的四大研究主题:创新网络概念界定与演化、创新网络结构、创新网络内部作用机制以及创新网络治理;最后,简述了中国情景下的企业创新网络研究主题,并对未来研究发展方向提出了建议。研究结果对于厘清企业创新网络的发展脉络,推动企业创新网络研究的进一步发展具有重要的理论意义。"
2021,工业机器人、工作任务与非常规能力溢价——来自制造业“企业—工人”匹配调查的证据,余玲铮;魏下海;孙中伟;吴春秀,工业机器人;非常规任务;常规任务;工资差距;劳动力市场,管理世界,0,"当前,以工业机器人为载体的新技术日益接手以往由人工执行的任务,将改变劳动力市场的技能需求和工资分配方式。本文通过理论模型表明,由于工业机器人与不同工作任务具有不同程度的替代弹性,其中,对可编码和重复性的常规任务存在替代性,对高级认知和社会互动的非常规任务具有互补性,工业机器人的引入促使非常规任务相对工资增长,从而非常规/常规任务工资差距扩大。利用制造业""企业—工人""匹配数据的经验证据证明了这一点,工业机器人使非常规任务工资大幅增益,工业机器人所体现的技术进步是任务偏向型(TBTC),而非传统意义的教育技能偏向型(SBTC)。此外发现,在私营、外资企业以及出口贸易企业中,工业机器人对任务工资差距影响尤为明显。工资差距更多来自于非常规能力的价格效应而不是禀赋效应。本文有助于理解当前我国沿海地区如火如荼的""机器换人""现象及所产生的劳动力市场影响,并提供相应的政策启示。"
2021,省级开发区升格改善了城市经济效率吗？——来自异质性开发区的准实验证据,孔令丞;柴泽阳,开发区升格;经济效率;倍差法;开发区异质性,管理世界,0,"2009年重启的开发区升格标志着我国开发区的建设由数量扩增转为质量提升的新阶段。文章基于2009年省级开发区升格政策的准自然实验,利用2004～2016年126个城市的数据,考察了开发区升格对城市经济效率的影响。研究发现:(1)开发区升格政策有效推动了城市经济效率的提升,该结果通过了一系列稳健性检验;(2)机制分析表明,开发区升格通过企业进入机制显著推动了城市经济效率提升,但优惠政策机制和企业成长机制并不显著;(3)异质性分析表明,无论从升格数量还是从升格规模来看,政策强度与城市经济效率均呈倒U型关系;从交通便利性差异来看,开发区交通越便利越有利于升格政策发挥经济效应;从政府效率差异来看,低效率政府不利于升格政策效应的发挥;从发展水平看,低水平开发区和高水平开发区的升格政策效应相差无几。"
2021,内循环为主、外循环赋能与更高水平双循环——国际经验与中国实践,江小涓;孟丽君,新发展格局;双循环;内循环;外循环;全球产业链;高水平开放,管理世界,0,"党和国家提出新发展格局,是从国内外形势判断出发做出的长期重大战略部署。本文着重从学术理论角度,分析双循环的决定因素、中国经验和国际趋势。从全球价值链下国际分工形态演变、我国要素禀赋改变以及外部竞争与合作关系调整等基础条件出发,研究中国经济发展中内循环与外循环的地位变化及其相互关系。研究表明,过去多年,国内循环和国际循环双轮驱动,特别是外循环发挥重要作用,是中国增长表现优异的重要解释因素。现在,各方面条件都发生显著变化,转向内循环为主既是现实表现,也是必然选择;同时,更好发挥外循环的作用和促进双循环畅通,也有不可或缺的重要意义。要加快建设高标准市场体系和实现更高水平开放,促进双循环更有效率和更高质量。本文的研究为如何实现更高水平的国民经济循环体系提供理论支持和决策参考。"
2020,湖南师范大学理论经济学博士学位点简介,,,经济研究,0,"<正>湖南师范大学理论经济学科系国家一流培育学科,设有政治经济学、西方经济学、世界经济、经济史四个研究方向。2020年软科中国学科排名中,理论经济学科位居全国高校第26位,全国师范院校第3位。现有国家""万人计划""哲学社会科学领军人才1人,新世纪""百千万人才工程""人选2人,文化名家暨""四个一批""人才1人,享受政府特殊津贴专家6人,国家社科基金学科评审组专家1人,"
2020,奋进新时代开启新征程——学习贯彻党的十九届五中全会精神笔谈(上),谢伏瞻;刘伟;王国刚;张占斌;黄群慧;魏后凯;张车伟;张晓晶;政武经;佟家栋;龚六堂;洪永淼,,经济研究,0,"在""两个一百年""奋斗目标的历史交汇点上,党的十九届五中全会重点研究""十四五""规划问题并提出建议,将""十四五""规划与2035年远景目标统筹考虑,对动员和激励全党全国各族人民战胜前进道路上各种风险挑战,为全面建设社会主义现代化国家开好局、起好步,具有十分重要的意义。为深入学习贯彻党的十九届五中全会精神,本刊特邀请国内部分经济学家撰写笔谈文章,以飨读者。"
2020,人口老龄化、教育融资模式与中国经济增长,汪伟;咸金坤,人口老龄化;寿命延长;经济增长;教育融资模式;人力资本积累,经济研究,0,"在不同的教育融资模式下,由预期寿命延长引致的人口老龄化如何影响人力资本积累和经济增长,目前鲜有文献对此做出回答。本文尝试在市场和公共两种不同的教育融资模式下,构建一个三期世代交叠模型特征化中国的经验事实,在模型中同时考虑人力资本积累的时间和物质投入、社会保障制度等现实因素,并试图从人口转变的视角解释中国20世纪90年代中期教育融资模式转轨所产生的人力资本积累和经济增长效应。本文的理论分析与数值模拟发现:在市场教育融资模式下,预期寿命延长会提高人均受教育时间,但同时会降低家庭教育投资率,对经济增长的影响呈现出""倒U型""关系;在公共教育融资模式下,预期寿命延长主要通过提高人均受教育时间促进了人力资本积累与经济增长。本文还发现,当预期寿命较低时,市场教育融资模式能够产生较高的经济增速,而当预期寿命上升到某一个临界值以后,合理税率下的公共教育融资模式的经济增速更快。本文研究丰富了转型经济中人口老龄化通过人力资本积累影响经济增长的机制,同时也为通过重新设计教育融资模式,应对日益严重的人口老龄化对人力资本积累与经济增长的负面冲击提供了政策参考。"
2020,空气污染、健康折旧与医疗成本——基于生理、心理及社会适应能力三重视角的研究,王玉泽;罗能生,空气污染;健康折旧;医疗成本;公共健康,经济研究,0,"本文基于Grossman健康需求理论厘清空气污染对健康资本与医疗成本的影响机理,并以2015年中国健康与养老追踪调查（CHARLS）为样本,从生理、心理、社会适应能力三重健康视角全面考察了空气污染的健康折旧效应与医疗成本效应。研究发现:空气污染加速了健康资本折旧,年均空气质量指数（AQI）增加1个标准差,生理健康、心理健康与社会适应能力分别降低3.12个标准差、1.87个标准差和1.30个标准差;空气污染会导致医疗成本提升,年均AQI指数增加1单位,全国45岁以上中老年人口的医疗费用将增加642.29亿元。进一步研究发现,不同种类污染物的影响存在差异,PM2.5、PM10与NO2具有显著的健康折旧效应或医疗成本效应;空气污染的长期效应与短期效应并存,对生理健康的负面影响主要集中在9个月以上的中长期,而对心理健康与社会适应能力的折旧分别在0—9个月内、0—15个月内十分显著。此外,空气污染对健康资本与医疗成本的影响具有人群差异与区域差异,个人性别、年龄、健康状态及区域经济发展、医疗资源状况等不同,空气污染的健康效应也会具有差异。本文结论对于有重点、分阶段、分人群、分区域地推进环境健康工作,完善相关治理措施,促进公共健康发展具有重要政策含义。"
2020,贸易壁垒下降与环境污染改善——来自中国企业污染数据的新证据,陈登科,贸易;环境污染;中国企业污染数据库,经济研究,0,"贸易与环境是新时期关乎国计民生的重大议题。十九大报告将推进贸易强国建设列为建设现代化经济体系的重要组成部分,将污染防治列为决胜全面建设小康社会的三大攻坚战之一。然而对于贸易与环境污染的关系,现有文献还存在较大争议,且基于微观数据考察二者关系的文献非常之匮乏。鉴于此,本文将中国企业污染这一独特数据库与中国工业企业数据库以及行业关税税率数据合并,借助中国加入WTO准自然实验考察了贸易壁垒下降对中国环境污染的影响及机制。研究发现,贸易壁垒下降显著降低了企业主要污染物SO2排放强度。机制分析表明,企业SO2排放强度下降主要是由于企业污染排放下降而非产出上升;企业污染排放下降主要由企业生产过程更加清洁而非污染排放末端处理;煤炭使用强度下降是贸易壁垒下降导致SO2排放强度下降的重要机制;在贸易壁垒变化影响企业污染排放的技术效应中,有偏技术进步而非中性技术进步占据主导地位。本文研究结论意味着,扩大对外开放不仅可以通过经典文献识别的经济增长机制,还能够通过改善环境增进中国社会福利。这为新时期推进贸易强国建设与打赢污染防治攻坚战提供了有益的政策启示。"
2020,中国特色文化经济学理论探索与实证检验——第六届文化与经济论坛综述,陶克涛;赵立娟;史俊宏,,经济研究,0,"<正>中国文化底蕴深厚、特色显著,且正经历着历史性的社会变革,实践创新为中国特色文化经济学研究的方法规范化、视野国际化提供了重要支撑。为深入推进新时代文化经济学研究,凸显问题与政策导向,丰富研究手段,创新""文化与经济""理论以适应新时代与新要求、解决新矛盾与新问题,加强文化经济学领域的学术交流,由经济研究杂志社、中央财经大学经济学院、厦门大学经济学院、西南政法大学经济学院、中山大学岭南学院、山东大学经济研究院、河南大学经济学院、内蒙古财经大学共"
2020,结构性通货膨胀与通货膨胀预期形成机制,张成思;田涵晖,结构性通胀;通胀预期;预期形成;货币政策;CPI,经济研究,0,"本文从食品与非食品、消费与非消费两个层次对2001—2019年期间中国的结构性通胀特征进行刻画,并基于预期形成的传染病学模型和适应性学习模型,将结构性通胀特征纳入通胀预期形成机制的微观基础模型,分别采用单方程回归和SVAR模型来实证分析结构性通胀对通胀预期的影响机制。结果显示:居民和专家预期对结构性通胀的即期反应模式相似,食品类和非食品类通胀率均正向驱动通胀预期,不过后者驱动效应高于前者;通胀预期仅受消费类通胀率影响,而非消费类通胀率对预期没有显著驱动效应。同时,通胀预期对结构性通胀冲击的动态响应模式与即期反应整体相似,但存在微妙区别:从食品与非食品类划分来看,居民和专家预期均对非食品类通胀率冲击做出持续正向响应,对于食品类通胀率冲击的响应基本不显著;从消费与非消费类划分来看,居民和专家预期均仅对消费类通胀率冲击做出持续正向响应,对非消费类通胀率冲击无显著响应。研究结果暗示,我国经济主体在形成预期时对非食品类通胀率更加敏感,决策层对通胀预期的引导可以给予相应关注。"
2020,中国的显性存款保险制度与银行风险,项后军;张清俊,显性存款保险制度;特许权价值;银行风险;因果中介分析,经济研究,0,"既有研究表明存款保险制度的实施显著增加了部分银行的风险,这显然与存款保险制度实施的初衷相悖。有鉴于此,本文结合中国存款保险制度从完全隐性转变成有限显性的特殊背景,基于因果中介分析视角,采用119家银行2009—2017年的微观数据,研究了显性存款保险制度影响银行风险的因果中介机制。研究发现,特许权价值确实是显性存款保险制度影响银行风险的一个重要机制,即显性存款保险制度实施后减少了对于银行的保护,削弱了原本由隐性存款保险带给银行的特许权价值,从而引致银行具有更高的风险承担动机,进而造成银行风险的上升。此外,本文还对其他可能的中介机制进行了检验及比较分析,并提出银行风险管理实践中应兼顾外部监管和银行自我约束等政策建议。"
2020,数字经济中企业歧视性定价与质量竞争,王世强;陈逸豪;叶光亮,数字经济;歧视性定价;质量提升;社会福利,经济研究,0,"数字经济时代互联网技术飞速发展,企业为消费者提供定制价格的""大数据杀熟""现象屡见报端。那么信息搜集技术是否会引致参与市场竞争的企业采用歧视性定价策略?歧视性定价对市场博弈均衡时产品或服务的质量有怎样的影响?本文构建质量差异和空间价格歧视模型对上述问题进行分析。结论表明,在质量提升方面处于技术劣势的企业总是选择歧视性定价,技术优势企业在优势较小时选择歧视性定价。技术优势企业采用歧视性定价的倾向性与信息搜集成本正向相关。总之,歧视性定价会使企业获得竞争优势,企业广泛采用歧视性定价将引发过度竞争,降低产品质量水平,损害社会福利。数字经济市场竞争中禁止""大数据杀熟""或将有利于提升产品质量和社会福利。因此,数字经济时代的竞争政策需要审慎对待歧视性定价,关注其对产品质量及社会福利的影响,以推动市场良性发展。"
2020,住房租金与居民消费：效果、机制与不均等,孙伟增;邓筱莹;万广华,租金;家庭消费;消费结构;马太效应,经济研究,0,"提振消费是推动经济复苏、应对逆全球化和促进可持续增长的重要途径之一。本文使用中国家庭追踪调查(CFPS)数据,从总体效应、分类效应、消费结构和消费不均等视角,首次探讨住房租金变化对中国家庭消费的影响。实证结果表明,租金变化会对居民消费产生多重效应,不仅局限于租房市场的供需双方。具体来说,第一,租金下降在短期内能够显著促进家庭消费,租金消费弹性的绝对值约为0.12—0.41;进一步测算显示,短期内租金下降10%对国内生产总值的提振效应约为0.2%—0.4%。第二,从影响机制来看,""住房投资效应""占据主导地位,""租金收入效应""和""消费替代效应""分别是影响房东和租客的家庭消费行为的主要机制。第三,租金下降对食品、教育、水电费、通讯品和燃料支出的提升作用更加显著,对家庭耐用品和住房消费没有显著影响。第四,随着家庭消费水平提高,租金对消费的边际影响效应显著下降。最后,从宏观层面来看,租金变化对家庭消费的影响具有""马太效应"",租金下降有助于减小居民之间的消费不均等。"
2020,农村基础设施、工农业劳动生产率差距与非农就业,骆永民;骆熙;汪卢俊,农村基础设施;工农业劳动生产率差距;非农就业,管理世界,0,"改革开放以后,中国农村劳动力开始大规模地向城市转移,其核心推动力主要有二:一是传统二元经济理论所强调的工农业劳动生产率差距,二是规模空前的农村基础设施建设。为考证农村基础设施对非农就业的综合影响,本文首先借助中国劳动力动态调查数据库(CLDS)对各种农村基础设施影响非农就业的微观机制进行了计量分析,结果发现:主要改善农民生活条件的基础设施(如诊所等),能够阻碍农民从事非农就业;主要提升劳动力交易效率、促进农业生产的基础设施比如道路、灌溉等,能够促进非农就业;随着工农业劳动生产率差距的缩小,农村基础设施促进非农就业的作用增加。进一步地,以上述结论作为微观基础构建动态一般均衡模型,发现在工业反哺农业、工农业劳动生产率差距缩小的宏观背景下,整体的农村基础设施投入能够促进非农就业,并且这种作用会在很长的一段时间内持续并强化。本文结论表明,为进一步促进新型城镇化的发展、缓解人口老龄化所带来的劳动力短缺问题,农村基础设施建设仍是重中之重。"
2020,中国农户农业生产全要素生产率研究,王璐;杨汝岱;吴比,农业生产;全要素生产率;结构转型;资源配置,管理世界,0,"本文以农业农村部1995～2017年全国农村固定观察点数据为基础,对家户农业生产的投入、产出、价格等信息做详细整理,规范计算农业全要素生产率,并研究中国农业生产结构变迁等问题。本文研究发现:(1)样本期内,全国整体农业全要素生产率呈上升趋势,年均增速在1.87%～2.68%之间。(2)农业生产结构变迁明显,分工程度上升,中间品投入对农业生产越来越重要,农业增加值率从78%降至52%。从要素弹性系数来看,中间品投入系数从0.24升至0.40,土地投入系数从0.38降至0.22,劳动投入系数从0.28降至0.24,资本投入系数始终维持在0.02左右的较低水平。(3)农业生产资源配置效率逐年改善,但模式和制造业相比有较大差异。本文的研究对于我们深入理解中国农业生产方式以及结构转型等问题有一定意义。"
2020,“青年学者学术研究与论文写作”专题研修班（2021年第一期）,,,管理世界,0,"<正>为了帮助青年学者更好地开展高水平学术研究,提高论文写作水平,《管理世界》经济研究院拟定于2021年1月23日至1月24日在北京市举办2021年第一期""青年学者学术研究与论文写作""专题研修班。一、时间地点1、报到时间:2021年1月22日(周五)。2、报到及授课地点:北京上园饭店(地址:北京市海淀区西直门外高粱桥斜街40号)。"
2020,制造业企业扩大金融活动能够提升利润率吗？——以中国A股上市制造业企业为例,谢富胜;匡晓璐,非金融企业金融化;利润率;供给侧结构性改革,管理世界,0,"本文在非金融企业金融化的研究基础上,阐释了我国制造业企业扩大金融活动的现状和动机,系统地分析了金融活动对企业利润率的影响路径,并基于2007～2018年A股上市制造业企业数据进行了经验检验。研究发现,我国制造业企业扩大金融活动显著抑制了企业经营利润率,但对总体利润率的抑制作用尚不明显。这一抑制效应随着企业利润率的提高而减弱、下降而增强,表明金融活动与企业利润率之间存在两种动态平衡机制:当利润率较低时,扩大金融活动将进一步抑制利润率,形成恶性循环;反之则能促进利润率,形成良性循环。当前我国实体经济利润率水平较低,过度参与金融活动只会雪上加霜,必须规范制造业企业的金融活动,同时注重供给侧结构性改革,提高供给体系适应需求变化的能力,通过增进营业收入切实提高企业利润率,实现制造业企业金融活动和生产经营的良性互动。"
2020,监管不确定性与企业盈余质量——基于证监会换届的准自然实验,古朴;翟士运,监管不确定性;盈余质量;监管政策;监管力度;融资成本,管理世界,0,"本文以证监会换届为背景,探讨了监管不确定性对企业盈余质量的影响,并在此基础上深入分析了监管不确定性影响盈余质量的内在路径。研究发现,监管不确定性较高时,企业的应计盈余管理和真实盈余管理都显著增加,盈余质量随之下降。具体而言,证监会换届产生的监管政策不确定性和监管力度下降是影响企业盈余质量的主要原因。外部监管这一治理机制存在不足时,其他治理机制的作用得以凸显,完善的内控体系、良好的审计质量有助于缓解监管不确定性对盈余质量的负面影响。除了证监会换届带来的监管政策和监管力度的直接影响,路径检验表明,监管不确定性通过融资成本间接影响了企业盈余质量。监管不确定性较高时,企业的融资成本(主要是债务资本成本)显著上升,导致企业进行了更多的盈余管理,降低了盈余质量。此外,相较于其他企业,监管不确定性对媒体监督较弱、监管距离较远和非双重监管企业盈余质量的影响更为突出。"
2020,中国资本市场的T+1交易制度研究：隔夜收益率视角,张兵,T+1交易制度;隔夜收益率;资本市场,管理世界,0,"我国资本市场独特的T+1交易制度限制了买方当天买入股票后在同一天卖出的权利,从而造成了当天买卖双方权利的不对称和开盘买入的意愿低迷、卖出意愿强烈,由此产生了负的隔夜收益率现象。而T+0交易的股指期货、港股、权证、海外主要指数的隔夜收益率通常在0附近,或者为正数。主体相同的上市公司在A股和H股市场交易时段与非交易时段的收益率呈现出完全不同的模式特征。即在T+1交易机制下,为了激励买方开盘时购买,必须给予折价,由此导致负的隔夜收益率。昨天收盘时买入和今天开盘时买入相比,本质上多了一个可以今天卖出的权利,因而需要支付权利金(保证金),即昨天收盘价高出今天开盘价的部分。研究还发现,T+1交易机制对于换手率高、波动率高、个体投资者占比高、新闻数量多的股票组合影响更大。本文建议先从沪深300指数个股着手,站在建立国际化资本市场的高度,分阶段积极、稳妥恢复T+0交易机制。"
2020,国企政策功能与我国地方政府隐性债：形成机制、度量与经济影响,郭敏;段艺璇;黄亦炫,国企政策功能;地方政府隐性债务;经济影响,管理世界,0,"地方政府隐性债务既是我国诸多经济问题的焦点,也是短期内与诸多经济问题适配的特色缓解机制。本文从理论上分析了我国地方政府隐性债务来源、度量及监管政策的阶段性特征,探讨了源于国有企业的地方隐性债务形成机制和长期不确定性影响。主要结论是:(1)一般地方国有企业和转型后的融资平台,是我国地方政府目前以及未来较长时期内面临的更常态、更持久、更容易被忽略的地方政府隐性债务风险来源。(2)防范化解地方政府隐性负债风险的切入点不在于切断企业与政府的联系,关键在于优化发展当地经济和提高企业效率。(3)在当前面临经济转型的下行压力、疫情冲击以及贸易环境不稳定等多种不利因素叠加的外部环境下,处理好国企功能与隐性债务的矛盾关系,是健全防范化解重大风险体制机制建设的重要一环。"
2020,银行高管薪酬延付政策能抑制影子银行扩张吗？,王艳艳;王成龙;于李胜;郑天宇,延付薪酬;影子银行;金融稳定,管理世界,0,"银行延付高管薪酬是国际金融稳定委员会致力于风险防范的一项重大薪酬激励改革,本文拟探讨此项改革是否有助于遏制影子银行的扩张。以2007～2018年间我国商业银行为研究对象,结果发现:延付薪酬的实施产生了事与愿违的后果,潜藏巨大风险的影子银行非但没有受到限制,反而愈发增长。延付薪酬以后,虽然表内来看银行减少了高风险的房地产贷款,从而使得基于表内信息的风险评价指标得到改善,却通过影子银行的方式将此部分高风险贷款转移至表外以规避监管。进一步从延付薪酬的外部治理视角研究发现,银行上市以及外部审计有助于削弱延付薪酬对影子银行的影响。本文有效拓展了债权激励的研究边界,并为银行等金融机构风险管理的内部治理机制提供了借鉴。"
2020,千篇一律还是产品定制——“一带一路”背景下中国企业跨国渠道经营研究,王永贵;洪傲然,产品定制化战略;跨国渠道经营;不完全契约理论;信息不对称;专用性资产,管理世界,0,"随着""一带一路""倡议的深化以及我国企业国际化水平的提高,深入挖掘影响中国企业跨国渠道经营绩效的关键影响因素至关重要。其中,深入探讨在新时代背景下中国企业到底应该实施基于规模经济性的产品标准化战略,还是实施旨在满足异质需求的产品定制化战略等一系列相关问题,显得尤为重要。本文基于不完全契约理论,以企业的跨国渠道经营为背景,探究了产品定制化对中国企业跨国渠道经营绩效影响的""悖论"",并剖析了企业跨国渠道经营的外部环境(制度环境和市场模糊性)和内部能力(创新能力和跨国市场能力)对产品定制化战略的实施效果所产生的重要影响。通过对509份中国设备制造企业的跨国渠道经营问卷调查数据以及与之匹配的东道国层面数据的分析,本文发现:在跨国渠道经营中,产品定制化战略总体上利大于弊。在跨国渠道经营中,尽管产品定制化作为专用性资产投资存在着潜在的道德风险问题,但产品定制化战略依然有助于解决交易双方的信息不对称问题,从而使中国企业可以获得更加卓越的跨国渠道经营绩效;同时,东道国的市场模糊性和企业的创新能力有助于进一步强化产品定制化战略的实施效果,而东道国的制度环境和企业的跨国市场能力则会弱化产品定制化战略对中国企业跨国渠道经营绩效的实施效果。本研究基于跨国渠道背景研究了企业产品定制化战略的实施效果问题,这在贸易保护主义抬头、新冠疫情全球扩散和构建国内国际""双循环""互相促进的新发展格局的大背景下,显得更加重要。本研究不仅丰富了定制化战略的相关理论,而且也对中国企业更好地落实""一带一路""倡议,并不断提升其跨国渠道经营效果提供了重要的实践启示。"
2020,中国企业跨国并购后组织整合制度逻辑变革研究：混合逻辑的视角,程聪,结构混合逻辑;交互混合逻辑;“结构+交互”混合逻辑;业务单元;组织管控,管理世界,0,"在中国企业大规模的跨国并购浪潮中,如何对目标企业进行有效的组织整合是决定中国企业并购成效及未来高度的决定性因素。本文从制度逻辑的视角出发,通过对吉利完成并购沃尔沃后的组织整合过程展开分析,构建了一个企业跨国并购完成后的组织整合制度逻辑变革模型,并从业务单元和组织管控两个层面探讨了这种制度逻辑变革的机制问题。研究发现,并购完成后的组织整合制度逻辑变革过程中涌现出了结构混合逻辑、交互混合逻辑以及""结构+交互""混合逻辑3种逻辑决策形态。在不同的制度逻辑决策形态中,不仅业务单元之间逻辑决策紧密度差异大,而且业务单元与组织管控之间的跨层次性影响机制也显著不同。研究结论对制度逻辑理论中的混合逻辑分析和跨层次逻辑决策研究做出了理论贡献,同时也对中国企业提升跨国并购成效具有启发意义。"
2020,平衡的发展目标与不平衡的发展——增长目标偏离与企业创新,黎文靖;汪顺;陈黄悦,增长目标;增长目标偏离;增长目标管理;企业创新,管理世界,0,"与地区间高度不平衡发展相悖的是,长期以来我国大部分地区的经济增长目标高度平衡,新发展阶段这一平衡的发展目标与不平衡的发展共存的格局将如何影响国家创新驱动战略的实施?为回答这一问题,基于地区增长目标数据以及夜间灯光数据,本文构建了不同地区的增长目标偏离指数,并据此考察了增长目标偏离现象对于微观企业创新的影响。研究结论表明,增长目标偏离显著抑制了辖区内地方性国有企业的创新水平,其原因在于过高的目标偏离会引发地方政府对于关键资源配置的有偏性。本文的研究表明,具有差异性的、充分考虑不同地区经济禀赋而非一刀切式的增长目标设计,才是当下我国进行增长目标管理时应遵循的核心原则。"
2020,交通基础设施对工业活动空间分布的影响研究,谢呈阳;王明辉,区内交通基础设施;区际交通基础设施;工业活动空间分布,管理世界,0,"我国工业活动的空间结构正经历深刻变化,探索交通基础设施与工业活动空间分布之间的关系具有重要的现实意义。本文采用中国275个城市2004～2016年的面板数据,通过门槛效应模型检验并讨论了区内和区际交通基础设施对工业活动空间分布的影响。研究表明:第一,无论经济发展程度如何,提高区内交通基础设施水平都能增加本地工业活动的集聚程度;第二,与""自由资本模型""的推论不同,本文发现提高区际交通基础设施水平能促进生产要素在全社会的优化配置,而非加深了发达城市对欠发达城市的""虹吸效应""。第三,""自由资本模型""在设置参数时未纳入经济发展的""分散力"",而这是影响工业活动空间分布的重要因素。依据研究结论,本文最后从资源优化配置的视角,就交通基础设施的发展方向提出启示性建议。"
2020,百年大变局、高质量发展与构建新发展格局,王一鸣,百年大变局;高质量发展;新发展格局;“十四五”时期,管理世界,0,"当今世界正在经历百年未有之大变局,新一轮科技革命和产业变革是影响大变局的重要变量,经济全球化退潮和全球产业链供应链调整是推动大变局的深层因素,国际力量对比变化和大国博弈加剧是大变局的最大变量。我国已转向高质量发展阶段,主要特征是从""数量追赶""转向""质量追赶"",从""规模扩张""转向""结构升级"",从""要素驱动""转向""创新驱动"",从""分配失衡""转向""共同富裕"",从""高碳增长""转向""绿色发展""。构建新发展格局,核心是""循环"",打通生产、分配、流通、消费的堵点和梗阻,关键在改革,促进生产要素自由流动和资源优化配置。生产环节重在畅通创新链、产业链和供应链,分配环节重在解决居民收入分配和城乡收入差距问题,流通环节重在加强流通体系建设和畅通金融业与实体经济循环,消费环节重在扩大居民消费和推动消费升级。""十四五""时期构建新发展格局,重点要增强自主创新能力,加快科技自立自强;推进产业基础高级化,提高产业链稳定性和竞争力;坚持实施扩大内需战略,释放国内需求潜力;构建高水平社会主义市场经济体制,提高国民经济循环效率;推进更高水平对外开放,重塑国际合作和竞争新优势。"
2020,价值链分工网络中心国经济增长的全球包容性研究,谢锐;陈湘杰;朱帮助,经济增长;全球包容性;全球价值链效应;收入分配;全球投入产出模型,管理世界,0,"中国、美国和德国作为当前全球价值链分工网络的中心国家,其经济增长的溢出效应是否具备全球包容性对全球化进程的可持续性具有重要意义。本文以兼顾效率和公平为基本理念,从增长和收入分配两个维度诠释了经济增长全球包容性的内涵,提出了经济增长的全球包容性测度框架及其影响因素的结构分解模型,并进一步对中美德三国经济增长的全球包容性进行评估。本文研究发现:中美德三国经济增长对世界其他国家的增加值溢出规模总体上均呈上升趋势,增长视角的全球包容性在增强。中国经济增长对世界高、中、低3种不同技能劳动力的工资溢出增长迅速,收入分配视角下的全球包容性得到了增强,而美国和德国经济增长对低技能劳动力的工资溢出有下降趋势。中国的经济增长更有利于缩小世界不同技能劳动力间的收入差距。进一步分析表明研究期间全球价值链分工格局的变化有助于各国获取更多来自中国和德国的增加值溢出,但抑制了各国获取美国的增加值溢出。金融危机对全球价值链的冲击不利于各国共享中美德的经济增长成果。低技能劳动力收入份额的下降成为制约收入分配维度全球包容性提升的重要因素。本文阐释了维护全球多边贸易体制,深化全球价值链分工对于各国共享价值链分工网络中心国发展成果的重要意义,为构建包容性全球化进程提供了具体启示。"
2020,中国社会科学院大学经济学院简介,,,经济研究,0,"<正>中国社会科学院大学是以中国社会科学院研究生院为基础成立的培养人文社会科学拔尖人才的研究型大学。经济学院是大学成立时即设立并开始招生的学院之一。2020年9月,经济学院与中国社会科学院经济研究所融合,经济所领导同时担任经济学院主要领导。现任院长为中国社会科学院经济研究所所长黄群慧研究员。经济学院现有本科专业学位点1个,硕士学位点10个,博士学位点7个,博士后流动站1个,在读学生600余人。专业覆盖理论经济学、应用经济学2个一级学科。博士学位研究生招生范围包括政治经济学、经济思想史、经济史、西方经济学、发展经济学、国民经济学、统计学等二级学科;包含上述7个二级学科的同时,经济学院还在世界经济、数量经济和金融学等共计10个二级学科招收学术型硕士研究生。"
2020,统筹层次提高如何影响社保基金收支——委托—代理视角下的经验证据,朱恒鹏;岳阳;林振翮,省级统筹;城镇职工养老保险;城镇职工医疗保险;委托—代理问题;城投债,经济研究,0,"提高社保统筹层次能增强社会保险的风险分担能力,但也会对社保收支造成一些负面影响。本文使用社保收支动态契约模型证明,尽管委托—代理问题降低了基层政府基金征缴积极性,但只要上级政府信息获取能力超过一定临界值,提高统筹层次可以通过地区间风险分担提升全社会福利,实现次优结果。在实证部分,本文分别基于省级和市级层面社保数据,分析提高统筹层次对于城镇职工养老保险和医疗保险收支的影响。实证结果支持理论模型预测,市级统筹转向省级统筹会降低养老保险和医疗保险基金收入,但对支出没有显著影响。此外,本文利用市级层面数据验证了统筹层级安排影响地方政府可支配财力的一种独特机制的存在及其普遍性,即地方统筹使得地方政府可以将专款专用的社保(滚存)基金存款通过银行转化为地方政府贷款,显著扩大了地方政府可支配财力,说明提高统筹层次对基金收支影响不仅仅来自委托—代理问题,亦来自地方政府的这一独特融资机制。本文还进一步指出研究者和决策者应该关注中国提高社保统筹层次的总体影响。"
2020,自愿性信息披露与股价崩盘风险:基于电话会议的研究,曹廷求;张光利,电话会议;股价崩盘风险;信息披露;内生性;实验法,经济研究,0,"电话会议已经成为中国上市企业自愿性信息披露的重要渠道,本文从股价崩盘风险的视角探讨了电话会议的信息披露效果。实证结果表明,电话会议能够显著降低企业股价崩盘风险,在控制反向因果和遗漏变量导致的内生性问题之后,该结论依然成立。电话会议影响股价崩盘风险的程度受到企业异质性和外部信息环境的影响,具体而言,我们发现当企业的信息披露质量越高、机构投资者持股比例越高、被分析师关注程度越高、投资者对企业信息的需求越强时,电话会议对企业股价崩盘风险的影响越强。另外,我们分别从电话会议信息含量、投资者反应周期、高管语言特征、会议主题的视角讨论了电话会议影响股价崩盘风险的机制。本文的研究对于全面认识电话会议在资本市场中的信息披露效果以及如何降低股价崩盘风险具有重要的理论和现实意义。"
2020,货币政策与宏观审慎政策双支柱调控下的地方政府债务风险治理,李力;温来成;唐遥;张偲,货币政策;宏观审慎政策;地方政府融资平台;DSGE模型,经济研究,0,"本文构建了包含普通企业和地方政府融资平台企业""双违约""、货币政策和宏观审慎政策""双支柱""调控的新凯恩斯DSGE模型,通过贝叶斯估计研究发现:普通企业和地方政府融资平台企业的风险冲击是我国经济波动的重要来源,二者均会带来产出衰退和违约风险增加。扩张性货币政策在促进经济繁荣的同时,也会导致企业杠杆率的攀升,加大两类企业的债务风险;而基于动态准备金调控的逆周期宏观审慎监管政策,则能有效抑制企业债务规模,并降低两类企业的违约率,同时也会引起实体经济的小幅紧缩。""双支柱""的调控效果优于单一政策工具,且区分普通企业与地方政府融资平台企业的""差别准备金动态调整""的逆周期宏观审慎政策能进一步提高社会福利。"
2020,金融学在中国的发展:基于本土化批判吸收的西学东渐,张杰,金融学;西学东渐;中国金融故事;本土化批判吸收,经济研究,0,"尽管中国人很早就有记述和评价货币金融现象的传统,但金融学成为一门专门学问或者学科是近代以来""西学东渐""的结果。第一次西学东渐延续百余年,经历从引进、消化到初创的黄金时期,奠定了现代金融学在中国的最初基础。第二次西学东渐时间不长,短短二十余年间模仿苏联做法,折射出当时特殊体制选择对货币金融学科的深刻影响。第三次西学东渐伴随改革开放进程与中国经济金融的迅速崛起,经过从一开始引进欧美之学到随后与国内传统货币银行学产生冲突磨合的曲折过程,国内金融学体系渐趋成熟。在三次西学东渐过程中,国人的本土化努力贯穿始终。进入新世纪,中国金融故事逐渐引起全球瞩目,金融学的本土化或者中国特色金融学的创新发展迎来新机遇与新挑战。"
2020,经济政策不确定性与银行流动性创造:来自中国的经验证据,田国强;李双建,经济政策不确定性;银行流动性创造;银行异质性;中介效应,经济研究,0,"立足于中国经济政策不确定性环境特征和银行经营实践状况,本文系统梳理了经济政策不确定性影响银行流动性创造的内在机理,并利用2007—2019年中国174家商业银行非平衡面板数据对理论假说进行实证检验。经验结果显示,经济政策不确定性会显著抑制银行流动性创造,该结论在考虑潜在的内生性问题以及进行一系列稳健性检验后依然成立。异质性检验表明,经济政策不确定性对规模较小、资本充足率较低、市场势力较弱以及区域性银行流动性创造的负向影响更为明显;中介效应模型检验结果显示,提高贷款损失准备金是经济政策不确定性影响银行流动性创造的重要渠道。本文研究还发现,经济政策不确定性对银行流动性创造的影响表现为既降低了表内流动性创造又降低了表外流动性创造。同时,随着银行流动性创造水平的提高,经济政策不确定性对银行流动性创造的负向影响呈现""非对称U型""结构变化。据此,本文认为在新冠肺炎疫情导致经济政策频繁调整的背景下,确保银行等市场主体形成稳定合理的政策预期,才是提高银行流动性创造水平的关键所在。"
2020,银企距离与出口贸易转型升级,许和连;金友森;王海成,银企距离;银行分支机构;一般贸易;出口贸易转型升级,经济研究,0,"金融发展与出口贸易转型升级均是经济高质量发展阶段政策制定者和学术界共同关注的重要议题。本文利用中国商业银行分支机构数据、中国工业企业数据库和中国海关进出口数据库的匹配数据,考察了银企距离对出口贸易转型升级的影响。研究发现,中国银企距离在2000—2010年总体呈下降趋势,银企距离缩短显著提高了企业一般贸易出口比重,有利于出口贸易转型升级。影响机制检验表明,降低融资成本和强化风险控制是银企距离缩短促进出口贸易转型升级的重要传导渠道。异质性检验表明,缩短企业与中小银行之间的距离以及制度环境不完善、金融发展落后和交通基础设施欠发达地区的银企距离对一般贸易出口比重的提升作用更强。对出口贸易转型升级的多维分析发现,缩短银企距离还显著提升了企业出口产品质量、出口技术复杂度、全球价值链地位与创新能力。本文的发现为深化对金融发展与出口贸易转型升级关系的理解提供了新视角,也为当前深入推进金融供给侧结构性改革提供了启示。"
2020,财政纵向失衡对地方经济增长的非线性影响及其转换特征,储德银;迟淑娴,财政纵向失衡;经济增长;非线性效应;PSTR模型,经济研究,0,"本文首先构建理论分析框架,系统诠释财政纵向失衡与经济增长之间的非线性关系;其次立足中国式分权典型化事实,采取全口径预算指标体系对财政纵向失衡进行科学定义与全面测算;然后通过选择财政纵向失衡作为核心解释变量与平滑转换变量,建立面板平滑转换回归模型实证考察财政纵向失衡对我国地方经济增长的非线性效应及其转换特征。研究发现,财政纵向失衡对经济增长的总效应显著为正,但伴随财政纵向失衡程度的上升,非线性负效应部分的作用不断凸显,财政纵向失衡对经济增长的制度红利呈现不断下降趋势。尤其当财政纵向失衡超过最优失衡水平时,其对经济增长的总效应及其制度红利迅速衰减。本文的研究结论不仅为科学研判中国财政纵向失衡特征提供实际依据,而且还为在现代财政制度框架下构建激励相容的新型央地政府间财政关系提供新的审视标准。"
2020,未预期的非税负担冲击:基于“营改增”的研究,彭飞;许文立;吕鹏;吴华清,“营改增”;非税负担;财政压力;非税收入征管,经济研究,0,"减税和降费都是供给侧结构性改革的重要举措,两者效果密切关联。本文基于2006—2016年中国私营企业调查数据,使用三重差分模型考察了""营改增""对企业非税负担的影响。研究发现,""营改增""显著增加了企业的各种规费支出,并且这一效应有增强的趋势,样本期间的涉企收费政策未能充分发挥制约效果。进一步发现,获得减税支持的传统增值税行业,非税负担显著增加,体现了""按下葫芦浮起瓢""的跷跷板效应;非政治关联、中小型和初创型企业,更容易遭受非税负担冲击。机制表明,财政压力和非税征管力度上升是""营改增""加重企业非税负担的重要原因。长期来看,深入推进涉企收费管理制度建设,有助于约束地方非税收入征管行为,促进企业转型升级。"
2020,中国间接税税负归宿的测算:模型与实证,苏国灿;童锦治;魏志华;刘诗源,间接税;税负转嫁能力;税负归宿;实际税负,经济研究,0,"关于中国企业的税收负担,存在""死亡税""论和""轻税""论两种截然相反的观点,其争议焦点在于对间接税税负转嫁与归宿的不同理解。本文基于现有研究,重新构建了间接税税负转嫁模型,并利用宏观数据对中国间接税的税负归宿进行了测算,试图解答""中国企业到底承担了多少的间接税""这一重要问题。研究结果表明:(1)中国的间接税并没有完全转嫁,而是由企业和最终使用者共同承担,企业承担了其中的70.29%,最终使用者承担了29.71%。(2)企业实际承担的间接税负因产业而异,第一、第二和第三产业企业分别为1.12%、2.93%和5.41%。上游企业和企业自身的税负转嫁能力以及名义税负是决定企业实际承担间接税大小的主要因素。(3)最终使用者实际承担的间接税负担因消费主体而异,由高到低分别为城镇居民6.92%、农村居民6.33%、政府部门5.44%以及出口部门4.17%。消费结构的不同是决定不同最终使用者实际承担间接税大小的主要因素。(4)企业自身承担的间接税税负通过降低工资和降低利润的方式转由企业员工和企业所有者承担。本研究对客观评价""减税降费""政策效应和正确认识中国企业的税收负担状况具有重要的意义。"
2020,土地确权对中国农户资本投资的影响——基于异质性农户模型的微观分析,孙琳琳;杨浩;郑海涛,土地确权;资本投资;信贷约束;土地流转;异质性农户模型,经济研究,0,"通过建立一个异质性农户模型,本文从理论上分析了确权对于农户资本投资的影响机制:稳定土地产权、促进土地流转、放松信贷约束。基于中国劳动力动态调查(CLDS)的农户微观数据,本文使用PSM-DID方法进行实证分析,发现土地确权后资本投资提升了20%。为了保证因果分析的可靠性,本文将农村固定观察点数据和CLDS数据匹配,进行了事前趋势检验;控制了地区固定效应和时间交互项;用工具变量法进行了估计。本文还进行了多种稳健性检验:改变估计样本、考虑其他宏观政策的影响、安慰剂检验,证明了实证结果的稳健性。异质性分析显示:土地确权对中等土地规模、东部省份以及中等生产率农户的投资有更显著的影响。本文发现目前确权主要通过提升土地承包经营权稳定性这一直接机制促进农户资本投资。"
2020,《经济研究》创刊65周年·《经济学动态》创刊60周年学术研讨会,,,经济研究,0,"<正>2020年10月24日,由中国社会科学院经济研究所主办,经济研究杂志社和经济学动态杂志社承办,中国社会科学出版社协办的""后疫情时期的经济高质量发展:面向2025年的中国经济——《经济研究》创刊65周年.《经济学动态》创刊60周年学术研讨会""在北京成功举办。"
2020,居民消费平滑及其结构异质性——基于生命周期模型的分析,杨继生;邹建文,消费平滑;生命周期模型;消费保险;结构参数,经济研究,0,"正确识别中国居民消费的行为特征及其结构性差异,是激发居民消费潜力和扩大内需的关键。本文基于消费-储蓄生命周期模型,揭示中国居民消费平滑的行为特征及其结构差异。模型结构参数估计以及反事实模拟表明:45岁前后是中国城乡居民消费平滑行为的转折点。居民预防性储蓄动机在年轻时呈递增趋势,中年之后逐渐减弱。借贷限制显著制约年轻居民的消费,但对中年以后的消费有促进作用。与城镇居民相比,农村居民具有更强的风险厌恶,更看重当期消费。而且,农村居民的预防性储蓄动机,以及对借贷限制和收入冲击的反应都明显强于城镇居民。从消费保险角度的分析验证了结构参数分析的稳健性,城镇居民对收入冲击的保险能力明显强于农村居民。所以,完善社会保障体系是提升居民消费意愿的关键,而发展消费金融则是提升消费能力的有效途径。"
2020,《经济研究》编辑委员会2020年度工作会议纪要,陈小亮,,经济研究,0,"<正>《经济研究》编辑委员会2020年度工作会议于2020年10月23日在北京市国谊宾馆召开。近20位顾问与委员(以下统称编委)出席会议,中国社会科学院经济研究所副所长、《经济研究》副主编朱恒鹏主持会议。首先,中国社会科学院经济研究所所长、《经济研究》主编黄群慧致辞。黄主编对各位编委长期以来对《经济研究》的大力支持表示感谢,并向编委们介绍了编辑部近一年的人事变动,以及编辑部稿件处理制度的变化。"
2020,金融资本主义的崛起及其影响——对资本主义新形态的社会学分析（英文）,杨典;欧阳璇宇;亢晓妮,金融资本主义;股东价值最大化;大转型;社会自我保护运动,Social Sciences in China,0,"相比波兰尼提出的第一次""大转型"",金融资本主义的出现堪称影响更为深远的第二次""大转型""。金融资本主义的全球化扩张使其力量超越了民族国家的范围,政府、企业、家庭和个人等行为主体都日益受到金融市场的指引和重塑,导致""社会生活金融化""趋势。其重要社会后果是:金融市场与社会脱嵌的趋势日益明显,逐渐侵蚀着国家、工会、市民社会等力量,加剧了发达资本主义国家的就业危机、贫富分化和结构性的不平等。面对金融资本对社会的侵蚀,西方社会生发出""社会自我保护""的举措,目前看来收效甚微。而如何在全球层面建立一种新的金融和市场治理架构,以有效应对金融资本主义带来的负面影响,仍任重道远。"
2020,论我国自然资源资产负债核算的方法逻辑及系统框架构建,杨世忠;谭振华;王世杰,自然资源资产负债表;自然资源资产;自然资源权属;自然资源负债;自然资源权益,管理世界,0,"探索编制自然资源资产负债表是中国共产党十八届三中全会提出的要求。资产负债表源于15世纪意大利沿海城市应用的复式记账法,历经数百年的演进,现已广泛应用于微观经济体和宏观经济体的经济核算。本文根据对资产负债表暨平衡公式的形成过程、本质属性与技术特征的研究,认为编制自然资源资产负债表是自然资源资产负债核算系统运行的结果,""自然资源资产=自然资源权属""平衡公式则是化繁为简并统领自然资源资产负债核算系统的逻辑起点,在此基础上应用复式记账原理便能构建出自然资源资产负债核算的系统框架。"
2020,“十四五”时期非物质文化遗产系统性保护相关政策措施研究,丁元竹,非遗文化;系统性保护;政府政策,管理世界,0,"《中共中央关于制定国民经济和社会发展第十四个五年规划和二〇三五年远景目标的建议》(以下简称""《建议》"")提出要对非物质文化遗产进行系统性保护,这就要求在下一步的规划纲要编制过程中,在《建议》指导下,政府需要进一步提出具体的实施政策和措施,发挥统筹、协调作用,强化总体规划意识,注重配套设计,突出地域特色,实施积极的财政政策,鼓励支持探索各种市场化手段的使用,培育有利于保护、传承和开发利用的市场环境。要处理好中央财政和地方财政的关系,形成全国一盘棋,在保护农村非物质文化遗产过程中,把农村拆迁与非物质文化遗产的保护有机结合起来。深化非遗文化的标准化和非标准化建设改革。要充分认识到,在中国这样一个历史悠久的大国,各地发展不平衡,非遗文化的地域性特征非常明显,完全标准化是不可能的,必须因地制宜、因地施策,不断提高各级政府的决策水平和治理水平。"
2020,数字经济、技术溢出与动态竞合政策,许恒;张一林;曹雨佳,数字经济;反垄断;数字化转型;竞合政策,管理世界,0,"基于数字经济(企业)与传统经济(企业)非对称竞争的博弈模型,本文考察数字经济对传统经济的技术溢出和技术冲击两种效应:一方面,在数字经济进入市场的初期,数字经济对传统经济产生技术溢出效应,有助于后者进行数字化转型升级,同时,二者相互竞争,提升社会总福利;另一方面,在数字经济颠覆性创新的巨大冲击下,传统经济可能尚未完成转型就被挤出市场,此后数字经济获得市场支配甚至垄断地位,加之数字经济强大的网络效应和边际成本几近于零的特性使得潜在进入者难以进入,消费者福利和社会总福利将难以达到竞争格局下的最大化。当数字经济技术冲击的负面效应大幅超过技术溢出的正面效应时,政府可以通过实施""竞合型""政策建立一种短期性的竞争缓冲机制,适度强化数字经济的技术溢出效应,但这并非保护落后产业或阻碍竞争,而是为了促进传统经济转型升级并与数字经济保持持续的竞争,以竞争为抓手维护消费者利益和提升社会总福利水平。政府实施""竞合型""政策时应当""因时制宜""和""因业制宜"":一方面,随着传统经济与数字经济的技术差距缩小进而从非对称竞争进入对称竞争,政府应当降低政策强度直到完全退出;另一方面,如果在竞争缓冲环境下传统经济仍然转型失败,政府也应当退出。这种以实现传统经济与数字经济竞合发展(通过技术融合来维持竞争格局)为目标且保持动态调整的政策,符合数字经济时代市场竞争的特点,有利于兼顾创新、竞争与社会利益平衡。"
2020,集聚与服务业发展——基于人口空间分布的视角,钟粤俊;陆铭;奚锡灿,人口密度;人口空间分布;服务业;结构转型,管理世界,0,"服务业发展关系到内需增长和人民福利,中国服务业发展不足是经济发展不平衡不充分的重要体现之一。基于中国服务业占比偏低约10个百分点的事实,本文研究人口密度对服务业发展的影响。研究显示,人口密度显著促进了服务业发展,特别是影响了居民的服务业消费。同时,本文发现人口流动障碍抑制了人口密度对服务业发展的促进作用。结合中国的人口空间分布,我们的反事实测算表明,城市人口密度下降和劳动力流动障碍导致中国城市服务业在GDP和就业中的占比偏低3～5个百分点。本文的政策含义是,将人口导向人口密度较低的农村和小城市,以及城市面积快速扩张不利于经济结构调整和经济高质量发展。进一步推进户籍制度改革,帮助移民融入所在城市,更有利于实现平衡发展。"
2020,“十四五”时期中国新型城镇化发展重大问题展望,李兰冰;高雪莲;黄玖立,“十四五”时期;新型城镇化;城乡融合;空间格局;要素市场化配置,管理世界,0,"""十四五""时期是我国由全面建设小康社会向基本实现社会主义现代化迈进的关键阶段。本文以城镇化与国家经济发展关系为切入点,系统梳理国家发展战略导向与中国城镇化发展之间的演进逻辑,准确识别中国城镇化的典型特征与现实困境,并从要素转换、演化机理和维度解构3个层面构建了中国新型城镇化的理论逻辑体系。在此基础上,针对""十四五""时期我国新型城镇化发展中的产业结构调整与城镇化新动能培育、空间格局优化与城镇化分类推进、城乡融合发展与城镇化提质增效、有效政府治理与要素市场化配置、双循环新格局与城镇化红利释放、面向经济全球化的开放型城镇化等六大问题进行深入探究。"
2020,数字金融发展与居民消费增长：理论与中国实践,张勋;杨桐;汪晨;万广华,数字金融;居民消费;支付便利性;城乡分割;购物时间,管理世界,0,"居民消费的持续增长是一个国家经济稳定且高质量发展的重要因素。数字金融所推动的手机支付对居民消费的影响是巨大和深远的。本文首先构建了一般均衡理论框架,从支付便利性的角度证实数字金融的发展通过缩短居民的购物时间来增加消费。紧接着,本文将中国数字普惠金融发展指数和中国家庭追踪调查数据相结合,实证研究发现,数字金融的发展显著地提升了居民消费,从而有助于经济增长。更重要的是,本文发现数字金融主要通过提升支付的便利性来促进居民消费,而流动性约束的放松并不是数字金融发展提升居民消费的主要原因。最后,数字金融的发展尽管更多地提升了农村居民收入,却没有显著提升农村居民消费,这体现了破除城乡分割的紧迫性。"
2020,更加自觉地用新发展格局理论指导新发展阶段经济工作,马建堂;赵昌文,新发展阶段;新发展理念;新发展格局,管理世界,0,"加快构建以国内大循环为主体、国内国际双循环相互促进的新发展格局是以习近平同志为核心的党中央根据我国发展阶段、环境、条件变化作出的重大战略决策,是新发展阶段下贯彻新发展理念、扎实推动经济高质量发展的必然选择,是新发展环境下统筹发展与安全、实现更为安全发展的必由之路,是新发展条件下培育新增长动力、重塑竞争优势的根本举措。新发展格局理论具有丰富的科学内涵,是习近平新时代中国特色社会主义思想的最新成果,是对新发展理念和总体国家安全观的坚持、深化和拓展。新发展格局理论强调立足于发挥国内超大规模市场优势和内需潜力,强调以更深层次改革、更高水平开放和更有质量创新为根本动力,为统筹中华民族伟大复兴战略全局和世界百年未有之大变局,谋划和开展""十四五""和未来一个时期经济工作提供了根本遵循和行动指南。"
2020,创业减贫前沿理论研究与未来方向,斯晓夫;严雨姗;傅颖,创业与减贫;创业减贫理论;未来研究方向;中国创业减贫,管理世界,0,"减少贫困既是当今世界发展目标也是学界研究热点。近10年来,越来越多的研究者结合创业理论对减少贫困问题进行理论研究与实践探索。在这些研究中,中国过去40多年在创业减贫方面为全世界研究者提供了大量的实践案例和海量数据,为研究创业减贫提供了全新的研究模式。为了深入探索与研究创业减贫问题,本文从现有权威性文献、相关性文献与大量的创业减贫实践信息着手,在梳理、区分与整合文献同时并理论联系实践的基础上,从6个方面对目前的创业减贫热点问题进行理论探索与分析。由于创业减贫理论研究是一个动态发展过程,本文展望了创业减贫理论未来的研究方向。另外,本文还从理论与实践两个方面对中国创业减贫成功经验做了一个具有世界共享性的研讨与小结。本文的研究贡献在于系统地对创业减贫理论与热点问题进行基于文献的研究与分析,整合出来的6个方面的创业减贫理论,包括新BOP理论(加入数字技术)、平台赋能理论、学习改变理论等进行了新的探索,注入了新的理论要素。本文的研究目标是为推动与发展创业减贫理论研究提供新的思路与未来的研究方向,为创业减贫实践提供理论支持。"
2020,裂变创业视角下核心企业商业生态系统重塑机理——基于“蒙牛系”创业活动的嵌入式单案例研究,李志刚;杜鑫;张敬伟,商业生态系统;裂变创业;重塑机理;案例研究,管理世界,0,"近年来,如何重塑核心企业既有商业生态系统以维持竞争力和适应性成为理论界和企业界共同关注的焦点议题。基于裂变创业的理论视角,对""核心企业员工自发离职开展的裂变创业活动如何影响商业生态系统重塑""这一问题展开嵌入式单案例研究,以蒙牛以及5家""蒙牛系""裂变新创企业为研究对象,归纳出价值失衡情境、识别瓶颈机会、催生离职动机、补缺价值结构、丰富价值结构、维系价值主张、内部合法性获取和外部合法性获取等8个理论维度,进而构建了""裂变创业视角下核心企业商业生态系统重塑机理""过程模型,从重塑需求、重塑启动、重塑推进和重塑稳固4个阶段系统阐释了核心企业内部涌现的裂变创业如何重塑其商业生态系统的内在逻辑。本研究深化了对商业生态系统动态演化机理的理解,对核心企业和裂变新创企业等商业生态系统相关主体具有重要启发意义。"
2020,竞争经验、多市场接触与企业绩效——基于红皇后竞争视角,邓新明;郭雅楠,红皇后竞争;动态竞争;竞争经验;多市场接触;组织冗余;资源相似性,管理世界,0,"红皇后竞争理论作为一种动态竞争的生态模型,认为企业的发展具有历史依存性,过去的竞争经验会影响企业的战略选择与生存。而多市场接触作为动态竞争条件下企业主动构建""相互克制""竞争格局的一种战略选择,能够通过影响企业与竞争对手之间的竞争强度并进而对企业绩效产生影响。本文选取了33家中国上市证券公司为研究对象,探讨了它们于2009～2019年期间在31个省级市场之间的多市场接触现象,并考察这些企业的历史竞争经验是如何作用于多市场接触并影响企业的绩效水平;同时引入了组织冗余与资源相似性两个调节变量,对市场竞争的情境因素进行了综合考量。本文的实证结果如下:第一,竞争经验与企业的多市场接触之间正相关,拥有更丰富竞争经验的企业更有可能进入新市场;第二,多市场接触与企业绩效之间负相关;第三,多市场接触是竞争经验影响企业绩效的中介机制;第四,组织冗余会削弱竞争经验对多市场接触的促进作用;第五,资源相似性会削弱企业多市场接触与绩效之间的负向关系,企业之间资源相似程度越高,多市场接触对绩效的不利影响会受到抑制。本研究验证了中国情景下的红皇后竞争效应,企业竞争经验会通过影响企业战略选择进而对企业绩效产生影响,并研究了红皇后竞争理论的适用情景。研究对于企业高层管理者做出正确的战略决策具有重要的启示;同时对于监管部门优化证券市场的监管方向也具有重要的指导意义。"
2020,价值共创如何影响创新型企业的即兴能力？——基于资源依赖理论的案例研究,王琳;陈志军,即兴能力;价值共创;资源依赖理论;创新型企业,管理世界,0,"面对不确定性环境和资源约束,创新型企业只有携手共进,深化利益联结机制进行价值共创,以提升即兴应变能力和组织韧性。本研究采用归纳式案例研究,从资源依赖理论出发,基于结构依赖和过程依赖双重视角解析创新型企业价值共创过程促使即兴能力的反应,构建""资源—结构—能力""的理论分析框架。研究发现:渐进型创新阶段,以交易资源交换的价值共创机制打破结构资源依赖促进开发式即兴能力构建;适度型创新阶段,以资源交换/整合的价值共创机制打破结构和过程资源依赖促进开发式即兴能力、探索式即兴能力构建、提升;根本型创新阶段,以资源整合/优化创新的价值共创机制打破过程资源依赖促进探索式即兴能力构建、提升。本研究发现为创新型企业基于资源视角构建价值共创机制提升价值获取能力提供了借鉴。"
2020,家族企业研究：理论进展与未来展望,李新春;贺小刚;邹立凯,家族企业;家族企业理论;文献研究;理论进展;未来展望,管理世界,0,"本文基于家族企业理论发展的脉络展开分析,在对家族企业概念界定和国内外家族企业研究现状回顾的基础上,构建了家族企业理论发展的路径与逻辑框架。本文系统梳理了家族企业理论发展过程和有关文献,由此归结为3条理论发展路径。首先,沿着理论开发路径,家族企业研究主要是将战略管理、社会学和公司财务等理论应用于分析和解释家族企业独特竞争优势和企业绩效等重要学术问题。其次,大约始自2007年的家族企业理论探索创新过程中,通过挖掘家族企业独特的目标选择、组织行为、代际传承及家族异质性等问题而创新发展基于家族企业特征的新理论和知识体系,本文系统梳理了社会情感财富理论、家族企业领导和决策行为理论、基于时间维度的家族传承理论以及家庭科学理论的发展。最后,本文提出家族企业独特理论与其他相关理论进行整合将是未来发展的重要指向,如基于制度的家族企业理论探究、家族创业理论的拓展、基于社会心理学的社会情感财富理论的深化以及基于本土情境的家族企业理论研究和创新等。由于中国家族制度和文化的丰厚历史传统以及在当代企业组织中的重要性,本土理论研究无疑会丰富和发展家族企业的理论创新和知识体系。"
2020,融资融券制度与公司内部人减持——一种市场化治理机制的探索,黄俊威,融资融券;内部人减持;市场化治理;减持成本;自利倾向,管理世界,0,"内部人减持一直是市场关注的焦点,由此产生的市场波动和财富转移更是引发社会各界的广泛热议。出于保护投资者权益、维护市场稳定的需要,有关部门出台相应法律法规来监管内部人减持,虽有成效,但问题仍旧严重。为此,本文立足我国融资融券制度实施这一标志性事件,尝试探寻一种市场化的治理机制,为监管内部人减持提供新的视角。研究发现:融资融券制度的实施能够显著抑制内部人的减持行为,且具有较高的经济显著性。在经过一系列稳健性测试后,该结论依然成立。机制检验证实,融资融券制度会通过增大内部人减持成本和降低内部人自利倾向,对内部人减持产生抑制作用。进一步研究发现,该制度在治理清仓式减持方面具有显著效果,且不同的市场行情并不会影响该制度治理效应的发挥。在区分减持动机的检验中发现,融资融券制度一方面会对自利动机的减持行为产生显著的治理作用,而另一方面也可能制约一些非自利的减持活动。此外,本文发现该制度在减持大年依然具有显著的治理效果。综上表明,融资融券制度是一种有效应对内部人减持的市场化治理机制,这为进一步深化金融改革、完善资本市场交易体系提供了证据支持,也对国家在优化减持制度方面具有一定的启示意义和参考价值。"
2020,价值生产、价值转移与积累过程:中国地区间不平衡发展的政治经济学分析,冯志轩;李帮喜;龙治铭;张晨,价值生产;价值转移;资本积累;不平衡发展,经济研究,0,"本文旨在利用政治经济学的理论理解中国近年来地区间不平衡发展的过程。文章总结了政治经济学理论中有关地区不平衡发展的两类理论:生产的框架和交换的框架,并利用劳动价值论和资本循环理论将二者统一在一起,说明地区间的不平衡发展可以通过价值生产、价值实现和资本积累三个过程以及它们之间的互动来加以说明。这一框架既能够在静态上解释地区间发展水平的差距,也能够在动态上解释地区间发展差距先升后降的趋势。经验研究发现,中国地区间的发展差距主要来源于价值生产能力的差距。并且在本文分析期间内,由于市场逻辑和政府行为的共同塑造,中国存在偏向落后地区的积累过程。这使得减小地区差异的效应在2007年前后超过了地区间的""极化效应"",缩小了地区间发展水平的差异。"
2020,机器人的兴起如何影响中国劳动力市场?——来自制造业上市公司的证据,王永钦;董雯,人工智能和机器人;劳动力市场;就业极化,经济研究,0,"人工智能和机器人的兴起给经济和社会带来了广泛而深远的影响。中国已经成为全球机器人应用量最大的国家,机器人的应用对中国劳动力市场造成了怎样的影响,是一个有待回答的重要问题。本文首次使用中国行业机器人应用数据和制造业上市公司微观数据,采用""巴蒂克工具变量""的因果关系识别策略,从企业层面研究了工业机器人应用对中国劳动力市场的影响。实证结果表明,机器人应用对企业的劳动力需求产生一定的替代效应,工业机器人渗透度每增加1%,企业的劳动力需求下降0.18%;并且机器人应用对不同技能劳动力需求的影响具有显著差异,存在""就业极化""特征,而机器人应用对企业的工资水平没有明显影响。从影响机制看,机器人应用对劳动力需求的替代效应在高市场集中度的行业、高外部融资依赖度的行业和非国有企业中更为显著。进一步研究发现,机器人应用还会通过产业链对上下游企业劳动力需求产生影响。本文最后讨论了机器人和人工智能时代的公共政策应对。"
2020,学历的信号机制:来自简历投递实验的证据,李彬;白岩,劳动力市场;第一学历信号;统计性歧视;实地实验,经济研究,0,"劳动力市场中存在着各种类型的身份歧视,求职者是否会因为大学本科第一学历差异而受到招聘方的歧视对待?这在中国当前的劳动力市场中是一个存在争论的问题。目前鲜有直接的证据表明第一学历歧视系统地存在于招聘过程中,也缺乏对此类歧视背后原因的研究。本文通过发送简历的通讯实验,研究了硕士学历毕业生是否因其不同的第一学历而受到招聘方歧视对待的问题。实验结果显示:硕士学历毕业生中,第一学历为非""211工程""院校本科的,比第一学历为""211工程""大学本科的,在初次就业中会收到显著更低的简历回复(低41%);实习经历、校内表现和资格证书等简历信息质量的提高,可以显著提高简历回复率,同时减少第一学历歧视;社会招聘中,求职者没有受到显著的歧视对待。从而,第一学历歧视很可能包含统计性歧视成分,即信号机制的作用。"
2020,"七秩金融筑梦一流奋力打造“国内顶尖,国际知名”的金融学院——写在中南财经政法大学金融学院70周年院庆之际",,,经济研究,0,"<正>2020年10月,中南财经政法大学金融学院迎来70华诞。中南财经政法大学金融学院的前身是中原大学1950年成立的金融系,是新中国早期的金融、投资人才培养基地之一。70年来,从中原大学时期""求真为民、务实创新""的大学精神,到中南财经政法大学""博文明理、厚德济世""的校训,金融学院为国家建设培养、输送急需人才的红色基因,和""办人民需要的大学""的初心,始终如一。70年来,几代金融人砥砺奋进、乘风破浪,""贡献金融新知,培育金融精英,引领金融实践,推动社会发展""的使命担当历久弥新。"
2020,第八届张培刚发展经济学优秀成果奖第三届张培刚发展经济学青年学者奖颁奖典礼暨“双循环新格局与中国经济转型发展”论坛公告,,,经济研究,0,<正>第八届张培刚发展经济学优秀成果奖和第三届张培刚发展经济学青年学者奖评选结果现已产生。特公告如下:1.第八届张培刚发展经济学优秀成果奖获奖作品名单(按获奖作品第一作者姓名音序排列):
2020,地区差距与供给侧结构性改革——“三期叠加”下的内生增长,邓忠奇;高廷帆;朱峰,南北经济差距;供给侧结构性改革;经济增长方式;内生增长,经济研究,0,"在没有发生重大经济事件的情况下,2013年起中国南北经济差距逐渐拉大;2016年起,在经济总量差距进一步拉大的情况下,南北地区的全要素生产率却开始趋同。探明南北差距扩大的原因并提出解决之道是摆在全面建成小康社会决胜期的一道难题。通过对中国经济增长历程的梳理,本文发现新时代南北差距问题本质上是经济增长方式转型的老问题。实证研究表明:1998年至2018年资本贡献了74.7%的中国经济增长,而全要素生产率只贡献了8.3%,在转变资本拉动型增长方式的过程中,南北地区承受了不同的阵痛,导致南北差距扩大。在""三期叠加""阶段,南北差距扩大具有一定的必然性,2008年世界金融危机仅仅是导火索,其后的经济刺激计划则形成了短暂的隔离带,将南北差距问题推迟到2013年。2016年起南北全要素生产率差距的缩小得益于供给侧结构性改革,改革的有效性在本文得到验证。基于实证分析结论,本文认为要继续推进供给侧结构性改革,重视企业尤其是创新型企业的集聚,以此为抓手促进创新型要素在北方的培育和高效利用。"
2020,数据资本与经济增长路径,徐翔;赵墨非,数据资本;ICT资本;经济增长,经济研究,0,"本文定义数据化的生产要素为数据资本,重点关注其在生产效率和数据处理效率上的创新特性。本文用产业组织的创新模型为数据资本构建微观基础,并将其引入内生增长模型,以分析数据资本对经济增长的直接影响和溢出效应。本文研究发现模型存在非平衡的稳态增长路径,其中数据资本的稳态增速高于其他类型资本及总产出的稳态增速。本文还发现,将数据资本和ICT资本相区分后,均衡的稳态经济增长率比只考虑ICT资本时有所降低,这与近年来多数实证研究的发现相一致。通过数值模拟得出的中国数据资本存量水平与根据实际数据估算的结果比较接近,2019年超过9万亿元,占社会总资本的5%左右,且近年来增速显著高于总产出增速,充分反映了数据资本积累拉动宏观经济增长的潜在能力。"
2020,基于实时信息流的中国宏观经济不确定性测度,王霞;郑挺国,宏观经济不确定性指数;宏观经济意外指数;实时信息流;混频数据,经济研究,0,"宏观经济不确定性作为宏观经济测度的重要指标,反映了宏观经济系统的不可预测程度。由于宏观数据信息发布的时点不同,这种不可预测程度可以通过实时发布的宏观指标信息与其预期的偏差构建。本文在搜集我国实时碎尾数据集的基础上,采用混频动态因子模型,构造了我国日度宏观经济意外指数和不确定指数。进一步地,本文研究了该宏观经济不确定指数与货币政策、宏观经济波动之间的关系。研究结果表明,宏观经济不确定性冲击对利率存在负向影响;在经济波动较大时,经济衰退会导致宏观经济不确定性提高,而在经济平缓时期,宏观经济不确定性则是引起经济下滑的因素之一。"
2020,分支机构空间分布、银行竞争与企业债务决策,李志生;金凌;孔东民,银行竞争;银行分支机构空间分布;杠杆率;资本结构,经济研究,0,"自2006年监管部门调整商业银行分支机构市场准入政策以来,我国银行分支机构数量和空间分布发生了明显变化,银行竞争日渐加剧。本文利用2000—2012年国家统计局工业企业数据,以周边银行分支机构数量衡量企业所面临的真实银行竞争水平,研究银行竞争对企业债务决策的影响。结果表明:企业周边银行分支机构数量的增加显著提高了企业负债水平,有利于优化企业资本结构;银行竞争对企业负债的影响更多体现在""好的杠杆""上,有效提升了信贷资源配置效率。进一步研究发现,银行分支机构数量的增加主要通过市场机制缓解企业融资约束,进而提高了杠杆率,同时也在一定程度上阻碍了关系借贷。因此,我国在推进结构性去杠杆、改善信贷资源分配效率的进程中,在做好宏观调控政策精准发力的同时,也应高度重视银行竞争生态的建设和完善,充分发挥市场机制的作用。"
2020,创业板上市公司绿色创新溢酬研究,方先明;那晋领,绿色创新;超额收益;价值增长;市场关注,经济研究,0,"本文利用2009—2018年创业板上市公司面板数据,基于绿色专利申请量和授权量,检验了绿色创新溢酬的存在性及其形成机制。研究表明:创业板上市公司能够获得绿色创新溢酬,即绿色专利申请量和授权量越多的公司股票超额收益率越高;前者通过价值增长和市场关注双重机制产生溢酬,后者仅通过市场关注机制产生溢酬。绿色创新获得了证券分析师和机构投资者的关注,但普通投资者对绿色创新没有明显反应。异质性分析表明:污染行业属性会降低绿色创新溢酬,披露社会责任承担情况对绿色创新溢酬没有明显增益效应;具体到专利类型,发明专利授权和实用新型专利申请产生的溢酬更明显。时效性分析表明,实用新型专利申请增加导致的绿色创新溢酬时效性更强。为此,在经济转型升级过程中应坚持走绿色创新之路,推进绿色创新信息披露标准化,变革对污染行业的监测和管理手段。"
2020,信贷资源可得性与企业创新:激励还是抑制?——基于银行网点数据和金融地理结构的微观证据,蔡庆丰;陈熠辉;林焜,信贷资源可得性;企业创新;金融地理结构;过度负债;过度投资,经济研究,0,"本文以上市公司周边银行分支机构数量作为代理变量,从金融地理结构视角探究信贷资源可得性对企业创新活动的影响。研究发现:以邻近的银行网点数量为代表的信贷资源可得性越高反而抑制了企业的研发投入,并且这种抑制效应在国有企业和大型企业中更为明显;同时,这种抑制效应主要源自国有大型银行,而股份制银行和地方性中小银行的信贷投放更积极有为,能够促进企业的创新活动。机制检验发现:信贷资源会通过加剧企业的""过度负债""抑制研发投入;进一步,企业可获得的信贷资源越多却并未增加研发投入的原因在于进行了更多的""过度投资"",并将更多的信贷资源投入到房地产行业。本文的研究为我国近年来企业杠杆率高企、产能过剩却又创新不足等现象提供了新的证据,也为金融供给侧改革提供了政策参考。"
2020,刚性泡沫:基于金融风险与刚性兑付的动态一般均衡分析,董丰;许志伟,金融摩擦;系统风险;刚性兑付;资产泡沫,经济研究,0,"随着金融系统风险的不断增大,宏观政策如何应对资产泡沫是一个亟待解决的重要问题。本文基于一个具有理性资产泡沫的动态一般均衡模型,重点讨论了金融风险增大情况下,资产泡沫的成因及其宏观效应。本文从理论上证明:资产泡沫一方面有利于缓解融资约束带来的流动性短缺,从而一定程度上改善了金融摩擦引致的资源错配;另一方面,资产泡沫本身又会加大整个金融系统风险,从而对宏观经济造成威胁。将刚性兑付引入基准模型后,本文发现对高风险金融资产的刚性兑付会导致流动性充裕的投资者过度投机而引起所谓的""刚性泡沫"",泡沫资产的需求和价格与刚性兑付力度呈正向关系。进一步分析表明,""刚性泡沫""在改善流动性短缺的同时,又会对实体经济造成挤出效应。因此,政府对金融市场的救助行为面临取舍,且最优救助力度随金融系统风险的增大而降低。以上分析表明,在高金融风险与资产泡沫并存的情况下,针对资本市场的救助政策需谨慎执行。"
2020,中老年人健康状况与家庭资产配置——基于资产流动性的视角,周慧珺;沈吉;龚六堂,家庭金融;健康状况;投资组合;资产流动性,经济研究,0,"本文从理论和实证两个方面研究了中老年人健康状况对于家庭流动性风险资产和非流动性风险资产投资决策的影响。一方面,疾病带来的医疗成本增加和规划周期缩短将带来两种资产的下降。另一方面,健康状况的下降增大了对于未来资金流动性的需求又会使得流动性资产回升,非流动性资产下降。在两种效应的共同作用下,流动性资产受健康的影响相对较小,非流动性资产所受影响则相对较大。基于中国健康与养老追踪(CHARLS)调查数据的实证分析也表明,健康状况较差的家庭对于投资性房产的持有显著低于健康状况好的家庭,而同样的结论在流动性风险资产持有上的显著性和稳健性则相对较弱。"
2020,数学、模型与经济思想,洪永淼;汪寿阳,经济思想;经济学;研究范式;研究方法;数学;模型定性分析;定量分析;实证研究;大数据,管理世界,0,"自经济学成为一门独立的社会科学以来,其研究范式、研究方法历经演变,从早期以历史分析、逻辑分析、定性分析为主,到现在以定量分析和实证分析为主。数学公式和模型是经济思想的重要载体和表达方式。大数据时代带来的""数据革命"",凸显了定量分析的必要性和重要性,定量分析是经济学研究的""工匠精神""。但是,在实际应用中,应避免生搬硬套、滥用、误用模型与定量分析方法,强化对数学公式和模型方法的直观解释和经济解释。必须发扬""工匠精神"",才能有效地提高经济学的研究质量。"
2020,重大工程决策“中国之治”的现代化道路——我国重大工程决策治理70年,盛昭瀚;刘慧敏;燕雪;金帅;邱聿旻;董梁,重大工程;决策治理;现代化;回顾;反思,管理世界,0,"新中国成立70年既是我国重大工程建设不断创造奇迹、取得举世瞩目成就的70年,也是不断发展和完善我国重大工程决策治理体系和治理能力的70年。本文以三门峡工程、三峡工程、改革开放以来的长大桥梁工程群以及港珠澳大桥等我国重大工程典型案例链为基础,把我国70年来重大工程决策""中国之治"",即中国重大工程决策治理现代化与中国化一体化的实践及创新放在我国社会主义建设,特别是近40年改革开放、民族振兴以及大国治理的历史情境中进行全景式的分析和解读,并在我国重大工程决策""中国之治""70年现代化道路发展历程的文化记忆中,总结其基本经验、揭示其内在逻辑、再通过体现历史逻辑与辩证思维原则的反思,提炼对新时代我国重大工程决策治理的现实启示。"
2020,健康预期寿命提高如何促进经济增长？——基于跨国宏观数据的实证研究,张颖熙;夏杰长,健康预期寿命;经济增长;健康人力资本;平均预期寿命,管理世界,0,"本文引入公共卫生领域的重要指标——健康预期寿命,系统阐释了健康预期寿命提高促进经济增长的作用机制,利用1960～2016年84个国家构成的面板数据,对提出的作用机制进行实证检验。研究发现,健康预期寿命提高主要通过""人口、储蓄、教育、劳动/闲暇和技术进步""5个渠道影响经济增长,其作用结果会因不同国家人口结构转型特征和经济发展水平而产生差异。发达国家和发展中国家影响路径差异说明,随着人口结构转型和经济发展水平的提高,健康预期寿命通过人口数量和储蓄代表的劳动力和物质资本促进经济增长的渠道将逐渐弱化,而通过闲暇和全要素生产率代表的人力资本和技术进步促进经济增长的渠道将日益增强。和平均预期寿命指标相比,健康预期寿命在促进经济增长方面具有更积极的人力资本效应和创新效应。提高健康预期寿命,缩小健康预期寿命与平均预期寿命之间的差距,有助于促进高质量人力资本积累,推动技术进步和技术创新,实现经济高质量发展。"
2020,“十四五”时期我国发展内外部环境研究,陈昌盛;许伟;兰宗敏;江宇,“十四五”;发展环境;时代背景;决定力量;发展趋势,管理世界,0,"""十四五""时期,我国面临百年未有之大变局深度调整、百年未遇之大疫情严重冲击、百年奋斗目标迈向新阶段的重大时代背景。疫情影响长期化、数字化转型加速、""边界""冲突重构调整、中国崛起和欧美主导此消彼长、对国家能力期待上升等五大力量推动经济社会发展变革。内外部发展呈现全球经济低增长低利率高债务、国际经济循环大调整、治理机制加速重构、国内经济转入中速增长平台、数字经济引领产业升级、经济社会风险管理难度加大、要素布局网络化集中化并重、绿色发展比较优势提升、非经济因素对开放的影响突出、收入分配改善关键窗口期显现等十大趋势。需要立足国情实际,把握住有利时间窗口,谋划好""十四五""规划的总体思路,推动建立高标准市场经济、高水平开放经济和高效能治理体系,加快转方式、调结构、换动力,强化重大风险防范和化解能力,推动经济尽快转入高质量发展轨道,加快构建""双循环""新发展格局,为全面建设社会主义现代化国家开好局、起好步。"
2020,信息披露业务关系与新闻报道质量,薛健;汝毅,指定信息披露媒体;业务关系;新闻报道质量;信息含量,管理世界,0,"中国资本市场中的指定信息披露媒体制度存续已久。近年来,有关该制度存在合理性的争论以及变革的呼声不绝于耳。在此背景下,本文探讨了媒体与上市公司之间的信息披露业务关系对新闻报道质量的影响。文章发现,第一,与非关联的情形相比,指定信息披露媒体会发布更多关联公司的新闻报道,这些报道内容更加详尽、情感上更加正面、信息含量更低;第二,当公司承受负增长业绩压力时,关联媒体更倾向于保持沉默,但一旦报道,其内容的乐观程度更高。公司信息环境越差或者双方业务关系越紧密,关联媒体的报道内容也越乐观;第三,投资者认可上市公司减少信息披露媒体数量这一做法,对其市场反应为正。使用倾向得分匹配的方法纠正样本选择偏差,文章的结论依旧稳健。本文的实证结果支持信息披露业务关系会影响媒体独立性、进而损害新闻报道质量这一假说。本研究为资本市场上正在持续开展的信息披露制度改革提供了重要的经验证据。"
2020,我国实体经济短期金融风险的评价与研判——存量与流量兼顾的短期财务风险综合评估与预警,王竹泉;宋晓缤;王苑琢,实体经济;短期财务风险;系统性金融风险;存量与流量兼顾,管理世界,0,"国际清算银行(BIS)和中国人民银行公布的宏观杠杆率数据都显示,我国非金融企业部门杠杆率显著高于所有报告的经济体的均值,非金融企业部门被认为是我国""结构性去杠杆""的重中之重。与之同时,流动性风险频发预示着控制非金融企业部门的短期金融风险对防范系统性金融风险尤为关键。但宏观层面短期风险指标的缺位和微观层面短期风险指标的落后,阻碍了对实体经济短期金融风险的客观评价与理性研判,严重影响了我国结构性去杠杆的精准定位和及时应对。本文在对传统短期财务风险分析指标缺陷分析的基础上,重构了存量流量兼顾的短期财务风险综合评估体系,运用新旧两套体系测度了2009年一季度至2019年一季度共41个季度季末起一年内我国非金融A股上市公司短期财务风险水平,并测度了重大突发公共卫生事件对实体经济短期金融风险的冲击。整体分析结果显示,我国实体经济上市公司短期财务风险较低且呈下降趋势,更多公司风险向低位集聚,但短期偿债能力主要依靠存量保障,即需以降低流动性为代价,保障质量有待提高;传统短期财务风险分析指标不仅高估了实体经济短期金融风险,而且弱化了风险的动态波动性,降低了其对短期金融风险的敏感性。行业分析显示,电力、热力、燃气及水生产和供应业的存量风险值得关注,而房地产业的流量风险值得关注;地区分析显示,大部分地区短期风险控制成效明显,东部地区短期风险整体上低于中西部地区,京津冀区域短期风险有所上升;疫情影响分析显示,疫情对实体经济短期风险的影响总体可控,对不同行业的影响呈两极分化状态,对东部地区和京津冀区域的影响较为明显。本文的研究结论启示我们,政府部门、金融机构、企业经营管理者和财会理论工作者均应正视传统短期金融风险分析的缺陷,重新对实体经济短期金融风险进行客观评价和理性研判,精准、及时识别实体经济短期金融风险的重点区域、行业和企业,坚决守住不发生系统性金融风险的底线。"
2020,数字经济、创业活跃度与高质量发展——来自中国城市的经验证据,赵涛;张智;梁上坤,数字经济;创业;高质量发展;宽带中国,管理世界,0,"本文探讨了数字经济促进城市高质量发展的效应及其背后的机制。理论上,数字经济可以通过提升创业活跃度,从而赋能高质量发展。实证上,本文测度了2011～2016年中国222个地级及以上城市的数字经济和高质量发展的综合水平,并以企业工商注册信息微观数据刻画城市的创业活跃度,在此基础上进行计量分析。结果表明:数字经济显著促进了高质量发展,这一结论在进行选取历史数据作为工具变量和""宽带中国""试点作为准自然实验等稳健性检验后仍然成立。作用机制的分析显示,激发大众创业是数字经济释放高质量发展红利的重要机制。最后,采用门槛模型和空间模型,发现数字经济的积极影响存在""边际效应""非线性递增以及空间溢出的特点。本文的研究推动了高质量发展动因以及数字经济赋能高质量发展的效应、机制和地区差异的理解。"
2020,数字金融发展对传统私人借贷市场的影响及机制研究,吴雨;李成顺;李晓;弋代春,数字金融发展;私人借贷市场;私人借出;私人借贷需求,管理世界,0,"数字金融作为新兴金融模式给传统金融体系带来了深刻影响,其对中国传统私人借贷市场的影响及作用机制是本文关心的问题。借助中国家庭金融调查2013年、2015年和2017年3轮调查数据,本文从供给和需求的视角分析了数字金融发展对中国家庭传统私人借贷行为的影响。首先,从供给端来看,数字金融发展显著降低了家庭私人借出的可能性,并降低了借出款占家庭金融资产的比重。其次,从需求端来看,数字金融发展显著降低了家庭的传统私人借贷需求。这表明,数字金融发展从供给和需求层面对我国传统私人借贷产生了一定的替代效应。最后,本文进一步探讨了数字金融发展对家庭传统私人借贷难度的影响。研究发现,数字金融发展显著增加了家庭传统私人借贷难度,表现在数字金融发展显著降低了家庭传统私人借贷获得可能性、增加了传统私人借贷约束的可能性,并扩大了私人借贷缺口。机制分析发现,数字金融发展的""机会成本效应""降低了家庭对传统私人借贷的资金供给;数字金融发展的""资金渠道替代效应""及""收入效应""降低了家庭对传统私人借贷的资金需求。本文的研究对理解新兴金融模式与传统金融模式之间的关系具有一定的借鉴意义。"
2020,双支柱调控框架的新目标制研究,李拉亚,双支柱调控框架;新目标制;新时间不一致性;新货币数量规则;金融周期,管理世界,0,"本文把双支柱调控框架作为一种新目标制运作,以克服新的时间不一致性问题,即中央银行为追求经济增长而放松金融监管。本文从这一新的理论视角,分析了该框架的逻辑结构,研究了该框架的调控目标、调控工具和调控规则,发现了经济周期和金融周期不同步是该框架目标摩擦、政策摩擦和系统摩擦的内在原因。我们通过研制的新货币数量规则和新调控规则,对经济系统和金融系统联合调控,减少这两大系统之间和两大政策(货币政策和宏观审慎政策)之间的摩擦与冲突,形成两大政策的合力,共同防范系统性风险。"
2020,第六届中青年财政学者论坛征文启事,,,管理世界,0,"<正>""中青年财政学者论坛""由浙江财经大学创办于2015年,已成功举办五届。为进一步凝练论坛特色,为财政领域中青年学者的学术交流与合作打造一个高端平台,第六届中青年财政学者论坛将在《管理世界》编辑部的支持下由浙江财经大学主办。本届论坛将于2020年12月5日在杭州召开,论坛主题为""风险社会下的财政治理变革""。"
2020,关于举办“第一届‘三农’发展前沿学术论坛”的启事,,,管理世界,0,"<正>""十三五""时期,围绕脱贫攻坚和农村如期全面小康双重目标任务,中央实施了一系列强农、惠农、富农政策,我国""三农""发展取得了显著成效。以高质量发展为主线,补短板、防风险,将是""十四五""时期加快推进农业农村现代化的重要主题。经农业农村部农村经济研究中心、西北农林科技大学经济管理学院商定,举办""第一届‘三农’发展前沿学术论坛""。具体事宜如下。一、会议时间及地点会议地点:西北农林科技大学经济管理学院(陕西杨凌)会议时间:2021年1月9日-10日"
2020,异质性环境规制工具与企业绿色创新激励——来自上市企业绿色专利的证据,李青原;肖泽华,异质性环境规制工具;排污收费;环保补助;绿色创新,经济研究,0,"环境规制如何释放制度红利,促进经济与环境协调发展?鲜有文献从微观企业和环境规制工具异质性的角度进行考察。本文以中国A股重污染行业上市企业2011—2017年的数据作为样本,研究发现:排污收费""倒逼""了企业绿色创新能力,这一""倒逼""效应体现在外部压力和内部激励;环保补助却""挤出""了企业绿色创新能力,这一""挤出""效应体现在迎合政府和机会主义,在控制内生性、排除干扰性因素、改变变量定义等稳健性检验后,该结论依然成立。进一步研究发现,当企业资源基础较强时,排污收费对绿色创新的""倒逼""效应更加明显,但环保补助不存在这一现象;排污收费促进了企业绿色发明专利成果的产出,而环保补助却""挤出""了企业绿色发明专利和绿色实用新型专利成果的产出。本文发现了不同性质的环境规制工具对企业产生了截然相反的效果,对已有关于环境规制经济后果研究的争论提供了中国的微观证据,为如何实现环境保护与企业绿色竞争力提升的""双重红利""提供了理论支持。"
2020,延迟退休、人力资本投资与养老金财政平衡,邱牧远;王天宇;梁润,人口老龄化;延迟退休;人力资本;转移动态,经济研究,0,"理解延迟退休如何影响宏观经济和劳动力市场,对养老金改革和积极老龄化政策制定至关重要。以往研究大多忽略了人力资本积累机制在延迟退休中的作用,并且未考虑延迟退休的短期动态效果。本文在一个75期的世代交叠模型中刻画了我国城镇职工养老保险体系,并嵌入个体代际内的人力资本积累机制,通过参数校准和政策模拟,从比较静态和转移动态两个维度探讨延迟退休相对于其他促进养老金财政平衡政策的优劣,以及不同延迟退休方案之间的差异。本文发现,当人口老龄化导致养老金财政失衡时,相比于提高养老金税率,延迟退休具有额外的人力资本投资激励效应。在长期内,延迟退休有助于提升产出,在社保降费的背景下,给了政策制定者更大的调整基本养老保险替代率的空间。在短期内,最优延迟退休方案取决于政策目标,有缓冲期、小步慢走的延迟退休方案能够有效降低改革过程中劳动力市场的波动性,并且减少临退休群体的福利损失。"
2020,教育公共品配置调整对人力资本的影响——基于撤点并校的研究,梁超;王素素,撤点并校;人力资本;双重差分;规模效应,经济研究,0,"城市化过程中基础教育资源的布局调整至关重要,这离不开对人力资本影响的科学评估。本文基于2010年人口普查数据,实证考察了2001年开始的撤点并校对农村儿童人力资本积累的长期影响。文章利用地区间政策力度差异和样本出生队列信息构造双重差分的识别策略,研究发现:第一,撤点并校显著促进了农村儿童的长期人力资本积累,表现为获取高中教育的概率明显增加。第二,基于CHARLS数据区分""撤点""和""并校""村居,发现""并校""促进农村儿童获取高中教育,""撤点""则对部分儿童的小学入学率存在负面冲击。第三,撤点并校带来生均教育支出和教育支出占财政支出比例的下降,对教育财政绩效存在一定的改善效应。本文从长期视角揭示撤点并校对农村儿童人力资本积累的影响,为城市化中进一步推动农村教育公共品的空间布局调整提供了研究依据。"
2020,山东财经大学会计学院简介,,,经济研究,0,"<正>山东财经大学会计学院成立于2011年11月,由原山东经济学院会计学院和山东财政学院会计学院整合组建而成。目前有本科、硕士、博士三个办学层次。其中,本科有会计学、审计学、财务管理和资产评估四个专业;硕士分学术硕士和专业硕士,前者有会计学、财务管理和审计学,后者有会计学、审计学和资产评估;博士有会计理论与方法、财务管理和审计理论与方法三个研究方向。为推动会计教育转型发展,会计学专业从2019级开始新设""智能会计""方向。"
2020,热烈庆祝《改革开放进程中的经济学家学术自传》隆重出版,,,经济研究,0,"<正>丛书简介为了记录并彰显中国经济学家的历史贡献,为中国特色社会主义事业进一步发挥智慧的力量和作用,同时借以勉励后学筑梦前行,南方出版传媒旗下广东经济出版社,特邀张卓元教授和高培勇教授担任主编,由《经济研究》编辑部具体负责组织、编辑了集中反映改革开放进程中的经济学家学术探索和心路历程的丛书——《改革开放进程中的经济学家学术自传》。入选这套丛书的经济学家共计46位,他们学术素养深厚、学术成就卓越。他们在自传中大多以第一人称,讲述了自己的家国情怀与成长经历,以及对学术生涯的感悟和思考。这是一套全面、翔实的经济学家学术传记丛书,为记录我国改革开放历程留下了宝贵的资料。"
2020,中国经济学的探索:一个历史考察,程霖;张申;陈旭东,中国经济学;中国特色社会主义政治经济学;历史考察,经济研究,0,"中国经济学探索延续百年,历经近代在传播与转型中孕育、上世纪90年代在选择与实践中争鸣、党的十八大以来在积累与创新中厘清这三次学术讨论高潮。本文对百年来中国经济学概念的提出过程、表述方式、具体界定、理论逻辑及特征演变等进行了全面回顾,对其间涌现的各种提法加以梳理统计,揭示了概念的演变趋势与基本要素,并给出关于中国经济学概念界定的标准与建议。研究发现:(1)中国经济学概念界定发展于马克思主义经济学中国化、西方经济学中国化、中国传统经济思想现代化和中国经济改革发展实践理论化这四条线索的相互交织;(2)学界对经济学二元学科特质的认知虽持续存在差异,但对中国经济学研究目的、主体、对象和方法等特有属性的共识逐步加强,促使其概念轮廓不断清晰,并在新时代以中国特色社会主义政治经济学为落脚点;(3)中国经济学应至少满足以下标准:中国经济学人以马克思主义为指导,批判吸收各种已有经济思想并实现创新,致力揭示中国经济规律,解释中国经济问题,指导中国经济发展,并寻求更具一般性和广泛解释力的理论提炼,最终形成一套内在逻辑自洽的理论体系。"
2020,金融供需摩擦、信贷结构与最优财政援助政策,朱军;李建强;陈昌兵,金融供需摩擦;信贷结构;金融脆弱性;财政援助政策,经济研究,0,"金融摩擦在金融产品定价、政府和中央银行平滑经济周期波动中发挥着至关重要的作用。然而目前还没有文献将BGG框架的企业融资需求摩擦和GK框架的银行信贷供给摩擦整合到一个框架中,对比财政政策的有效性和财政资源的战略优先配置问题。本文通过理论研究发现:(1)针对中国问题的含有金融供需摩擦的理论模型,其结果的矩吻合匹配较好,且部分指标结果优于Kirchner&Wijnbergen(2016)的框架。(2)银行信贷供给摩擦下,财政刺激效果低于无摩擦的情形;而企业融资需求摩擦下,财政刺激效果高于无摩擦的情形;对比两者,银行信贷供给摩擦下的财政政策乘数较小。(3)支持财政扩张的债务是否影响银行资产配置已成为""通过居民发债扩张""与""通过银行发债扩张""两种经济刺激的关键差别。(4)经济下行背景下,短期内财政援助银行更占优。长期内,当政府债务负担较低时,财政援助银行更占优;当政府债务负担较高时,财政援助企业更占优。"
2020,资本深化、结构转型与技能溢价,郭凯明;杭静;颜色,资本深化;结构转型;技能溢价;收入分配,经济研究,0,"如何理解收入分配演化机制,对政府调节不同群体间收入分配关系、改善收入分配矛盾具有重要意义。本文在多部门动态一般均衡模型中引入了不同技能劳动力,研究了结构转型在技能溢价变动中的作用。本文发现在产业部门间产品替代弹性较低时,随着资本深化或资本密集型产业技术水平更快提高,生产要素将流向劳动密集型产业;如果劳动密集型产业同时也是技能密集型,那么技能溢价将上升,反之亦然。劳动力数量增长后,如果资本密集型产业同时也是技能密集型,那么即使高技能和低技能劳动力之比提高,技能溢价也可能会上升。本文提出即使不假设资本技能互补或技能偏向型技术等生产特征,结构转型也会改变技能溢价,这为理解收入分配提供了新的理论视角。"
2020,后疫情时期的经济高质量发展:面向2025年的中国经济——《经济研究》创刊65周年·《经济学动态》创刊60周年纪念学术研讨会,,,经济研究,0,"<正>2020年是中国全面建成小康社会和""十三五""规划收官之年,也是谋划第十四个五年规划、承前启后推进中国特色社会主义建设、实现""两个一百年""奋斗目标的关键之年。突如其来的新型冠状病毒肺炎疫情还给2020年全球经济社会带来了巨大冲击,也给后疫情时期世界经济发展提出了全面挑战。""十四五""时期是全面建设社会主义现代化国家新征程的开局起步期,是世界百年未有之大变局演化的后疫情时期,是新一轮科技革命和产业变革的加速拓展期。中国需要从世界百年未有之大变局和中华民族伟大复兴战略全局的""两个大局""着眼,建设现代化经济体系,促进中国经济高质量发展,加快形成以国内大循环为主体、国内国际双循环相互促进的新发展格局。"
2020,农村公共品提供:社会与政府的互补机制,王丹利;陆铭,农村公共品供给;宗族多样性;乡村振兴,经济研究,0,"为了提高农村公共品供给规模、质量与效率,实现乡村振兴,政府既需要鼓励引导社会资本参与农村公共品供给,也需要提高政府公共支出的效率。本文从集体行动的角度研究宗族多样性对中国农村公共品供给的影响,包括其对农村公共品私人供给的影响,及社会与政府相互作用提高政府在农村公共支出效率的影响。基于中国21个省758个县1949—1990年前后农村公共品私人供给数据及20世纪80年代反映宗族多样性的姓氏数目和姓氏集中度数据,本文发现,姓氏数目与农村公共品私人供给存在显著负相关关系,而姓氏集中度与农村公共品私人供给存在显著正相关关系。本文还发现,社会力量有效地补充了政府的作用,在姓氏数目少、姓氏集中度高的地区,政府公共支出效率更高,具体表现在对农村公共品私人供给的促进作用更显著。"
2020,高新技术企业税收减免政策的激励效应与迎合效应,杨国超;芮萌,产业政策;高新技术企业;税收优惠;研发创新;熵平衡法,经济研究,0,"理论上是否需要由政府来制定产业政策仍存在争议。本文基于2008年开始实施的《高新技术企业认定管理办法》这一具体的产业政策,研究产业政策实施中的激励效应与迎合效应。研究发现,公司获得高新技术企业认定后,其创新投入以及创新产出的数量和质量均显著提升,但通过虚增研发投入而获得高新技术企业认定的公司,其创新投入以及创新产出的数量和质量均提升较少。这表明产业政策既可能会激励公司创新,也可能导致公司仅仅为表面迎合政策要求,而无意于真正从事创新。机制分析结果还发现,通过高新技术企业认定的企业可以获得更多的税收优惠和政府补助,也会聘请更多高学历的员工,但产业政策所带来的减税优惠、政府补助以及人才聚集效应只会促进真正的高新技术企业增加创新,而对于""伪高新技术企业"",产业政策的创新激励作用显著减弱。本文研究结论不仅协调了""产业政策之争""双方所持的不同理论观点,也为政府如何实施产业政策提供了理论参考。"
2020,金融开放条件下国债市场的波动溢出和风险定价研究,费兆奇;刘康,波动溢出;国债市场;风险定价;预期收益,经济研究,0,"在进一步扩大金融业对外开放的背景下,如何度量全球风险对中国债券市场的影响,以及全球风险如何参与国内债市风险定价的问题具有重要的研究价值。本文通过构建双因素波动溢出模型和多因素的条件国际资本资产定价模型,比较研究全球因素(包括美国因素和欧元区特有因素)对中国不同期限国债的波动溢出效应,并考察金融开放条件下中国国债的风险定价。研究发现:全球因素对中国国债的波动溢出效应是显著的,其对中国长期国债的波动溢出效应显著高于短期国债;美国因素对中国短期国债的波动溢出效应显著高于欧元区特有因素,而欧元区特有因素对中国长期国债的波动溢出效应显著高于美国因素;经济体之间的经济趋同和货币政策趋同(货币政策趋同和汇率波动)对中国长期国债(短期国债)的波动溢出效应具有显著的解释能力;中国国债的风险价格和风险敞口均具有显著的时变特征,与美欧相比,其超额预期收益和风险价格通常处于较低的水平,但在危机时期会出现大幅飙升的现象。"
2020,中国股市和债市间避险对冲效应及其定价机制,周颖刚;林珊珊;洪永淼,跨市场效应;区制转换;条件协偏度;条件协峰度;资产定价,经济研究,0,"经过三十多年的发展,中国股票和债券市场规模全球第二,表现出全球""避风港""的潜力,研究这两个大类资产间避险对冲效应,探索中国特色社会主义市场体系中资本市场的运行规律,对中国经济学的构建具有重要的意义。本文运用条件协偏度和协峰度来刻画一种资产风险变大和出现极端风险的情况下另一个市场是否具有对冲功能,并检验这种避险对冲效应是否影响股票和国债的风险溢价。结果发现,当一种资产对另一资产的条件协偏度下降和条件协峰度上升时,其预期收益会随之上升,说明我国股票市场和国债市场之间可以互相对冲风险,其跨市场定价机制符合偏度偏好和峰度厌恶假设。比较分析国债期货重新上市交易前后样本,可以发现随着利率市场化的推进,股票和国债市场间避险对冲效应有所加强。本文还将研究拓展至期货市场,发现国债现货能够对冲股票期货市场的波动性和极端风险,但相互避险的作用在股指期货和国债期货市场之间、其他现货和期货交叉市场间并不显著。这些发现为监管部门继续发展和完善股票市场和国债市场,放开国债期货和股指期货交易的管制,进一步推动利率市场化改革,促进中国金融市场的良性互动发展提供了重要的科学依据。"
2020,金融科技与分析师市场,丁娜;金婧;田轩,金融科技;分析师;金融信息服务,经济研究,0,"本文利用中国金融科技企业数据库与上市公司各类报道的原始数据,构建了金融科技对上市公司关注的指标,研究金融科技平台在金融信息服务领域对分析师市场的影响。研究结果表明,从信息市场供应角度来看,金融科技平台介入到金融信息领域之后,分析师报道在整个领域的份额开始减少,表明金融科技平台对于分析师市场呈现出替代效应,并且该效应在分析师关注相对较少的样本中更加显著。此外,本文从市场效率的角度进行深入验证,发现金融科技关注显著降低了分析师在股票交易市场的有效信息贡献。"
2020,文化视角下的乡村振兴与经济发展新思路探究——评《从文化视角探索乡村振兴的发展之路》,罗春秋,,管理世界,0,"<正>随着我国城镇化的快速发展,为推进乡村文化建设,各地政府以党的十九大精神为指导开始全面实施乡村振兴战略,积极贯彻和落实振兴乡村经济和文化战略部署。全方位的乡村振兴不仅要加快现代农业产业体系、生产体系和经营体系的构建步伐,还需要坚持农业农村优先发展战略,大力提升农业融合型产业的辐射带动能力,尤其要加强新农村文化建设任务,以满足农民群众的多层次和多方面的精神文"
2020,新时代借用西方经济学的几个重大理论问题,方福前,中特经济学;西方经济学;市场经济;借用,管理世界,0,"中特经济学在新时代在现阶段是适应中国特色社会主义市场经济发展需要的中国社会主义市场经济学。社会主义市场经济与资本主义市场经济在制度性质上是不同的,但在资源配置机制上是相同的,都是市场经济。西方经济学以资本主义市场经济为研究对象,主要研究的是资本主义制度下的市场经济,其中的许多内容可以为创建中特经济学借用。西方经济学体现着私人资本逐利、自由和私有的三大意愿。社会主义市场经济中的资本并不能超脱这些意愿,中国社会主义价值观排斥的是私有化、经济领域以外的自由化和把自利变异为自私。现代西方主流经济学一般不研究资本主义制度""从哪里来""、""到哪里去""这样重大的问题,这有其庸俗性的一面,但另一方面也表明它所研究的实际上是市场经济一般的问题,这些问题大多在社会主义市场经济中也会出现和存在。市场调节是自发的、盲目的和事后的,这是好的调节功能和调节方式而不是坏的调节功能和调节方式。"
2020,生产性服务业的全球价值链及其中国参与度,黄蕙萍;缪子菊;袁野;李殊琦,生产性服务业;全球价值链演变;中国参与度,管理世界,0,"生产性服务业是我国现代化经济体系的重要部分,其全球价值链及其演变规律一直影响着我国开放型经济体制的建设。为更好地测度和分析生产性服务业的全球价值链,本文进行了较为系统的实证分析,从而得出了我国在其中的参与位置、获利能力和相关影响因素。研究结果表明:生产性服务业全球价值链上活动主体的数量在增加,层次在扩展,新兴产业占比在加大,分工程度在深化。我国生产性服务业的后向参与程度在日渐提高,但前向参与程度依然较低,价值链中的获利能力亦较低,亟须相关部门与业界重视。其中,技术因素、制度因素及生产效率和其全球价值链参与程度密切相关,因此""顶层设计""需要考虑到相应的政策异质性。"
2020,中国省际无形资本存量估算：2000～2016年,郑世林;杨梦俊,无形资本存量;折旧率;投资价格指数;新经济;经济增长,管理世界,0,"无形资本是驱动""新经济""增长的重要动能,但中国目前仍缺乏对省际无形资本存量的科学估算。为此,本文基于CHS分类框架估计了2000～2016年各省(市、区)无形资本存量。研究发现:(1)中国无形资本存量从2000年的0.51万亿元增长到2016年的13.31万亿元,年均增速为22.69%,对经济增长贡献率已达到35.79%,而从内部结构来看,经济竞争力资本占无形资本投资的比重偏低,较美国低约20个百分点。(2)无形资本存量主要集中在经济发达地区,2016年北京、上海、广东和江苏4个省份无形资本存量占全国比重高达50.32%,但发达地区同样存在结构不合理问题。(3)无形资本已超越物质资本成为东南沿海地区经济增长的主要动能,无形资本存量增速减缓是东北和能源密集地区经济下滑的原因之一。"
2020,进入新时代的中国特色社会主义政治经济学,洪银兴,新时代;中国特色社会主义;政治经济学,管理世界,0,"中国特色社会主义政治经济学反映进入新时代的时代特征,研究对象转向生产力。解放和发展生产力、达到共同富裕成为主线。财富代替价值成为经济分析的基本范畴。中国特色社会主义政治经济学的理论体系不能从先验的理论出发,只能是问题导向。作为导向问题涉及发展阶段问题和研究层面问题。相应的政治经济学不能只研究制度,还需要研究经济运行和经济发展的问题,由此政治经济学的理论体系就会形成经济制度、经济运行和经济发展(其中包括对外经济)三大部分。基本经济制度分析需要从共存论去认识公有制和非公有制、按劳分配和要素报酬、社会主义和市场经济,从而将制度优势转化为治理优势。经济运行分析服从于资源最优配置的目标,微观分析关注效率,宏观分析则关注经济增长和宏观经济的稳定,也就是经济安全。经济发展分析遵循生产力自身的规律研究发展的规律和相应的发展理念。创新、协调、绿色、开放、共享的新发展理念,推动了政治经济学的发展理论的创新。"
2020,论中国特色社会主义经济学的范式承诺,金碚,范式承诺;经济学体系;中国事实;党的角色,管理世界,0,"中国特色社会主义经济学应基于怎样的范式承诺,即以怎样的思维框架来""框定""她的研究对象、学术逻辑和体系结构?建立中国特色社会主义经济最重要的是要研究中国经济的根本性域观特征。将党的角色和作用纳入经济学思维的逻辑框架,可以对中国经济有更深刻的理论认识和学术刻画。这就是中国特色社会主义经济学范式承诺的一个根本性域观特征。""中国事实""是中国特色社会主义经济学学术体系的逻辑起点,对基本中国事实的把握以及在此基础上的概念抽象是研究中国特色社会主义经济学的关键之一。经济学范式结构的变革将沿着史观、微观、宏观、域观的方向演进,形成更具科学性的学科体系和学术体系。而中国特色社会主义经济学则是契合这一范式承诺所形成的重大学术成果和持续创新方向。"
2020,从合作社转向合作联社：市场扩展下龙头企业和农户契约选择的经济逻辑——以山西省太谷县某龙头企业和土地合作社为例,邓宏图;赵燕;杨芸,治理机制;工资合约股权合约;剩余控制分配权;联合社,管理世界,0,"盈利预期驱动企业进行产业结构调整、扩张经营规模,但企业规模扩张会受到土地、劳动力、资金等要素制约。为解决土地和劳动力的供给约束,突破信贷制约,企业在规模扩张的过程中会引入合作社的缔约结构,形成企业领办合作社的混合治理机制。调查发现,一方面,当企业规模扩张到信贷约束的临界值时,企业为了在继续扩张规模时减少交易成本,即当企业达到一定规模时,可以通过治理机制和缔约结构创新来扩张企业的边界。另一方面,在农户和龙头企业共同拥有股权的合作社缔约结构中,如何确定分成比例以达到该缔约结构激励相容的效果是构建合作经济组织的关键。同时,在对山西太谷县某专业合作社的实地调研中发现,市场规模的扩张和产品种类的增加对合作社内部专业化分工要求更高,相应专业化分工的成本也在增加,而由合作社向合作联社的转化可以对冲专业化分工导致的成本增加,实现土地和劳动力配置效率的最大化。研究发现,有效实现土地与资本结合,构建合作经济组织,保护农户权益需要重构三权分置框架下新型的包容性的农户与龙头企业之间的经济关系,这也是农村集体产权制度改革的重要一环。"
2020,什么样的营商环境生态产生城市高创业活跃度？——基于制度组态的分析,杜运周;刘秋辰;程建青,营商环境生态;制度组态;模糊集定性比较分析(fsQCA);必要条件分析(NCA);创业活跃度,管理世界,0,"创业是促进区域发展的重要力量。如何优化营商环境生态促进区域创业活跃度是创业研究有待回答的重要问题。鉴于中国转型期市场和政府等多元制度逻辑共栖、共生或主导产生了复杂的营商环境背景,本文基于制度组态框架,结合NCA和QCA两种新兴方法,从组态视角分析了我国城市营商环境生态与创业活跃度的关系。研究发现:(1)单个营商环境要素并不构成高创业活跃度产生的必要条件,但是提升政府效率在产生高创业活跃度上发挥着较普适的作用;(2)4种营商环境生态可以产生高创业活跃度,包括政府主导逻辑下人力资源驱动型(掠夺竞争型共栖或主导)、政府主导逻辑下资源与创新驱动型(部分互利型共栖)、政府助力下依托公共服务的金融与创新驱动型(部分互利型共栖)、政府与市场双元逻辑下依托公共服务的金融与创新驱动型(完全互利型共栖或共生),不同环境生态代表着不同城市高创业活跃度的多重实现方式。政府与市场完全互利共栖或共生型城市最多,说明要重视发挥政府与市场""互惠之手""而非替代关系,使政府与市场在相应的生态位相互增强提高环境承载力,从而促进城市创业活跃度。本文也发现了3种营商环境生态会导致非高创业活跃度,它们均呈现出政府逻辑的""掠夺之手""。本文引入制度组态视角,探究营商环境生态要素的耦合对于城市创业行为的影响,研究发现对揭示中国城市高创业活跃度的营商生态实现路径具有重要的理论与实践意义。"
2020,企业生产率与贸易壁垒——来自中国企业遭遇反倾销的微观证据,王孝松;林发勤;李玏,反倾销成因;企业生产率;厂商异质性;技术密集度,管理世界,0,"本文在厂商层面考察了中国出口企业遭遇反倾销的成因,通过将1999～2014年《中国工业企业数据库》、《中国海关统计数据库》和《全球反倾销数据库》进行匹配,实证检验了厂商的异质性特征对其遭遇反倾销诉讼概率的影响。计量结果表明,企业生产率是中国厂商遭遇反倾销的重要影响因素,低生产率企业在国际市场上更容易招致贸易伙伴的反倾销诉讼。此外,企业出口规模越大、融资约束越小,越容易遭遇反倾销诉讼。机制检验的结果表明,低生产率企业往往出口单位价值较低的产品,因而在国际市场上更易遭受反倾销诉讼。与全样本的估计结果相反,中、高技术行业的出口企业生产率越高,在国际市场上越容易遭受反倾销调查。在未来,促使出口企业生产率的普遍提高和协同发展,既是企业在国际市场上应对贸易壁垒的重要举措,也是中国各行业提升竞争力、实现长远发展的根本途径;中国企业还需将""出口市场多元化""战略落到实处,开辟新市场、跨越贸易壁垒;高技术企业未来要加大基础研发投入,与政府和科研机构通力合作,进行投入大、周期长、见效慢,但具有重要战略意义的基础性研发活动,力争取得原创性科技成果,使自身产品具有不可替代性。"
2020,产权权利束分割与国企创新——基于中央企业分红权激励改革的证据,曹春方;张超,产权权利束分割;分红权激励;企业创新;国企改革,管理世界,0,"现有研究认为国有产权激励不足是国企改革的难点,但主要基于产权权利束完整的假设前提,本文则从产权权利束分割(partitioning of property rights)视角,探讨分红权激励改革这一收益权分割安排对国企创新的影响。以中央企业分红权激励改革(148号文)为准自然实验,本文构建双重差分模型检验发现:(1)分红权激励改革之后,试点央企的创新水平显著提升,该结论在一系列稳健性检验之后仍然成立。(2)这种提升作用主要通过改善预期、强化监督以及提高员工风险承担意愿等机制来实现。(3)分红权激励改革是重要并且相对外生的,148号文公告后试点央企有显著更高的累积超额回报,但公告前试点央企与其他央企累积超额回报并无显著差异。其实际影响还体现为R&D投入的增加、创新效率和创新质量的提升;政策影响范围则主要集中在参与试点工作的子公司层面。本文从产权权利束分割视角回应了""民营化""的理论争议,也对当下的国企改革提供参考和补充。"
2020,地方政府隐性债务再认识——基于融资平台公司的精准界定和金融势能的视角,徐军伟;毛捷;管星华,融资平台公司;城投债;资产延伸;风险联保;金融势能,管理世界,0,"在系统梳理政府部门及业界机构对融资平台公司各类定义的基础上,本文重新界定了融资平台公司和城投债,并建立了基于融资平台公司新名单的城投债数据库(含海外债)。本文利用上述数据,分析城投债的变化趋势,发现城投债存在""政策债""等特点。在此基础上,本文结合已有文献的研究结论(包括举债动机、制度空间、资产工具和资金来源等),提炼出融资平台公司存在资产与风险的不对称性这一重要事实,其根源是地方政府对融资平台公司的资产延伸和风险联保。进一步地,本文通过对资产延伸和风险联保的量化分析,发现融资平台公司相对于一般市场公司具有不合理的金融势能优势。金融势能是融资平台公司大力举债的微观动力机制,也是导致地方政府隐性债务持续增长的市场驱动因素。为有效防范化解地方政府隐性债务风险,应采取有针对性的政策措施抑制地方政府对融资平台公司的资产延伸和风险联保,消除融资平台公司不合理的金融势能。"
2020,跟随还是对冲：发行人付费评级机构如何应对中债资信的低评级？,寇宗来;千茜倩;陈关亭,信用评级;投资人付费;发行人付费;对冲机制;双差分模型,管理世界,0,"国外研究表明,当投资人付费评级机构给出更低的评级时,发行人付费评级机构为维护市场声誉,通常也会""跟随""着调低评级。但2009～2014年期间中国发债企业主体评级的数据却给出了截然相反的结果,面对中债资信的低评级,发行人付费评级机构不但不会""跟随"",反而会调高拟发债企业的后续主体评级进行""对冲""。本文从""监管套利""角度解释了这种""反常现象"":中国监管部门限制主体评级很低的企业发债,相应地市场投资机构也通常都限制投资于低评级企业发行的债券;所以,一旦中债资信对拟发债企业给出很低的主体评级,拟发债企业就可能为了成功发债而寻求发行人付费评级机构给出更高评级,以便对冲掉来自中债资信的负面冲击。本文基于双重差分法的经验检验,支持了上述理论解释。"
2020,“第一届中国经济前沿学术论坛”征文启事,,,管理世界,0,"<正>改革开放以来,中国经济和社会发展取得了举世瞩目的成就,中国的经济发展模式正受到越来越多国际经济学家的关注。如何立足我国国情和发展实践,提炼和总结我国经济发展实践的规律性成果,讲好经济学的""中国故事"",传播好中国声音,是历史赋予我们这代人的学术责任和社会责任。当前世界经济增速放缓,世界大变局加速演变,全球动荡源和风险点显著增多。同时,随着中国经济发展进入新时代,我国经济已由高速增长阶段转"
2020,关于举办第二届“中国青年管理学者论坛·工商管理论坛”的启事,,,管理世界,0,"<正>""中国青年管理学者论坛·工商管理论坛""创办于2019年,旨在推动我国工商管理学科发展,为国内工商管理领域中青年学者搭建高水平的交流平台。在管理世界杂志社的支持下,第二届""中国青年管理学者论坛·工商管理论坛""定于2020年10月18日在首都经济贸易大学举办。"
2020,全球经济大变局、中国潜在增长率与后疫情时期高质量发展,汤铎铎;刘学良;倪红福;杨耀武;黄群慧;张晓晶,全球经济大变局;高质量发展;后疫情时期;潜在增长率;“十四五”时期,经济研究,0,"全球经济大变局意味着此前的生产和分工格局已经不可持续。新型冠状病毒肺炎疫情增强和加速了这一变局。后疫情时期,全球经济将更加脆弱,全球价值链面临更加剧烈的调整,全球债务再创新高已成定局,全球宏观经济治理进入未知领域,社会分配呈现收入差距继续扩大之势,数字化、智能化技术正加速新工业革命的效果。面对后疫情时期的经济大变局,中国即将步入""十四五""时期,将在全面建成小康社会基础上全面开启中国特色社会主义现代化建设新征程。一个是中华民族伟大复兴的战略全局,一个是世界百年未有之大变局,""十四五""时期的经济发展问题必须立足习近平总书记提出的""胸怀两个大局""来研究思考。中国经济从高速增长阶段进入高质量发展阶段,既是全球经济大变局的一个侧面,也反映出中国经济发展进入新阶段,还体现了中国经济政策的主动调整。2021—2025年中国经济年潜在增长率预计平均为5.7%。在资本和劳动投入趋势性下降之际,经济增长要更多地依赖全要素生产率提升。后疫情时期的中国高质量发展,在政策导向上应该积极推进创新驱动高质量工业化战略,区域优势互补协调发展的新型城镇化战略,以畅通国内大循环为主体、国际国内双循环相互促进的新发展战略,以及以稳增长与防风险的平衡为主线的宏观调控战略。"
2020,地方政府环境目标约束是否影响了产业转型升级?,余泳泽;孙鹏博;宣烨,环境目标约束;绩效考核;环境规制;产业转型升级,经济研究,0,"在中国式分权制度背景下,基于将环境绩效纳入官员考核这一外生冲击,本文通过手工收集整理城市政府工作报告中公开的环境目标约束数据,在理论分析的基础上,采用DID模型和工具变量法从城市和企业两个维度实证检验了地方政府环境目标约束对产业转型升级的影响。研究结果表明:(1)将环境绩效纳入官员考核后,面临环境目标约束的地方政府,其产业转型升级效果较为明显。这一结论在一系列稳健性检验中均成立。(2)机制分析发现,环境目标约束会使地方政府通过加强环境规制,调整产业政策和财政支出结构等行为推动当地产业转型升级。(3)进一步研究发现,主动推行环境考核官员更有积极性推动本地产业结构升级。以上结论为中国实现环境治理与产业转型升级的""双赢""提供了现实依据。"
2020,竞争政策与企业投资——基于《反垄断法》实施的准自然实验,王彦超;蒋亚含,行政垄断;竞争政策;企业投资;产能过剩;反垄断,经济研究,0,"竞争政策是市场经济中的""经济宪法""。作为竞争政策的重要内容之一,《反垄断法》可以矫正市场失灵,维护良好市场竞争秩序。竞争环境的改善将会进一步促进企业优胜劣汰,抑制非理性投资。基于2004—2017年的数据,本文发现《反垄断法》的实施降低了各地区的行政垄断程度;同时降低了国有企业的过度投资行为和投资规模,尤其是低效率投资。进一步研究发现《反垄断法》还促进了地区间产业结构调整,降低了产业同质化水平。研究表明,竞争政策通过改善竞争环境,矫正市场机制也可以实现""去产能""。本研究检验了《反垄断法》的实施效果,为进一步立法提供了重要经验证据,还丰富了如何解决制度性产能过剩的研究,从微观企业的角度为我国有效治理产能过剩问题提供了新的思路。"
2020,中国养老金改革的逻辑和福利效果:基于人口“数量-质量”转换的视角,张熠;张书博;汪润泉,人力资本;少子化;现收现付制;代际公平;养老金改革,经济研究,0,"本文通过世代交叠模型,分析了我国人口结构沿着""数量-质量""前沿边界转换,即少子化伴随人力资本进步时,养老金体系最优的代际再分配水平。分析表明:(1)如果仅面临少子化,我国养老金体系的确应转向积累制,但快速的人力资本进步完全可以补偿少子化的冲击,使现收现付制仍是最优选择。如果考虑到代际公平性,甚至政府需要加强现收现付制,使老年世代分享经济发展的成果。(2)基于""数量-质量""前沿边界转换的模型内生出我国较高的养老保险费率、退休前工资替代率和制度内赡养率,较低的社会平均工资替代率和人口赡养率等许多令人困惑的典型事实。(3)在此理论框架下,无论不做实个人账户,还是加强缴费受益关联、延迟退休以及建立""养老金-工资挂钩机制""都有利于增进社会福利。看似矛盾的中国养老金改革实践或许具有逻辑自洽性。"
2020,实体部门预期与宏观紧缩效应防范,李洁;覃毅,实体预期;债务融资;稳定政策;稳预期,经济研究,0,"本文在实体企业债务融资模型中引入预期模糊因素,剖析宏观紧缩预期对企业融资决策及债务流动性的影响,在此基础上刻画相关稳定政策,为做好""六稳""工作中""稳预期""调控提供一定的理论参考。研究发现,鉴于谨慎预防心理,预期模糊加剧了企业的融资需求,造成实体债务流动性相对紧缩,其紧缩程度与企业预期模糊强度成正比。通过企业债务配置的微观机制发现,在某一特定的预期模糊范围内,企业主体对加总债务紧缩程度感知出现分歧,造成企业债券价格及背后流动性的波动。进一步地,本文基于预期模糊机制给出""稳预期""策略,同时针对债券价格波动及债务流动性紧缩,分别从货币政策和财政政策两个角度刻画了相关稳定政策。通过求解含有中国经济特征的转移路径,上述理论结果的准确性和稳健性得以验证。"
2020,第二届中国微观经济理论论坛(2020)征文启事,,,经济研究,0,"<正>改革开放以来中国经济发展取得的举世瞩目的成就,理应孕育和提炼出有代表性且有影响力的经济理论。这些理论既要借鉴国外微观经济学的经典及前沿成果,又要结合中国的现实问题;既要对以往的成功经验予以总结和阐释,又要对各种新现象、新问题作出解答和理论概括。为了推动中国微观经济学理论与方法的创新,促进微观经济学者之间的学术交流,经济研究杂志社与中国社会科学院经济研究所微观经济学研究室、北京大学光华管理学院、中国人民大学经济学院、清华大学经济管理学院、复旦大学经济学院、南开大学经济学院、南京大学经济学院、浙江"
2020,在世界百年未有之大变局中坚持和发展中国特色社会主义经济发展道路,逄锦聚,习近平新时代中国特色社会主义经济思想;中国特色社会主义经济发展道路;新时代;世界百年未有之大变局,经济研究,0,"新中国成立特别是改革开放以来,中国共产党领导中国人民开辟了中国特色社会主义道路,中国特色社会主义经济发展道路是其核心组成部分。在中国特色社会主义进入新时代,世界处于百年未有之大变局中,坚持和发展中国特色社会主义经济发展道路是关系中国和世界前途的战略抉择。中国特色社会主义经济发展道路,具有鲜明的中国特色,同时包含人类社会经济发展的一般规律,是通向人民幸福、国家富强、世界经济繁荣发展的光明之路。适应新时代和世界百年未有之大变局的要求和挑战,必须坚持以习近平新时代中国特色社会主义经济思想为指导,以更加坚定的决心、更加有力的举措、更加完善的制度,坚持和发展中国特色社会主义经济发展道路,为中华民族伟大复兴和世界经济繁荣发展提供不竭的强大动力和保证,不断开创中国和世界的美好未来。"
2020,中国进口与全球经济增长:公司投资的国际证据,刘京军;鲁晓东;张健,全球经济;公司投资;中国进口,经济研究,0,"随着中国成为世界最大的贸易国,如何全面评价中国对全球经济的影响是一个极其重要但尚未解决的问题。值得注意的是以往文献主要研究中国出口冲击,忽略了中国进口的影响。本文从中国进口视角出发,以全球39个主要国家或地区的上市公司为样本考察中国进口强度对世界企业投资的影响。研究结果表明,各国家或地区对中国的出口强度越高,相应当地企业的投资水平也越高,在考虑模型内生性后上述结果仍然稳健。中国进口通过以下机制影响企业投资:出口国比较优势占优的企业会因为中国进口强度的增加提高其投资,中国进口能缓解企业的融资约束以及经济不确定性对企业投资的负向影响。本文发现,在全球价值链分工体系日渐成熟的背景下,中国的经济发展对全球经济增长的作用既体现在出口方面,也体现在进口方面。本文的研究结论为理解中国进口对世界经济发展的影响提供了微观证据,这也是理解中国坚定贸易自由化以及经济全球化合理的基础。"
2020,构建中国区域经济学学科体系——评《刘再兴文集》,孙久文,,经济研究,0,"<正>随着中国经济步入高质量发展的新时代,""与时代共成长、以现实为命题""的区域经济学迎来发展的春天,这离不开老一辈学者做出的开创性工作。作为中国区域经济理论与实践研究的代表性学术成果,问世于2017年的《刘再兴文集》(经济管理出版社,下文所标页码均指该书)涵盖了经济地理学学科性质、生产布局规律、区域发展差距、经济区划、国土规划、经济政策空间属性等重大问题的深刻思考,集合了以刘再兴教授为代表的新中国第一代区域经济学者的真知灼见。"
2020,第七届全国经济史学博士后论坛征文启事,,,经济研究,0,"<正>为加强全国经济史学科博士后之间的学术交流,培养具有创新精神的经济史学研究高层次人才,推动中国经济史学研究,为中国的改革开放和经济发展贡献高水平智力成果,由中国社会科学院、全国博士后管委会办公室与中国博士后科学基金会共同主办,中国社会科学院博士后管委会办公室与厦门大学历史系、中国社会科学院经济研究所、中国经济史学会共同承办的第七届全国经济史学博士后论坛,拟于2020年10月16—18日在厦门举行。本届论坛的主题为""陆海交汇:全球史视野下的中国社会经济变迁""。"
2020,减税激励与企业债务负担——来自小微企业所得税减半征收政策的证据,王伟同;李秀华;陆毅,小微企业;减税激励;债务负担;群聚分析,经济研究,0,"小微企业是经济社会发展活力的微观基础,降低小微企业债务负担,推动小微企业可持续和高质量发展具有重要现实意义。税收优惠是国家支持小微企业发展的重要举措,但目前减税政策的效果如何尚不明晰。本文利用全国税收调查数据,基于小微企业所得税减半征收政策带来的冲击,使用群聚(bunching)方法考察了减税激励对小微企业债务规模和融资成本的影响。研究结果表明,所得税减半征收政策有效降低了小微企业的实际税负,部分企业通过操纵应纳税所得额享受到了税收减免,并使得操纵区间内的企业平均所得税负降低了6.83%。反事实估计减税的政策效应发现,企业所得税负每下降10%,则其流动负债会平均降低16.62%,流动负债占比降低1.65个百分点,同时企业利息支出下降21.9%,财务费用下降16.86%,这为减税政策缓解企业债务负担及化解杠杆风险提供了微观证据。在此基础上,本文还讨论了减税政策的动态效应及对企业生产效率的积极影响。本文研究结论表明,减税政策显著降低了小微企业税收负担,缓解了企业融资约束,这为国家进一步实施小微企业减税政策提供了经验支持。"
2020,税收任务、策略性征管与企业实际税负,田彬彬;陶东杰;李文健,税收任务;策略性征管;企业所得税;实际税负,经济研究,0,"长期以来,基于收入任务完成度的考核构成了中国税收征管绩效评价的主要特征,也成为理解中国税收征管力度变化的重要逻辑。基于2008—2015年间全国微观企业与省市宏观层面的匹配数据,本文考察了地方层面的税收任务对于税收征管以及企业所得税实际税率的影响。研究发现,税收任务显著推升了税收征管力度,平均而言,税收任务目标每提高1个百分点,企业所得税的实际税率将提高0.138个百分点。同时,以任务完成度为临界点,税收任务对于税收征管力度的影响主要集中在未完成任务和恰好完成任务的组别,而在超额完成任务的组别中则并不明显。这一结果契合了地方征税机关在完成任务之后,通过""藏税""来降低未来任务基数的现实逻辑。本文的研究对我国未来税收征管体制的改革具有重要政策启示。"
2020,过度负债企业去杠杆:程度、持续性及政策效应——来自中国上市公司的证据,许晓芳;周茜;陆正飞,过度负债;去杠杆;产权性质;行政层级;可持续性,经济研究,0,"2008年""四万亿""经济刺激计划实施之后,我国企业杠杆水平不断攀升。为了防范金融风险,必须降低过度负债企业的杠杆水平。本文以我国非金融类上市公司为研究对象,实证检验了过度负债与去杠杆之间的关系。研究发现,过度负债企业更可能去杠杆,去杠杆程度也更高,且过度负债程度越高,去杠杆的可能性和程度也越高,但上述关系在国企中表现相对较弱;我国强制去杠杆政策的实施,进一步提高了过度负债的非国企和央企的去杠杆程度。本文的研究拓展和深化了资本结构和""中国式去杠杆""影响因素以及过度负债经济后果方面的文献,也为进一步优化我国结构性去杠杆工作提供了经验证据和政策参考。"
2020,声誉、竞争与企业的边界——兼论高质量发展背景下的国有企业重组,杜创,产品质量;声誉;竞争;企业边界;国有企业,经济研究,0,"本文提出了一个关于企业边界的新分析框架,侧重分析产品质量声誉激励和价格竞争如何共同影响企业的边界。同一市场上具有市场势力的两家企业如果横向合并,可以减少价格竞争,增加利润。然而当消费者和企业关于产品质量存在信息不对称时,克服企业道德风险问题有赖声誉机制;横向合并在减少竞争的同时也降低了企业维持产品质量声誉的激励,其结果是企业更难获得消费者信任,最终减少利润。文章基于重复博弈模型框架从理论上研究了这两种效应的相对大小,以及成本结构、技术不确定性、贴现因子等一系列外生参数如何通过这两种效应影响企业的边界。应用上述理论,本文分析了中国经济从高速增长转向高质量发展背景下大型国有企业重组问题,尤其是横向分拆与合并决策的影响因素。由于产品质量提供中的信息不对称和道德风险,大型国有企业重组需要考虑重组对市场结构进而对产品质量和声誉机制的影响。"
2020,内部劳动力市场与中国劳动关系转型——基于珠三角地区农民工的调查数据和田野资料（英文）,孙中伟;刘明巍;贾海龙;亢晓妮,劳动合同法;农民工;劳动关系;内部劳动力市场,Social Sciences in China,0,"基于2006—2010年珠三角地区农民工问卷调查数据和近年的田野调查资料,发现《劳动合同法》的颁布促进了劳动合同的签订和合同期限的长期化,使得企业愿意加大人力资本投资,增加员工保险和福利投入,更加注重人性化管理,最终建立起一套将农民工纳入其中的内部劳动力市场制度;与此同时,中小企业和私营企业人力资源管理技术和策略也得到不断发展。虽然《劳动合同法》在一定程度上提高了农民工集体维权倾向,但内部劳动力市场的建立又可以缓解劳资之间的紧张,员工维权更加理性、审慎,为劳资之间从对抗迈向合作共赢提供了基础。《劳动合同法》加快并强化了中国劳动关系的""个体化""发展趋势。从""刚性""的法律制度和""柔性""的内部管理两个渠道保护劳工权益,有助降低大规模集体性劳资纠纷发生的风险,建立相对和谐的制度化的劳动关系。"
2020,基于小农户生产的扶贫实践与理论探索——以“巢状市场小农扶贫试验”为例（英文）,叶敬忠;贺聪志;亢晓妮,小农生产;精准扶贫;生产扶贫;巢状市场,Social Sciences in China,0,"以市场为导向的产业扶贫方式在我国的精准扶贫工作中发挥了重要作用,但它很难全面覆盖深度贫困的小农户,也面临很多挑战。因此,需要探索和创新适合贫困小农户的多种生产扶贫方式。一项在河北省太行山区村庄开展8年的扶贫行动表明,""巢状市场小农扶贫""以""贫困小农户现在有什么""的生计资源为出发点,以健康农产品和地方特色食物产品的小农式生产为""产业"",以城市普通消费者对健康食物的需求为对接出口,以""巢状市场""为交易和互动的组织形式,通过农村贫困人口和城市人口的相互信任和共同参与,成功地将生计资源和社会资本转化为贫困人口的收入,实现精准、稳定和可持续的脱贫结果,彰显创新、协调、绿色和共享的发展理念。"
2020,新冠肺炎疫情防控对国家应急管理体系和能力的检视,姜长云;姜惠宸,应急管理;公共卫生;突发事件;新冠肺炎疫情;国家治理,管理世界,0,"新冠肺炎疫情为检视我国应急管理体系和能力提供了机会窗口。评价新冠肺炎疫情应急管理中的问题,应秉持以人为本、生命优先原则,着眼于""防范于未然""。此次疫情应急治理中的问题多集中在疫情形成和防控前期阶段。在加强应急管理体系和能力建设的过程中,加强预防预警的理念难以有效落地,主要是因为与""属地管理为主""相关的两个机制性失衡,导致预防预警成为应急管理体系的薄弱环节;落实""属地管理为主""的实施机制薄弱,助推疫情""黑天鹅""、""灰犀牛""事件发生。加强公共卫生应急管理体系和能力要强化底线思维,明确应急管理相对于日常管理的优先地位,推动属地管理责任""下沉""和实施机制强化;要注意补好应急管理""软实力""短板,提升地方政府及其相关部门领导的应急管理素质,优化统筹协调能力。"
2020,新时代马克思主义政治经济学发展研究——评《马克思主义政治经济学在当代中国的新发展》,特木钦,,管理世界,0,"<正>马克思主义政治经济学在中国化和本土化的历程上克服了一次又一次的社会经济发展难关。在新时代背景下,我国特色社会主义事业的建设与发展将继续坚持党的正确领导,坚持马克思主义政治经济学的理论与实践发展路径,用中国特色社会主义政治经济学新的成果和经验推动新时代的科学建设与发展。由邱海平编著的《马克思主义政治经济学在当代中国的新发展》一书是我国新时代背景下治国理政新理念、新思想和新战略研究的优秀成果。该书在马克思主义政治经济学理论框架与实践体系的基"
2020,疫情冲击下的经济增长与全面小康经济社会目标,刘伟,全面小康;经济增长;疫情冲击,管理世界,0,"在疫情的严重冲击下,2020年中国的经济增长面临前所未有的困难,2020年中国经济增长能达到怎样的速度?这种速度能否支持经济社会发展目标和经济稳健运行的要求?2020年《政府工作报告》不设定具体经济增长速度目标是否可以说不要保障一定的经济增速?中国经济是否能够承受疫情冲击,进而在2020年实现全面小康经济社会发展目标,打赢脱贫攻坚战?这些问题是本文所要讨论的。"
2020,数字农业运营管理：关键问题、理论方法与示范工程,阮俊虎;刘天军;冯晓春;乔志伟;霍学喜;朱玉春;胡祥培,数字农业;运营管理;关键问题;理论方法;示范工程,管理世界,0,"正在发生的以万物为连接主体的物联网革命给整个世界带来的影响会远远超过以计算机和手机为连接主体的传统互联网和移动网络带来的影响,为我国赶超发达国家进而引领正在发生的数字经济提供了巨大机遇。自2015年受国家自然科学基金""物联网环境下的管理理论与方法""重点项目群资助以来,我们团队在对数字农业运营管理基本特征进行界定的基础上,从基础建设、应用升级和成熟爆发3个阶段识别出数字农业运营管理面临的关键问题,形成由数字农业流程重组、数字农业产业融合、数字农业知识管理等构成的数字农业运营管理理论方法,与京东集团合作开展了京东农场示范工程建设项目,构建出数字农业创新商业模式与一体化技术解决方案,有利于促进我国现代农业从机械化电气化到数字化智能化的跨越和数字农业运营管理这一新兴领域中国学术话语体系的构建。"
2020,财政层级改革与税收征管激励重构——以财政“省直管县”改革为自然实验的研究,李广众;贾凡胜,财政“省直管县”;财政收入缩水;税收征管;企业避税,管理世界,0,"本文基于中国工业企业数据,以财政""省直管县""改革为自然实验,从企业避税的角度考察由财政层级改革带来的市级政府财政压力能否激励其加强税收征管。研究发现,经历财政""省直管县""改革后,市辖区域内企业的避税程度会显著降低,表明面临财政压力,政府会加强税收征管,进而抑制企业避税;这一结论在考虑了动态效应、安慰剂效应、倾向得分匹配+双重差分法(PSM+DID)、测量误差和子样本分析等一系列稳健性之后仍然成立。本文还发现:财政""省直管县""改革对企业避税的影响仅在市级政府拥有征管权限的企业中显著;市级政府土地财政能力会削弱财政""省直管县""改革对企业避税行为的影响。本文的研究丰富了政府财政层级改革及其影响的文献,对于如何重构政府税收征管激励、深化机构和行政体制改革以及提升国家治理能力具有借鉴意义。"
2020,全球价值链下的中国企业“产品锁定”破局——基于产品多样性视角的经验证据,吕越;邓利静,全球价值链;产品多样性;产品锁定;制造业企业;产品转换,管理世界,0,"本文基于2000～2009年《中国工业企业数据库》、《中国海关数据库》和《产品产量数据库》的高度细化微观企业数据,考察中国制造业企业嵌入全球价值链对企业产品多样性的影响效应。研究发现,首先,在样本期间,企业嵌入全球价值链将会显著降低企业产品多样性。其次,由市场竞争引致的挤出效应以及吸收能力不足可能是导致这一效应的内在机制。再次,从企业动态来说,全球价值链的产品范围抑制效应主要出现在新进入企业、持续存在企业以及持续存在产品中;从地区来说,企业嵌入全球价值链显著降低企业产品多样性的现象在东部地区尤为突出;从所有制类型来说,外资企业嵌入全球价值链后的负面产品范围效应更为突出。最后,我们以产品转换为切入点,进一步分析了中国企业内部产品层面的资源配置效应,发现当前中国企业的产品转换频率仍有待提升,且产品转换更多发生在大规模企业、高生产率企业和出口企业样本中。本研究在一定程度上为传统发展模式中可能存在的""产品锁定""提供了突破路径——即通过提高企业的市场竞争力和吸收能力、积极主动融入全球价值链分工、优化引资质量和结构等途径,助力实现制造业产品多样性升级。"
2020,预算软约束、宏观杠杆率与全要素生产率,孟宪春;张屹山;张鹤;冯叶,预算软约束;宏观杠杆率;全要素生产率;DSGE,管理世界,0,"本文针对我国部分企业存在预算约束和生产效率差异的现实背景,基于抵押约束机制构建了包含异质性企业的动态随机一般均衡模型,在此基础上对我国当前实施的宏观政策作用机理和有效性进行仿真模拟研究。研究发现:第一,预算软约束下的抵押约束机制会在异质性企业间产生非对称""金融加速器""效应,造成信贷资源和生产要素错配、宏观杠杆率高企和全要素生产率下降,但预算软约束企业吸纳了经济体闲散劳动力,降低就业波动;第二,信贷政策具有结构调整功能,可以提高全要素生产率,但对宏观杠杆率的调控效果不明显,对贷款价值比进行动态监管的宏观审慎政策短期内虽然能够起到降杠杆的作用,但以牺牲全要素生产率为代价,由于未能削弱预算软约束的影响,长期不具有""去杠杆""效应;第三,深入供给侧结构性改革,逐渐消除预算软约束问题,能够实现显著降低宏观杠杆率和提升全要素生产率的政策目标,并产生福利增益,但在企业改革过程中须做好人才结构的转型与匹配,避免劳动力市场出现失业率大幅上升的现象。"
2020,去杠杆，究竟谁更积极与稳妥？,周茜;许晓芳;陆正飞,去杠杆方式;过度负债;成长性;公司治理,管理世界,0,"自2015年中央经济工作会议明确提出去杠杆要求以来,""去杠杆""被列为我国现阶段重要经济工作之一,积极稳妥降低企业杠杆率是降低我国总杠杆率、防范化解重大风险的关键环节。本文以我国A股非金融类上市公司为研究对象,实证检验了企业去杠杆方式的选择及其影响因素。研究发现,过度负债程度越高和成长性越好的企业,均会越多地选择更为""积极""的""增权""方式,而非更为""不积极""的""减债""方式去杠杆;公司治理水平越低的公司,则会越多地选择更为""不稳妥""的""其他增权""和""减短债""方式,而非更为""稳妥""的""增本+留利""与""减长债""方式去杠杆。本文的研究丰富和发展了去杠杆方式选择及其影响因素方面的文献,也为我国企业去杠杆工作的推进和去杠杆效果评价的优化提供了经验证据和政策参考。"
2020,我国金融机构系统性风险度量与外溢效应研究,宫晓莉;熊熊;张维,系统性风险;信息溢出网络;条件风险价值;边际期望损失;风险外溢因子,管理世界,0,"为研究系统性风险在金融系统内的传染情况,本文首先根据金融机构间相互关联的信息溢出效应,采用方差分解网络方法对我国上市金融机构建立信息溢出网络,甄别出金融网络风险传染中的系统重要性金融机构。考虑到金融资产收益率的随机波动特性,以及金融变量间的动态相关性,计算了我国金融系统性风险测度指标条件风险价值和边际期望损失,以研究金融系统的风险溢出效应以及时变特征。并从宏观经济层面(同业拆借利率和通胀率水平)、公司层面(杠杆水平和盈利能力)以及网络关联程度层面考察了系统性风险外溢因子的驱动因素。进而,采用机器学习方法考察风险外溢因子驱动因素对系统性风险的预警程度,并使用Logit模型对系统性危机状况进行预警。实证研究采用包括银行、证券、保险和信托公司的上市金融机构市场数据展开,发现股份制商业银行在金融风险传染中的影响力要大于国有商业银行,大型国有商业银行在系统性风险上升时期反而会起到稳定器的作用。我国银行业和非银行业与整体金融系统的违约风险相关性较高,非银行机构对其他金融机构的风险溢出效应强于银行业,系统性风险具有明显的周期性。对系统性风险驱动因素进行分析发现,通货膨胀水平和债务杠杆水平会明显地助长系统性风险的外溢。银行同业拆借成本和金融机构盈利能力负作用于系统性风险外溢指标。金融机构间信息溢出网络紧密度增加会推高整体系统性风险水平。为保持金融市场的稳定安全,宏观审慎风险防范机制应考虑""太关联而不能倒""的监管理念,加大对民营银行、中小型银行的支持力度,进行差异化监管。同时,所选取指标为构建宏观审慎系统性风险预警体系提供了参考依据。"
2020,城市落户门槛与劳动力回流,张吉鹏;黄金;王军辉;黄勔,劳动力回流;城市落户门槛;农业转移人口市民化,经济研究,0,"劳动力回流是理解户籍改革对空间经济结构影响的关键。已有研究大多依据是否有户籍地以外的生活经历来定义回流,忽视了大规模的户籍迁移群体。本文利用2017年与2019年中国家庭金融调查数据,对回流进行了更准确的测度和区分,分析发现:跨市回流群体在劳动人口中的比重超过跨市流动人口占比;回流人口多从经济发达地区回到欠发达的户籍所在地的城镇地区;回流群体在外务工期间和回到户籍地后的稳定性都不高。实证研究表明,城市落户门槛是导致回流的重要因素,对低技能、跨省流动、农村户籍和健康较差群体有显著影响。落户门槛影响回流的主要机制是流动人口的公共服务可得性,这是要素市场化和公共财政改革的重要方向。"
2020,初心如磐探索中国经济学教育改革之路——厦门大学王亚南经济研究院成立15周年,,,经济研究,0,"<正>2020年6月,厦门大学王亚南经济研究院(WISE)迎来15华诞。15年前,WISE依托厦门大学经济学科悠久的历史底蕴与广泛的国际学术资源优势而设立,致力于成为中国乃至亚太地区一流的、与国际接轨的现代经济学教育和研究机构。WISE以马克思主义经济学家和共和国老一辈教育家——王亚南校长的名字命名,旨在新的历史时期,学习其""站在中国人的立场研究经济学""的治学态度,弘扬其勇攀高峰、学以致用的科学精神。"
2020,王亚南经济研究院成立15周年纪念编著——《新时代中国经济学教育与研究》出版,,,经济研究,0,"<正>""不忘来路,始知归处"",为庆祝WISE成立15周年编著的《新时代中国经济学教育与研究——WISE足迹》由上海人民出版社于2020年6月正式出版。本书集结了WISE首任院长洪永淼教授的部分媒体访谈文章、个人随笔和建言,通过洪永淼个人的视角,呈现WISE15年来的发展理念与轨迹。本书主要包括四方面内容:第一部分《成长》,主要叙述洪永淼赴美留学,再应邀回到母校创办WISE以及主持经济学科的学术管理工作的经历;第二部分《开创》,主要反映WISE的创立、发展,以及WISE、经济学院、邹至庄经济研究中心三位一体交叉融合的鲜明特色,介绍了15年来厦大经济学科"
2020,现代经济增长理论的发展脉络与未来展望——兼从中国经济增长看现代经济增长理论的缺陷,严成樑,经济增长;经济增长理论;经济增长模型,经济研究,0,"本文系统梳理了现代经济增长理论的发展脉络,从新古典增长理论到内生增长理论,从资本驱动的经济增长理论到创新驱动的经济增长理论。本文阐述了现代经济增长理论的演化逻辑,经济增长理论的发展过程是人们对全要素生产率认识深化的过程,经济增长框架微观基础深化的过程,也是经济增长理论与其它学科交叉融合的过程。本文讨论了现代经济增长理论存在的不足,包括在研究思路、模型核心设定和技术性分析方面存在的问题,需求侧在经济增长中的作用被弱化,以及发展中国家和经济转型国家经济增长理论的研究薄弱等。新技术对经济增长的影响和基于大学科融合视角经济增长的微观基础研究是经济增长理论未来发展的重要方向。在此基础上,本文讨论了中国经济增长对现代经济增长理论的经验启示以及中国经济增长模型构建。"
2020,对外技术引进与中国本土企业自主创新,张杰;陈志远;吴书凤;孙文浩,中国本土企业;对外技术引进;自主创新;互补效应;创新差距分布状态,经济研究,0,"利用独特微观企业创新调查数据库,本文从实证和理论两个层面,研究对外技术引进活动对中国本土企业自主创新能力的作用及内在机制。主要发现是:首先,本文在利用技术引进鼓励政策构造合理工具变量的基础上,验证了技术引进对中国本土企业的自主创新活动可以产生滞后的促进作用;其次,在借鉴ABBGH(2005)模型的基础上,构建了刻画产业内领先企业和落后企业之间创新竞争行为和博弈逻辑的局部均衡模型,揭示出在不同竞争结构类型的产业内,企业对外技术引进对创新活动的复杂影响。后续的实证研究进一步验证了理论模型,证明在LL型竞争结构特征为主的产业内,对外技术引进方对处于创新差距中等分布状态企业的自主创新活动有显著的促进效应,而对处于其他创新差距分布状态的企业未产生影响。因此,对外技术引进鼓励政策对本土企业自主创新的促进效应具有一定局限性。本文的发现可为中国各级政府实施的对外技术引进政策及今后的政策调整,提供有价值的参考依据。"
2020,制造业投入服务化、服务贸易壁垒与全球价值链分工,刘斌;赵晓斐,制造业投入服务化;服务贸易壁垒;全球价值链分工,经济研究,0,"当前制造业投入服务化成为经济结构转型的典型特征,然而服务贸易壁垒依然较高,制造业投入服务化与服务贸易壁垒之间的交互作用是导致全球价值链分工进程放缓的结构性动因。本文在构建一般均衡模型的基础上,运用世界投入产出表数据计量分析制造业投入服务化与服务贸易壁垒对全球价值链分工的影响效应。结果表明:总体而言,制造业投入服务化与服务贸易壁垒的交互效应对全球价值链分工产生逆向冲击。制造业投入服务化与服务贸易壁垒的交互作用主要是通过缩短生产步长和提高中间品价格两种渠道降低全球价值链分工水平。本文试图从制造业投入服务化和服务贸易壁垒的双重视角,为当前经济逆全球化现象提供一个全新的解读思路。"
2020,交通基础设施、市场可达性与企业生产率——基于竞争和资源配置的视角,刘冲;吴群锋;刘青,交通基础设施;市场可达性;全要素生产率;资源配置,经济研究,0,"中国的交通基础设施建设取得了举世瞩目的成就,其飞速发展有效降低了国内贸易成本,促进了国内市场一体化。本文实证检验了交通基础设施对中国企业生产率的影响,并从竞争与资源配置的视角探讨了影响机制。为了准确、全面地反映交通基础设施的直接和间接效应,我们采用Donaldson&Hornbeck(2016)的方法,利用高度细化的交通路网分布图,估算了城市间的运输成本,并构建了每个城市的市场可达性(market access)指标。结合1998—2007年工业企业微观数据,本文发现:(1)交通基础设施通过提升市场可达性显著且稳健地提高了企业生产率。本文采用交通部路网规划时的""重要性得分""作为工具变量,证实了因果效应。(2)市场可达性的提升对具有初始比较优势的行业、初始生产率水平较高的企业作用更大。这些结果为异质性企业的比较优势理论提供了有力证据,即运输成本下降导致市场竞争加剧,带来产业间以及产业内的资源重新配置,使低生产率企业退出市场,将资源转移到更有竞争力的产业和企业。本研究对""新常态""下中国制造业转型升级具有重要的实践意义。"
2020,资本市场定价对企业并购行为的影响研究——来自中国上市公司的证据,李善民;黄志宏;郭菁晶,并购;资本市场;定价效率;信号理论;股票过度估值理论,经济研究,0,"Shleifer&Vishny(2003)和Rhodes-Kropf&Viswanathan(2004)提出的股票过度估值理论认为股价高估的公司更可能发起并购。但该理论成立的前提与中国资本市场的制度环境存在显著差异。本文基于信号理论提出了中国资本市场定价对企业并购行为影响新的解释机制。研究发现:(1)上市公司更愿意在股价低估时发起并购,且在股价低估时,主并公司的市场表现更好,但这种择时行为并没有产生协同效应。(2)当上市公司面临的信息不对称程度越高和融资约束越低时,股价低估对企业并购行为的影响越显著。(3)上市公司的董事和高管倾向于在股价低估时增加其持股比例,并在随后积极发起并购。(4)融资融券制度能够显著提高资本市场的定价效率,从而显著抑制了上市公司的并购活动。上述结果表明,上市公司更愿意在股价低估时通过并购活动提升股票估值水平,并且当公司或个人能够从中套利时,上市公司发起并购的动机就更加强烈。本文的研究为探讨资本市场对实体经济运行的影响提供了新的证据和视角,对于当下中国资本市场和并购重组市场的健康发展具有重要的政策含义。"
2020,线下市场分割是否促进了企业线上销售——对中国电子商务扩张的一种解释,马述忠;房超,自然性市场分割;制度性市场分割;线上市场;线下市场;电子商务,经济研究,0,"近二十年,中国电子商务产业快速扩张,在世界范围内居于领先地位。本文试图从市场分割角度对电子商务发展的中国模式给出一种解释。在Melitz(2003)、朱希伟等(2005)、赵玉奇和柯善咨(2016)研究的基础上,本文构建了市场分割环境下异质性企业线上、线下销售渠道选择模型,并基于世界银行中国企业投资环境调查等数据集对模型假说进行检验。本文的研究发现:第一,自然性市场分割和制度性市场分割均会在一定程度上提高企业线上销售的可能性;第二,由于线上市场是相对统一完整的,以跨区域经营为主的企业通过线上销售能更多地摊薄进入成本,其更有可能选择线上销售;第三,高生产率企业能够在一定程度上突破市场分割带来的负面影响。本文的研究为理解中国电子商务产业快速扩张提供了新的视角,为新冠肺炎疫情背景下依托数字化手段开展贸易活动,发展电子商务提供了理论支持。"
2020,企业客户贸易网络、议价能力与技术追赶——基于贸易网络视角的理论与实证检验,孙浦阳;刘伊黎,信息经济;企业贸易网络;议价能力;技术追赶,经济研究,0,"近年来,随着信息技术的高速发展和数字经济时代的到来,企业-客户贸易网络结构趋于复杂化,网络关系逐渐成为企业获取技术信息和实现技术追赶的重要渠道。本文利用2009—2016年上市公司在年报中披露的企业客户贸易数据,刻画了企业-客户之间的供销贸易网络关系,深入研究了企业客户贸易网络结构变化对企业技术追赶的实际影响。研究结果表明:首先,企业客户贸易网络关系复杂化增加,使得企业拥有更多信息获取渠道,获得更多技术信息的企业实现了技术追赶;其次,客户议价能力是网络中企业实现技术追赶的关键因素,决定着技术信息在网络中的流动放向和大小:较高的议价能力能够降低客户对企业中间品的支付,扩大了客户技术转移的收益,使得更多的技术信息由高议价能力客户向低议价能力企业传递,促进了企业的技术追赶。本文研究对技术信息在企业网络渠道中的外溢提供了合理的分析和解释,也为当前我国如何充分发挥和利用企业贸易网络的信息传导作用,提高企业的创新能力,推进创新驱动发展战略的实施提供了重要启示。"
2020,货币政策、商品金融化与物价波动,郑尊信;姜春艳;徐晓光;朱福敏,货币政策;库存;商品金融化;物价波动,经济研究,0,"近年来商品金融化现象逐步盛行,宏观经济理论因未纳入商品金融化因素而暴露出诸多缺陷。本文采用动态一般均衡方法,将商品库存因素和金融化因素纳入宏观经济理论框架,结合菲利普斯曲线和泰勒规则,建立新的宏观经济理论模型。通过参数校准和数值模拟研究发现:便利收益成为货币政策影响消费、库存和货币持有的重要渠道,且扩张性货币政策会驱动库存攀升,便利收益下降,进而促进商品投资或者质押融资的金融化交易,甚至触发贸易融资套利行为,而商品金融化反过来使得货币政策效果更集中在存量库存形成的泡沫,而非实体经济;金融化因素会加剧物价波动,并弱化以泰勒规则为基础制定通货膨胀目标的政策效果。因此,货币政策制定和实施过程中应纳入商品金融化因素,这有助于更好理解和控制物价水平波动。"
2020,中国政府消费券政策的经济效应,林毅夫;沈艳;孙昂,消费券;刺激政策;经济增长;地区不平等;有为政府,经济研究,0,"本文以2020年3月起中国地方政府陆续发放的消费券为切入点,根据消费券的具体特征,以及微信支付数据、疫情数据和城市经济状况数据,使用双重差分法、三重差分法和合成控制法来识别消费券的发放效果,并评估政府在助力经济复苏中的作用。本文主要有如下发现:第一,发放消费券可以促进消费,发券地区受支持行业的支付笔数比未发放地区同期同行业高约26.26%。第二,在第三产业占比高的地区,消费券显著增加交易活跃程度;定向低收入人群的消费券可以增加消费。第三,城市不发放消费券的主要原因是财力受限而不是消费券无效。本文建议,加大对贫困地区和低收入人群的消费券发放,并利用大数据技术,多策并举精准定位需扶持行业与人群,确保消费券发放透明、公正和高效。"
2020,影子银行、监管套利和宏观审慎政策,侯成琪;黄彤彤,影子银行;监管套利;宏观审慎政策;逆周期资本监管,经济研究,0,"本文建立了一个包含商业银行和影子银行两类金融机构的动态随机一般均衡模型,通过引入商业银行受监管、影子银行不受监管的非对称监管政策,分析了货币政策紧缩、企业贷款风险程度上升和严监管环境下的商业银行监管套利行为。结果发现,与不允许监管套利的反事实情景相比,商业银行有动力向影子银行转移资金以规避监管,这一监管套利动机弱化了仅针对商业银行监管措施的有效性。但是,如果将仅针对商业银行的狭义逆周期资本监管拓展到同时针对商业银行和影子银行的广义逆周期资本监管,则不仅可以限制监管套利的程度,还能弱化影子银行的金融加速器效应。因此,随着逐渐将影子银行纳入监管体系,监管当局应结合影子银行的风险特征针对性地制定和实施相关宏观审慎政策。"
2020,国际基金投资视角下中国资本流动管理:有效性和外溢性,靳玉英;罗子嫄;聂光宇,资本流动管理;资本管制;外溢性;国际基金,经济研究,0,"本文构建了资本管制影响国际基金跨国投资的理论模型,得到有关一国资本管制对国际基金投资该国证券的直接影响和对其他国家的溢出作用的若干结论。基于国际基金跨国投资的面板数据,本文从微观视角就以上理论结果进行了实证检验。主要结论是:第一,中国加强资本管制会产生国际基金减持中国证券投资这一""直接效应""和增持其他新兴市场证券的""溢出效应""。第二,中国无论是股票投资管制还是债券投资管制,其""直接效应""均表现为基金减少对中国证券的投资;而""正向溢出效应""只体现在债券投资管制上,股票投资管制则令国际基金加持现金,而非转投到其他新兴市场。第三,金融危机影响中国资本流入管制和流出管制对国际基金投资的""直接效应""和""溢出效应"",且其影响在三次危机中存在显著差异。第四,中国资本管制的""正向溢出效应""在中等偏上收入、汇率稳定、金融市场完善和制度质量高的新兴市场国家增强,在对中国出口依赖性强的国家则减弱。"
2020,“一带一路”建设时代背景下的国际文化交流和经济合作研究——评《“一带一路”国际文化交流与经济发展》,杜晓明,,管理世界,0,"<正>""一带一路""建设是我国在新的历史条件下实行全方位对外开放的重大举措、推行互利共赢的重要平台。在此大环境下,要以更加开放的心态深化和拓展中外新型的合作关系,形成多层次和多形式的文化与经济交流格局。积极开展对外文化交流与经济合作,可以有效帮助我国经济进行转型、升级与发展,也可以助推我国新时期文化与经济发展。为此,由张耀一和李晨合著的《""一带一路""国际文化交流与经济发展》一书,对中外国际文化交流和经济合作研究,具有重要的"
2020,面向未来的实验经济学：文献述评与前景展望,包特;王国成;戴芸,实验经济学;实验室实验;实地实验;随机控制实验;实验方法应用,管理世界,0,"实验经济学源起于20世纪50年代,经历了半个多世纪的艰辛探索、曲折发展现已成长为经济学及管理学领域颇具旺盛生命力的前沿分支。本文简要回顾实验经济学的发展历程,梳理其在方法论、实验设计、数据处理和应用方面的演变及趋势,探析内在推动因素和外部影响条件。在21世纪20年代开启之际,更加关注实验经济学近些年的学科进展及厘清实地实验和随机控制实验等新兴分支相关文献的脉络,有助于将其更好地应用于中国新时代背景下的脱贫攻坚、新经济等领域,预示着极具诱惑力的发展前景。"
2020,新时代全面深化经济体制改革的纲领性文件,马建堂,产权;要素;价格;竞争;企业,管理世界,0,"2020年5月18日,《中共中央国务院关于新时代加快完善社会主义市场经济体制的意见》正式发布,对新时代加快完善社会主义市场经济体制的目标、方向、任务和举措进行了系统设计,是新时代构建更加系统完备、更加成熟定型的高水平社会主义市场经济体制的纲领性文件,特别是实现""产权有效激励、要素自由流动、价格反应灵活、竞争公平有序、企业优胜劣汰""的30字方针要求,是新时代全面深化经济体制改革的行动指南。落实上述方针要求,重点在于全面完善产权制度、形成统一开放的要素市场、进一步深化生产要素价格改革、强化以公平公正为目的的政府市场监管、为经营不善企业的退出开辟简便快捷通道。"
2020,中国经济的减速与分化：周期性波动还是结构性矛盾？,杨红丽;刘志阔;陈钊,经济减速;增长分化;产业链位置;周期性波动;结构性矛盾,管理世界,0,"自2008年全球金融危机以来,中国经济增长的减速伴随着明显的分化特征:能矿行业以及西北和东北省份的增长下滑尤为严重。本研究证明了,行业所处产业链位置在不同行业以及不同地区的差异是导致上述增长分化的重要原因。一方面,沿承国际文献对于上游行业亲周期性的理论判断,本文发现外贸冲击在短期内会对上游行业造成更大的影响;另一方面,本文还发现中国的国有企业主要分布于产业链上游,所有制偏向的结构性因素会进一步放大上游行业的亲周期特征并对增长造成更为长期的不利影响。本文证实了中国经济新常态下的减速是外部周期性因素与内部结构性矛盾的叠加,且后者具有更为长期的影响,这为政府从微观层面制定结构性的宏观稳定政策提供了可操作的政策建议。"
2020,结构转换、全要素生产率与高质量发展,刘志彪;凌永辉,经济增长;结构转换;全要素生产率;高质量发展,管理世界,0,"中国经济正处在由高速增长转向高质量发展的关键阶段,加速结构转换是否有利于提升全要素生产率?这已成为当前必须高度重视和亟待解决的重大现实问题。本文利用全球169个国家经济增长的面板数据,对结构转换怎样影响全要素生产率这一问题进行实证研究。主要结论是:(1)结构转换对全要素生产率的影响效应呈现""倒U""型。当结构转换度位于拐点值左侧时,结构转换有利于加速产业结构软化,进而对全要素生产率表现出促进效应;当结构转换度位于拐点值右侧时,结构转换则会引发产业空心化,从而对全要素生产率表现出抑制效应。(2)中国改革开放以来的结构转换已从适应性调整阶段转向战略性调整阶段,产业结构的服务化趋势愈加明显,但结构转换度总体上尚处在""倒U""曲线拐点值的左侧,结构转换对全要素生产率的影响表现为促进效应。(3)提升全要素生产率是实现高质量发展的核心源泉,因此,中国当前阶段追求高质量发展,应适当降低增长速度预期,更加注重供给侧结构性改革,通过加速结构转换来促进全要素生产率提升。本文的研究发现为中国加快新旧动能接续转换、推进高质量发展提供了政策参考依据。"
2020,从务工到创业——农地流转与农村劳动力转移形式升级,杨子砚;文峰,务工;创业;农地流转;农村劳动力转移;三阶段最小二乘法(3SLS),管理世界,0,"鉴于现有文献不能清晰地识别农地流转与农村劳动力转移之间的因果关系,也未能对农村劳动力转移形式的升级过程进行充分地研究,本研究探讨了农户在农地经营决策与劳动力转移决策之间的逻辑次序,构建了""外出务工—农地流转—创业""的实证研究框架。本文依据2012～2014年中国家庭追踪调查(CFPS)数据,选取相应的工具变量,构建联立方程模型,以三阶段最小二乘法(3SLS)识别了外出务工对农地流转决策和农地流转对农户创业决策的影响。研究发现:外出务工使农户流转农地的概率提高了1.72个百分点;农地流转使农户创业概率提高了4.26个百分点;农户外出务工后,若选择流转农地,则其创业可能性在边际上比仅务工但不流转农地的农户高出76%;外出务工的工资性收入与农地租金的资产性收入都促进了农户创业,但资产性收入对创业的正向影响比工资性收入高5倍;早期的资产性收入对创业的促进作用比近期的资产性收入高出近3倍。实证结果说明,农地流转在农村劳动力转移的形式升级中起到了重要的促进作用,且该作用在低收入组农户中更具显著性。"
2020,劳动力外流背景下土地流转对农村集体行动能力的影响——基于社会生态系统（SES）框架的研究,苏毅清;秦明;王亚华,公共治理;集体行动;乡村振兴;土地流转;社会生态系统(SES)框架,管理世界,0,"如何在劳动力持续外流的趋势下提升农村集体行动能力与改善农村公共治理,是我国实施乡村振兴战略面临的重大问题。运用社会生态系统(SES)框架,构建了劳动力外流情境下的农村社会生态系统框架,并利用该框架分析了土地流转对农村灌溉集体行动能力的影响。研究发现:(1)适度规模的土地流转能够提升农村集体行动能力,土地流转会通过在农村催生新的农民阶层和新的农民经济组织的方式,改善农村社会生态系统中行动者参与集体行动的条件,由此提升农村集体行动能力;(2)适度规模的土地流转对劳动力外流负向影响农村集体行动能力的过程具有显著的正向调节作用。通过探索诊断复杂农村社会生态系统的方法,相关结论可为我国实施乡村振兴战略、推进乡村治理现代化提供理论参考和政策启示。"
2020,资本市场信息披露、关系型合约与供需长鞭效应——基于供应链信息外溢的经验证据,杨志强;唐松;李增泉,信息披露;关系型合约;供应链;长鞭效应,管理世界,0,"文章利用手工收集的2007～2016年间7997组客户—供应商均为上市公司的多级供应链条数据,考察客户公司信息披露对供应商生产行为的影响,以及资本市场公共信息环境和私有信息沟通的调节效应。研究发现:(1)客户信息披露质量越高,供应商与其供需波动偏离度的长鞭效应越低;当溯至再上游时,这一外溢效应依然存在,表明客户信息披露具有明显的治理效应;(2)所在行业证券化率越大,或者上下游存在战略采购协议时,客户公司信息披露的治理效应弱化,说明行业层面信息搜寻或交易双方关系型缔结提供了替代性的信息渠道;(3)进一步研究发现,客户采购比例越大,其信息披露的治理效应越强,同行信息搜寻与私有信息沟通的替代效应越弱。控制内生性问题后,以上结论仍然成立。本文为资本市场公共信息披露通过供应链传导到实体经济这一特殊机制提供了经验证据,为完善公共执法和通过责任规则促进私人履约提供了理论依据。"
2020,互联网信息环境整治与社交媒体的公司治理作用,孙鲲鹏;王丹;肖星,互联网信息环境整治;社交媒体;公司治理;盈余管理,管理世界,0,"互联网极大地提升了信息传播效率,但虚假信息也通过互联网得到扩散。我国对互联网信息环境的整治和监管走在世界前列,基于2013年""转发500条可判刑""这一互联网信息环境整治举措,本文研究发现,这一政策出台后,公司股吧交流越活跃,则公司正向盈余管理行为越少。而且这一效应主要表现在那些股吧发帖更关注财会信息、受这一政策影响更大,以及潜在盈余管理动机更强的公司。进一步研究发现整治政策后社交媒体发挥公司治理作用的渠道主要是资本市场惩戒和引致监管风险。本文的结果表明,加强对互联网信息环境的整治有助于股吧等互联网社交媒体形成一种""用嘴投票""的公司治理作用,丰富了公司治理在互联网时代的内涵,充实了媒体作用与媒体监管方面的相关文献,为加强互联网内容建设、建立网络综合治理体系提供了借鉴。"
2020,数字创新管理：理论框架与未来研究,刘洋;董久钰;魏江,数字创新;数字化;数字转型;文献研究;创新管理,管理世界,0,"数字经济时代,创新管理研究面临重大挑战:数字技术的可重新编程性(Reprogrammable functionality)和数据同质化(Data homogenization)特性改变了产品创新、过程创新、组织创新和商业模式创新的方方面面。探究数字创新管理的特性一方面有助于理解和指导数字经济时代创新管理实践,另一方面有助于发展乃至重构创新管理相关理论。本文在阐述数字创新概念的内涵和外延的基础上,通过对1999～2019年间发表于国际重要期刊的188篇文章进行系统归纳,总结出以""创新支撑—创新流程—创新产出""为主线,""创新机制—创新产出—创新结果""为支线的数字创新管理框架,并进一步评述框架中每个部分的相关研究状况,提出未来研究方向,旨在推动数字创新研究的进一步发展。"
2020,政府债务何去何从：中国财政整顿的逻辑与出路,李建强;朱军;张淑翠,财政整顿;金融杠杆;债务上限;金融稳定,管理世界,0,"中国政府债务膨胀与金融高杠杆如影随形,债务风险问题使得政府债务何去何从备受关注。本文在G-K框架中引入内生财政压力和财政整顿规则,揭示我国财政刺激背后金融高杠杆的逻辑,并通过""反事实""方法模拟不同财政整顿方案的经济效果。研究发现:(1)政府债务过度膨胀并非孤立和偶然的现象,其背后是""肆意扩张型财政政策""(Profligate Fiscal Policy)造成的广义信贷过度扩张。(2)设定债务规则和债务上限,明示政府对债务的容忍度,能够降低外部冲击造成金融环境突然收紧的流动性风险,也可以增强经济韧性。(3)债务置换可以缓解政府的短期流动性风险,但其不是财政整顿的归宿,只能是权宜之计。财政紧缩固然可以建立财政缓冲机制、腾挪财政空间,但却以牺牲社会福利为代价。(4)除政府主导财政整顿之外,建立与完善打破刚性兑付的市场化机制也必不可少。据此,针对我国政府的债务问题,建议应采取""定规则、设上限、提效率、破刚性""的财政整顿措施。"
2020,“十四五”时期中国金融改革发展监管研究,中国人民大学课题组;吴晓求,“十四五”规划;现代金融体系;金融开放;金融风险;金融科技,管理世界,0,"金融是现代经济的核心,是实体经济的血脉。党的十九届四中全会明确提出了金融业发展的重要指导方针:健全具有高度适应性、竞争力、普惠性的现代金融体系,加强金融服务实体经济,推动经济高质量发展。要以此为目标,从构建服务于实体经济和科技创新的现代金融体系、完善现代中央银行制度、大力发展资本市场和完善金融体系功能、深化金融对外开放、防范金融风险、推进金融科技发展6个方面,加快推动我国""十四五""时期的金融改革开放和发展。"
2020,农地流转、职业分层与减贫效应,周京奎;王文波;龚明远;黄征学,贫困家庭;农地流转;职业分层;减贫效应,经济研究,0,"本文采用中国家庭追踪调查(CFPS)数据,从理论和实证上研究了农地流转、职业分层对农村减贫的影响。研究表明:农村贫困家庭农地转出是推动家庭职业分层和减贫的重要动力;农地转出可以通过推动农村贫困家庭成员职业分层,进而影响贫困家庭减贫,职业分层是农地流转影响贫困家庭减贫的重要机制;农地转出对农村贫困家庭收入的影响,会因家庭所从事的非农工作的""职业声望""等级不同而表现出明显差异;对农地流转的多维减贫效应研究发现,农地转出对农村贫困家庭相对收入水平和生活水平的提高均具有重要影响。进一步扩展分析发现:相比土地价值较高的家庭,农地转出对土地价值较低的家庭具有更显著的减贫效应;贫困率越高的村,农地转出对提高家庭人均纯收入和降低家庭贫困发生率具有更显著的促进作用。"
2020,幸福的社会网络效应——基于中国居民消费的经验研究,李树;于文超,幸福感;家庭人均消费;社会网络,经济研究,0,"幸福既是人们孜孜以求的生活目标,更是影响个人行为决策的重要情绪因素。本文利用中国家庭金融调查(CHFS)数据实证分析了幸福的社会网络效应对居民消费行为的影响。通过匹配追踪调查家庭数据,研究表明,上一期户主主观幸福感对当期家庭人均消费支出有着显著且稳健的正向影响,即户主感觉越幸福的家庭有着更高的消费意愿。上述结论在克服变量内生性偏误之后仍然成立。机制检验结果表明,较高的户主幸福感不仅会直接增加家庭社交类消费,而且会通过丰富家庭社会网络这一中介因素促进家庭总体消费,同时幸福感更高的受访者对未来经济形势的预期更加乐观。本文的政策涵义在于,以改善民生和提升人民幸福感为目标的经济发展理念转变,有助于激发居民消费活力,为宏观经济可持续增长提供内生动力。"
2020,重庆工商大学应用经济学科诚聘海内外英才,,,经济研究,0,"<正>重庆工商大学应用经济学是重庆市""一流学科""、市级重点学科,第四轮部级学科评估中获得B-,2019 ""软科学科排名""前19%。2004年开始招收硕士生,2012年获批服务国家特殊需求博士人才培养项目,2014年获批成立博士后科研流动站,2019年经济学、贸易经济和金融学三个专业入选国家一流专业建设名单。该学科有部级人文社科重点研究基地长江上游经济研究中心等11个科研平台,有""万人计划""哲学社会科学领军人才1人、""百千万工程""人选2人、""四个一批""人才1人、全"
2020,中国信息经济学乌家培资助计划简介,,,经济研究,0,"<正>中国信息经济学会成立于1989年,致力在信息经济与信息管理领域搭建理论创新的桥梁,推动跨学科发展。学会创始人乌家培教授为中国著名经济学家,中国数量经济学和信息经济学创始人。为促进中国信息经济与信息管理领域的青年学者成长,并产生未来30年有国际影响力的理论创新成果,学会于2015年设立中国信息经济学乌家培资助计划,以表彰中国信息经济与信息管理领域青年学者的理论创新贡献。2016-2019年分别进行了一至四届乌家培资助计划的评选。"
2020,孙冶方经济科学奖第十九届（2020年度）评奖公告,,,经济研究,0,"<正>根据《孙冶方经济科学基金会章程》规定,孙冶方经济科学奖第十九届(2020年度)评奖工作将于2020年底开始进行。此次评奖对象是1979年至2019年12月底经济理论工作者和实际工作者,在国内外公开发表的论文和出版的专著。评选范围包括:针对经济学重大理论和实践问题、立足学术前沿、具有鲜明创新特点、使用规范分析方法的研究成果,特别鼓励能够有效解释中国改革开放和现代化建设伟大实践与独特经验的"
2020,第五届中国信息经济学乌家培资助计划（2020）评选公告,,,经济研究,0,"<正>【评选对象及条件】(1)在国内外学术期刊上公开发表信息经济和信息管理领域的论文(发表时间不限);(2)论文的理论成果具有重要的学术创新性和影响力;(3)论文的作者为具有中华人民共和国国籍的、2020年7月31日前不超过45周岁的学者。【资助计划】资助人数为1-3名,资助总额为20万元人民币。"
2020,宏观分析新范式下的金融风险与经济增长——兼论新型冠状病毒肺炎疫情冲击与在险增长,张晓晶;刘磊,在险增长;金融风险;经济增长;宏观金融关联,经济研究,0,"本文通过在险增长模型将金融风险与经济增长置于统一的分析框架中,从当期风险概率分布及跨期风险替代两个角度分析了金融环境(风险)对经济增长的影响。本文利用大量基础指标合成的金融条件和宏观金融脆弱性指数反映中国宏观金融的周期性特征。在险增长经验结果显示:(1)金融环境偏紧和宏观金融脆弱性上升都会对经济增长都产生显著的负面影响;(2)基于2008年全球金融危机的政策应对及始于2015年的供给侧结构性改革的分析表明,宽松(收紧)政策虽然促进(抑制)短期经济增长,但会抑制(促进)长期增长潜力;(3)新型冠状病毒肺炎疫情的负面冲击效果主要体现在短期,长期影响较小。这意味着,面临当前疫情冲击,必须处理好稳增长与防风险的动态平衡。"
2020,组合排序规则、产品质量与平台生态,刘小鲁;鲍仁杰,搜寻成本;市场进入;组合排序;产品质量;平台生态,经济研究,0,"本文以消费者搜寻为背景,研究了排序规则对平台上的产品质量与社会福利的影响。研究涉及两点核心机制:一方面,受搜寻成本的影响,排序规则决定了新的第三方加入平台的意愿,进而影响商品的多样性和交叉网络效应;另一方面,受信息不对称的影响,新厂商的加入又可能改变平均产品质量。研究表明,如果新厂商的期望产品质量高于在位厂商,那么鼓励进入的排序就更具有社会合意性;然而,当新厂商的期望产品质量相对低时,其对社会福利的影响就取决于商品多样性与平均产品质量间的权衡取舍。在此情形中,如果新厂商的产品质量适中,那么相比于优先推荐在位厂商或新进入者的排序方式,将这两类排序进行组合的排序方式能更好地平衡商品多样性与平均产品质量,并带来更高的社会福利。"
2020,赏罚机制、税收遵从与企业绩效——基于纳税信用管理制度的研究,李林木;于海峰;汪冲;付宇,税收管理;纳税信用;赏罚机制;税收遵从;企业绩效,经济研究,0,"作为国家治理基本范式的赏罚机制,能否在税收管理中收获""双重红利""——既促进税收遵从,又提高企业绩效,至今还鲜有研究。本文以上市公司和新三板企业为组合样本,从微观层面检验我国政府2014年以来纳税信用管理制度改革实施的联合奖惩政策的""双重红利""效应。研究发现:(1)尽管单独实施联合惩戒政策能提升税收遵从度,但加上联合激励政策后提升税收遵从的效果更显著,并且赏罚机制对于税收遵从度越低的企业起到的促进作用越大;(2)赏罚机制对于税收遵从度越高的企业起到的绩效提升作用越大,其中联合激励政策不仅显著提高了其目标A级企业的经营绩效,而且对未受到奖惩的其他企业的经营绩效也具有相当显著的正向影响;(3)赏罚机制对企业税收遵从和经营绩效的效应在不同性质的企业间呈现出显著异质性;(4)纳税信用等级作为衡量税收遵从度的指标充当了联合激励政策作用于企业绩效的传导机制。实证结果表明,纳税信用管理制度施行的赏罚机制改革对政府和企业具有明显的""双重红利"",而传导机制则揭示了应当加大联合激励力度才能取得更好的""双重红利""。"
2020,税收激励提高企业创新水平了吗?——基于企业生命周期理论的检验,刘诗源;林志帆;冷志鹏,税收激励;前瞻性有效平均税率;企业生命周期;研发创新,经济研究,0,"本文使用2007—2016年中国上市公司和地级市面板数据,测算企业前瞻性有效平均税率,从生命周期视角研究税收激励对企业创新的影响。实证结果表明:总体上看,税收激励显著促进企业研发投入;分生命周期阶段看,税收激励的作用集中体现于成熟期企业,对成长期和衰退期企业的影响不显著。现行税制设计及企业在不同生命周期阶段的投资策略、创新特点和融资状况的差异是产生这一现象的重要原因。分样本回归显示,税收激励显著促进成熟期的民营、高科技、制造业企业的研发投入,对其他类别或阶段的企业无显著影响。进而,本文以2014年的固定资产加速折旧政策为准自然实验,使用双重差分法识别了税收激励与企业创新的因果关系,得到一致的结论。考察企业专利还发现,税收激励使成熟期企业发明授权显著增加,提高了创新质量。本文研究对于推动减税降费改革以助力创新型国家的建设具有启示意义。"
2020,基于在线大数据的中国商品价格粘性研究,姜婷凤;汤珂;刘涛雄,在线大数据;价格粘性;调价模式;货币非中性程度;数字经济时代,经济研究,0,"近年来,数字经济迅速发展,同时宏观经济的短期波动变得愈加频繁,理解宏观经济短期分析的基础——价格粘性、减少宏观政策时滞变得愈加重要。本文利用来自100多个网站的高频价格大数据(囊括CPI篮子的8大类、46中类、262子类的1970多万条日度商品价格),测度中国商品价格粘性程度、识别价格调整模式,并将微观测度结果用于测算货币政策有效性。研究发现:中国总体上调价较为频繁(调价周期小于2个月)、调价幅度较大(14%—20%)、部门异质性明显、不对称性显著(上调频率及上调幅度更大);调价模式是异质性的时间相依(TDP)和状态相依(SDP)相结合;调价频率(负向)、调价大小的峰度(正向)、异质性部门数量(正向)等均会影响货币非中性程度,相同的货币冲击对各行业的影响有显著的异质性。本文为洞察数字经济对商家调价行为和宏观经济动态的影响抛砖引玉,对大数据时代的货币政策制定和通货膨胀管理具备一定的参考意义。"
2020,移动互联网是否带来行为偏误——来自网络借贷市场的新证据,江嘉骏;刘玉珍;陈康,移动互联网;行为偏误;排序偏好;网络借贷,经济研究,0,"本文讨论了使用移动互联网进行投资,相较于传统网络投资方式,可能产生的新型行为偏误。结果发现,在其他因素相同的情况下,投资者使用手机进行投资时更偏好于排名靠前的投资标的。利用网贷市场的交易数据,本文证实了手机投资者的排序偏好,并且发现排序偏好降低了投资绩效,这说明其中可能存在非理性的行为偏误。本文进一步发现,手机更高的信息搜索成本、受到更多的外部干扰都能解释移动投资者的行为偏误。金融素养差异无法解释这一新型行为偏误。从投资者保护的角度看,本文结果说明,针对不同投资渠道应当制定不同的风险提示与信息披露标准,提高移动互联网投资者的福利。"
2020,地方财政压力与政府支出效率——基于所得税分享改革的准自然实验分析,徐超;庞雨蒙;刘迪,财政压力;政府支出效率;财政支出结构;审计监管,经济研究,0,"经济转型背景下,地方政府如何释放财政压力备受关注。除努力增加自有财力外,提高政府支出效率也是重要的减压途径。本文借助2002年所得税分享改革捕捉地级市层面财政压力的外生变化,采用强度双重差分方法实证考察了地方财政压力对政府支出效率的影响。研究结果发现:(1)所得税分享改革造成的相对财政压力显著提高了地方政府的支出效率水平,且改革效应呈现先上升后下降的倒U型趋势。(2)地方财政压力对政府支出效率的影响并非一成不变。具体来讲,地方财政压力对政府支出效率的影响随着支出效率的提高而不断减弱、随着政府间竞争程度的加剧而不断增强。(3)在""压力型""财政激励下,地方政府倾向于通过加强政府审计监管而非优化支出结构的方式来实现支出效率的提升。文章从财政支出效率视角揭示了地方政府释放财政压力的具体路径和实现手段,对于解读中国式""压力型""财政激励下的地方政府行为具有参考价值,可为中央政府实施偏向性扶持政策提供理论依据。"
2020,数字金融发展、渠道效应差异和货币政策传导效果,战明华;汤颜菲;李帅,数字金融;传导渠道;货币政策效果,经济研究,0,"利用拓展的IS-LM-CC模型,本文构建了数字金融如何通过利率与信贷两个传导渠道机制影响货币政策整体效果的理论模型。在此基础上,本文首先利用条件脉冲响应IVAR模型对数字金融的总体效果进行了测算,接着对数字金融影响货币政策两个传导渠道功能的发挥进行了实证判断。主要研究结论如下:一是数字金融发展总的来说提高了货币政策的效果,其主要表现是放大了产出关于政策冲击的脉冲响应幅度、减少了滞后时段和弱化了""价格之谜""。这显示金融发展对中国货币政策效果的影响更符合发展中国家而非发达国家的特征。二是货币政策效果提高的深层机理,主要是数字金融对利率渠道的放大效应要强于对信贷渠道的弱化效应。数字金融发展对信贷渠道的弱化作用主要体现在完善了银行外部融资市场,但对企业外部融资市场的完善影响不大。"
2020,“以地谋发展”模式的衰竭——基于门槛回归模型的实证研究,刘守英;王志锋;张维凡;熊雪锋,以地谋发展;经济发展;衰竭;门槛回归模型,管理世界,0,"20世纪90年代以来,地方政府利用土地制度的独特安排主导经济发展,一方面低价出让工业土地招商引资推进工业化,另一方面通过高价出让商住用地及土地抵押获取资金建设城市基础设施促进城市化,土地推动的快速结构变迁创造了中国的增长奇迹。但是,随着中国经济发展阶段转换以及""以地谋发展""模式潜在的诸多问题不断累积,以土地推动发展的效力减退、不可持续性显现。本文通过门槛回归研究表明,土地对经济的贡献存在""倒U""型的门槛特征,经济转型期土地对经济增长的发动机功能已经枯竭,不同地区存在的问题程度不一。在东部地区,过度的土地依赖导致了风险增加和低质量招商引资等问题,已对地方经济发展产生负面影响。而中西部地区复制东部地区的""以地谋发展""模式一直绩效不佳。"
2020,开启城乡土地产权同权化和资源配置市场化改革新里程,李江涛;熊柴;蔡继明,城乡二元土地制度;产权同权化;资源配置市场化;涉地法律法规修改,管理世界,0,"当代中国的土地制度历经五次改革,一方面实现了城乡土地由私人所有制向公有制的转化以及公有土地所有权与使用权的分离,另一方面形成了农村集体土地与城市国有土地不同权的二元土地制度和土地资源计划配置体制。本文全面分析了现行土地制度存在的这两方面问题和具体表现,提出要全面落实《中共中央国务院关于构建更加完善的要素市场化配置体制机制的意见》的精神,下一程土地制度改革必须在城乡土地同权化和资源配置市场化两个方面推进,同时要进一步修改和完善相应的涉地法律法规和政策,使之更好地适应新型城镇化、乡村振兴和城乡融合发展的需要。"
2020,中国城市低保制度的瞄准度分析,宋锦;李实;王德文,城市低保;瞄准;社会保障;瞄准误差,管理世界,0,"中国在2020年消除绝对贫困之后,相对贫困、城市贫困问题会引起更多的关注。城镇地区的社会保障制度已成为经济转型和社会稳定的重要基础。城市低保的瞄准度是这一制度成功的关键。本文考察住户调查数据分析了城市低保的瞄准实践和瞄准表现,发现低保金发放考虑了家庭收入、财产和人口特征,兼顾了""托底线""和""救急难"",这种做法在经济转型阶段具有重要意义。按照多维审核机制,城市低保的漏保率在38.45%到66.28%之间,错保率在54.59%到69.17%之间,而且2013年低保瞄准效率比2007年有明显改善。评估低保的瞄准效率更适合使用多维标准,而不是只使用收入标准;在低保瞄准政策中对多维评估进行规范也十分重要。"
2020,回应性外溢与央地关系：基于中国民众环境满意度的实证研究,唐啸;周绍杰;赵鑫蕊;王宇飞,回应性;外溢;央地关系;环境治理,管理世界,0,"中国地方政府的环境治理行为是否具有回应性是一个学术热点话题。本文建立了一个基于中国经验的包括央地政府、各地区民众的回应性理论框架,采用""中国民生调查""2011～2015年的255278份满意度调查数据,使用固定效应面板模型、空间杜宾模型和工具变量法进行实证检验。结果表明在环境治理领域地方政府具有很强的回应性,但同时也存在特殊的回应性外溢现象,即地方政府的行为会受到其他地区民众意见的影响。回应性的外溢效果,与地区财政依赖度有关。财政依赖度约高的地区,受到的外溢效果越强。本文的研究发现弥合了既有的理论冲突,解释了为什么不同地区政府回应性效果不同,打破了西方回应性理论的属地主义倾向,揭示了科层组织内部关系对回应性的复杂影响。"
2020,重庆工商大学工商管理学科诚聘海内外英才,,,管理世界,0,"<正>重庆工商大学工商管理学科于1981年设立,2003年获批硕士点,是重庆市首批""一流学科"",第四轮学科评估等级为B-,2019软科排名前27%,2019年获批工商管理、会计学、市场营销、财务管理、物流管理等五个国家一流本科专业建设点。学科点有教育部人文社科重点研究基地""长江上游经济研究中心""、国家国际科技合作基地""智能制造服务国际科技合作基地""、重庆市人文社科重点研究基地"
2020,重大科技基础设施综合效益评估体系构建研究——兼论在FAST评估中的应用,王婷;陈凯华;卢涛;穆荣平,重大科技基础设施;综合效益;多维评估;评估指标体系;FAST,管理世界,0,"重大科技基础设施(简称""大设施"")是建设世界科技强国的重要物质技术基础。为促进我国大设施的管理与发展,充分发挥大设施投资建设的价值,迫切需要开展综合效益评估,这也成为世界主要国家和管理机构普遍关注的重要问题。本文构建了一个覆盖大设施全生命周期的、多维度综合效益评估指标体系,并进行实例应用研究。主要贡献:一是在对大设施及其综合效益概念界定的基础上,揭示了大设施综合效益的实现过程和构成;二是构建了""评估阶段+评估目标+利益相关者""三维评估框架,可体现全生命周期不同阶段不同类型大设施的特点,可考虑对于科技效益、经济效益、社会效益和集群效益的评估目标,满足不同利益相关者的效益需求;三是建立了较完备的三级评估指标体系,为不同类型和不同阶段大设施综合效益的评估提供了系统性的多维评估维度和指标选择;四是以FAST为例进行了评估体系的实证应用研究,为全面评估和掌握FAST综合效益提供了系统性的证据,国内尚属首次。"
2020,契约精神、商事改革与创新水平,夏杰长;刘诚,契约精神;商事制度改革;创新;契约密集度,管理世界,0,"中国高质量发展亟须加大创新力度,契约精神是否有效提升了地区创新水平呢?近年来政府大力推进的商事制度改革又在其中起到什么作用?本文利用携程网上客房预订履约率表示契约精神,并从工商登记改革时间、是否设立市场监管局两方面测度各地的商事改革,使用2013～2016年中国285个地级及以上城市的创新数据进行实证检验。研究发现:(1)契约精神越强越有利于地区创新。(2)契约精神与商事改革具有互补性,在商事改革进展较好的地区契约精神对创新的作用更大。(3)契约和商事环境对创新的作用机制是行业选择和企业进入,分别表现为推动高契约行业更大的技术创新以及潜在企业更多的市场进入。有关结论对中国创新发展和改善营商环境具有一定的政策启示。"
2020,马克思主义政治经济学的创新与发展研究——评《马克思主义政治经济学原理(第4版)》,尉海莹,,管理世界,0,"<正>马克思主义政治经济学基本原理重点研究了马克思主义基础理论与基本原理之间的关系,如劳动价值、剩余价值和社会主义经济等三大基础理论,成为确定马克思主义基本原理的重要依据,具有鲜明的马克思主义性质,在马克思主义理论中居于基础地位。新时期加强当代马克思主义政治经济学的基础理论与原理的创新与发展研究,成为我国高校""马克思主义基本原理""学科建设的着力点。习近平新时代中国特色社会主义经济思想,创新与丰富了马克思主义的发展观。当前,我国经济进入""新常态"",创新政治经济学理论势在必行。"
2020,高管团队经验、动态能力与企业战略突变：管理自主权的调节效应,杨林;和欣;顾红芳,危机事件;战略突变;高管团队经验;动态能力;管理自主权,管理世界,0,"在日益动态复杂不确定的环境下,经济和社会危机事件日益频发且扩散迅速,越来越多的企业主动或者被迫从战略渐变逻辑转向战略突变,通过引入破环性创新、研发投入跳跃、产权结构变革等激进式战略回应实现持续成长。战略突变在企业持续成长和发展过程中的发生日益具有客观性和必然性,引发了商业实践和理论层面的广泛关注。然而,企业内部如何发生这一复杂的因应式战略决策的""黑箱""目前仍未揭开。基于高层梯队观和动态能力理论,本文从高管团队层面出发构建企业战略突变决策过程模型,引入动态能力作为中介变量来解释高管团队经验对战略突变的具体影响路径,并剖析管理自主权对这一因果关系链的调节作用机理。选取中国制造业和信息技术服务业上市公司作为研究对象,本文实证检验发现:高管团队职能经验异质性、团队共享管理经验以及行业经验对企业战略突变产生显著正向影响;高管团队职能经验异质性与创新能力之间具有显著正相关关系、与适应能力之间具有显著负相关关系;创新能力和适应能力在高管团队职能经验异质性与战略突变之间存在显著中介效应;环境自主权在高管团队职能经验异质性与创新能力之间存在显著调节效应,组织自主权在高管团队职能经验异质性与创新能力、适应能力之间存在显著调节效应。本文研究结论对于企业战略突变决策发生机制、危机预测预警系统构建、动态能力优化以及适宜组织管理自主权环境营造等均具有积极的借鉴与启示。"
2020,破茧成蝶：创业企业如何突破能力的刚性束缚实现进阶？,张璐;梁丽娜;苏敬勤;张强;长青,注意力配置;管理者认知;意义建构;资源能力,管理世界,0,"动态变化的外部情境下企业如何通过能力进阶获取并维持竞争优势成为实践界和学术界共同关注的问题。本文选取蒙草生态进行典型案例研究,依托""认知—行动—结果""的思维逻辑,基于""个体层—组织层""的跨层级视角探究管理者认知形成的内在微观机理、管理者指导组织集体行为的过程机制以及企业资源能力进阶的内在路径。研究发现,管理者结合企业当前发展目标与能力对内外部情境因素进行""感知—注意—解释—判断""的注意力配置过程是管理者现阶段认知形成的微观机理;意义建构过程能够有效实现个体认知到组织逻辑的跨越;资源行动是推动企业能力进阶的主要行为过程;资源能力在管理者认知跨层级引导组织逻辑并适配资源行动的过程中实现""整合能力—延伸能力—重构能力""的进阶。"
2020,数字经济时代的企业管理变革,戚聿东;肖旭,数字经济;企业管理;变革,管理世界,0,"关于数字经济时代企业管理变革的研究,国内外学者给予了一定关注,但是缺乏系统性、整合性研究。本文在经典企业管理理论的基础上,结合全球企业管理创新的实践证据,从全景式视角探讨了数字经济引发的企业管理变革。数字经济背景下,用户价值主导和替代式竞争作为驱动企业管理变革的两个根本力量,不仅推动着企业目标的转变和治理结构的创新,而且推动着企业内部管理模式的一系列变革,包括组织结构趋于网络化、扁平化,营销模式趋于精准化、精细化,生产模式趋于模块化、柔性化,产品设计趋于版本化、迭代化,研发模式趋于开放化、开源化,用工模式趋于多元化、弹性化。本文研究有助于中国企业顺应数字经济运行规律做好相应的管理变革。"
2020,财政的货币效应——新市场财政学框架下的财政-央行“双主体”货币调控机制,李俊生;姚东旻;李浩阳,国库运行;财政存款;货币流通;“双主体”货币调控机制;财政政策;货币政策,管理世界,0,"主流财政理论和货币理论均将中央银行视为货币政策调控的单一主体,进而忽视了政府财政部门的调控作用。本文基于新市场财政学的""市场平台观"",以市场上货币流通的运行机制为视角,以货币市场为平台,探索了政府财政部门在国库集中收付制度基础上,通过财政收支活动和国库现金管理活动所形成的对货币流通量M2的影响能力和调控能力及其形成机理,并构建模型,运用我国财政、央行的相关数据对其进行了实证检验。本文实证检验与分析结果表明,我国政府财政部门以国库集中收付制度为基础,通过财政收支活动和国库现金管理活动对市场货币流通体系形成了强大的影响力,并且由于财政活动必须依据我国《预算法》等相关的法律法规运作,使得政府财政部门的货币影响力相对独立于中央银行的货币政策,从而在客观上形成了财政—央行""双主体""的货币调控框架。本文的数据测算和实证检验结果发现,2000～2018年市场货币流通体系中有44.31%的M2是受政府财政部门影响、甚至调控的,并且该比例仍处于增长趋势,2018年度直接受制于财政影响甚至被政府财政部门调控的货币流通量M2的比例已超过50%,从而证明了政府财政部门在客观是已经成了财政—央行""双主体""货币调控框架体系的一个重要主体。"
2020,计量经济方法体系的动态演进与前沿展望——第三届中国计量经济学者论坛(2019)综述,张同斌;陈海强;胡毅,,经济研究,0,"<正>中国特色社会主义进入了新时代,在新背景下研究中国模式的一般性和特殊性,是总结经济社会发展中的经验教训、实现高质量发展的重要方式。在世界经济一体化和全球价值链深度融合的环境中,推进国家治理体系和治理能力的现代化是抵御外部冲击、降低经济增长不确定性的关键途径。探索中国经济高质量发展的新路径、形成并完善国家治理体系的新框架,亟需了解和把握计量经济方法的前沿进展,使其在中国经济社会发展问题的定量分析中发挥更大的作用。"
2020,政府支持与市场化程度对制造业科技进步的影响,叶祥松;刘敬,制造业;科技进步;政府支持;市场化程度,经济研究,0,"科技水平偏低制约了中国由制造大国向制造业强国的转变。本文使用《中国科技成果数据库》测度中国制造业30个地区28个大类1998—2016年的科技水平,实证检验政府支持与市场化程度对科技进步的作用。结果发现:(1)中国制造业整体科技水平提升显著,主要通过向国际先进水平攀升促进制造业科技进步;(2)高端制造业科技水平在""十二五""期间有所下降,产生了制造业结构高度化与高端制造业科技水平下降的非正常现象;(3)中低端制造业科技水平进步主要依靠市场化程度的不断提高,政府支持不利于中低端制造业科技水平由国内先进水平向国际先进水平攀升;(4)政府支持有力地促进了高端制造业科技水平进步,市场化程度的提高对高端制造业向国际先进水平攀升有显著抑制作用。本文研究表明:政府需要更好地发挥在高端制造业科技进步中的支持作用,才能提高中国制造业的行业竞争力,实现在全球产业链和价值链中的高端攀升。"
2020,GDP增速的结构性下调:官员考核机制的视角,张军;樊海潮;许志伟;周龙飞,政府竞争;官员考核;经济增长;环境保护,经济研究,0,"2013年,中组部对地方官员考核体系作出了结构性调整,明确提出弱化GDP增速的考核权重,同时加强环境保护等方面的考核。特征事实显示,考核指标的变化对地方政府投资行为产生了重要影响,地方政府通过投资拉动经济增速的动力出现明显降低。本文随后构建了一个具有地方政府竞争行为的动态一般均衡模型,并定量分析官员考核如何通过改变地方政府投资来影响经济增长和社会福利。定量分析表明:地方政府竞争会显著放大地区间外溢效应;当以GDP增速为考核指标时,某地增速调整会通过地方政府投资和地区间竞争对各地区的经济增长产生重要影响;当主要考核指标转变为环境保护时,各地区的实际经济增速均会经历结构性下调,但指标转变对受到外生冲击的地区产生的负面影响更大。福利分析表明,社会福利与环保力度呈倒U型关系,因而存在最优环保力度。本文基于官员考核机制转变的研究为理解近年来中国经济增速变化提供了一个新的视角。"
2020,中国式城镇化的福利效应评价(2000—2017)——基于量化空间模型的结构估计,段巍;王明;吴福象,新型城镇化;福利评价;量化空间模型;结构估计;城市规模,经济研究,0,"在新型城镇化高质量发展阶段,亟需对政府主导的""中国式""城镇化的福利效应进行量化评估。本文基于拓展的Rosen-Roback模型构建中国城镇居民福利变动的核算框架,匹配2000年、2010年和2017年中国271个地级市数据,对2000—2017年城镇居民的福利变动及其影响因素进行结构估计。结果显示:2000—2017年中国城镇居民福利增长了370.92%,其中2010年较2000年增长240.83%,2017年较2010年增长38.17%。分因素看,生产率、人均建设用地、公共服务支出效率、政府发展偏向这四类因素对福利增量的贡献率分别为69.35%、19.88%、9.64%、1.13%。其中,2010—2017年公共服务支出效率的贡献率较2000—2010年上升约23个百分点,城镇化的动力由""生产率、土地供给双轮驱动""向""生产率、土地供给与公共服务支出效率三方面协同驱动""演进。分地区看,东部地区城镇化体现出协同驱动的特征,中部地区则缺乏土地要素的支持,西部和东北地区在2010年后呈现公共服务主导的特征,但地方政府发展偏向的转变导致福利损失12.13%。进一步的反事实分析显示,地方政府间公共服务支出效率均等化是改善居民福利、提升GDP的有效手段。"
2020,中国特色地缘政治经济学的理论探索与体系构建——第五届地缘政治经济学论坛综述,李世杰;刘文革;郭庆宾,,经济研究,0,"<正>随着世界政治经济格局的深度调整,近年来全球地缘意义上的区域冲突事件屡见不鲜,对全球政治经济关系产生了深远的影响。作为一门运用经济学理论和方法研究全球特定区域内政治与经济相互影响和作用关系的学科,地缘政治经济学在日益复杂的全球政治经济格局新时代下必须肩负起更大的责任担当,这也迫切需要我们持续深入推动有中国特色的地缘政治经济学构建,为解决新形势下我国面临的地缘政治经济相关问题贡献智慧、凝聚力量。一、中国特色地缘政治经济学的理论缘起及研究范式、范围"
2020,外部冲击、土地财政与宏观政策困境,梅冬州;温兴春,外部冲击;土地财政;投资结构;政策困境,经济研究,0,"在外部冲击导致资本流出和经济衰退的背景下,中国出现一、二线城市土地供给下降,房价不断走高,民间投资增速大幅下降的现象。对此,本文在梳理基本事实的基础上,构建了一个多部门的小国开放经济DSGE模型,模型中嵌入了地方政府的土地财政行为,同时引入了房地产、重工业和非重工业等部门。研究发现地方政府的土地财政行为使得地价与GDP高度联动,在放大外部冲击对经济的负面影响时,导致政策在""资本账户开放""和""保增长""之间存在两难。地方政府通过紧缩土地供给,提高地价增加抵押贷款以稳定基建投资。在""稳增长""的同时,带来的高地价和高房价抑制了居民消费和住房需求,同时地方政府土地抵押借贷资金的增加,提高了非重工业部门的投资成本,恶化了投资结构,使得经济陷入""稳增长""与""调结构""的两难。"
2020,重庆工商大学应用经济学科诚聘海内外英才,,,经济研究,0,"<正>重庆工商大学应用经济学是重庆市""一流学科""、市级重点学科,第四轮部级学科评估中获得B-,2019 ""软科学科排名""前19%。2004年开始招收硕士生,2012年获批服务国家特殊需求博士人才培养项目,2014年获批成立博士后科研流动站,2019年经济学、贸易经济和金融学三个专业入选国家一流专业建设名单。该学科有部级人文社科重点研究基地长江上游经济研究中心等1 1个科研平台,有""万人计划""哲学社会科学领军人才1人、""百千万工程""人选2人、""四个一批""人才1人、全"
2020,财政分权与经济结构失衡,王文甫;王召卿;郭柃沂,财政分权;地方政府行为;经济结构失衡;动态随机一般均衡,经济研究,0,"我国经济发展长期面临结构调整问题。本文在分析我国财政分权和经济结构失衡的基础上,选择动态随机一般均衡分析框架,通过构建一个包含经济发达、经济欠发达两个地区和中央与地方两级政府的模型来研究财政分权对经济结构失衡的作用,然后对其作用的内在机制进行探讨。模型模拟分析发现:财政分权加剧了经济结构失衡,而且一个地区的财政分权对另一个地区的经济结构失衡有溢出效应;在这一作用机制中,财政分权所引起的地方政府投资水平、地方政府之间竞争、地方政府债务水平上升和地方政府投资的正外部性担任着重要角色。本文研究结论意味着,促使地方政府由投资型政府转向服务型政府、强化人力资本投资、提高劳动收入份额,可促进经济结构的调整。"
2020,产业智能化是否有利于中国益贫式发展?,杨飞;范从来,产业智能化;益贫式发展;人力资本积累,经济研究,0,"随着人工智能与实体经济深度融合的推进,人工智能的大规模应用引发了机器替代劳动的担忧和争论,基于这一背景,本文研究了产业智能化对中国低技能劳动收入的影响,考察产业智能化是否有利于益贫式发展。本文首先通过构建内生人工智能创新模型研究发现,当高-中技能劳动替代弹性大于高-低技能劳动替代弹性时,产业智能化通过新工作创造效应和生产率效应促进益贫式发展。而且,人力资本积累有利于产业智能化的技术创新,能够更有效地促进益贫式发展。然后,本文利用2000—2014年世界投入产出数据库(WIOD)的中国行业面板数据和投入产出表数据实证研究表明,人力资本积累、产业智能化的新工作创造效应和生产率效应对益贫式发展存在显著的正向影响,而产业间的前向关联效应和后向关联效应对益贫式发展影响不显著。基于上述结论,本文建议通过政策引导促进人力资本积累和就业扩张型人工智能创新,实施技能培训鼓励技能劳动转岗就业,产业智能化的益贫性能够很好地缓解人工智能对劳动力市场的冲击。"
2020,第五届中国信息经济学乌家培资助计划（2020）评选公告,,,经济研究,0,"<正>【评选对象及条件】(1)在国内外学术期刊上公开发表信息经济和信息管理领域的论文(发表时间不限);(2)论文的理论成果具有重要的学术创新性和影响力;(3)论文的作者为具有中华人民共和国国籍的、2020年7月31日前不超过45周岁的学者。【资助计划】资助人数为1-3名,资助总额为20万元人民币。【获资助者博士生团队持续资助机制】本年获资助者指导的博士生团队,次年自然获得""中国信息"
2020,中国特色社会主义政治经济学财富理论的探讨——基于马克思的财富理论的延展性思考,洪银兴,习近平新时代中国特色社会主义经济思想;政治经济学;财富,经济研究,0,"中国特色社会主义政治经济学是解放、发展和保护生产力的系统性经济学说,与此相应,需要把财富作为基本经济范畴,并且把财富分析贯穿于中国特色社会主义政治经济学的始终,系统研究财富的生产、交换、分配和消费。马克思的经济学理论中既有价值论分析又有财富论分析,中国特色社会主义政治经济学中的财富理论可以从马克思的财富理论得到滋养,并且财富概念不只具有马克思的一般规定,还能反映新时代社会主义的本质特征。生产力水平的财富评价的重要意义是寻求发展生产力的动力,尤其是资本和科技对提高生产力水平的决定性作用。劳动是创造价值的唯一源泉,但不能孤立地创造财富,需要同其他要素结合起来创造财富,由此产生全要素生产率思想。财富创造是劳动、土地、资本、技术、管理等要素集合的过程。财富分配是在参与财富创造的要素所有者按照各自对财富创造的贡献进行分配,使各个要素所有者各尽其能,各得其所,实现各种创造财富的要素充分涌流。财富及财富分析既要系统揭示马克思主义政治经济学中包含的丰富的财富理论,又要反映习近平新时代中国特色社会主义经济思想,由此构建当代中国马克思主义政治经济学的理论体系。"
2020,产业分工、部门部类关系与总体产值利润率,程远;胡秋阳;姚万军,产值利润率;产业分工;投入产出模型,经济研究,0,"中国的总体产值利润率处于相对较低水平,且由上升转为了下降。本文运用投入产出法构建了统一产业内部因素和产业结构因素的总体产值利润率变动因素分解模型,并在产业结构因素中涵盖了水平分工和垂直分工两个方面。研究结果表明,利润在产业内部初次分配中的份额普遍由升转降主导了中国总体产值利润率的由升转降,产业结构因素则向着有利于总体产值利润率的方向转变:""大量投入,大量产出""式的垂直分工规模扩张明显缓和;垂直分工结构由""自膨胀式的生产链工业化""向""生产链服务化""转变;水平分工结构伴随消费和投资的结构升级而升级。这些因素带动了产业结构向利润份额较高的第三产业转移,从而有利于总体产值利润率提高。这说明,非生产性部门的资本是通过将其专门承担的非生产性业务扩展渗透到最终需求领域以及垂直分工深化和资本有机构成提高背景下的广泛的生产流通领域,从而取得相对更快增长进而取得更高剩余价值份额,并因其利润分配比率较高而产生提高总体利润率的效果。因此,发展现代产业体系不单纯是一个产业结构调整升级问题,还是一个各部门资本特别是生产部门和非生产部门的资本关系的协调问题。"
2020,外资进入与中国式创新双低困境破解,诸竹君;黄先海;王毅,外资进入;创新行为;锁定效应;技术差距;全球价值链,经济研究,0,"中国式创新存在数量快速增长和""低质低效""并存的现实困境。本文构建纳入锁定效应的扩展理论框架,基于1998—2013年中国工业企业和专利匹配数据,实证检验了外资进入对内资企业创新行为的影响。研究发现:第一,总体上,外资进入提升了内资企业的创新数量,同行业正向影响显著超过了前向关联的负向影响,后向关联效应不显著;第二,策略上,外资进入对内资企业创新行为的影响为""重数量、轻质量和高效率"",同行业外资进入提升了内资企业的创新数量和创新效率,但创新质量显著下降;第三,机制上,外资进入从产业链上下游对内资企业创新行为的影响主要通过溢出效应、锁定效应和竞争效应;第四,行业与前沿技术差距越小、地区层面知识产权保护程度和技术吸收能力越强对企业创新行为具有显著优化效应。本文对扩大外资引进破解中国式创新双低困境,理解开放和创新发展理念的内在自洽性具有一定参考价值。"
2020,通往低碳经济之路:产业规划的视角,余壮雄;陈婕;董洁妙,碳排放;产业规划;低碳经济;碳排放倾向指数;重点产业政策,经济研究,0,"基于中国1998—2015年的制造业碳排放数据,本文考察了中央与地方产业规划的碳排放倾向对地区碳排放的影响。研究发现,中央产业规划着眼于经济发展的长期目标,更倾向于发展低碳排放行业,而地方政府更关注短期经济增长,偏向发展高产值的高碳排放行业;地方产业规划对高碳排放行业的扶持能够降低地区的碳排放强度,而中央产业规划的影响则不明显。机制分析表明,政府对特定行业的扶持能够提升行业的工业增加值、降低行业的碳排放强度;由于高碳排放行业的产值与碳排放水平更高,地方政府对高碳排放行业的扶持所带来的行业碳排放下降最终导致整个地区的碳排放强度下降。研究结论揭示了中央与地方政府在推动经济向低碳化发展时所选择的不同路径及其影响差异。"
2020,卖空压力、风险防范与产品市场表现:企业利益相关者的视角,倪骁然,卖空;利益相关者;风险规避;产品市场;投资者保护,经济研究,0,"2015年股市异常波动发生以来,各界对卖空机制的利弊得失进行了广泛探讨。值得注意的是,发现卖空机制正面作用的研究较多集中于股东视角。作为对该领域文献的补充,本文从利益相关者视角出发,考察企业日常经营活动的其他参与者如何应对卖空压力上升的潜在风险。以中国资本市场分批次放开卖空管制为准自然实验的研究表明,卖空压力的上升会使得上市企业的产品市场表现变差。这一关系在引入卖空机制带来的市场负面反应更强时,以及在企业缺乏较为稳定的大客户时更为明显,而在外部信息治理作用较强时会有所缓解。可见,在交易者对卖空机制相对陌生、投资者保护较为薄弱的市场环境下,卖空压力会导致一些利益相关者对企业前景产生负面预期,进而出于风险规避的考虑进行经营业务调整。本文的发现表明,要完善资本市场基础制度,做好政策出台对金融市场影响的评估,切实防范化解金融风险。加强对薄弱环节监管,防范市场操纵和股价异常波动,充分发挥市场机构的信息中介作用,能够引导市场参与者形成合理预期,从而更好地体现卖空的外部治理机制,推动上市企业质量的提升和实体经济的发展。"
2020,中国信息经济学乌家培资助计划简介,,,经济研究,0,"<正>中国信息经济学会成立于1989年,致力在信息经济与信息管理领域搭建理论创新的桥梁,推动跨学科发展。学会创始人乌家培教授为中国著名经济学家,中国数量经济学和信息经济学创始人。为促进中国信息经济与信息管理领域的青年学者成长,并产生未来30年有国际影响力的理论创新成果,学会于2015年设立中国信息经济学乌家培资助计划,以表彰中国信息经济与信息管理领域青年学者的理论创新贡献。"
2020,中国外贸高质量发展:基于习近平百年大变局重要论断的思考,裴长洪;刘洪愧,习近平重要论断;百年大变局;贸易结构;高质量发展;数字贸易,经济研究,0,"习近平总书记关于当今世界处于百年未有之大变局的重要论断,是我们观察和分析当今世界经济政治形势,深刻认识当今中国外贸潜在优势和发展机遇,谋划中国外贸高质量发展的思想指南。以穿越百年历史的眼光来梳理国际贸易发展,当今世界正处于价值链贸易向数字贸易转型的历史转折时期,既面临贸易增速下降、贸易保护主义抬头的挑战,也蕴含贸易结构变迁,全球产业链、价值链和供应链变化和调整的新机遇。经过40多年发展,中国外贸已经积累了若干优势,特别是已经有能力通过构建良好的营商环境和运用国际经贸规则来获得新技术的外溢和延伸,有能力开辟新的市场,形成新的产业链、价值链和供应链及三者的统一联系。站在历史高度前瞻外贸高质量发展,中国应努力的目标有:稳定货物贸易进出口增长速度,继续优化贸易结构,保持合理的贸易顺差;努力发展服务贸易,争取到2035年服务出口占世界的15%以上;抢占数字贸易发展先机,成为全球数字贸易领先国家;画好共建""一带一路""的""工笔画"",继续开拓新市场,降低对欧美市场的依赖,形成新的国际供应链关系;提高外贸的人民福祉和发展获得感。"
2020,全球系统性金融风险溢出与外部冲击（英文）,杨子晖;周颖刚;龚华燕,系统性金融风险;有向无环图;网络拓扑方法,Social Sciences in China,0,"国际金融危机的冲击引发了各国对系统性金融风险的广泛关注以及监管机制的重新审视,""太大而不能倒""的传统原则正向""太关联而不能倒""的新理念转变。采用""有向无环图技术方法""以及网络拓扑分析方法,从网络关联视角考察全球系统性金融风险的动态演变,以及全球金融市场的风险走势发现,中国内地金融市场为风险溢出的净输入者,64%的全球波动溢出规模使得系统性金融风险具有明显的跨市场传染效应。为保持中国金融市场的稳定与安全,宏观审慎风险防范机制应该考虑""太关联而不能倒""的监管理念。"
2020,构建新时代两型工程管理理论与实践体系,陈晓红;唐湘博;李大元;汪阳洁;胡东滨,两型工程;两型工程管理;理论体系;四维精控,管理世界,0,"随着我国经济发展与资源环境的冲突不断加剧,两型工程(资源节约型和环境友好型)已成为增强国家核心竞争力和实现生态绿色可持续发展的一类重要工程。本文以两型工程管理为核心,基于""核心概念—基本原理—科学问题—应答方法""学理链,提出了新时代背景下两型工程管理理论体系的创新构架,并以长株潭城市群国家两型社会建设为典型案例,结合两型工程管理新模式,系统论述了长株潭城市群在两型社会建设中的工程管理实践,率先在两型工程管理的理论与实践体系构建上进行学术创新。"
2020,国有企业党组织治理与董事会异议——基于上市公司董事会决议投票的证据,柳学信;孔晓旭;王凯,国有企业;党组织治理;董事会决策;企业绩效,管理世界,0,"本文围绕国有企业党组织与董事会""双向进入、交叉任职""这一重要的公司治理制度安排,将上市公司董事会决议公告的文本资料作为研究载体,手工收集并整理2005～2017年我国A股国有上市公司在上海证券交易所和深圳证券交易所网站发布的历次董事会决议公告,通过董事会成员在历次董事会会议中的投票情况(同意、反对、弃权),考察国有企业党组织治理对董事会决策过程的影响,以研究党组织参与公司治理的决策过程和决策机制。研究发现:国有企业党组织与董事会""双向进入""对董事会异议的影响不显著;国有企业党组织与董事会""交叉任职"",尤其是党委书记与董事长由同一人担任的情况下,更可能出现董事会异议,表明这种机制安排能够为党组织在董事会决策中发挥作用提供职务保障,而且这种影响受到企业业绩的负向调节和金字塔层级的正向调节;但在讨论前置实施后,党委会在董事会决策之前进行政治把关,通过行使否决权阻止了一部分存在问题的议案进入董事会决策流程,因而在董事会决策过程中异议意见减少。进一步分析发现,对位于市场化程度较高区域的国有企业而言,党组织与董事会的交叉任职对董事会异议有显著的正向影响,对位于市场化程度较低区域的国有企业影响不显著;而国有企业党组织治理对董事会异议的影响在中央国企和地方国企的差异不显著;同时研究发现,在控制了公司财务特征变量和公司治理特征变量后,国有企业党组织治理通过影响董事会异议进而发挥提升企业绩效的作用。本文的研究打开了国有企业党组织如何嵌入公司治理结构并通过参与董事会决策发挥作用的""黑箱"",丰富了国有企业党组织治理的微观决策过程和作用机制的研究,对于完善有中国特色的国有企业治理理论具有重要意义;在实践中能够为党组织如何发挥""把方向、管大局、保落实""的作用提供理论指导,为进一步深化国有企业改革提供借鉴。"
2020,双重约束视角下的基层治理结构与效能：经验与反思,侯麟科;刘明兴;陶郁,治理能力;自源性治理主体;基层治理;治理效能,管理世界,0,"党的十九大以来,以习近平总书记为核心的党中央大力推进国家治理体系和治理能力现代化。本文立足有代表性的全国抽样数据,系统考察和对比了不同类型基层治理主体化解基层社会矛盾的效能。数据显示,这一时期中国农村存在基层纠纷发生的""非平衡性""、分布的""异质性""以及处理手段的""非一致性""等典型特征。通过对这些典型特征背后的结构性因素进行深入分析,本文发现:那些植根基层社会文化网络、具有丰富地方性知识的自源性基层治理主体,更有可能平衡与约束外源性基层治理主体的政策执行方式,从而能够显著降低冲突发生的风险,提升治理效能。在此基础上,本文还比较了两类自源性基层治理主体在上述过程中发挥的作用,指出就化解基层纠纷的治理效能而言,通过交叠权威发挥的社会性约束机制,往往要比通过本地干部发挥的制度性约束机制更具可持续性。"
2020,数字化与战略管理理论——回顾、挑战与展望,陈冬梅;王俐珍;陈安霓,人工智能;大数据;数字化;战略管理理论,管理世界,0,"随着人工智能、大数据、云计算、移动互联网和物联网等数字科技的蓬勃发展,数字化正在深刻影响企业的内外部环境。作为强调企业与环境动态匹配的学科,战略管理自然面临着如何在新形势下实现理论对变化环境的理论映射。然而,学界对于以全新的理论解释与指导数字化情境中的企业实践,还是通过修正现有理论使其适应新环境变化,还是完全可以依靠以往理论作为""认知地图""指导学术研究和企业实践,存在着不一致、甚至对立的观点。在回顾战略管理核心理论、讨论数字化环境的主要特点、以及梳理现有文献对于数字化和战略管理理论关系的基础上,本文尝试总结数字化对现有战略管理理论的挑战、讨论数字化拓展战略管理理论的可能、以及展望未来研究的可能方向,以期为开展基于数字化情境的战略管理研究提供借鉴,并为数字化背景下企业的管理实践带来启示。"
2020,制度与创业研究的融合：历史回顾及未来方向探讨,李加鹏;吴蕊;杨德林,制度理论;制度变革;创业;制度创业,管理世界,0,"制度与创业研究的融合已受到众多学者关注,但学界对于两者融合过程和研究主题仍缺少整体认知,对未来的融合方向缺少科学的判断。通过对过去40年间发表于社会学、管理学和创业学顶级学术期刊的189篇文献进行系统梳理,发现两者融合时经历了逐步深入的3个阶段:因无交集而缺少融合、组织生态学者发起研究对象的融合、管理与创业学者接力理论基础和研究对象的融合。研究主题包括制度影响创业和创业影响制度。前者可分为稳定的制度和制度变革各自如何影响创业,其中稳定的制度通过合法性机制影响创业;制度变革产生新制度环境,进而产生创业合法性、机会和资源等,最终影响创业。创业影响制度的研究则形成了""制度创业""这一重要研究领域。结合各自理论进展和研究问题,探讨了两者融合的重点研究领域及如何在中国情境下开展相关研究。"
2020,发展的机制：以比较优势战略释放后发优势——与樊纲教授商榷,刘培林;刘孟德,比较优势;后发优势;发展经济学;中国经济,管理世界,0,"樊纲教授最近发表的两篇论文认为,比较优势和后发优势是发展中国家在不同发展阶段上继起的互不相干的两个优势,并认为中国过去的高速发展难以用比较优势加以解释。我们认为,虽然比较优势和后发优势是两个不同的概念,但两者并非不同发展阶段上继起的互不相干的两件事,它们之间的关系是,唯有遵循比较优势的战略才能顺利、充分地释放后发优势。这正是破解樊纲教授所说的""发展悖论""的""发展的机制""。"
2020,全球治理视角下共建“一带一路”国际规则的遵循、完善和创新,陶平生,全球治理国际规则;“一带一路”;高质量发展,管理世界,0,"推动共建""一带一路""高质量发展,亟须加强与国际规则的""软联通""。本文结合国际政治经济学、全球治理和国际规则的相关理论,系统评估在债务与融资、绿色发展、包容性发展、透明与反腐败、第三方市场合作等领域共建""一带一路""国际规则的现状、成效及挑战,全面梳理和分析国际社会针对""一带一路""对接国际规则的关切,并提出共建""一带一路""国际规则遵循、完善和创新的原则、思路,以及有关政策建议。"
2020,基于投入产出架构的新冠肺炎疫情冲击路径分析与应对政策,刘世锦;韩阳;王大伟,新冠肺炎疫情;投入产出;网络分析;冲击路径;新增长动能,管理世界,0,"本文通过将网络分析法应用于投入产出体系,将我国各省经济部门及部门间关系转化为宏观经济网络内的""节点""和""弧"",从区域间、经济部门间""层层传导""的传播视角分析了疫情的经济冲击路径。研究结果发现:(1)湖北省具有较强的""内向型""特征,疫情对湖北省内带来的经济冲击大于省外。(2)江苏、广东、浙江、山西、内蒙古、陕西等省区与湖北省的经济依存度较高,面临较为直接的经济冲击风险。(3)在经济恢复发展中应对上下游影响力较大、或处于核心战略位置、或自身稳定性不强的3类行业给予特别关注,例如湖北省的农业、交通运输业和建筑业。结合疫情冲击路径特征,提出湖北省和相关省区经济恢复发展、通过改革激发新增长动能的政策建议。"
2020,重大突发公共事件下的宏观经济冲击、金融风险传导与治理应对,杨子晖;陈雨恬;张平淼,重大突发公共事件;宏观经济冲击;系统性金融风险;治理应对,管理世界,0,"重大突发公共事件所特有的紧迫性与不确定性为全球经济的发展带来了极大的挑战,2020年年初""新型冠状病毒肺炎""疫情的快速蔓延更使得全球股市剧烈震荡。在此背景下,如何准确考察""新冠""疫情等突发公共事件对我国宏观经济与金融市场的冲击影响,有效防范化解系统性金融风险并保障经济平稳运行,已成为影响我国经济发展全局的重大问题。由此,本文基于前沿的因子增广向量自回归模型,首先考察重大突发公共卫生事件对我国宏观经济与金融市场16个部门、共计174个变量的冲击影响。其次,采用新颖的风险溢出网络方法,研究全球""新冠""疫情事件下,我国金融市场各部门间风险传导关系的动态演变。接着,我们结合美股4次""熔断""等极端风险事件,考察""疫情之下""国际间金融风险传导的主要源头与溢出途径。最后,本文基于风险结构框架,进一步探讨了该时期全球资本市场的共振关系。在此基础上,我们对完善与""重大突发公共事件""相适应的宏观治理应对机制与风险防范对策提出了相关建议,从而有助于我们""守住不发生系统性金融风险的底线"",维护经济发展和社会稳定大局。"
2020,“十四五”时期中国区域经济发展的重大问题展望,李兰冰;刘秉镰,“十四五”时期;区域经济发展;全面开放新格局;新型城镇化,管理世界,0,"""十四五""时期是全面开启社会主义现代化强国建设新征程的重要机遇期。本文立足于区域经济和国家经济的融合互动关系,以国家目标、体制改革和对外开放为主线厘清国家经济发展阶段与区域发展战略演进之间的逻辑关系,进而沿着""国家愿景—现实约束—区域映射""的研究脉络,对""十四五""时期中国区域经济发展的重大问题予以判断。在此基础上,按照""问题表现及经济影响—理论依据—战略思路—实施路径""的递进层次,对创新驱动与区域发展新动能培育、重点地区建设与经济增长、区域产业结构优化与产业布局调整、区域均衡与区域协调发展、新型城镇化与城乡融合发展、东西互济的全面开放新格局等六大重大问题进行系统剖析与未来展望。"
2020,数字金融与企业技术创新——结构特征、机制识别与金融监管下的效应差异,唐松;伍旭川;祝佳,数字金融;技术创新;创新驱动;金融监管,管理世界,0,"数字金融作为传统金融通过科技赋能方式形成的新产物,对微观企业技术创新乃至宏观经济发展质量而言都有着重大影响。本文基于2011～2017年沪深两市A股上市公司数据,探讨数字金融发展对企业技术创新的影响及其内在机理。研究发现,数字金融发展对企业技术创新的确存在""结构性""驱动效果。特别地,数字金融的深度发展对企业技术创新的促进效果在较长一个时间序列上都稳健成立。进一步来看,数字金融的发展能够有效校正传统金融中存在的""属性错配""、""领域错配""和""阶段错配""问题,并且在金融发展禀赋较差的地区,数字金融展现出更强的企业技术创新驱动效果,从而具备了较好的普惠特征。机制分析表明,数字金融发展能够有效解决企业的""融资难、融资贵""问题,并能够驱动企业去杠杆、稳定财务状况,这些都有助于企业技术创新产出的增加。此外,数字金融对企业创新动能的发挥离不开有效的金融监管,在合理的金融监管约束下,数字金融的深度发展对微观主体创新活动的促进作用更加明显。本文的研究结论为数字金融的发展优化、实现创新驱动及完善金融监管框架提供可靠经验证据和政策启示。"
2020,移动互联网时代企业商业模式、价值共创与治理风险——基于瑞幸咖啡财务造假的案例分析,张新民;陈德球,移动互联网;瑞幸咖啡;商业模式;价值共创;治理风险,管理世界,0,"移动互联网时代,商业模式革新和公司治理变革等对现有公司财务理论和企业财务实践提出了前所未有的挑战。技术变革影响企业商业模式变迁的逻辑。商业模式创新一方面能够通过降低交易成本,增加价值增长点,助力企业实现价值创造,获取竞争优势;另一方面,在实际运营层面却给传统经济体系带来种种挑战。企业产品市场与资本市场如何协同发展、企业产品市场用户流量与财务绩效如何转化成资本市场公司的市值等因素,不仅对企业经营管理意义重大、对企业战略决策成败意义重大,而且对数字经济与实体经济的融合发展意义重大。瑞幸咖啡财务造假事件给我们思考移动互联网时代企业商业模式、价值共创与治理风险提供了一个难得的案例样本。本文从用户数据化与资产结构盈利性、资源聚合与价值共创、产品资本双轮驱动与治理风险管控3个层面,通过瑞幸咖啡财务造假事件,分析移动互联网时代企业商业模式创新的内在驱动力、盈利模式以及潜在的财务风险与治理风险;透视瑞幸咖啡财务造假的内在动因,力图给现代企业在追逐竞争优势和提升企业价值实践中以更多""共创""理念上的启示,从而更好地推进实体经济与数字经济的深度融合。"
2020,共享价值式企业社会责任范式的反思与超越,肖红军,共享价值;企业社会责任;社会问题;共益企业,管理世界,0,"共享价值式企业社会责任范式试图破解企业与社会关系中商业利益与社会利益相互冲突的难题,受到许多世界一流企业的青睐与推崇,但这一范式固有的理论缺陷和经常出现的实践困境也招致了诸多质疑和批判,因此有必要重新对这一范式进行深刻认知与反思。本文从企业社会责任动态演化的纵贯序列中审视、认知和定位共享价值本质,认为其是经过进化的高阶企业社责任即CSR3.5,并从逻辑缘起、逻辑中介和逻辑归宿3个连续的逻辑片段对共享价值式企业社会责任范式的生成逻辑链条进行解构,抽象出""搜寻—嵌入—衡量""的运作逻辑和核心过程。在此基础上,识别出共享价值式企业社会责任范式在实践中可能出现的多重隐忧,包括企业价值本位引致本源性的精致利己主义、实质性的市场逻辑主导、潜在的脱伦理化倾向,过度工具理性催生合法性悖论与冲突再现的风险、""手段—目的""链断裂的风险、衡量失败与内生伪共享的风险,议题嵌入模式可能引发议题错位、局部嵌入、责任脱耦的现象。最后,本文提出全面超越共享价值式企业社会责任范式的CSR4.0,即共益均衡型企业社会责任范式,要求企业与社会关系定位由共享价值式转向共生共益式,企业社会责任认知由单一视角界定转向理念维度、行为维度、内容维度、制度维度的四维建构,企业组织形态假设由纯粹经济组织转向具有均衡型企业使命、多重制度逻辑融合共生的共益企业,社会责任实现方式由议题嵌入模式转向社会责任根植模式与议题嵌入模式的高阶耦合。"
2020,高管校友圈降低了市场分割程度吗？——基于异地并购的视角,彭聪;申宇;张宗益,市场分割;资源整合;校友圈子;异地并购,管理世界,0,"本文从高管校友圈这一社会资本入手,研究上市公司发起并完成的并购交易。研究发现,高管校友圈显著降低了市场分割对资源流动的阻碍作用,校友关系网络越强的企业,参与跨省、跨市并购的概率越高,并且这种效应在市场分割程度严重的地区更为明显。研究表明校友圈存在""信息机制""和""润滑剂机制"",即校友圈能够降低市场分割对信息传递和资源整合的阻碍作用,校友圈这一非正式制度具有影响市场分割这一正式制度运行的能力。本文的研究从侧面反映了我国省际间存在较为严重的市场分割现象,需要加速推进市场化机制建设,促进省际间跨区域的资源配置效率。"
2020,发展国家重大科技基础设施引领国际科技创新,王贻芳;白云翔,大科学装置;大科学工程;重大科技基础设施;创新驱动发展战略;自主创新;科技创新中心;项目遴选;大科学;小科学,管理世界,0,"科学研究对仪器设备的依赖是逐步发展的。从放大镜、显微镜等简单扩展人的观察能力的小仪器到电子显微镜等大型仪器设备,一直到重大科技基础设施,这是科学发展的必然道路,世界科技强国都把重大科技基础设施的规划、设计、建设和运行放在科技发展战略非常重要的地位。在建设世界科技强国的新时代,我国经济实力已逐渐与发达国家相比肩,重大科技基础设施必然迎来一个新的发展机遇。如何聚焦重大科学前沿做出重大发现,如何对我国的科技和其它各项事业的发展起到强有力的支撑作用,如何依托重大科技基础设施群建设科技创新中心,成为提升国家创新体系的核心引擎,都是事关国家长远发展的重大问题。本文介绍了重大科技基础设施国内外发展现状,分析了设施在重大科学突破、多学科发展、人才队伍培养、产业创新等方面的重要作用,尤其是对国家创新体系建设的深远影响,针对设施发展过程中存在的主要问题提出了对策,对我国在未来一段时间内的设施发展战略提出建议。"
2020,重庆工商大学应用经济学科诚聘海内外英才,,,经济研究,0,"<正>重庆工商大学应用经济学是重庆市""一流学科""、市级重点学科,第四轮部级学科评估中获得B-,2019""软科学科排名""前19%。2004年开始招收硕士生,2012年获批服务国家特殊需求博士人才培养项目,2014年获批成立博士后科研流动站,2019年经济学、贸易经济和金融学三个专业入选国"
2020,发展经济学在中国:实践与展望——第二届中国发展经济学学者论坛综述,叶初升;肖利平;余静文,,经济研究,0,"<正>发展经济学是以发展中国家的经济实践为主要研究对象的一个经济学分支学科。中国作为最大的发展中国家,经济发展过程中涌现出许多新现象、新问题。利用中国实践来推动发展经济学理论创新,完善发展经济学学科体系,是中国发展经济学学者的使命和职责所在。一、中国经济实践与发展经济学中国在发展经济学理论演进中扮演了重要角色。早在20世纪40年代,一批中国经济学家,比如刘大钧、方显廷、翁文灏、马寅初、谷春帆、吴景超、伍启元、张培刚等对中国如何实现工"
2020,第五届刘诗白经济学奖评选公告,刘诗白,,经济研究,0,"<正>为深入学习贯彻习近平新时代中国特色社会主义思想,深入学习贯彻党的十九大和十九届二中、三中、四中全会精神,全面贯彻落实中共中央印发的《关于加快构建中国特色哲学社会科学的意见》精神,推动习近平新时代中国特色社会主义思想系统性、学理化、学科化研究阐释,深刻把握习近平新时代中国特色社会主义经济思想内涵,推进中国特色、中国风格、中国气派的经济学研究,推出更多经济学研究的精品力作,加快构建中国特色哲学社会科学,现面向全国开展"
2020,财政制度、国家治理与经济发展——第五届中国财政学论坛综述,吕冰洋;刘晓路;马光荣,,经济研究,0,"<正>""财政是国家治理的基础和重要支柱"",这是中国共产党十八届三中全会以来对财政地位的重要论断。在中国特色社会主义进入新时代的关键时期,建设现代财政制度以推进国家治理能力现代化、推动经济发展尤为重要。如何创新财政基础理论以适应新时代要求,如何利用财政理论解决新矛盾和新问题,如何分析财政政策的运行效果,是财政理论工作者亟待认真探讨并深入研究的重大课题。由经济研究杂志社和中国人民大学财政金融学院共同主办、中国人民大学《经济理论与经济管理》编辑部和"
2020,破除“唯定量倾向”为构建中国特色经济学而共同努力——《经济研究》关于稿件写作要求的几点说明,,,经济研究,0,"<正>《经济研究》自创办起,始终以马克思主义为指导,以推动与繁荣中国特色社会主义政治经济学研究为己任,立足中国现实,坚持学术性、时代性、创新性和前沿性,致力于发表研究中国特色社会主义经济建设事业中重大现实问题的高水平理论研究类文章,忠实地为经济理论学习与研究者、经济政策决定与执行者以及社会各界朋友服务,为构建中国特色经济学而努力。"
2020,高质量发展的动力、机制与治理,高培勇;袁富华;胡怀国;刘霞辉,制度;发展;高质量;治理,经济研究,0,"立足于整体发展观,以经济发展服务于社会发展为主线,本文对于经济高质量、社会高质量和治理高质量的特征及其互补性关联进行了分析。主要认识归纳为以下几点:第一,高质量发展是一个总括性理念,经济高质量是社会高质量和治理高质量的输出。中国迈向发达国家的核心经济机制在于要素质量升级和创新,但需要社会高质量和制度高质量作为前提。第二,新常态下城市化的本质是福利社会,因此对社会保护能力建设提出了新要求。未来一二十年,中国将步入社会支出快速增长期,而日益增加的公共支出必须以效率改进为支撑,高质量社会与高质量经济协同是重中之重。第三,经济高质量的基础是知识中产群体扩大再生产,通过就业能力提升和消费结构升级,知识中产群体充当了经济高质量与社会高质量的纽带,也是决定要素质量升级的关键环节。第四,高质量经济社会需要高质量治理结构支撑。治理现代化的根本落实,重在呼吁-退出机制建设,借此最小化个人或集体表达信念的成本,增进社会福利和经济效率。包括两个要点:第一,防御性治理,以经济发展服务于社会发展为导向,加强就业保护和社会保障建设,同时,国家应将关乎国家命运的战略部门——农业和医疗卫生部门——纳入公共安全体系建设;第二,进取性治理,以经济高质量和社会高质量协同为导向,国家应该顺应新时代信息化、知识化发展规律,通过生产标准体系建设、中介服务组织建设、文教研发体系建设等促进创新。"
2020,中国经济增长的空间分异为何存在?——一个空间经济学的解释,邓仲良;张可云,经济增长;空间分异;产业关联;要素结构;集聚,经济研究,0,"要素在产业与空间上的错配造成中国经济增长的空间分异,并影响了区域协调发展向更深层次推进。本文在空间经济学框架下构建了一个经济增长的理论模型,利用2004—2014年中国277个地级市及以上城市面板数据,分别从全国层面、四大区域、不同发展阶段、不同城市规模以及考虑空间关联性等角度对经济增长空间分异的理论机制进行验证。研究表明经济增长的空间分异来源于要素结构与产业关联、城市规模与产业结构、市场规模与产业选择的三个匹配机制。要素结构与产业关联的正效应在劳均资本相对占优时才会发生,城市规模则通过相对最优城市规模""门槛效应""影响了与产业关联的正效应,市场规模与产业结构""服务业化""正相关。发展生产性服务业是大城市提高经济比重的关键,中小城市则应重点构建符合本地优势的工业体系。本文从要素空间匹配的视角为区域协调发展、经济空间优化和城市产业分工提供了理论依据与经验证据,也为地区经济转型提供了政策启示。"
2020,普惠金融与中国经济发展:多维度内涵与实证分析,李建军;彭俞超;马思超,普惠金融;经济增长;收入分配;二元经济,经济研究,0,"大力发展普惠金融,是中国全面建成小康社会的必然要求,有利于促进金融业可持续均衡发展,增进社会公平和社会和谐。基于对普惠金融发展与传统金融发展的概念辨析,本文提出了一个包含广泛的包容性、特定化配比程度与商业可持续性三个维度的普惠金融指标体系。采用2009—2016年的省级面板数据,实证分析了普惠金融发展对经济增长和城乡收入差距的影响。研究表明,普惠金融发展水平每提高1个标准差,东部地区的人均实际GDP增长率平均将提高5.1个百分点,西部地区的城乡收入差距平均将下降10%。进一步的分析表明,普惠金融发展对经济增长的促进作用在通信基础设施更差、民营经济更多的地区更显著,对城乡收入差距的缓解作用在通信基础设施更差或农业GDP占比更高的地区更强。本文的政策建议是,推进普惠金融发展要考虑地区的条件差异而因地施策,从而更好地兼顾公平与效率。"
2020,财政支出的部门配置与中国产业结构升级——基于生产网络模型的分析,齐鹰飞;LI Yuanfei,财政政策;财政支出乘数;生产网络;产业结构升级,经济研究,0,"本文通过将生产网络引入一个多部门一般均衡模型,分析了财政支出的部门配置对GDP、福利和产业结构的影响。本文证明在较为一般的假设条件下,GDP(从而财政支出乘数)以及家庭福利与财政支出的部门配置无关,但产业结构受财政支出部门配置的影响。基于对部门财政支出结构效应的分解,本文利用中国投入产出表数据分析了财政支出部门配置的边际调整对产业结构升级的影响,发现将财政支出从""高污染、高耗能""的限制产业向高新技术产业调整1元最多可使高新技术产业增加值与限制产业相比提高0.9958元。本文的研究结论意味着财政支出政策的运用有望兼顾""稳增长""和""调结构"",即先从""稳增长""视角决定财政支出总量,再从""调结构""视角将财政支出配置在不同部门,从而为财政政策实施提供了新启发。"
2020,国家级贫困县政策的收入分配效应,徐舒;王貂;杨汝岱,国家级贫困县;减贫效果;收入差距;收入流动性,经济研究,0,"本文基于农业农村部农村固定观察点1986—2011年微观面板数据,使用双重差分方法评估国家级贫困县设立的减贫效果及收入分配效应。研究发现:对国家级贫困县的扶贫政策使贫困地区的贫困率平均下降了11个百分点;同时,扶贫政策存在显著的正外部性,能改善国家级贫困县内部收入分配情况。从静态角度看,扶贫政策缩小了国家级贫困县内部收入差距,贫困县内部基尼系数平均降低了4.2%,尤其是缩小了国家级贫困县低收入家庭与中等收入家庭的收入差距,下降幅度高达15.1%;从动态角度看,扶贫政策增加了国家级贫困县低收入家庭向上流动的机会,长远上有利于贫困家庭跳出""贫困陷阱""。进一步的分析表明,促进基础设施投资、提高农业全要素生产率和鼓励外出务工是扶贫政策起作用的重要途径。"
2020,税收政策激励与企业人力资本升级,刘啟仁;赵灿,税收激励;人力资本;技能互补;固定资产加速折旧;技能溢价,经济研究,0,"本文结合税收政策研究企业人力资本升级的路径及其机制。理论分析发现,虽然""技能工资溢价""不利于企业提升技能劳动力占比,但是,假设新增固定资产与技能劳动力的互补性高于其与非技能劳动力的互补性,税收政策在激励企业新增固定资产的同时,也会促使技能劳动力相对雇佣比提升,人力资本结构得到改善。本文采用2010—2016年上市公司雇佣结构详细分类数据,基于2014年固定资产加速折旧政策的自然实验采用倍差法分析发现,固定资产加速折旧政策带来额外的税收激励,显著促进了试点企业的人力资本升级。与此同时,技能劳动力的雇佣量和占比均显著增加,新增固定资产与技能劳动力具有显著的互补性,但其与非技能劳动力的互补性并不显著。本文的研究从微观企业视角验证了资本与技能劳动力的""互补效应"",并将税收政策评估由企业固定资产投资扩展至企业人力资本投资领域。"
2020,财政职权、征税努力与企业税负,范子英;赵仁杰,财政职权;征税努力;企业税负;撤县设区,经济研究,0,"分税制以来,中国各级政府间的财政收入权、税收征管权都呈现逐级上移的特征,这势必会弱化地方政府的财政自主权和经济建设职能。本文利用撤县设区改革,研究了收入和支出端的财政职权对县级政府征税努力和企业实际税负的影响。研究发现:第一,撤县设区改革降低了县级政府财政自主权,新设区的财政收支明显下降,而市本级的财政收支则显著上升。第二,撤县设区弱化了县级政府征税努力,显著降低了企业的实际税率,不过仅限于区县政府管辖范围内的企业所得税,对国税局管理的增值税和2002年之后新企业的所得税没有影响。第三,撤县设区有助于扩大企业销售产值和利润总额,并促进地区经济增长。本文的研究表明,在分税制框架下要实现企业的实质性减税,需要通过财政收支权力的同步调整来降低地方财政压力,形成事权与支出责任相匹配的政府间财政关系。"
2020,异地商会与企业跨地区发展,曹春方;贾凡胜,异地商会;正式社会网络;非市场途径;跨地区发展,经济研究,0,"本文研究异地商会这一正式社会网络是否能帮助企业突破跨地区发展障碍。以手工整理的上市公司新增异地子公司测量企业跨地区发展,以不同时点的异地商会成立为外生冲击,本文构建了多点冲击双重差分模型,实证结果发现:(1)异地商会促进了家乡地企业的跨地区发展,家乡地企业向异地商会所在地的新增子公司平均增加47.3%。(2)异地商会的正式社会网络作用是单向的,主要从非市场途径进行信息传递和资源获取,其在异地市场不发达、政府资源控制较强以及市场信息获取成本高的地区更强。此外,异地商会还与地区间的非正式社会网络存在替代作用。(3)进一步,子公司数据与工业企业数据库匹配考察这种异地发展的效果表明,异地商会提升了异地子公司业绩和运营效率,降低了运营费用。本文拓展和丰富了社会网络影响企业发展障碍的相关研究,结论表明更好地促进和发挥异地商会这种正式社会网络作用,可能是解决我国区域间不平衡、不充分发展的重要微观路径。"
2020,中国省以下政府间财政收入分配:理论与证据,方红生;鲁玮骏;苏云晴,财政收入分配;省以下;支出责任比重;人均财政收入不平衡程度,经济研究,0,"党的十九大报告提出了""财力协调、区域均衡""的要求,本文尝试分析此要求下省以下政府间财政收入分配的两个原则,并构造了一个包含分税、支出责任划分和转移支付的理论模型,以为此提供理论基础。本文采用省级和地市级两套面板数据,逐级检验了我国省以下政府间一般公共预算收入和四个主要税种收入的分配实践是否总体上落实了两个原则。实证结果表明:(1)第一原则在各上级政府的一般公共预算收入分配中都得到了落实,但在四个主要税种收入分配的落实上存在差异;(2)第二原则在各上级政府的财政收入分配中均未得到落实;(3)两个原则的落实情况在东中西部三类地区之间存在差异。本文为我国省以下政府间财政收入分配改革提供了参考。"
2020,银行产权异质性、影子银行与货币政策有效性,高蓓;陈晓东;李成,银行产权异质性;影子银行;货币政策;金融监管;金融改革,经济研究,0,"货币政策调控能否有效传导至实体经济,对经济运行和稳定发展有着至关重要的影响。本文基于银行产权异质性决定的市场风险偏好,通过理论建模与实证检验,揭示货币政策传导效应在影子银行存在与否两种情形下的差异性。研究结果显示:当金融市场不存在影子银行时,股份制银行对货币政策调控的敏感性高于国有银行,主要源于两类银行的股东构成不同,高管任命和考核机制迥异;为了规避监管约束,金融市场催生出影子银行,隐性放松了银行贷款条件,导致货币政策有效性下降。但影子银行在不同发展阶段具有差异性,发展初期对贷款替代率较高,资金60%以上进入实体经济,对经济的边际贡献显著,其中,股份制银行的贷款替代尤为突出。此时,影子银行虽削弱了货币政策有效性,但也缓解了强硬政策""一刀切""迫使银行抽资断贷对经济的损伤;伴随对影子银行的监管加强,部分资金转向""同业"",此时影子银行对经济的贡献降低,但资金涌入资本市场推高了资产价格泡沫,积聚了大量金融风险。因此,与单一加强监管相比,持续深入的金融改革才是彻底化解金融风险、解决影子银行问题的根本出路。"
2020,公共品供给的微观主体及其比较——基于中国水运基建的长时段考察,龙登高;王明;黄玉玺,基础设施;公益法人;市场化;国营企业;现代公司治理,管理世界,0,"作为公共品的基础设施,对于政府、营利性主体、非政府性非营利性主体3种不同供给方式的比较似属空白。在中国水运基建纵贯3个世纪的原始档案与深度调研的基础上,本文考察和比较公益法人、国营企业、现代公司3种微观主体,以及社会、政府与市场3种机制在基础设施供给上的特点、约束条件与绩效。计划经济下单一的政府所属企事业单位主导公共品供给难以克服根本性的制约,公益建造的局限性长远来说也很明显,现代公司提供基础设施则具有无可限量的拓展空间,能够更大程度激发微观主体活力的市场经济体制才能创造出更多更好的公共产品。公司治理下的竞争性中央企业脱胎换骨,在新世纪逐渐完善的市场经济制度下实现了自主创新,推动了中国水运基建的跨越式发展。3类微观主体在水运基建的历史与实践的比较研究带来学术创新与理论拓展。"
2020,中国的脱贫奇迹何以造就？——中国扶贫的精准行政模式及其国家治理体制基础,王雨磊;苏杨,脱贫奇迹;精准扶贫;中国模式;国家治理;行政体制,管理世界,0,"本文对中国的脱贫成就给出了一个从""中国之治""看""中国之制""的理论解释框架。中国近些年的脱贫成就全球罕见,这个成就的基础是经济增长,但是将经济增长的红利高效转化为脱贫成就,这还有赖于中国共产党领导形成的国家治理体制及相关运行机制。本文将扶贫领域的这个机制定义为精准行政扶贫模式,其由行政统筹机制、资金机制、扶贫干部队伍管理机制、村组织建设机制、考评和问责机制组成,将扶贫工作要素全部纳入其中,且考评和问责机制又能反过来作用于其他机制,形成一种从行政管理角度来看闭合且具有信号和反馈系统的精准运行机制。这样的模式,不仅能集中行政力量高效精准地进行扶贫,且将扶贫工作与其他行政工作有效衔接、协作,使行政体系整体成为扶贫体系。这一模式是中国""集中力量办大事""的国家治理体制的集中体现,但相对下阶段乡村振兴等目标也有不适应之处,还需要加强与社会、市场力量的协同治理,才具有可持续性和可复制性。"
2020,反贫困与国家治理——中国“脱贫攻坚”的创新意义,燕继荣,贫困;反贫困;治理;脱贫攻坚;精准扶贫,管理世界,0,"由贫穷所直接导致或者衍生的一系列社会问题是当今世界最具挑战的问题。结构性贫困是困扰发展的国家问题,因此,贫困问题不仅应该被视为国家发展状况的衡量尺度,也应该成为国家治理的任务,反映国家治理的水平。中国扶贫成就突出,尤其是2012年之后在""大扶贫""格局之下开展了""脱贫攻坚战"",把贫困治理纳入国家治理的战略目标,实行政府专项治理的方式,动员党政机构、企业、军队、学校、社会组织与团体全员参与,采用精确识别、建档立卡、责任到人的方法,凭借国家制度体系的政治和行政优势,运用中央和地方政府财政储备,精准施策,对口支援,采用产业脱贫、搬迁脱贫、生态补偿脱贫、教育支持脱贫、社会保障兜底脱贫等多种手段,实现了农村贫困人口的大幅度减少。中国贫困治理丰富了""发展型国家""的内涵,为后发展国家走出""中等收入陷阱""提供了经验。"
2020,长寿时代的理论与对策,陈东升,长寿时代;人口红利;长寿经济;产业结构,管理世界,0,"人类社会正在进入长寿时代,这将是关系人类未来发展的重大问题。长寿时代的特征是低死亡率、低生育率、寿命延长,在相当长的时间内,人们的预期寿命每10年会增长2～3岁,若干年后,相当多的人可能进入百岁人生。与此同时,人口年龄结构从金字塔结构转变为柱状结构,平台期老龄人口占比超越1/4。本文完善了长寿时代的概念,认为长寿时代将是人口转变下的新均衡,并在此基础上对相关学术理论进行归纳研究,系统地阐述了长寿时代的特征和形成,进而提出长寿时代将带来健康时代和财富时代,对社会的经济模式、产业结构及各个方面造成影响。本文以动态的视角看待人类社会对老龄人口占比增多现象的应对现状,对长寿时代给社会经济可能带来的影响进行了剖析,指出长寿时代下会产生新形态的长寿经济,将在微观层面深刻改变个人的生活方式及健康财富规划,促使企业转变经营方式、保持组织活力、承担社会责任。基于此,本文从社会、政府、企业3个层面探讨了长寿时代的解决方案,尤其强调企业应创新商业模式、引入共享及生态理念,对引导长寿时代下的产业变革与企业转型具有理论与实践意义。"
2020,我国劳动力供求格局、技术进步与经济潜在增长率,李建伟,劳动力供求;经济增长;就业政策;技术进步,管理世界,0,"2010年以来我国劳动力供求格局已从总量基本平衡转向劳动力供给不足,劳动参与率和劳动年龄人口规模不断下降。预计我国人口规模在2022年达到峰值,人口老龄化和少子化程度不断提高,劳动年龄人口、经济活动人口和劳动力供给规模将持续下降。我国技术进步具有很强的内在规律性,未来劳动生产率还将保持提升幅度逐年递减的平缓上升走势。未来我国经济潜在增长率将呈逐年下调走势,预计将从2019年的6.2%逐步下调到2025年的5.4%、2035年的3.9%和2050年的0.2%。保持我国经济长期持续稳定增长,需要及早调整生育政策、就业政策,尽快落实延迟退休年龄制度,加快农业发展模式转换,促进劳动力资源优化配置,加快自主创新技术进步,提高劳动生产率提升幅度。"
2020,“发展悖论”与发展经济学的“特征性问题”,樊纲,发展经济学;经济增长理论;比较优势;后发优势,管理世界,0,"本文试图在新的事实出现的基础上,重新界定""发展经济学""的研究对象,说明一直没有被说清楚的发展经济学与经济增长理论的相互关系,指出:经济增长理论是一般性理论,它说明所有经济体要增长需要有哪些要素、需要经历哪些阶段,而发展经济学是一种特殊理论,它所研究的是落后国家在增长要素结构上处处落后,市场也已经被竞争力强大的发达国家和跨国公司占领的条件下,还要增长得比发达国家快,从而实现""趋同""这样一个悖论式的""特征性问题""。为此,作者提出""发展要素""的概念,用此分析落后国家得以实现发展的途径,并说明发展过程中不可避免遇到的各种困难、需要经历的不同阶段。"
2020,有限需求、市场约束与经济增长,陈昆亭;周炎,有限需求;内生周期;可持续增长,管理世界,0,"本文提出""有限需求""假设来研究经济增长问题。在传统宏观经济模型中,消费品被假定为综合性的终端产品,其需求被认为是无限的,这掩盖了在现实中人们对大部分具体商品的需求是""有限的""这一特征。在""有限需求""假设下,模型经济可以更好地解释""后现代经济增长停滞""等现象。有限需求的形成有两种情形:一是主观实际的需求饱和,一种是由于财富约束造成的被动的需求有限。针对有限需求下饱和经济的研究发现:技术进步促进内生经济增长,同时也会引致收入分配的差异;收入分配差异积累过大,会导致劳动参与率、贡献率不足,创新率也会下降,进而技术进步和产出率下降,最终造成潜在的长期经济波动,并导致增长动力持续下降。根据有限需求假设,促进经济增长的途径有:不断提升需求空间(提升产品服务质量、创造新产品、拓展外部市场);优化社会财富的分配结构;增加一般家庭的可支配收入空间。"
2020,构建中国风格的世界经济学理论体系,欧阳峣;汤凌霄,世界经济学;理论演变;现实背景;逻辑结构,管理世界,0,"世界经济学是以马克思主义政治经济学为基础创建的独立学科,中国学者为建设世界经济学科做出了独特贡献。自19世纪50年代以来,以""资本输出""理论、""结构主义""理论和""经济全球化""理论为核心的世界经济学理论的演变,成为世界经济学科的理论来源;西方经济学研究的国际贸易、国际金融和国际投资理论,为世界经济学科提供了有价值的理论和方法。当前经济全球化的新趋势和新特点,以信息技术和人工智能为主要标志的新一轮技术革命,为世界经济学理论发展提供了现实机遇。我们应该以要素国际流动为逻辑起点,以国际价值论和人类命运共同体思想为理论基础,以新一轮技术革命为现实背景,深入分析世界经济发展新格局和新动能,系统地研究推动建设开放型世界经济以及包容均衡的全球价值链的战略思路,提出融入中国智慧和中国力量的中国方案,构建中国风格的世界经济学理论体系。"
2020,家庭农场的效率及其决定——基于上海松江943户家庭农场2017年数据的实证研究,钱忠好;李友艺,家庭农场;效率;土地经营规模;农场经营,管理世界,0,"家庭农场效率之于家庭农场发展具有特别重要的意义。本研究以上海松江家庭农场为研究对象,利用943户家庭农场2017年的数据,运用DEA模型估计家庭农场的效率,并运用Tobit模型从农业要素投入特征、家庭农场主特征、家庭农场特征、环境特征4个维度考察其对家庭农场效率的影响。研究结果表明,全部家庭农场效率值均不高,无论是纯技术效率还是规模效率均有着较大的提升空间。家庭农场土地经营面积与家庭农场效率之间呈现出""倒U型""的关系,土地经营规模过小或过大都不利于家庭农场效率的提高;家庭农场主受教育年限、家庭农场主是否具有农业从业经历、家庭农场经营权合同年限、绿肥种植面积占土地经营面积比例、政府补贴正向影响家庭农场效率;劳动力投入、家庭农场是否购买农机作业服务负向影响家庭农场效率。不同类型家庭农场效率及其关键影响因素存在一定的差异。相比较而言,种养结合型家庭农场效率最高,纯粮食种植型家庭农场和机农一体型家庭农场效率较低,且纯粮食种植型家庭农场的规模效率低于纯技术效率,种养结合型和机农一体型家庭农场的纯技术效率低于规模效率。为促进家庭农场的健康发展,提升家庭农场的效率,需要采取切实有效的措施。现阶段,需要选择合适的家庭农场经营者,尤其是要优先选择有农业生产经营意愿且具有农业生产经营经验的农户家庭经营家庭农场,要重视家庭农场从业者的人力资本积累,加强对家庭农场经营者的职业培训;要基于家庭实际,合理确定家庭农场经营规模,走适度规模经营之路;要切实保障家庭农场的土地经营权,健全农业社会化服务体系,加大对家庭农场发展的资金、政策等扶持力度。"
2020,中国种植类家庭农场的土地形成及使用特征——基于全国31省（自治区、直辖市）2014～2018年监测数据,郜亮亮,家庭农场;土地形成;土地流转;土地整理;规模经营,管理世界,0,"家庭农场是中国农业当前发展阶段最核心的生产经营主体,其经营的土地是如何形成和使用的是亟待回答的现实问题。本文基于全国31省份家庭农场5年(2014～2018年)监测数据,对种植类特别是粮食类家庭农场经营的土地的规模、构成、流转、使用、未来打算等方面特征从纵向时间维度和横向地区维度进行统计描述分析。研究发现:2014～2018年间,家庭农场土地经营规模逐年递增,2018年平均规模约400亩;农场的土地处于分割状态,平均一个农场经营15块地,需要从48～58户农户手中转入土地,跨村跨镇经营渐成趋势;2/3农场通过中介流转土地,采用书面合同的农场占比约96%,流转租金逐年上涨,九成农场采用现金形式租金,其中又有九成采用固定现金租金;2/5的农场对转入土地进行整理,整理后其中的2/5农场的土地面积增加,面积约增7%;平均每个农场种植2种作物,第一种主要作物面积占比超过83%;除了2015年外,其他年份农场实际经营面积均小于理想经营规模,未来准备缩小规模或保持规模不变的农场逐年增多。建议推进农地产权制度改革、完善农地流转市场和农业保险市场,为家庭农场进行连片、长期的规模经营提供便利。"
2020,乡村振兴规划与三生关系问题研究——评《中国农户经济行为与乡村治理》,华章,,管理世界,0,"<正>2017年10月,中共十九大报告中提出""乡村振兴""的战略,党和国家对""三农""问题的规划又衍生出一个新的表征点""三生""(生产、生态、生活),它对应着""农村、农业、农民"",让以乡村振兴为背景的""三农""问题更加具体和细致,一方面揭示出乡村振兴过程中存在的各种问题与障碍,一方面对党和国家的乡村振兴规划提出落实路径与方法。"
2020,互联网是否促进了分工：来自中国制造业企业的证据,施炳展;李建桐,互联网;分工;网络外部性;搜寻成本;合约成本,管理世界,0,"本文实证分析了互联网对中国制造业企业分工水平的影响,并验证了其理论机制。研究发现,互联网普及率的提高可以显著促进中国制造业企业分工水平的提升,互联网普及率越高,促进作用越大,这主要是通过降低企业的搜寻成本而非合约成本实现的。进一步分析表明,互联网对企业分工水平的促进作用不会被其他通讯及运输手段所取代;外省互联网普及率提高只能促进联网企业分工水平提升;国有企业分工水平对互联网作用不敏感;互联网仅能增加直接材料类中间投入外购比例,无法增加生产性服务类中间投入外购比例。在考虑内生性问题及其他统计偏误后,上述结论仍然整体稳健。由此,本文推进了对互联网经济效应的理解。"
2020,疫情冲击下中小微企业困境与政策效率提升——基于两次全国问卷调查的分析,朱武祥;张平;李鹏飞;王子阳,新冠疫情;中小企业;政府政策;问卷调查,管理世界,0,"本文针对中小微企业受疫情影响状况、对政策的诉求等问题,以及政府救助政策落地情况,进行了两次问卷调查。调研结果表明:(1)85%的中小微企业现金余额维持不了3个月,说明中小微企业财务脆弱性风险较高。(2)中央及地方政府快速密集出台了纾困中小微企业的组合政策,凸显了我国政治和经济体制应对实体经济困难的快速响应和救助的优势。(3)政策短期落地效果与企业诉求有比较大的偏差,税费减免、信贷优惠的惠及率及现金流缓解状况比较低,企业遇到复工障碍导致复工困难。我们进一步分析了存在偏差的原因,提出了若干对策建议。为低成本、高效率、精准、及时和长效服务中小微企业提供了新思路和新模式。"
2020,银行竞争与货币政策银行风险承担渠道：理论与实证,李双建;田国强,银行业市场化体制改革;银行竞争;货币政策;银行风险承担渠道,管理世界,0,"本文创新性地构建能够刻画银行竞争强度变化和货币政策调整情形的四阶段动态博弈模型,系统考察货币政策作用于银行风险承担行为的理论传导机制,并重点分析银行竞争对货币政策银行风险承担渠道的影响机理。紧接着,本文使用2007～2017年我国151家商业银行非平衡面板数据,对理论结果进行实证检验。经验结果显示:宽松的货币政策会诱使银行承担更多风险,意味着我国存在货币政策银行风险承担渠道,且不同银行主体间其风险承担对货币政策的敏感性存在异质性。进一步地,研究发现银行竞争加剧会与货币政策相叠加,放大货币政策对银行风险承担的影响。据此,本文认为在深化银行业市场化体制改革和实施货币政策调控经济的过程中需密切关注银行风险承担状况,把握好改革节奏和调控力度,避免银行承担过高风险。"
2020,疫情后我国积极财政政策的走向和财税体制改革任务,李明;张璿璿;赵剑治,国家治理;积极财政政策;新内涵;新冠肺炎,管理世界,0,"疫情冲击加大经济下行压力,也凸显了国家治理中的一些短板。针对疫情影响及暴露的问题,中央要求加大宏观政策调节力度,研究制定有力政策措施。财政是国家治理的基础和重要支柱,面对新形势新任务,积极的财政政策怎样才能更加积极有为,要匹配怎样的财税体制才能确保政策行稳致远,需要深入探讨。结合财政功能和运行经验,本文建议,未来我国财政政策应明确以补短板为重心,敢于退、勇于进,聚焦关键领域关键环节和关键主体积极布局,着重加大基本公共服务供给,提升产业链关键环节竞争力,释放青年群体活力,增强中心城市和城市群引领作用,强化社区治理基础。相应地,财税体制要在强化预算绩效管理、健全地方税体系以及落实完善财政事权和支出责任划分方案等方面,进一步深化改革。新方向的实质,是通过结构调整,推动稳增长和治理水平攀升良性循环。本研究丰富了积极财政政策的内涵和政策工具选择。"
2020,集权式财政改革能够缩小城乡差距吗？——基于“乡财县管”准自然实验的证据,李永友;王超,乡财县管;集权式改革;城乡统筹发展;支出配置,管理世界,0,"为了促进城乡统筹发展,巩固""农村税费改革""成果,解决乡镇财政困难,中国在垂直不平衡的财政体制下选择了""乡财县管""改革,那么这一改革有助于城乡统筹发展吗?本文基于安徽省""乡财县管""改革这一准自然实验,在分析其集权特征基础上,识别了""乡财县管""这一集权式财政支出改革的影响。研究发现,""乡财县管""改革通过赋予县级政府统筹全县乡镇财政资源权力,显著缩小了城乡收入差距。""乡财县管""改革缩小城乡收入差距是通过农村道路、电力两类基础设施的显著改善和教育、医疗卫生和农村科技服务三类公共服务的显著提高,增强了农村居民的增收能力,使农村居民收入和乡镇企业就业人数在""乡财县管""改革后获得显著增加。而农村两类基础设施改善和三类公共服务提高,源于县级政府利用了""乡财县管""改革赋予的权力对乡镇财政做出了符合自身需要的支出安排。本文在两个方面扩展了现有""分权—集权""的相关研究:一是本文对""乡财县管""这一集权式改革激励效应的识别不是针对乡镇政府,而是改革实施者—县级政府;二是本文将集权视为上级政府对下级政府自主权的一种干预,识别""乡财县管""这种干预方式形成的集权效应。"
2020,地方政府竞争、垂直型环境规制与污染回流效应,沈坤荣;周力,地方政府竞争;环境规制;工业污染;流域,经济研究,0,"在""共抓大保护,不搞大开发""理念下,中国流域经济带的高质量发展亟需关注水污染密集型产业转移的动态、成因及后果。新世纪以来,中国水污染密集型产业呈现出""逆流而上""的态势,若其污染物""顺流而下"",则会加大下游地区的环境风险。本文基于中国七大流域干流县域数据,首次实证验明了这一""污染回流效应""的存在性。研究发现,""污染回流效应""主要是由于上下游地方政府竞争引致的,而以""国控点""环境监测制度为代表的垂直型环境规制可起到一定抑制作用。""污染回流效应""主要发生于内资企业而非外资企业。该效应也会被辖区内的""标尺竞争""进一步放大。为治理流域污染问题,国家应统筹考虑流域经济带的税收、财政与环境政策等方面的顶层设计,严控由地方政府竞争引致的非期望环境后果。"
2020,经理人相对绩效评价与企业并购行为:理论与实证,李广众;朱佳青;李杰;李新春,相对绩效评价;企业并购;公司治理,经济研究,0,"本文通过构建寡头市场竞争模型对经理人相对绩效评价(RPE)如何影响企业并购行为进行理论分析。结果表明,在其他条件不变的情况下,RPE实施与强度的增加将抑制具有协同效应的并购行为。市场竞争程度的上升可以减弱这种负面作用。实证研究中,本文利用国务院国有资产监督管理委员会2006年与2008年发布的中央企业绩效评价管理改革的文件作为企业实施相对绩效评价的外生事件,对RPE影响企业并购的效果进行双重差分估计。与理论模型的结论一致,实证研究发现RPE抑制了国有企业并购行为的发生,同时国企并购对提升公司价值的积极作用随着RPE的实施与强度的上升有所减弱。基于股权激励的公司治理手段以及行业竞争程度的上升可以减弱这种抑制作用。本文为当前国有企业经理人绩效考核机制设计及其经济后果提供了理论分析与经验证据。"
2020,地方政府融资平台挤出了中小企业贷款吗?,刘畅;曹光宇;马光荣,中小企业贷款;地方政府融资平台;挤出效应;国有大型商业银行,经济研究,0,"中小企业融资是党中央以及社会各界长期以来关注的热点问题。本文将县级地方政府融资平台名单与2006—2011年县级金融机构贷款数据进行匹配,利用不同县域成立地方政府融资平台时间的差异构造双重差分模型,首次从实证上发现了地方政府融资平台成立对县域中小企业贷款的挤出效应。研究发现,地方政府融资平台成立将会显著降低国有大型商业银行发放的中小企业贷款,但不会影响农村金融机构的中小企业贷款。进一步分析表明,地方政府融资平台成立提高了县域固定资产投资强度,但未能在短期内带来经济产出的显著提升。本文的实证结果表明,地方政府融资能够通过挤出中小企业贷款这一渠道对整个经济体系的资源配置产生影响。本文的发现对今后一个时期有效缓解中小企业融资难问题和进一步深化地方政府债务治理具有重要意义。"
2020,失业保险如何影响求职努力?——来自“中国时间利用调查”的证据,梁斌;冀慧,失业保险;求职努力;搜寻成本;时间利用,经济研究,0,"动态搜寻理论的经典观点认为,失业保险金会降低失业者的求职努力,因而学术界一直质疑失业保险政策的有效性。但在社会实践中,促进失业者再就业又是中国等众多国家失业保险政策的主要目标。针对这一分歧,本文利用2017年""中国家庭金融调查""与""中国时间利用调查""数据考察了失业保险金对失业者求职努力的影响,展示中国失业保险政策在促进再就业方面的显著效果。本文的渠道检验发现,失业保险金通过补贴搜寻成本进而提高了搜寻成本较低的失业者的求职努力。同时,数据还显示中国失业保险政策促进效应存在关键性拐点,随着失业保险金水平的提高,失业保险金对求职努力的促进作用逐渐降低,当失业保险金超过拐点时,会开始抑制失业者的求职努力,而中国目前的失业保险金水平还在拐点以下。本文的发现(尤其是补贴搜寻成本的渠道发现)拓展了动态搜寻理论,为进一步加强中国失业保险制度建设提供了科学依据。"
2020,"强化微观经济理论研究,夯实中国经济学大厦基石——首届中国微观经济理论论坛综述",杨其静;刘小鲁;李三希,,经济研究,0,"<正>2016年7月8日,习近平总书记在北京主持召开经济形势专家座谈会时,殷切希望中国经济学界""要加强研究和探索,加强对规律性认识的总结,不断完善中国特色社会主义政治经济学理论体系,推进充分体现中国特色、中国风格、中国气派的经济学科建设""。由于一个社会的所有经济活动都是由具体的经济人或经济组织开展,因此研究其决策行为的微观经济理论就构成了整个经济学的基石。这就意味着,要真正筑起中国经济学的万丈高楼就必须加强微观经济理论的研究。在此过程中,中国学界必须开放包容,充分把握微观经济理论的世界前沿和发展方向,确保我们站在巨人肩上,因为作为研究人理性决策的经济理论具有一般性;同时,我们也有责任将中国经济发展的实践上升到理论高度,使其成为前沿理论的一部分而推动经济学的发展,为人类发展提供一份可供参考的中国智慧。鉴于此,本文将系统梳理微观经济理论研究中的新问题,结合首届中国微观经济理论论坛的研究成果,探讨经济理论研究中的发展方向。"
2020,用贤则理:治理能力与经济增长——来自中国百强县和贫困县的经验证据,文雁兵;郭瑞;史晋川,治理现代化;知识能力;实践能力;个体效应;匹配效应,经济研究,0,"治理能力是治理现代化的重要内容,有助于制度优势转化为发展效能。本文将官员经济治理能力分为知识能力与实践能力,通过构建官员能力偏向型增长模型,首次考察官员经济治理能力对辖区经济增长的影响机制,发现在经济平衡增长路径上,官员知识能力与实践能力转化率边界、要素替代弹性和要素相对供给存在最优组合。通过构建由百强县和贫困县组成的846个县级行政单位2006—2015年县委书记个体特征和辖区经济增长匹配数据,将教育背景与工作履历分别视为知识能力与实践能力代理指标,首次定量识别县级官员经济治理能力对县域经济增长的影响。结果表明:一是存在个体效应。个体教育效应和个体履历效应均存在,且分别在百强县和贫困县更加突出。二是存在匹配效应。研究生学历教育背景和综合任职工作履历个体特征的县委书记更有助于百强县经济增长,经管类专业教育背景和基层提拔工作履历个体特征的县委书记更有助于贫困县经济增长。使用县级尺度DMSP-OLS、NPP-VIIRS灯光数据的稳健性检验也证实了上述发现。本文研究表明要重视官员经济治理能力,加快推进国家治理能力现代化。"
2020,"锐意进取,开拓新时代马克思主义经济学研究的新境界——全国第十三届马克思主义经济学发展与创新论坛综述",李中建;王海杰,,经济研究,0,"<正>新中国成立70年来,经历了从""站起来""、""富起来""到""强起来""的历史飞跃。全面梳理、总结70年来马克思主义经济学在中国的发展历程和理论创新,直面新时代的伟大斗争和伟大实践,研究和引领未来中国经济的高质量发展,成为新时代赋予马克思主义经济学者们的光荣使命。2019年12月1日,由中国社会科学院经济研究所、经济研究杂志社与郑州大学商学院共同举办、河南工业大学经济贸易学院协办的全国第十三届马克思主义经济学发展与创新论坛在郑州大学召开,论坛的主题为""开拓当代中国马克思主义政治经济学研究的新境界""。来自全国50多家科研院所、高等学校的超过110位马克思主义经济学学者们围绕主题进行了热烈而深入的研讨,现将本届论坛的主要成果综述如下。"
2020,中国间接税税负归宿研究:汽车市场准自然实验的证据,周波;赵国昌,车辆购置税;税负归宿;间接税,经济研究,0,"基于汽车之家的微观数据和2015年10月开始的车辆购置税减半征收政策,本文运用倍差法考察了车辆购置税的税负归宿,并分析了汽车的车辆购置税和增值税的收入分配效应。本文发现:车辆购置税减半征收优惠的85%为消费者所得;汽车销售价格对税率变化的调整非常迅速;尽管消费者获得了减税优惠的70%以上,但是购置搭载了升级发动机(涡轮增压发动机)的消费者获得的减税优惠明显更少;购买外国品牌汽车的消费者获得的减税优惠更多;车辆购置税减半征收未导致收入不平等程度的降低。这些结果表明,我国车辆购置税的税率变化能有效传导到价格,其对消费和环境保护的影响是可期的。作为从价税,车辆购置税的税负归宿为我国间接税税负归宿提供了启示。"
2020,平台市场的公共监管、私人监管与协同监管:一个对比研究,王勇;刘航;冯骅,平台市场;监管机制;平台治理;动态博弈,经济研究,0,"本文通过构建动态博弈模型,从监管机制的视角对比分析了平台市场中政府和平台企业不同的监管方式对卖家质量选择与监管激励的影响。本文区分了三种不同的监管模式:(1)政府直接对卖家进行单一的公共监管;(2)平台企业对卖家进行单一的私人监管;(3)政府和平台企业对卖家进行协同监管。通过对比三种监管模式下的均衡结果以及比较静态分析结果发现:对于单一监管模式,如果平台市场规模较大,平台企业私人监管下的商品质量将高于政府公共监管的质量水平;对于协同监管模式,如果平台企业承担的连带责任较大,政府与平台协同监管下的商品质量将高于任何一种单一监管模式。另外,政府与平台的监管力度并非简单的互补或替代,两者间的关系取决于处罚强度、平台规模、连带责任等参数。最后,从监管激励角度上看,对卖家处罚强度并非越高越好,存在一个适中的强度能够最大化并且最优地协调政府和平台的监管力度。"
2020,全球价值链、本地化产业集聚与企业生产率的互动效应,苏丹妮;盛斌;邵朝对;陈帅,全球价值链;产业集聚;生产率互动效应;生产体系二元分割,经济研究,0,"本文将国际生产体系下的全球价值链(GVC)和国内生产体系下的本地化产业集群置于统一的分析框架,阐述了全球价值链、产业集聚与企业生产率的互动机制,并在全方位测度企业GVC指标包括分工地位、上游环节参与度、下游环节参与度的基础上对2000—2007年中国制造业企业进行了实证分析。研究表明:GVC分工地位越高的企业生产率亦越高,但通过阻滞资源互通与能力互仿""双壁垒""而实施的战略隔绝弱化了本地化聚集经济对企业生产率的正向溢出。从GVC不同嵌入方式来看,GVC上游环节参与度越高的企业与本地产业集群的空间关联度越弱,而GVC下游环节参与度越高的企业与本地产业集群的空间关联度越强。深入分析集聚三种空间外溢渠道后发现,主要通过劳动力蓄水池和知识技术溢出,企业不同GVC嵌入方式与产业集聚呈现了异质性的生产率互动效应,形成了全球价值链视角下""上游嵌入者-下游嵌入者""与国内生产体系互动的二元分割结构,而中间投入共享并未发挥作用。"
2020,缘何“减税难降负”:信息技术、征税能力与企业逃税,张克中;欧阳洁;李文健,信息监管技术;征税能力;企业逃税;实际税负,经济研究,0,"本文将信息监管技术引入传统的""A-S逃税模型"",从征税能力提升的视角为当前""减税难降负""的现象提供了合理解释。文章借助""金税三期""工程这一""准自然实验"",利用2008—2016年上市公司的微观数据和双重差分的估计方法,研究发现:(1)信息监管技术的进步有效压缩了企业的逃税空间,降低了企业的逃税程度。(2)异质性的分析表明,信息监管技术的进步对逃税动机更强的民营企业、征管弹性更大的地税企业以及信息监管难度更高的征纳合谋企业影响更大。同时,信息监管技术进步对企业逃税的""打击效应""更多的作用在企业所得税上,而在财政收入目标设定更高的地区,""金税三期""工程的政策效果也更为明显,说明涉税信息监管能力的提升能为地方政府完成财政收入任务提供便利。(3)拓展性分析还发现,信息监管技术的进步推高了企业的实际税负、降低了企业盈利能力、减缓了企业资产的扩张速度,一定程度上削弱了当前减税政策的红利。此外,信息监管技术的进步带来了政府税收收入的增加,为降低企业名义税率、进一步优化税收政策提供了空间。"
2020,湖南大学金融与统计学院简介,,,经济研究,0,"<正>湖南大学金融与统计学院坐落在美丽的国家风景名胜区岳麓山下,她所依托的湖南大学渊源于全世界古老的高等学府——成立于公元976年的岳麓书院。千余年来,这里学脉绵延,讲习不断,素有""千年学府、百年名校""之美誉,是""211工程""与""985工程""重点建设高校,国家""世界一流"
2020,2019年中国信息经济学乌家培资助计划公告,,,经济研究,0,"<正>2019年中国信息经济学乌家培资助计划授予清华大学经济管理学院刘登攀教授和中山大学管理学院陈斌副教授。刘登攀教授用经济学模型方法研究了电商在资源约束条件下的优化问题,其成果具有高度"
2020,2019年中国信息经济学优秀成果公告,,,经济研究,0,"<正>中国信息经济学会自2015年开始,每年进行中国信息经济学优秀成果的评选,以表彰中国信息经济与信息管理领域的年度优秀成果,推动这两个领域的理论创新。优秀成果的评选标准和流程参见学会网站http://www.cies.org.cn/。"
2020,湖南大学金融发展与信用管理研究中心简介,,,经济研究,0,"<正>2006年2月,湖南省人民政府相关职能部门、中国人民银行长沙中心支行等部分中央驻湘单位、企业和湖南大学联合创办跨学科研究机构——湖南大学信用研究中心。2014年中心更名为湖南大学金融发展与信用管理研究中心。现任中心主任兼首席专家为杨胜刚教授。"
2020,再论中国金融资产结构及政策含义,易纲,比较金融研究;金融资产结构;金融发展;风险承担;宏观杠杆率,经济研究,0,"金融资产结构是研究金融发展的重要视角。笔者曾在1996年和2008年对中国金融资产结构进行比较分析。在前期工作基础上,本文继续定位于比较金融研究,对过去十几年来中国金融资产结构的最新变化进行分析,并从资源配置和风险承担角度,以""谁在承担风险""和""由谁承担风险更好""为主线,测度金融资产风险承担者的分布,揭示其背后的原因及相关经济运行模式的变化。本文试图把金融结构、金融发展与经济增长三者关联起来,通过金融资产结构变化这个视角,阐释中国宏观经济运行的内在逻辑。研究发现,过去十多年来中国宏观杠杆率上升较快,金融资产风险向银行部门集中。针对这一问题,须着力稳住宏观杠杆率,通过改革开放发展直接融资,让市场主体能够自我决策、自担风险并获得相应收益,由此在保持杠杆率基本稳定的同时,增强金融对实体经济的支持力度,提升金融资源的配置效率。"
2020,经济增长和环境质量相容性政策条件——环境技术进步方向视角下的政策偏向效应检验,王林辉;王辉;董直庆,环境技术进步方向;环境政策;经济增长;环境质量,管理世界,0,"现有文献关注政策规制的经济与环境绩效,却并未重视不同类型政策的技术偏向,以及技术偏态情境中经济增长和环境质量相容发展的政策条件。本文扩展Acemoglu等(2012)的环境技术进步方向模型,数理演绎不同性质政策的技术偏向,以及技术进步方向转变时经济增长和环境质量的动态演化过程,再结合我国经济数据进行政策效果评价。研究结果发现:(1)环境技术进步方向是技术研发效率和环境政策累积作用的结果,环境政策会通过影响不同类型技术创新激励的方式,改变环境技术进步方向。(2)异质性政策转变技术进步方向,影响经济增长和环境质量,其作用存在不同的着力点和偏向性。其中,研发补贴政策的清洁技术偏向和产出激励效果明显,而规制类政策的环境质量效应优于研发补贴,但其对经济增长的作用表现出非线性U型特征。(3)单一政策干预往往难以破除经济增长和环境质量的两难困境,而政策组合的效果明显优于单一政策,特别是在碳排放权交易试点地区实施研发补贴政策,以及在碳排放权交易试点地区同时实行环境税与研发补贴,效果明显优于实施单一政策。但最优的政策组合并非固定不变,而往往处于动态变化过程中。"
2020,中国未来养老模式研究——基于时间银行的拓展路径,李海舰;李文杰;李然,低收入老龄化群体;养老模式;劳务养老;时间银行,管理世界,0,"随着人口老龄化的加剧,占中国总人口70%左右的广大低收入城乡居民的养老保障成为关系国计民生的重要问题,也是建成社会主义现代化强国亟待解决的短板。由于政府养老资源的供给有限和个人养老资金的储蓄不足,时间银行这一新型互助劳务养老模式为完善低收入老龄化群体自我养老提供了新思路。为推进时间银行的广泛发展,本文基于扎根理论,探明了时间银行的构建思路,并通过时间的时间价值、简单劳务与复杂劳务换算、是否回到物物交易、时间储蓄继承制度的理论探讨和政府市场共同发力、加强信任机制建设、融入现代信息技术的保障措施解决了时间银行""规范运行""、""公平交易""、""通存通兑""、""转移接续""等时间置换与时间序列难题。本文旨在打造全方位、宽领域、多层次、一体化的养老服务生态,开创具有中国特色的劳务养老模式,为解决世界养老难题贡献中国智慧和中国方案。"
2020,社保投入有利于企业提高劳动生产率吗？——基于“中国企业—劳动力匹配调查”数据的实证研究,程欣;邓大松,社保投入;劳动生产率;“中国企业—劳动力匹配调查”,管理世界,0,"现有文献认为,社保投入对企业劳动生产率存在成本效应、激励效应两种不同的影响。由于大样本数据的缺乏,现阶段对于社会保险企业投入的讨论大多停留在其对企业生产的抑制效应。然而,本文运用随机分层抽样的""中国企业—劳动力匹配调查""(CEES)数据,就社保投入对于企业劳动生产率的影响效应、影响机制进行了创新性地实证研究。基准回归表明,在充分剔除选择性偏误的前提下,社保投入对于劳动生产率的激励效应更强。随着人均社保投入每增加10%,企业劳动生产率平均提高3.5%。进一步地,实证研究发现:人力资本、创新精神与管理效率是社保投入对于企业劳动生产率产生激励效应的重要渠道;其中,与人力资本、创新精神相比,管理效率更为重要。与大部分基于发达经济体微观数据的实证研究有所不同,本文发现:对于现阶段我国经济而言,社保投入对企业生产要素投入的成本挤出效应并不明显,社会保险通过激励员工从而促进企业生产率的发展。"
2020,财务会计课程结构设计与教学方式研究——评《财务会计教程》(第8版),张勋阁,,管理世界,0,"<正>财务会计作为会计学专业的主干课程实务操作性非常强,财务会计课程具有较强的实践性,这就需要高校会计学专业在实际教学中不仅要重视理论知识教学与学习,还要重视社会实践的实务能力培养,这样才能适合社会应用型人才培养目标。由美国亨格瑞和森登教授撰写的《财务会计教程》一书,对财务会计课程结构设计与教学方式研究,具有一定的参考价值和意义。这本经典畅销的财务会计教材是为财务报表的使用者编写的,作者通过精心甄选出来的大量真实丰富的公司案例,让读者可以从中学会理解典型公司的年度报告,这些例子大都是选自公司的年度报告,还能指导读者如何利用会计"
2020,中国式财政分权与地方经济增长目标管理——来自省、市政府工作报告的经验证据,詹新宇;刘文彬,财政分权;实际经济增长;经济增长目标管理;计划外增长,管理世界,0,"本文将实际经济增长分解为政府直接调控的""经济增长目标""和主要受市场因素影响但同时也受到政府间接干预的""计划外增长""两项,通过多层级政府框架的一般均衡模型模拟分析发现,财政分权在实际经济增长、经济增长目标和计划外增长方面的效应并不同步,而且还呈现地区差异性。在此基础上,系统搜集中国省、市两级政府2000～2016年政府工作报告里的GDP计划增长目标并进行系统GMM估计。实证结果表明:整体而言,财政分权对省、市实际经济增长的影响皆显著为正,但对其两个分解指标存在非对称性影响:从全国范围来看,财政分权对实际经济增长的正向影响主要体现为对经济增长目标的拉动作用,而对计划外增长影响较弱且不甚显著;分地区回归发现,东部地区财政分权对实际经济增长的正向影响更多地体现为对计划外经济增长的驱动,而西部地区则主要是通过影响由政府直接调控的经济增长目标来实现的。机制分析显示,财政分权通过不同程度地推动基建投资、房地产投资以及工业化进程,促进了经济增长目标的实现,进而推动实际经济增长。"
2020,中国居民代际收入流动性的变化趋势及影响机制研究,杨沫;王岩,代际收入流动性;机会不平等;城镇化;高等教育扩张;人力资本,管理世界,0,"基于1989～2015年共计10轮CHNS数据,本文采用代际收入弹性和代际收入秩关联系数双重测度指标对我国居民代际收入流动性进行了测算,发现代际收入流动性在1991～2004年期间基本保持稳定,2004年以后呈现出不断上升的变化趋势。基于收入分组视角的研究发现,各收入组2004年以后代际收入阶层固化程度均有所降低,但高收入组和低收入组的固化程度远高于其他各组,中等收入群体是目前我国保持较高代际收入流动性的主要动力来源。从城乡差异视角看,受大规模农村劳动力向城镇流动的影响,2000年后农村家庭的代际流动性显著提升,且持续高于城市居民的代际流动性。进一步,基于人力资本分析框架对我国代际收入传递机制进行了探究,发现父亲的非教育因素在代际收入传递中起到主导作用。受整体社会制度环境不断改善的积极影响,2004年以后非教育传递机制不断减弱,对代际收入流动性的提升起到较大助推作用;而受高等教育扩张政策的影响,教育因素在2004年左右一定程度上削弱了代际收入流动性。"
2020,来源国劣势与合法化战略——新兴经济企业跨国并购的案例研究,魏江;王丁;刘洋,来源国劣势;跨国并购;合法性;制度;案例研究,管理世界,0,"新兴经济体企业在跨国并购中如何根据不同类型来源国劣势来做出合法化战略选择?通过对吉利和万向六次跨国并购的多案例分析,本文打破现有文献关于""来自相同国家的企业面临相似来源国劣势""这一""同质化假定"",把来源国劣势构念化为制度维和产品维。通过归纳式案例研究,本文发现,对于产品维的来源国劣势,新兴经济体企业倾向于通过组织制度设计、资源协同和声誉重构等合法性修复战略进行应对。对于制度维的来源国劣势,新兴经济体企业倾向于采用制度遵从、组织制度设计、资源协同等合法性获取战略来应对。当面临产品维和制度维双重劣势时,新兴经济体企业综合运用制度遵从、组织制度设计、资源协同、声誉重构等合法性获取和合法性修复战略,重点强调沟通协调这一合法性维持战略来应对。这些发现贡献于新兴经济体企业在跨国并购,乃至于更广意义国际化的文献,并对中国企业跨国并购过程有一定的启示意义。"
2020,创业者个体学习、组织学习如何交互影响企业创新行为？——基于整合视角的纵向单案例研究,陈逢文;付龙望;张露;于晓宇,创业学习;意义构建;企业创新行为;单案例研究,管理世界,0,"社会经济的不断发展促使分工愈发精细,对个人与组织间的技术隔离也愈加明显,亟待创业者个体及组织开展跨层次的交互学习以构建组织创新优势。基于此,本文援引学习理论与意义构建视角,从""行动""与""解释""出发,采用纵向单案例研究方法,基于""个体—组织""整合性分析框架,探究了不同创业阶段内跨层次行动主体间的学习互动模型,揭示了其对企业创新的影响路径。研究发现:创业者个体学习与组织学习间的互动,表现为渐变初期个体利用式学习经""自上而下""团队互动主导形成组织单环式行动;而在调整转变期,个体学习与组织学习发生交互影响,包含个体探索式学习经""横向协同式""团队互动主导形成组织双环式行动,以及组织双环式行动转换为单环式之后,经由持续反思与质询,刺激形成创业者个体利用式学习;最后,在发展突变期,个体利用式学习经""制度化统筹式""团队交互合作促成组织单环式行动,同时个体探索式学习经""跨越层次自主式""团队交互激活组织双环式学习。此外,在不同创业阶段,3种互动逻辑与意义构建框架下的创新决定机制呈现出以个体创意激发与扩散、信息整合与匹配以及平衡矛盾与冲突3种不同的影响路径展开的态势。本研究为创业学习理论和创业实践过程贡献了新的启示。"
2020,成长品：数据驱动的企业与用户互动创新案例研究,肖静华;胡杨颂;吴瑶,产品创新;成长品;数据驱动;互动创新;案例研究,管理世界,0,"现有产品创新理论聚焦于成品及其迭代,但大数据和人工智能等数字技术为产品形态的根本性变革提供了条件和可能。本文基于一家智能化广告公司的案例,提出一种新的产品形态——""成长品""的概念,主要回答3个问题:什么是成长品?成长品是如何成长的?成长品的创新逻辑是什么?研究获得以下结论:(1)成长品具有发展方向难以预测、即时反馈和即时调整3个主要特性;(2)成长品由要素解构与重组、成长性验证和多样化匹配3个关键过程形成,数据交互和智能算法构成其成长的重要条件;(3)成长品的创新主要基于生物演化的适应逻辑,即随用户需求的偏好差异和动态变化而实时调整,持续适应用户的需求。据此,本文提出一种数字经济时代新的产品形态二分法——成品与成长品,构建数据驱动的企业与用户互动创新的成长品三阶段成长模型,提出与现有企业与用户互动创新的决策逻辑和创生逻辑不同的第三种创新逻辑,即适应逻辑而形成理论创新。研究结论对数字经济时代的企业产品创新实践具有启示价值。"
2020,企业雇佣结构、中间投入与出口产品质量变动之谜,刘啟仁;铁瑛,雇佣结构;中间投入;出口产品质量,管理世界,0,"近年来,尽管中国企业雇佣大学生的比例在增长,但出口产品质量却没有发生显著提升,形成了所谓的出口产品""质量变动之谜""。本文将企业异质""雇佣结构""引入质量异质性理论框架,探讨劳动投入与出口产品质量之间的关系,并试图结合企业劳动技能投入和中间品投入质量的互补性对""质量变动之谜""进行解释。利用经济普查、中国工业企业数据库和海关数据库匹配数据进行实证检验,发现:(1)企业雇佣结构升级对出口产品质量起到正向促进作用;(2)雇佣结构与企业中间品投入质量具有互补性,中间品质量越高,雇佣结构对出口产品质量的促进作用越强;(3)现实所观察到的出口产品""质量变动之谜""部分源于进口中间品占比的大量下降所导致的中间品投入质量的下降,雇佣结构升级对质量的提升作用受到了中间品质量下降的拖累,未能充分发挥出其应有的质量升级效应。总之,在""贸易大国迈向贸易强国""的攻坚期,虽然高学历劳动力供给的增长有助于中国产品质量的提升,但这一过程亟须匹配相应高质量的中间产品投入。因此,进一步推进中间品贸易自由化、提升国内中间品供给能力是破解质量升级难题的重要手段。"
2020,移民网络、国际贸易与区域贸易协定,铁瑛;蒙英华,移民网络;国际贸易;区域贸易协定,经济研究,0,"本文从移民网络的角度探讨了区域贸易协定(FTA)缔结的动因问题,提出并证明了""移民网络促进FTA缔结""这一假说,并发现移民网络因素的加入可以将既有FTA缔结动因相关研究的模型预测准确率提升约4%,具有重要的意义。进一步的机制检验发现,移民网络主要通过促进双边贸易流来提升两国FTA的签订概率,表现为""移民网络—国际贸易—FTA缔结""这一核心发生机制。本文拓展性的细化研究还发现,无论从时间趋势或FTA缔结数量而言,移民网络对FTA缔结所起到的促进作用都呈现出边际递减规律;""移民网络—国际贸易—FTA缔结""机制在""南-北""国家对组合中会得到增强,但在""北-北""国家对组合中的表现较弱。本文的结论意味着,移民网络是发展中国家参与区域经济合作的重要资源,在当前贸易自由化多边进程受阻、逆全球化思潮涌动、国际秩序和规则面临重塑的背景下,充分发挥和利用""移民红利"",对我国FTA战略的推进及世界FTA领域""中国范本""的探索有重要意义。"
2020,中国社会保障研究现状及展望——第三届中国社会保障理论与政策论坛综述,李春根;张仲芳;赖志杰;刘海兰,,经济研究,0,"<正>一、中国社会保障学科发展现状1883—1889年现代社会保障制度在德国诞生,中国现代社会保障制度则是伴随1949年中华人民共和国成立而建立并逐渐发展起来的。新中国成立70年来,中国社会保障制度经历了两大发展阶段,即1978年之前的传统社会保障制度发展阶段和1978年改革开放后40多年的新型社会保障制度发展阶段。经过改革开放以来40多年的制度变革,中国社会保障已经在整体上实现了从与计划经济体制相适应的""国家—单位保障制""到与市场经济体制相适应的""国家—社会保障制""的"
2020,如何有效增加理工科领域人才供给?——来自拔尖学生培养计划的实证研究,宋弘;陆毅,理工科人才;人力资本;科技创新;拔尖学生培养计划,经济研究,0,"理工科领域人才对于科技创新、国家竞争力提升、高质量发展至关重要,尤其在由物质资本驱动转向人力资本驱动的经济发展新阶段。在此背景下,亟待回答的问题是:如何有效增加理工类人才供给。本文以""基础学科拔尖学生培养试验计划""为切入点,基于具有代表性的大学生调查数据,利用三重差分与双重差分法缓解内生性,实证考察该人才培养试验计划对我国理工领域人才供给的影响。本文有以下主要发现:第一,该培养计划显著提高了高校毕业生选择理工类职业的概率;第二,其主要机制来自学生对于理工类学科兴趣的提升、投入时间的增加,以及信息不对称的减少;第三,其正面作用对于物理、工程等应用型学科,以及男生尤其显著。本文的发现对于有效增加理工类人才供给、培养科技人才梯队、提高国家未来科技创新与竞争力具有重要的政策含义。"
2020,互联网重塑中国经济地理格局:微观机制与宏观效应,安同良;杨晨,互联网;网络经济;集聚;房价;重塑经济地理格局,经济研究,0,"通过观察互联网快速发展时期中国企业""集聚逆转""的事实,本文使用融入房地产部门的新经济地理模型,基于互联网对企业的""引力机制""与放大房价分散力的""放大机制"",推演互联网对中国经济地理格局的""重塑机制""。实证方面,应用动态空间面板模型检验互联网影响企业区位选择的微观机制,运用工具变量法验证互联网重塑经济地理格局的宏观效应。研究发现:网络经济时代,互联网已成为地区竞争优势的源泉,对企业具有极强的吸引力。快速上涨的房价大幅提高了拥挤成本,成为分散企业的力量。中国的""基础设施奇迹""填平了""接入鸿沟"",在充分发挥网络外部性的同时,助推企业由高房价地区流入低房价地区。互联网放大了以房价为表征的拥挤成本的分散力,正在重塑着中国的经济地理格局。本文提出以互联网经济作为中国经济发展的新动能、贯彻区域协调发展战略等政策建议。"
2020,要素市场化改革与供需结构错配,徐朝阳;白艳;王韡,供给侧结构性改革;产能过剩;供需结构错配;服务业;供给抑制,经济研究,0,"我国服务业部门GDP占比偏低,而工业部门长期受结构性产能过剩问题困扰,这种三大产业层面上的供需结构错配是供给侧结构性改革面临的突出问题之一。本文构筑了一个包含土地生产要素的三要素三部门动态一般均衡结构变迁模型,证明当存在某些体制性障碍导致服务业部门无法顺利地吸纳土地、劳动等生产要素流入时,那么从农业部门转移出来的生产要素就只能更多地流入到管制较少的工业部门。在产品间不完全替代情况下,这种要素市场改革的滞后会导致服务业部门有效需求得不到满足和工业部门产能过剩现象并存的供需结构错配问题,使得经济发展依赖外部需求。因而,加快要素市场化改革进程是进一步推进供给侧结构性改革的应有之义。"
2020,经济研究·高层论坛2020——面向2025年的经济高质量发展,,,经济研究,0,"<正>2020年是全面建成小康社会和""十三五""规划的收官之年。当前,中国经济由高速增长阶段转向高质量发展阶段,推动高质量发展是当前和今后一个时期确定发展思路、制定经济政策、实施宏观调控的根本要求。未来五年是""世界百年未有之大变局""深刻演变的关键期,是中国全面开启现代化强国新征程的起步期。为加快现代化经济体系建设,推动高质量发展,也为未来五年中国经济发展提供智库智慧,进一步推进新时代中国特色社会主义政治经济学的学术研究,中国社会科学院经济研究所继2018年、2019年隆重主办两届""经济研究·高层论坛"""
2020,新发展理念与中国改革的制度探索——中国制度经济学论坛(2019)综述,才国伟;鲁晓东;刘乐淋,,经济研究,0,"<正>党的十九大报告指出,在贯彻落实新时代中国特色社会主义思想的实践中,要坚持新发展理念,坚持和完善我国社会主义基本经济制度和分配制度。因此,从中国经济进入""新常态""以来,怎样进一步平衡好政府调控和市场配置之间的关系,怎样激活整个社会的创新能力从而引导经济转向高质量的长期发展,怎样在经济全球化的大背景下发展更高层次的开放型经济,对制度经济学界提出了新的论题。为了深入探讨这些问题,制度经济学相关领域的专家学者汇聚一堂,并由山"
2020,山东财经大学金融学院诚聘海内外人才,,,经济研究,0,"<正>山东财经大学坐落于享有泉城美誉的国家历史文化名城——济南。学校创建于1952年,是全国早期成立的财经类普通高校之一。金融学院是山东财经大学整体实力雄厚的学院之一,拥有金融学学士、硕士及博士学位授予权,以及应用经济学博士后流动站。金融学科为山东省特色建设重点学科,金融学专业是省部级特色专业。学院在校博士生和硕士生共307人、本科生2548人;现有专任教师96人,其中山东省""泰山学者""、""青年泰山学者""特聘专家各1人,泰山产业领军人才1人,享受国务院特殊贡献津贴专家1人,山东省有突出贡献中青年专家1人,山东省教学名师1人。博士生导师8人,教授27人。"
2020,支付时滞、汇率传递与宏观经济波动,邓贵川;谢丹阳,支付时滞;汇率传递;经济波动;DSGE,经济研究,0,"本文在基准当地货币定价(LCP)模型的基础上引入支付时滞建立小国开放经济DSGE模型,研究支付时滞对汇率传递及经济波动的影响。结果表明引入支付时滞后,汇率不仅通过基准LCP模型下实际边际成本和汇率失调影响产品价格,还会通过汇率预期和利率影响产品价格,这使得支付时滞会加剧国内通胀和经济波动,降低货币政策效果,增加货币政策调控难度。同时,引入支付时滞的LCP模型减小了汇率传递程度,提高了LCP模型对汇率不完全传递的解释能力。"
2020,华东理工大学奥利弗·哈特合同与治理研究中心诚聘天下英才,,,经济研究,0,"<正>奥利弗·哈特合同与治理研究中心(Oliver Hart Research Center of Contracts and Governance)于2019年9月22日在华东理工大学正式成立。研究中心以2016年诺贝尔经济学奖获得者,哈佛大学教授奥利弗·哈特(Oliver Hart)命名,并由华东理工大学荣誉教授,奥利弗·哈特本人担任研究中心主任。研究中心由华东理工大学联合奥利弗·哈特教授,以及上海交通大学、复旦大学和华东师范大学的多位经济学者共同组建。华东理工大学经济学科始建于20世纪80年代中期。彼时来自复旦大学、中国社科院、南京大学等高校和科研机构的一批年轻学者集结于华东理工大学,建立了经济发展研究所,并于"
2020,货币政策对微观企业的经济效应再检验——基于贷款期限结构视角的研究,刘海明;李明明,货币政策;贷款期限结构;微观企业;融资;公司治理,经济研究,0,"本文基于贷款期限结构的异质性视角检验了货币政策对微观企业的经济效应。首先,企业短期借款占比越高,货币政策对企业投融资的影响越大,说明较短的贷款期限会放大货币政策冲击对实体经济投融资的影响。其次,短期借款占比越高,紧缩货币政策条件下过度投资和经理人代理成本下降得越快,说明较短的贷款期限会强化紧缩货币政策与代理成本之间的负向关系。最后,短期借款占比越高,紧缩货币政策条件下企业绩效上升得越快,说明紧缩货币政策条件下贷款期限产生的治理效应超过了流动性风险效应。从非对称效应的角度看,期限结构视角下紧缩货币政策的效果强于宽松货币政策的效果。从异质性的角度看,对于成长期的企业、高成长性行业以及面临融资约束的企业而言,紧缩货币政策条件下短期借款对公司绩效的正向影响减弱。本文从贷款期限的视角进一步揭示了货币政策传导的具体机制,对于经济新常态下如何更好地进行总需求管理具有一定的启示。"
2020,非位似偏好、非线性本地市场效应与服务贸易出口,李敬子;陈强远;钱学锋,非位似偏好;非线性本地市场效应;需求结构;服务贸易出口,经济研究,0,"本文将Stone-Geary偏好嵌套到CD-CES效用函数中,构建了基于非位似偏好下的服务贸易模型,并把总需求分解为需求结构与需求规模,从理论上推导出相对需求结构与需求规模对服务业出口的本地市场效应(home market effect,HME);同时基于2000—2014年42个国家或地区间29个服务业分行业双边贸易数据,计算发现世界各国分行业服务业需求收入弹性差异显著,呈现出明显的非位似特征,并首次从实证上验证了世界整体服务业出口存在需求结构作用的反向HME和非线性HME;并发现当相对市场规模越大时,相对需求结构的反向效应越强。分类型情形下,消费性服务业需求结构作用的反向HME及其非线性效应均高于生产性服务业,而生产性服务业需求规模作用的HME高于消费性服务业;不同类别收入水平国家之间需求结构和需求规模作用的HME差异显著。据此,扩大内需规模、优化需求结构,结合供给侧结构改革倒逼服务业创新,构建外贸增长和收入合理分配并行的激励政策体系等,对一国迈向服务业大国乃至强国具有重要的政策意义。"
2020,贸易政策不确定性是否影响了中国企业进口?,毛其淋,贸易政策不确定性;进口;融资约束;企业绩效,经济研究,0,"扩大进口对促进中国对外贸易平衡发展、减少贸易摩擦和提升企业绩效具有重要的战略意义。本文在一个准自然实验的框架下,采用倍差法系统研究了永久正常贸易关系(PNTR)政策实施后贸易政策不确定性(TPU)变化对中国企业进口的影响效应、作用机制及其经济后果。结果发现:(1)TPU下降不仅显著促进了企业进口规模的扩大,而且还有利于提高企业进口概率、延长进口持续期和提升进口产品质量;(2)从驱动因素来看,生产规模扩张和融资约束缓解是TPU下降扩大企业进口规模的重要渠道,从构成来看,TPU下降主要通过进口种类和进口集约边际扩张途径促进了企业进口规模扩大;(3)异质性分析表明,TPU下降对一般贸易企业、出口型企业、民营企业进口规模扩大的促进作用更大,另外从产品类型看,TPU下降对企业中间品进口的促进作用最大,其次是资本品进口,而对消费品进口没有明显的影响;(4)TPU下降显著提高了企业生产率,促进了企业产品质量升级和技术复杂度的提升以及促进了企业创新,进口贸易尤其是进口种类增加和进口质量提升是TPU下降提升企业绩效的重要原因。"
2020,跨境电商平台克服了哪些贸易成本?——来自“敦煌网”数据的经验证据,鞠雪楠;赵宣凯;孙宝文,互联网;跨境电商;出口;贸易成本;固定成本;可变成本,经济研究,0,"已有研究认为,跨境电商平台降低了贸易成本、促进了企业出口,但是对于跨境电商平台降低贸易成本的作用机制还没有直接的证据。本文应用中国最大的中小企业跨境电商平台""敦煌网""2013—2016年的国际、省级和行业级别的跨境出口数据以及相关宏观数据,从出口目的国和出口生产地双重视角判别跨境电商中不同类型的贸易成本对出口贸易的规模及结构影响。实证结果表明:(1)跨境电商能够有效降低国际贸易中的固定成本(如市场规模),但对可变成本(如关税)更加敏感;(2)跨境电商有助于克服生产的固定成本,对生产的可变成本(如劳动力成本)更加敏感;(3)互联网发展水平对跨境电商的规模和结构占比均有显著的促进作用。进一步分析表明,跨境电商克服了诸多贸易成本因素的阻碍,拓展了贸易边界;同时跨境电商为非沿海省份、高附加值行业提供了国际贸易的新机遇。本文为跨境电商促进国际贸易的作用机制提供了更直接的新证据,并为我国大力发展跨境电商提供了决策参考。"
2020,信用账户杠杆、投资者行为与股市稳定,朱光伟;蒋军;王擎,信用账户杠杆;正反馈交易;股市稳定,经济研究,0,"本文基于独特的证券公司信用账户数据研究了信用账户杠杆对投资者行为的影响,并以此为基础分析了融资机制对股市稳定的影响。研究发现,随着信用账户杠杆的升高,融资交易者的行为更容易受到股票近期表现的影响:近期股价上涨后增加融资买入,近期股价下跌后增加平仓卖出。进一步研究发现:一方面,高杠杆下追涨买入的股票在短期内的超额回报显著为负;另一方面,仅有微弱的证据表明高杠杆下的杀跌卖出规避了损失。这些发现说明投资者在高杠杆下的交易存在非理性行为。最后,本文发现融资机制对股市稳定的影响会随市场杠杆变化:在市场杠杆较低时,融资交易起到了稳定市场的作用;在市场杠杆较高时,融资交易显著增大了股价波动率和股价暴跌风险。"
2020,基于高频收益率曲线的中国货币政策传导分析,林木材;牛霖琳,货币政策冲击;高频数据;国债收益率曲线;异方差假设,经济研究,0,"传统宏观金融研究中利用短期利率识别货币政策冲击的做法,不符合中国货币政策具有数量和价格双重中介指标的现实背景,因而其实证结果存在较大偏误。本文基于收益率曲线日度数据,引入不依赖于货币政策代理变量设定的异方差假设,在无套利利率期限结构模型中对中国货币政策冲击进行了识别。研究表明:在央行的各种主要货币政策工具操作中,存贷款基准利率和存款准备金率调整使收益率曲线产生了显著的高波动区制,为研究货币政策冲击的影响提供了充分的识别信息;由本文方法识别出的货币政策冲击对收益率曲线的影响是短期利率冲击的6至7倍,更具持久性,能够有效传导至收益率曲线中长端。本文强调了货币政策转型期间准确识别货币政策冲击的重要意义,为有效评估中国货币政策的收益率曲线传导效果提供了新的方法和思路。"
2020,能源效率提升的新视角 ——基于市场分割的检验（英文）,魏楚;郑新业;龚华燕,能源效率;市场分割;技术效率;规模效率;配置效率,Social Sciences in China,0,"基于微观和宏观层面的事实对比发现,中国部分企业在微观能源的效率上已达到国际前沿水平,但行业和全国层面的总体能源效率严重滞后。究其原因,基于市场分割框架的假说认为,市场分割通过影响技术效率、规模效率和配置效率三个渠道抑制能源效率,并为基于中国省际面板数据的实证研究所证明。"
2020,劳动分工视域下的陪读母亲——关于M镇高中陪读现象的分析（英文）,范云霞;郑新蓉;史璟,教育劳动;分工;陪读;阶层与性别,Social Sciences in China,0,"在现代社会,身处不同阶层的女性家长都卷入以教育参与建构母亲身份的过程中。但是不同阶层的母亲却有不同的行动方式。在日益激烈的教育竞争中,普通劳动家庭的母亲迁居学校附近,照料面临高考的子女,并在陪读劳动中建构其""陪读母亲""身份。本研究以典型的高考陪读群落聚居地M镇的陪读母亲为研究对象,从性别和阶层视角结构化地分析""陪读母亲""的教育劳动及生产关系特征。""陪读母亲""的教育劳动是家庭性别分工下新的""家务劳动""。从分工内容看,母亲们的服侍子女生活的陪读劳动属于学校教育劳动分工链溢出的""低端""劳作。一方面,由于缺乏文化资本,家长与学校的关系是""陪""与""服从"",另一方面,她们自觉远离""素质教育"",与学校有效的""应试教育""形成有机配合;传统""望子成龙""和现代""儿童本位""养育观联合塑造了陪读母亲配合学校教育的服务型母亲形象。陪读,既是在当前教育与社会劳动分工下中下层女性家长不得不以""照料子女生活""的方式参与的教育劳动,又是中国劳动阶层母亲为争取子女教育成功所做出的能动的、理性的行动策略。"
2020,加快发展中国特色的健康经济学,毛振华;王健;毛宗福;郭敏;袁雪丹,中国特色健康经济学;大健康;跨学科,管理世界,0,"党的十八大以来,""将健康融入所有政策""的""健康中国""战略提出了以""大健康""理念构建中国特色健康经济学理论体系和分析框架的学科建设任务。中国特色健康经济学须在中国特色社会主义制度体系下进行学科探索,学科建设的核心要义是与时代发展相契合。从部门卫生经济学过渡到""大健康""理念下的健康经济学,其研究范畴更加宏大与全面,兼有突出重点、弥补短板的实践性特点,助力建成与中国特色社会主义相适应的健康中国战略。抗击新型冠状病毒肺炎疫情中,其行为策略和资源配置,蕴涵有深刻的健康经济学原理与实践需求。更加表明了建设和发展中国健康经济学的紧迫和必要性,中国的很多重大健康经济问题比如像重大疫情防控中的经济问题都需要健康经济学构建多主体、全程化、分层次的解释体系。"
2020,政府职能转变与市场监管治理体系构建的共同演进逻辑——基于疫苗监管治理体系及应对危机事件的案例研究,郁建兴;朱心怡;高翔,政府职能转变;市场监管;治理能力;疫苗监管;危机;监管体系,管理世界,0,"""放管服""改革要求处理好政府与市场的关系,将行政资源从事前审批转到事中事后监管,但危机事件可能会减缓政府职能的转变进程。基于2004年后13起疫苗危机的案例研究表明,尽管推动市场化、建立疫苗监管治理体系是政府改革的重要议程,市场化也不是引发疫苗危机的主要因素,政府依旧采取了行政化、集权化的回应策略。其中,行政化是指在疫苗供应中以行政审批代替市场监管,集权化是指在疫苗监管中加强垂直管理。疫苗治理从监管向审批的回撤可能源自于政府监管能力与职能转变的不匹配。由于事中事后监管能力不足,回归行政审批成为了监管部门应对压力的保守策略。研究表明,政府职能转变与市场监管治理体系构建是相互依赖的共同演进关系。职能转变是构建市场监管治理体系的前提,市场监管治理能力的提升又是政府职能转变的支撑。政府应坚持推进市场化,通过完善治理体系、提高监管能力,为推进""放管服""改革、加快政府职能转变提供保障。"
2020,民营企业融资难与我国劳动力市场的结构性问题,申广军;姚洋;钟宁桦,资本技能互补;融资约束;劳动力市场;中小企业招工难;大学生就业难,管理世界,0,"民营企业融资难、融资贵是我国金融市场的普遍现象,而劳动力市场存在""中小企业招工难""与""大学生就业难""并存的结构性问题,本文尝试用""资本技能互补""假说将两者相联系。理论分析指出,国有企业的融资成本低于民营企业,因而使用更加资本密集的生产方式;根据""资本技能互补""假说,国有企业也需要更多的高技能劳动。民营企业与此相反。民营企业主导着劳动力市场,压低了对高技能劳动的需求,而扩张了对低技能劳动的需求,从而导致""中小企业招工难""与""大学生就业难""并存。实证分析表明,融资约束通过企业投资影响其高技能工人比重;反事实分析表明,如果民营企业的融资成本能降低到国有企业的水平,市场将需求更多的高技能劳动和更少的低技能劳动,从而同时缓解""中小企业招工难""和""大学生就业难""的问题。"
2020,中国区域经济理论演进与未来展望,刘秉镰;朱俊丰;周玉龙,区域经济理论;演进脉络;未来展望,管理世界,0,"中国区域经济70年的发展离不开科学有效的区域经济理论支撑。在服务区域经济发展现实与借鉴国外区域经济理论方法的基础上,中国区域经济理论的演进呈现以解决现实问题为导向的阶段性特征,逐渐形成了""引进—吸收—消化—创新""的发展模式。中国区域经济理论在研究视角、研究范式、研究内容及发展模式等方面表现出不同于西方区域经济理论的差异性特征。面对跨越中等收入陷阱与区域经济高质量发展的现实要求,中国区域经济理论研究未来将在学科融合、假设前提、研究范畴、研究机制与区域政策等方面取得突破性进展。此外,本文还对""十四五""时期中国区域经济理论研究进行了展望。"
2020,“为有源头活水来”:精准扶贫对农户信贷的影响,尹志超;郭沛瑶;张琳琬,精准扶贫;“建档立卡”贫困户;正规信贷;非正规信贷;双重差分法,管理世界,0,"本文基于2011～2017年中国家庭金融调查(CHFS)数据,运用双重差分法(DID)研究了精准扶贫政策对农业信贷渠道和农业信贷规模的影响。研究发现,精准扶贫政策使贫困户获得农业正规信贷的概率提高了1.93%,正规信贷规模提高了20.43%。随着时间的推移,政策作用逐渐增强,精准扶贫政策实施后第三年,贫困户农业正规信贷概率提高3.45%,农业正规信贷规模提高34.4%;非正规信贷概率下降4.08%,规模下降33.34%,非正规金融对正规金融的补充作用减弱。进一步地,本文发现政策效果在西部地区更为显著,反映出该项政策在推动金融扶贫区域间协同发展中发挥了积极作用。相较于贫困县,非贫困县的贫困户正规信贷获得的概率及规模提升效果更为显著,体现出中国贫困治理中先""区域整体""后""精准突破""的工作思路。本文还发现精准扶贫政策下的正规农业贷款资金并不存在明显的""精英俘获""效应,然而极度贫困家庭的正规信贷获得情况仍未发生显著变化。因此,精准扶贫政策对建立健全农村信贷市场成效显著,但极度贫困家庭获得正规金融的渠道还需进一步完善。"
2020,中国贫困动态变化分解:1991～2015年,罗良清;平卫英,贫困变化分解;经济增长;不平等;人口,管理世界,0,"针对现有贫困变化分解研究中存在的问题,在贫困变化分解中考虑人口因素的影响,系统考察贫困变化受经济增长、不平等和人口3个方面的综合作用,分析中国城镇化进程对城乡贫困的影响,为因地制宜制定减贫战略提供依据。从各阶段的贫困变化分解结果来看,中国大规模减贫离不开经济增长提供的物质基础。不平等始终是使贫困状况恶化的主要因素,导致贫困群体从经济增长中得到的份额逐渐减少。人口增速的减缓及贫困人口数量的显著下降有效地促进平均收入的提高,进而对贫困程度的降低起到显著的正向作用。人口流动对城市和农村贫困变化的影响力度是不同的,其对农村贫困指数的降低作用更为显著,说明城市发展确实是减轻农村贫困的一个重要途径。但人口流动对农村贫困程度的影响随着时间的推移逐渐减缓,乡村振兴战略的提出和实施非常必要且及时。另外,2011年以来,贫困缺口指数的整体下降速度趋缓,说明在绝对贫困得到有效解决之后,剩余贫困人口的贫困程度越来越深、减贫难度较大,贫困阶层有固化态势,需要采取更有针对性的帮扶措施。"
2020,“竞合”如何影响创新绩效：中国制造业企业选择本土竞合与境外竞合的追踪研究,李东红;乌日汗;陈东,竞合战略;创新;研发强度;市场竞争;非竞争性合作,管理世界,0,"本文区分本土竞合与境外竞合,基于国家统计局2009年10月至2011年8月对全国40个城市制造业企业进行的问卷调查数据,并结合中国工业企业数据库数据和2009年及2018年专利数据构造出的时间断点追踪数据,重点研究了竞合对企业创新绩效提升的影响。实证研究发现:首先,总体来看,中国制造业企业的""竞合""战略有助于其提升创新绩效。具体来说,企业与本土竞争者的合作有助于其提升创新绩效,而与境外竞争者的合作对其创新绩效的提升无显著作用。其次,企业研发强度负向调节竞合战略与企业创新绩效之间的正向关系。研发强度对境外竞合战略与企业创新绩效间关系无显著调节作用,对本土竞合战略与企业创新绩效间关系有显著负向调节作用。再次,市场竞争对企业创新绩效有显著正向影响,但市场竞争程度高时境外竞合战略反而会降低企业创新绩效。最后,企业的境外非竞争性合作会削弱其竞合战略对创新绩效的影响。结合实证研究的基本结论,本文对中国制造业企业如何利用竞合战略促进创新提出了有针对性的政策建议。"
2020,中国企业的开放式创新:制度环境、“竞合”关系与创新绩效,杨震宁;赵红,开放式创新;竞合关系;正式制度;非正式制度;创新绩效,管理世界,0,"中国作为新兴经济体,企业技术创新能力相对薄弱,需要利用开放式创新模式突破组织边界来获取更丰富的外部知识来重塑自身的技术创造力以应对现今复杂多变的国际经济形势,也是中国经济向高质量发展阶段迈进的关键。考虑到中国企业开放式创新所面对的特殊制度环境、企业之间合作竞争的网络关系,本研究以1407家中国制造业企业为研究样本(2015～2017年间的创新调查),讨论开放式创新(广度和深度)对创新绩效的影响,以及""竞合""关系和制度环境在其中所起到的调节作用。研究结果显示:第一,开放式创新的广度对创新绩效的影响存在倒U型关系;第二,开放式创新的深度与创新绩效之间也存在倒U型关系;第三,合作关系有利于企业广泛利用外部知识资源,但要防范开放式深度的过度加深,形成路径依赖,有损于创新绩效;第四,竞争关系有损于企业有效广泛利用的外部知识来源,但有助于警醒企业不要过度加深与外部知识网络的合作;第五,竞争关系扭曲了合作关系对开放式创新深度与创新绩效间的影响;第六,正式制度激励企业扩大利用开放式创新的广度,但限制企业利用开放式创新的深度;第七,非正式制度激励企业加深开放式创新深度,但是对开放式创新广度没有影响。本文的研究结论,为中国企业适度使用开放式创新模式,正确合理地处理企业间的""竞合""网络关系以及利用正式和非正式制度环境提升企业创新绩效,提供有益的理论支持和政策建议。"
2020,生产性服务业集聚如何影响制造业结构升级?——一个集聚经济与熊彼特内生增长理论的综合框架,韩峰;阳立高,生产性服务业;专业化集聚;多样化集聚;制造业结构升级;动态空间杜宾模型,管理世界,0,"本文在集聚经济和熊彼特内生增长理论基础上构建理论分析框架,并采用动态空间杜宾模型探讨了生产性服务业集聚对制造业结构升级的影响机制。结果显示,生产性服务业专业化集聚通过发挥规模经济效应和技术外溢效应,对本地和周边地区制造业结构升级均产生了显著促进作用,而多样化集聚仅通过规模经济效应促进了本地区制造业结构升级,且长期效应大于短期。进一步研究发现,地方政府盲目跟进中央的相似产业政策是导致生产性服务业低质量多样化集聚,进而未对周边地区产生空间外溢效应的重要原因;生产性服务业在东部地区的专业化集聚和多样化集聚以及在中西部地区的专业化集聚,均显著促进了本地和周边地区制造业结构升级,而在中西部地区的多样化集聚则产生了极为有限,甚至不利的影响。在制造业结构升级过程中,金融、信息传输、计算机服务等高端生产性服务业更适合选择专业化集聚模式,而交通运输、商务服务、批发零售等中低端生产性服务业则在多样化集聚环境中更易于发挥结构升级效应。不同的是,金融业专业化集聚、批发零售业多样化集聚仅有短期影响,而无长期效应;而交通运输、租赁和商务服务业多样化集聚则仅有本地效应,无空间外溢效应。"
2020,主编寄语,黄群慧,,经济研究,0,"<正>送走2019年,迎来2020年。《经济研究》与经济理论界同仁共同迎来21世纪20年代,我们共同步入21世纪又一个新的十年。这个新年代的开局之年,又是我国全面建成小康社会和国家""十三五""规划的收官之年,这注定2020年是中国经济发展中的不平凡之年。当今世界正处于百年未有之大变局,国际政治经济形势波谲云诡。虽然我国发展环境仍处于战略机遇期,但充满挑战和风险,经济发展环境的不确定性不断增大。从国内看,伴随着我国工业化进程从中期步入到后期,我国经济已由高速增长阶段转向高质量发展阶段,正处在转变发展方式、优化经济结构、转换经济增长动力的攻关期。我国经济发展中的结构性矛盾依然还十分突出,经济下行压"
2020,第三届张培刚发展经济学青年学者奖评选公告,,,经济研究,0,"<正>为促进中国经济学学术进步,推动经济学学科建设,鼓励经济学青年人才的成长,提高中国经济研究水平,张培刚发展经济学研究基金会(以下简称基金会)于2018年特设立""张培刚发展经济学青年学者奖""。张培刚发展经济学青年学者奖每年评选一届,坚持公开、公平、公正的原则,重在发现和表彰在发展经济学相关领域拥有创新性的学术研究成果,并且具有较强科研潜力的中国青年经济学者。本奖评选不收取任何费用。根据《张培刚发展经济学青年学者奖评奖条例》的规定,第三届张培刚发展经济学青年学者奖评选工作于2020年1月启动。"
2020,中国青年经济学家奖（2020）评选公告,,,经济研究,0,"<正>为了更有广度、更有深度地评价与奖励在经济理论、政策及研究方法等领域作出杰出贡献的中国青年学者,促进中国经济理论研究的繁荣和政策建议水平的提高,经中国青年经济学者论坛学术理事会全体成员单位讨论决定,自2019年起,""中国青年经济学家优秀论文奖""变更为""中国青年经济学家奖""。""中国青年经济学家奖""每年评选一次,每次获奖者原则上不超过两人。本奖项坚持公正、公平、公开的原则,严格遵循评奖章程,保持评奖的独立性。2020年中国青年经济学家奖评选活动方案如下:"
2020,要素禀赋、地方工业行业发展与行业选择,欧阳志刚;陈普,要素禀赋;工业行业发展;机器学习,经济研究,0,"本文利用中国省际层面和行业层面的26种投入要素,使用机器学习方法揭示地方工业行业的非充分发展和受要素约束状态,进而基于各地区要素禀赋特征揭示各地区代表性工业行业的选择和发展路径。研究发现:(1)各地区工业行业发展具有明显的地区差异性。东部省份有较多的充分发展行业和要素约束行业,东北三省和中西部地区有较多的非充分发展行业。对于非充分发展的工业行业,其发展路径是提高要素的使用效率或改善要素结构;对于充分发展和要素约束的行业,其发展路径是增加要素投入和改进生产技术。(2)影响不同行业发展的最重要投入要素不尽相同,但整体而言,就业人数、城市工业用地、科技禀赋、物质资本、高速公路里程数是工业行业最重要的投入要素。影响先进制造业最重要的投入要素是就业量、城市工业用地、科技禀赋、物质资本、国内专利申请授权数。(3)不同先进制造业存在不同的要素组合最优区间,各地区应根据自身投入要素处于最优区间的位置而选择优先发展行业和发展路径。广东、江苏、浙江、山东等省份较多的重要投入要素已进入先进制造业的最优组合区间,可以方便地依据本省特征选择发展路径。贵州、云南等西部欠发达地区先进制造业的重要投入要素都远离要素组合最优区间,这些地区发展先进制造业将相对困难。"
2020,城市劳动力跨部门流动的制约因素与机制分析——理论解释与经验证据,马草原;程茂勇;侯晓辉,劳动力流动性;行业差异;混合所有制改革;PSM模型,经济研究,0,"在探讨中国城市劳动力跨部门流动的制约因素时,不仅要关注行业技术特征及劳动复杂程度的异质性,也应当重视所有制的影响。本文在委托-代理框架下构造了理论模型,基于企业微观劳动力配置机制的视角,在考虑行业异质性的同时,重点分析了国有部门委托人约束不足与劳动人事制度引起劳动力流动性下降的作用机制,以及劳动力跨所有制流动不够通畅的形成原因。然后,基于CHIP(2013)微观调查数据的回归模型,检验并分析了行业技术特征和所有制性质对劳动力流动的不同影响,实证结论较稳健地支持了理论推断。本研究有两方面的政策含义:一是深入推进国有企业混合所有制改革,提高出资人和企业经营绩效的相关性,进而强化国有企业的委托人约束;二是以国有资本功能的分类界定为前提,加快制订和落实差异化的企业用工改制方案,进一步完善国有企业的劳动人事制度。在健全国有资本监管体制、理顺委托-代理关系的基础上,通过国有企业劳动力配置的持续优化,促进劳动力在不同部门之间的合理流动。"
2020,可变折旧率的另一种估计方法——基于中国各省份资本折旧的极大似然估计,陈昌兵,可变资本折旧率;极大似然法;迭代估计法;资本体现式技术进步;经济折旧,经济研究,0,"本文利用增长率法和计量方法估计1990年起始的我国省份固定资本存量,然后估计由资本折旧构建的可变折旧率计量模型。为了估计更准确,本文采用迭代法估计可变折旧率。由计量模型参数估计值和相关数据得到我国省份可变折旧率,同时测算得到中国各省份1990—2015年间资本体现式技术进步。为了检验小样本极大似然估计的可靠性,采用蒙特卡罗法检验得到可变折旧率模型参数估计是无偏可信的。由初始期资本存量、投资估计可变折旧率,测算得到1990—2015年间我国各省份资本存量介于现有文献测算的资本存量之间。本文采用完整的方法估计我国省份可变折旧率,且可变折旧率中包含了因技术进步引起的经济折旧。"
2020,双重金融摩擦、企业目标转换与中国经济波动,张云;李俊青;张四灿,经济波动;双重金融摩擦;企业目标转换,经济研究,0,"本文构建了一个真实经济周期模型,首次将企业目标转换和双重金融摩擦因素融合为统一研究框架,并以此考察经济周期波动中信贷的需求和供给因素,进而分析双重金融摩擦因素在塑造经济周期波动态势中的作用。研究表明:(1)当银行与企业、银行与家庭间均存在金融摩擦时,顺周期的企业和银行资产负债表均会导致逆周期的企业外部融资溢价,对投资和产出产生双重加速效应,而缓解金融摩擦能够减弱上述加速效应进而有助于经济波动的平稳化;(2)由于家庭资产主要采取储蓄方式并且企业自有资金起到平滑信贷波动作用,信贷供给端摩擦产生的加速效应比需求端摩擦要弱;(3)企业目标转换通过经济结构渠道对金融摩擦的加速效应起到增强或弱化效果。因此,宏观调控政策应加强对企业和银行资产负债表周期性的关注,平抑由双重金融摩擦所带来的经济波动;合理界定政府与市场作用边界,国有企业非经济目标需要依据经济周期波动状况把握适度原则,充分发挥市场在资源配置中的决定性作用,更好发挥政府作用。"
2020,承销商与重返IPO表现:基于信息不对称的视角,张学勇;陈然;魏旭,重返IPO;信息不对称;IPO表现;承销商,经济研究,0,"本文以被发审委拒绝后重新申请上市(IPO)的公司为研究对象,借助2004—2017年中国A股市场上市公司数据,考察重返IPO的市场表现。理论研究表明,重返IPO可以通过更换声誉更高的承销商来降低信息不对称程度,从而有利于公司成功IPO,降低IPO抑价率,提升公司上市后股价的长期表现。实证研究显示,与首次申请IPO公司相比,重返IPO公司的抑价率、超募比例、首日换手率及投资者意见分歧程度更低,长期股票回报率更高,表明重返IPO公司的信息不对称程度有所降低。进一步研究发现更换声誉更高的承销商是重返IPO公司缓解信息不对称问题的重要途径,这与理论研究相符。此外,在核准制下首次IPO时因实质审核类问题被否决的公司,倾向于借助有政治关联的承销商来成功重返IPO,但并没有降低信息不对称程度,这折射出推行注册制的必要性。"
2020,战略投资者选择与银行效率——来自城商行的经验证据,郭晔;黄振;姚若琪,战略投资者;银行效率;城市商业银行;双重差分模型;中介效应,经济研究,0,"本文研究了商业银行战略投资者对银行效率的影响,探讨了不同类型战略投资者对银行效率影响的差异,并对战略投资者影响银行效率的渠道进行分析。基于城市商业银行的战略投资者更为多元化,本文选取2008—2016年102家城市商业银行为样本,运用双重差分模型与中介效应模型进行了检验。实证结果表明:第一,引入战略投资者能显著提高我国商业银行的效率。第二,境内金融机构战略投资者是商业银行战略引资时的最佳选择,其次是境内非金融机构战略投资者,最后是境外战略投资者。第三,战略投资者尤其是境内金融机构战略投资者可以通过""引制""与""引智""渠道促进银行效率的提高。"
2020,完善基本经济制度推进国家治理体系现代化——学习贯彻中共十九届四中全会精神笔谈,谢伏瞻;蔡昉;江小涓;李实;黄群慧,,经济研究,0,"中国共产党第十九届中央委员会第四次全体会议审议通过了《关于坚持和完善中国特色社会主义制度、推进国家治理体系和治理能力现代化若干重大问题的决定》。这次全会主题重大、事关根本。坚持和完善中国特色社会主义制度,推进国家治理体系和治理能力现代化是关系党和国家事业兴旺发达、国家长治久安、人民幸福安康的重大问题。党中央在这次全会上对这个重大问题进行研究并作出决定,是从政治上、全局上、战略上全面考量,立足当前、着眼长远作出的重大决策,充分体现了以习近平同志为核心的党中央高瞻远瞩的战略眼光和强烈的历史担当。为了更好地学习、宣传与贯彻十九届四中全会精神,本刊邀请我国经济学领域著名的专家学者撰写了这一组文章,以飨读者。"
2020,消费行为在个人信用风险识别中的信息含量研究,王正位;周从意;廖理;张伟强,消费行为;风险识别;征信信息;消费信贷,经济研究,0,"本文使用某现金贷平台的借款人数据,研究消费行为信息在个人信用风险评估中的信息含量。研究发现,对于现金贷借款人这类信用记录不足的群体,传统征信信息往往不足以识别借款人的信用风险,而通过大数据技术引入更加高频的消费行为信息能够有效补充额外的信息含量,提高对信用信息薄弱人群的风险识别效率。传统征信信息和消费行为信息提供的信息含量互不相同,不能相互替代。因此金融科技创新对传统征信系统以外信息的利用有助于降低消费信贷市场的信息不对称。本文创新性地利用真实的微观信贷数据对不同信息的信息含量进行了比较,对消费金融的理论和实践都具有重要价值。"
2020,经济政策不确定性与系统性金融风险的跨市场传染——基于非线性网络关联的研究,杨子晖;陈里璇;陈雨恬,系统性金融风险;非线性网络关联;经济政策不确定性;跨市场风险传染,经济研究,0,"本文构建""全球金融市场与经济政策不确定性""的非线性关联网络,对全球19个主要国家(地区)的经济政策不确定性(EPU)与系统性金融风险传染关系展开研究。结果表明,股票市场是风险的主要输出方,而外汇市场则是风险的主要接受者,两者之间存在非对称传染效应。分样本研究发现,危机期间风险传染更加明显,且EPU在风险传染中发挥着重要作用;同时,股票市场是风险的源头,对外汇和EPU具有较强的溢出效应。近四年的分析发现,风险传染沿着""股票市场→经济政策不确定性→外汇市场""这一途径扩散开来。进一步的分析发现,境外金融市场会对中国大陆金融市场产生显著的风险传染,中国香港金融市场则容易遭受外部冲击。此外,美国资本市场会对全球造成明显的风险冲击,全球EPU(尤其美国EPU)是引发全球金融市场震荡的重要因素。"
2020,企业互联网化对中国企业创新及出口的影响,沈国兵;袁征宇,企业互联网化;企业创新;出口,经济研究,0,"本文扩展了Bustos(2011)的模型,在异质性框架下纳入企业互联网化和企业创新选择行为,从微观视角揭示出企业互联网化对中国企业创新及其出口的影响。研究发现:(1)企业进行互联网转型对中国企业创新能力有着显著的提升作用,虽然随所有制的不同而存在差异,但是低生产率企业和中小企业仍能从中获益;(2)无论是垄断行业还是低技术行业中,企业互联网化对企业创新均有着显著促进作用;(3)三种方式的企业互联网化都对中国企业创新及其出口活动有着显著促进作用,且通过企业创新选择行为间接地促进企业进行出口。对于积极参与互联网化的低生产率企业表现得尤为显著。因此,互联网转型的企业应该通过激励其创新能力来提升企业出口。"
2020,薪酬激励和医疗服务供给:一个真实努力实验,陈叶烽;丁预立;潘意文;金菁;姚沁雪,薪酬激励;医疗服务供给;质量考核;框架效应;真实努力实验,经济研究,0,"本文设计了一个医疗框架的真实努力实验,并考察了固定工资、按人头支付和按服务支付三种基本薪酬支付方式下的医疗服务供给行为。在此基础上设计了质量考核和框架效应两种新的薪酬激励制度并检验了其效果,还对比了非医学被试和医学被试的行为以探讨职业规范的影响。实验结果表明,首先,医生面临治疗数量和治疗质量之间的两难权衡:与固定工资相比,按人头支付和按服务支付能显著提升医生的治疗数量,但按人头支付会导致严重的治疗不足,按服务支付会导致严重的过度治疗;其次,引入质量考核能显著降低医生的过度治疗与治疗不足问题,其中损失框架下医生的表现更好;最后,职业规范的积极影响随着薪酬激励和职业规范两难冲突的缓解而削弱。"
2020,制度松绑、市场活力激发与旅游经济发展——来自中国文化体制改革的证据,刘瑞明;毛宇;亢延锟,文化体制改革;市场活力;旅游经济;双重差分方法;经济增长,经济研究,0,"旅游业作为现代服务业的重要组成部分,是带动地区经济增长和实现产业优化升级的""绿色""驱动力。借助于中国文化体制改革的""准自然实验"",本文采用中国283个地级市2002—2016年间的面板数据和双重差分方法,首次评估了文化体制改革对地区旅游业发展的影响。研究发现,文化体制改革激发了市场活力,促进了文化产业和旅游产业的融合,带动了地区旅游业的发展。随着时间的推移,这种带动效应呈现出越来越强的递增趋势。具体地,文化体制改革通过丰富文化旅游产品和服务以及住宿餐饮等配套产业的发展,提高了地区过夜旅客人数和收入,进而使试点地区的人均国内旅游收入、人均国内旅游人次、人均国内外旅游总收入和人均国内外旅游接待总人次得到显著提升。而且,在那些旅游资源越丰富、旅游公共服务水平越高的地区,这种带动效应越强。本文的发现不仅为文化体制改革进一步在全国范围内的实施推广提供了重要依据,而且为地区产业的转型升级和区域经济平衡提供了重要的政策启示。"
2020,文化经济学的理论维度与实践进路——第五届文化与经济论坛综述,李树;邓睿;陈刚,,经济研究,0,"<正>文化不仅深刻影响宏观经济绩效和微观市场主体决策,其自身演变也显著地受到经济发展的影响。伴随着计量分析手段的革新和实证数据可得性的改善,文化这一被古典经济学遗忘的因素逐步被纳入到现代经济学的规范分析框架中,越来越多的文献开始追踪经济发展背后的文化基因,文化经济学作为文化与经济领域新兴交叉学科,已成为经济学研究的重要分支。总体而言,文化经济学聚焦文化与经济之间的关系,主要研究文化对经济的影响,也即用经济学的理论和方法来分析文化现象和文化问题。中国社会传统文化的独特内涵及其与外来文化之间的交融和碰撞,使这一研究领域更可能根植于本土文化土壤实现理论创新。"
2020,新时代宏观影响微观的新视角及微观检验宏观的新证据——第八届宏观经济政策与微观企业行为交叉研究论坛综述,范从来;姜国华;陈冬华;徐巍;姚振晔,,经济研究,0,"<正>2019年11月2日,第八届""宏观经济政策与微观企业行为交叉研究""学术研讨会在南京大学商学院顺利召开,会议由中国社会科学院经济研究所《经济研究》杂志社、北京大学财务分析与投资理财研究中心、南京大学商学院、暨南大学管理学院、清华大学中国经济社会数据研究中心、重庆大学经济与管理学院六方联合主办。本次研讨会共收到148篇投稿,经过匿名评审和专家委员会评审,最终确定30篇论文作为报告论文。在论文汇报环节,每篇报告论文由两名专家进行现场点评。来自全国各大高校和科研机构的600多名专家学者、青年教师、博士研究生参加了本次研讨会。"
2020,如何应用国家文化原型实现品牌的国际化传播——基于中国品牌海外社交媒体广告的多案例研究,刘英为;汪涛;聂春艳;张伟,品牌国际化;文化原型;传播战略;消费者感知,管理世界,0,"本文基于中国品牌海外社交媒体广告的多案例研究,深入探讨了基于国家文化原型的品牌国际化传播策略,并检验了不同应用策略在不同情景下消费者反应的差异。研究表明:(1)国家文化原型资源可以根据文化层次和文化类属分为4种不同的组合方式,相应地,品牌文化原型应用策略也可分为工具性审美、差异化表现、目标消费者认同、全球共识意义获取四种类型;(2)东道国类型(文化距离近vs.远)、企业国际化发展阶段(初期vs.快速发展期)以及企业的传播诉求(产品vs.品牌)会对不同应用策略的传播效果产生影响。本研究不仅丰富了品牌国际化的研究成果,还可为新兴市场企业如何应用国家文化原型助力品牌的国际化传播提供指导和借鉴。"
2020,中国小康社会建设40年：历程、经验与展望,韩保江;邹一南,小康;现代化国家;全面建成小康社会,管理世界,0,"""小康""目标是邓小平同志在1979年12月会见来华访问的前日本首相大平正芳时第一次正式提出来的,至今已整整40年。40年的小康社会建设是贯穿中国改革开放全过程的主旋律。本文站在全面建成小康社会收官之年的历史节点,梳理回顾了40年来小康社会建设从目标提出到全面建成的4次历史性飞跃,将小康社会建设的成功经验总结为始终坚持党的集中统一领导、始终坚持以人民为中心的发展思想、始终坚持经济发展在各项事业中的基础性地位、始终坚持循序渐进的目标导向、始终坚持改革开放的根本途径。2020年将开始实施""十四五""规划并进入全面建设社会主义现代化国家的新时期,应继续发扬小康社会建设的成功经验,用""发展""提供现代化建设的不竭动力,用""改革""破除现代化进程的艰难险阻,用""全面""引领现代化道路的前进方向,用""质量""设定现代化水平的更高目标,用""美丽""扮靓现代化中国的国际形象。"
2020,经济发展潜能与人力资本质量,刘伟;张立元,人力资本质量;跨国人均产出差异;经济发展潜能,管理世界,0,"本文以人力资本数量和质量的测算为切入点,研究人均产出水平差异的成因与中国经济的发展潜能问题。本文依据真实经济周期模型确定人力资本数量的""基准水平"",推导得出人力资本质量测算公式。由此测算全球经济、7个经济区域、4个经济组织、73个经济体的人力资本质量及年均增长率,按照测算结果从总量和人均这两个层面对其经济增长进行核算分析。本文发现,人力资本质量水平的跨国差异能够解释人均产出水平跨国差异的绝大部分,这两种差异将长期存在,即使高收入经济体之间也未显示出趋同的经验证据。测算结果表明,中国经济的人力资本质量水平显著落后于发达国家且其提升速率确已逐渐放缓。这一经济事实既决定了长期内中国仍将是发展中经济体,又成为制约中国经济可持续发展潜能的重要因素。因此,人力资本质量水平快速提升是中国经济实现潜在发展能力的关键,更是实现赶超目标的基础。而合乎数理逻辑、易于观测、在政策实践中可操作性较好且空间较大的人力资本质量提升途径是消费产出比的扩大。本文预测,若将中国经济消费产出比在未来30年内平稳扩大至2017年美国经济的0.865,仅此就能确保中国最晚可于2027年成为高收入经济体。同时,若能辅之以成熟度不断提高的市场经济体制并将政府支出侧重于持续优化整个教育体系、加大人力资本投资、强化基础研究,或将缩短中国成为发达经济体和领先经济体的时间进程。本文预测,若人力资本质量提升的年均率额外再增加1%,2024年,中国就可跻身高收入经济体;2049年,人均产出水平接近5万美元,达到美国的54.7%。"
2020,中国国资改革：困惑、误区与创新模式,刘纪鹏;刘彪;胡历芳,国资改革;中国模式;统一监管;法人制度;战略布局,管理世界,0,"2020年是实现国企与国资改革""三年行动方案""的开局之年,关键是要解决当前国资改革中的困惑,走出误区并探索创新模式。传统中国国有资产管理主要是为了解决国有资产保值、增值的微观问题。进入中国特色社会主义新时代,国资改革应从中国道路、中国模式的角度,全面、系统地进行管理方案设计,这既是构建竞争中性营商环境的客观需要,也是""三年行动方案""目标指引下国资改革引向深入的必然选择。总结国资改革30年来的困惑和误区,中国国资改革关键在于把宏观运行机制和微观运行载体实现创新性结合,构建三层次国资管理体系,让国资委作为营利性国资的统一监管者,让国有资本投资运营公司作为企业的直接出资人,将国家战略运用于国有企业中,实现做强、做优、做大国有资本的重大变革。"
2020,中国信息经济学乌家培资助计划简介,,,管理世界,0,"<正>中国信息经济学会成立于1989年,致力在信息经济与信息管理领域搭建理论创新的桥梁,推动跨学科发展。学会创始人乌家培教授为著名经济学家,中国数量经济学和信息经济学创始人。为促进中国信息经济与信息管理领域的青年学者成长,并产生未来30年有国际影响力的理论创新成果,学会于2015年设立中国信息经济学乌家培资助计划,以表彰中国信息经济与信息管理领域青年学者的理论创新贡献。2016-2019年分别进行了一至四届乌家培资助计划的评选。"
2020,2019中国信息经济学乌家培资助计划公告,,,管理世界,0,"<正>2019年中国信息经济学乌家培资助计划授予清华大学经济管理学院刘登攀教授和中山大学管理学院陈斌副教授。刘登攀教授用经济学模型的方法研究了电商在资源约束条件下的一系列优化问题,其成果具有高度的创新性和广泛的影响力,并有很强的实践指导性。陈斌副教授围绕主观绩效的契约设计展开了一系列研究,不仅拓展了机制设计的理论研究,而且对现实中的创新激励有重要启示。"
2020,2020中国信息经济学乌家培资助计划评选公告,,,管理世界,0,"<正>评选对象:(1)年龄不超45周岁的中国国籍学者;(2)在国内外学术期刊上公开发表信息经济和信息管理领域的论文(发表时间不限);(3)论文理论成果具有重要的学术创新性和影响力。资助金额:20万元人民币。资助人数:1-3名。获资助者博士生团队持续资助机制:获资助者指导的博士生团队,在获资助第二年自然获得""中国信息经济学乌家培优秀博士生计划"","
2020,充分发挥“超大规模性”优势推动我国经济实现从“超大”到“超强”的转变,国务院发展研究中心课题组;马建堂;张军扩,超大规模性;高质量发展;现代化;全球影响力,管理世界,0,"经济超大规模性,是一个经济体依托超大规模的人口、国土空间、经济体量和统一市场所形成的叠加耦合效应,在运行效率、产业构成、空间格局、动态演化、全球影响等方面所展现出的特性。经济超大规模性使我国在生产率持续提高、建立完整的产业体系、进行高水平创新创业创造、孕育世界级都市圈和城市群以及在全球范围配置资源等方面具备了比较优势。我国的经济超大规模性是在党的领导下,通过最大范围地动员人民参与现代化建设、统筹布局区域发展、重视基础产业发展、持续丰富产业体系、着力提升创新能力、不断扩大对外开放、努力推进全国市场一体化所取得的。未来要充分依托和发挥经济超大规模性优势,促进我国经济持续平稳发展和全球地位的提升,推动我国经济实现从""超大""到""超强""的转变。"
2020,从国际比较预判我国到2035年经济增长的可达目标与支柱性政策,贾珅,现代化;经济增长;国际比较;增长核算,管理世界,0,"站在""两个一百年""奋斗目标的历史交汇点上,对我国中长期经济增长的可达目标和所需的结构条件进行分析,是编制""十四五""经济社会发展规划的基础性研究工作,也有助于为新时期深化改革、保持经济稳定增长明确政策重点。本文结合典型后发经济体在中高收入阶段的增长经验,我国在2020年预计达到的要素条件,以及利用联合国国际比较数据集进行国别层面增长核算所估计的参数,对我国到2035年的经济增长可达目标进行了测算。要实现预期目标,需要有效应对资本产出效率不高、人口老龄化加剧、劳动力增速下降、创新环境变化、城镇化速度放缓等挑战。未来,要坚守投资率底线,优化投资结构,提高投资效率;实施更加积极的人口战略,提高劳动参与率,稳定一般劳动力就业;提高教育供给质量,增进教育公平,大力发展职业教育和继续教育;增强自主创新能力,提高创新投入强度和研发效率;健全城乡融合发展机制,继续深入推进新型城镇化。"
2020,专业化知识搜寻、管理创新与企业绩效：认知评价的调节作用,余传鹏;林春培;张振刚;叶宝升,管理创新;专业化知识搜寻;认知评价;企业绩效,管理世界,0,"本研究基于探索/利用双元分析框架,将管理创新划分为利用式管理创新和探索式管理创新两个维度,并将知识搜寻和认知评价的理论观点整合到现有管理创新采纳与实施过程理论模型中,构建了一个研究模型,以考察双元管理创新的采纳过程及其实施对企业绩效的影响。本文以我国华南地区468家制造型企业为问卷调查对象,对上述研究模型进行实证检验,结果表明:(1)科学型知识搜寻主要促进探索式管理创新;市场型知识搜寻对利用式和探索式管理创新均有正向影响;供应链型知识搜寻主要促进利用式管理创新;(2)科学型知识搜寻与探索式管理创新间的关系同时受到风险性认知(负向)、匹配性认知(正向)和复杂性认知(负向)的调节效应影响;市场型知识搜寻与利用式管理创新间的关系仅受到复杂性认知的负向调节效应影响;供应链型知识搜寻与利用式管理创新间的关系同时受到风险性认知(负向)、匹配性认知(正向)和复杂性认知(正向)的调节效应影响,但其与探索式管理创新间的关系仅受到匹配性认知的负向调节效应影响;(3)利用式管理创新与企业绩效呈倒U型关系;探索式管理创新与企业绩效呈正U型关系。研究结论对于厘清管理创新的复杂采纳过程及其实施机理有一定的理论贡献,同时对企业顺利开展管理创新具有一定的实践启示意义。"
2020,生产链位置是否影响创新模式选择——基于微观角度的理论与实证,张陈宇;孙浦阳;谢娟娟,生产链位置;激进式创新;渐进式创新,管理世界,0,"企业创新模式选择不仅与自身因素相关,还与生产分工流程相关;本文首次从理论与实证验证了企业的生产链位置对于创新模式选择具有显著影响。首先,基于产品分工构建了一个理论框架,诠释了企业生产链位置对于创新模式的影响:位于生产链上游的企业的产品可塑性强,适用范围更广,激进式创新引入的新产品替代旧产品的可能性较小,它们面临更小的""利润侵蚀效应"";生产链上游企业中间品种类相对较少,激进式创新带来的高不确定性产生的协调成本较低,它们的""协调成本效应""也相对较小,因此位于生产链上游的企业采取激进式创新具有比较优势,反之位于生产链下游的企业偏向于渐进式创新。在实证上,本文首次通过插值法估算出1998～2011年中国投入产出系数,进而量化企业生产链位置指标,然后基于企业和专利数据库,根据理论的推论,对生产链分工位置影响企业创新模式选择的效果,以及如何影响创新行为进行了全面细致的验证,证实了两个效应是生产链位置影响企业创新模式选择的重要传导路径:在各使用3类指标区分企业对""利润侵蚀效应""与""协调成本效应""敏感性的基础上,结合使用分类回归发现,高产品替代性企业、在位企业以及一般贸易企业由于对""利润侵蚀效应""更敏感,它们创新模式的选择对生产链位置的反应更强烈;高产品复杂度企业、大规模企业以及低管理效率的企业由于对""协调成本效应""更敏感,它们创新模式的选择对生产链位置的反应也更强烈。最后,本文使用Heckman两步法对可能存在的估计偏误进行稳健性检验,结果证实了本文理论模型的主要命题和基础回归结果的稳健性。"
2020,私人关系对投机行为的抑制作用何时更有效？——传统文化与市场经济双重伦理格局视角的研究,夏春玉;张志坤;张闯,边界人员私人关系;儒家思想影响;市场化水平;企业领导支持;品牌市场地位;渠道投机行为,管理世界,0,"现有研究发现边界人员私人关系能够抑制渠道投机行为,但对于如何增强以上治理效果的研究仍十分有限,尤其缺乏本土语境下的研究。本研究遵从双重伦理格局,即传统文化伦理和市场经济伦理的引导,依据制度理论和渠道治理理论,分别在企业外部制度环境和企业内部管理要素层面,探索私人关系抑制投机行为的有利情境。通过收集双边匹配一手调查数据以及二手数据对研究假设进行实证检验,研究发现,在受儒家思想影响较深、市场化水平较高的地区以及在企业领导对边界人员支持力度较大的企业中,私人关系抑制投机行为的效果会增强。随着市场化水平的提高,儒家思想影响增强私人关系对投机行为抑制作用的效果愈发明显。本研究为双重伦理格局对私人关系抑制投机行为效果的影响提供了经验证据,回应了与私人关系治理机制相关的学术争论,有助于丰富本土语境下的渠道治理机制研究。"
2020,生产率困境的形成与治理机制：一个新的理论框架,简泽;徐扬;李玉花;黄莹珊,生产率增长的极限;效率—创新冲突;核心粘性;生产率困境,管理世界,0,"生产率困境是创新经济学、战略管理、运营管理和组织科学关注的中心问题之一。然而,这方面的文献分散在不同的研究领域中,因而,迄今为止,这方面的知识是碎片化的。以1978年到2018年间的225篇文献为样本,本文系统地考察了生产率困境的形成机制和治理方式。首先,本文描述了这方面文献的演进脉络,进而形成了3个不同但是互补的研究视角。然后,从这3个视角出发,本文分析了生产率困境的前因后果。最后,将这3个视角综合起来,我们发展了一个关于生产率困境的综合性的理论框架,系统地揭示了生产率困境的形成机制和治理方式。研究结果表明,在给定的技术范式下,技术发展存在自然和经济的极限,因而,生产率的增长最终会缓慢下来。重要的是,由于效率—创新冲突的存在,企业对生产率的追求使得它们不具有通过颠覆式创新推动技术范式转换的激励。进一步,即使企业具有这种激励,它们在追求效率的过程中发展起来的核心能力变成了核心粘性,因而失去了颠覆式创新的能力。于是,企业对短期生产率的追求反过来使得它们难以突破生产率增长的极限,进而长期锁定在生产率困境中。"
2020,创业研究回顾与展望,周冬梅;陈雪琳;杨俊;鲁若愚,创业研究;十年进展;文献研究;中国情境,管理世界,0,"创业实践因新兴技术驱动的经济社会环境变革而发生了重大变化,涌现出了不少组织和战略理论甚至是创业研究也难以回答的新现象和新问题,这些现象和问题在中国情境下表现得非常突出,但并没有引起学者们的足够重视。基于此,本文采用扎根理论的编码设计,开展2008～2018年间发表的1842篇国际顶级创业研究文献的统计分析,在描述和评价研究主题发展态势和进展基础上,归纳出以创业前因、创业实施、创业结果与创业情境为体系的创业研究主题框架,进一步提出未来研究趋势和中国情境下开展创业研究的建议。研究结果对于推动我国创业研究的深化发展并开展具有国际学术影响力的高水平研究有着重要的理论价值。"
2020,投资者保护公益组织与股东诉讼在中国的实践——基于中证投服证券支持诉讼的多案例研究,辛宇;黄欣怡;纪蓓蓓,中证投服;股东积极主义;证券支持诉讼;虚假陈述诉讼;弹性监管,管理世界,0,"以2016～2017年间中证中小投资者服务中心(以下简称""中证投服"")提起的4例证券支持诉讼为研究对象,本文深入分析了该组织在证券支持诉讼中的作用实现机理及其在中小投资者利益保护方面所产生的直接经济后果和溢出效应。本文发现:中证投服提起的证券支持诉讼在很大程度上改善了虚假陈述案件的赔偿机制,主要体现为赔付主体更加合理化,赔偿金额的计算更加科学,赔付比例有明显提升,赔偿款项的执行力度得以加强;在作用实现机理方面,中证投服作为投资者保护公益组织向中小股东提供了公益服务,同时又具备政府弹性监管的色彩,与我国现行的司法制度形成互补;更为重要的是,中证投服参与证券支持诉讼产生了显著的溢出效应,在唤醒中小股东维权意识的同时,明显提升了民间律师团体的活跃程度,进而从整体上极大地带动了民间股东诉讼的兴起。"
2020,锚定比率可以衡量股价高估吗？——基于崩盘风险视角的经验证据,杨威;冯璐;宋敏;李春涛,锚定比率;股价高估;股价崩盘风险;信息不对称;投资者反应,管理世界,0,"股价高估指的是公司市场价值超出其内在价值的现象,但如何衡量内在价值一直存在争议。借鉴行为金融文献中锚定效应的概念,结合中国资本市场的特殊性,本文提出了锚定比率(简称""RPR"")这一新的股价高估指标。为了证实该指标的有效性,本文利用事后的股价崩盘风险进行了相关检验。结果表明:第一,锚定比率与股价崩盘风险正相关;第二,更少的分析师跟踪、更多的散户持股以及更高的股票流动性均会强化锚定比率对股价崩盘风险的影响;第三,在控制常用的股价高估指标、两类代理问题和管理层""捂盘""行为后,本文的结果依然成立;第四,利用崩盘事件,本文证实了锚定比率会加剧股价下跌的程度,且长期来看股价会保持""惯性""而非""反转""。本文的研究表明投资者做决策时对股价高点存在明显的锚定效应,丰富了锚定效应在中国资本市场中的运用。更重要的是,本文提出了一个可能更适合于中国资本市场的股价高估指标,该指标意味着资本市场定价机制的不完善是导致股价高估和频繁崩盘的重要原因,这对于改善资本市场定价效率、降低股价崩盘风险有一定的启示作用。"
2024,企业供应链风险感知与合作关系稳定性,陈雯;范茵子,供应链风险;网络位置;合作稳定性;风险溢出,管理世界,0,市场分工深化促进企业间形成紧密联系的供应链网络，也加剧了供应链风险在企业间的传播，对企业间合作关系的稳定性产生影响。本文基于2007～2021年中国沪深A股上市公司年报披露的前五大客户/供应商信息，构建上市公司供应链网络，考察企业供应链风险感知对其与客户/供应商合作关系稳定性的影响。研究发现：客户感知的供应链风险上升降低合作关系稳定性，供应商感知的供应链风险上升则提升合作关系稳定性。调节效应分析表明，从关系嵌入视角来看，客户—供应商关系粘性在一定程度上会影响合作关系稳定性冲击；从结构嵌入视角来看，客户的供应链网络地位和董事网络结构洞丰富度提高将放大供应链风险对合作关系稳定性的冲击，而客户在董事网络的直接影响力提升导致合作关系稳定性同步提升。渠道检验表明，供应链风险可能通过客户—供应商交易成本影响合作关系稳定性。进一步分析发现，加强合作沟通和提升资金运转水平可以促进供应链合作稳定性。本文研究为企业应对供应链风险、为我国构建安全稳定的供应链提供经验证据与解题思路。
2024,以变革之力答好数字金融“压轴题”——关于《数字金融变革:政策引领与学术启示》一书的启示,巫泽人,,管理世界,0,"<正>由许泳昊、邹文博撰写的新作《数字金融变革:政策引领与学术启示》,从实务和学术探讨两个视角出发,通过8个章节的介绍,深入浅出地对数字金融的概念界定、变革和发展趋势、应用场景和风险挑战等方面作了全景阐述,展现了数字赋能在金融领域广泛而深远的变革力,对其他传统行业的数字化转型、业务模式重塑也具有借鉴意义。"
2024,数字化转型下的人大预算监督与政府支出效率——基于信息不对称视角的分析,欧阳洁;彭鹭;陆毅,信息不对称;预算监督;政府支出效率;预算联网工程,管理世界,0,通过信息联通来缓解立法机关预算监督过程中的信息不对称是数字时代推进预算治理改革的重要举措。本文借助中国预算联网监督的“准自然实验”，采用2012～2019年275个地级市的宏观数据，实证检验了强化信息不对称治理对改善预算监督效能、推动财政政策落地的影响。研究发现：（1）人大预算监督中信息不对称的缓解显著提升了政府整体支出效率；（2）信息不对称缓解有助于减少预算资金的违规使用，提高预算执行合规性；有助于加快预算执行进度、减少“年底突击花钱”等低效无序使用资金的情况，提高预算执行时效性，这是驱动政府支出效率改善的重要机制；（3）在预算联网监督实现省、市“纵向贯通”的地区，以及公众外部监督更为薄弱、财政压力更大、人大监督专业能力更强的地区，人大联网监督发挥的预算治理作用更大；（4）通过信息联通来提升政府支出效率有助于“减税降费”政策的落地生效，使辖区企业享受到更多的税费优惠。本文的研究为助力预算监督数字化转型，更好推动“向效率要政策空间”的财政改革提供了重要的理论依据和实践参考。
2024,产业数字化与生产全球化——基于附加值地理分布的视角,马述忠;陈逸凡;张洪胜,产业数字化;生产全球化;全球价值链空间布局;生产要素全球流动,管理世界,0,数字技术是影响全球价值链空间布局和利益分配的关键因素。基于2005～2019年区分内外资部门的国家间投入产出数据，本文首次构建了基于附加值地理分布视角的全球价值链分工生产离岸化指标，探究了产业数字化水平提升对生产全球化的影响。研究发现，产业数字化水平提升能够显著促进生产全球化，并且其对资本密集型行业、开放程度更高的行业的影响更大。产业数字化通过促进生产信息和技术资本的全球流动，显著提高了产业的生产全球化程度，但也会造成人力资本的本土化转移，从而降低生产全球化程度。进一步研究发现，产业数字化也有助于提升全球价值链地位，其对发达国家的影响更大，不过发展中国家通过缩小产业数字化差距能够弥合南北国家在生产全球化和全球价值链地位方面的差距。本文为逆全球化背景下发展中国家以产业数字化推进高水平对外开放，促进全球价值链分工格局向有利于南北国家协调发展的方向演进提供了理论依据和政策参考。
2024,乡村振兴与村落传统文化旅游价值研究——评《乡村振兴战略下传统村落文化旅游设计》一书的现实意义,白天成,,管理世界,0,"<正>实施乡村振兴战略是我国振兴农村经济和繁荣农村的一项重大举措,而传统乡村文化旅游资源的开发和利用又是乡村振兴的一项重要内容和措施。深入研究乡村文化旅游资源价值,将文化创意作为传统村落文化旅游的融合突破口,从文化创意与旅游融合角度出发,结合我国各地传统村落旅游发展现状和存在的问题,探究两者深度融合发展的完善措施和策略。为此,由许少辉撰写的《乡村振兴战略下传统村落文化旅游设计》一书,对乡村振兴与村落传统文化旅游价值的研究,具有重要的参考价值和作用。"
2024,后发国家产业核心技术追赶的产学研合作创新机制——基于中国高铁产业的案例分析,张艺;陈凯华;周志勇,后发国家;技术追赶;产业技术能力;产学研合作;中国高铁产业,管理世界,0,后发国家如何构建起有效的产学研合作机制来支撑产业核心技术追赶？中国高铁产业成功案例很好地回答了这个理论议题。本文基于该案例，从创新链视角去探讨产学研合作和后发国家产业技术追赶之间的联动关系。研究发现：（1）产学研创新主体在政府政策和市场用户需求拉动的共同影响下，形成了支撑后发产业部门培育发展产业核心技术能力的本土创新共同体，它们成为了后发国家开展核心技术追赶和突破的核心力量；（2）产学研创新主体在“逆向反求”和“正向设计”的驱动机制作用下，在创新链上游的科学理论研究、中游的共性技术开发和下游的产品技术商业化等环节形成一个相互促进、相互反馈的产学研协同创新机制，成为了后发国家培育本土技术创新能力和实现技术追赶的重要组织模式和制度安排；（3）以产业界为核心的“知识利用系统”和以学术界为核心的“知识创造系统”之间耦合互动，推动科学、技术和产品知识在学术界和产业界之间双向流动，有助于产业核心技术能力不断升级跃迁，由生产性专用技术能力发展到应用性平台技术能力，再发展到基础性前沿技术能力来支撑技术追赶。本研究为后发国家如何通过产学研合作来协助产业部门实现核心技术追赶具有重要实践启示意义。
2024,“靶向引领”如何影响园区产业创新？——以苏州工业园区生物医药产业为例,刘振鹏;苏启林;郭娜娜,产业园区;靶向引领;回归合成法;创新,管理世界,0,产业园区是我国促进技术进步、保证产业链供应链安全稳定的重要制度设计和支撑力量，如何发挥好产业园区对产业创新发展的引领作用，推动产业持续创新发展是我国实现高质量发展的重要议题。本文聚焦苏州工业园区生物医药产业，创造性地引入了以前瞻性为引领、以主动性为驱动的“靶向引领”概念，并基于1994～2017年的企业专利数据，运用回归合成法，实证分析了靶向引领对园区产业创新的影响及作用机制。研究发现，靶向引领显著促进了园区产业创新，“靶向定位”和“靶向深化”保证了该促进作用的长期效率，且经过一系列稳健性检验后结论依然成立。机制分析表明，靶向引领能够通过企业自身的人才集聚、企业间的技术扩散以及园区产业整体的技术专业化优势推动园区产业的创新发展。此外，进一步分析发现，靶向引领对园区所在城市的产业创新发展存在正向溢出效应。本文的研究结论为优化我国产业园区发展方式和进一步落实创新驱动发展战略提供了启示和参考。
2024,预期引导、经济韧性与宏观经济治理,陈雨恬;杨子晖;温雪莲,预期引导;预期管理;经济韧性;宏观经济治理,管理世界,0,在社会预期偏弱、风险隐患较多的背景下，如何完善宏观调控机制、提升经济金融韧性，引起了学术界与监管当局的高度关注。基于此，本文基于预期引导这一崭新的研究视角，准确刻画了我国的市场预期，厘清了悲观与乐观预期在不同市场条件下的异质性传导机制，并全面剖析了预期对经济韧性的支撑作用。本文研究发现，我国金融市场的预期传导过程，存在着显著的不对称现象，市场对悲观预期更为敏感。同时，韧性测度结果表明，近年来，在国内外风险冲击下，我国宏观经济整体呈现较好韧性，而金融系统对风险冲击的抵御能力也出现了持续性的提升，金融市场韧性不断增强，这进一步佐证了我国经济韧性强、长期向好的基本面不会改变。此外，本文的分析结果显示，乐观预期传导强度的走高与悲观预期传导强度的转弱均能显著提升我国宏观经济与金融市场的韧性，因此，我们必须更加积极主动地开展前瞻性的预期管理工作，进一步完善宏观经济治理，增强宏观经济与金融市场韧性，从而有效地稳定宏观经济大盘，实现经济的高质量发展。
2024,缓解劳动力市场势力的制度安排：最低工资的视角,李辉;邹先强;李瑶;尹恒,劳动力市场势力;劳动折价率;最低工资;资源配置,管理世界,0,缓解劳动力市场势力，是改善劳资收入分配、实现共同富裕目标的关键所在。本文借助2007～2016年全国税收调查数据，直接在微观层面估计了企业的劳动力市场势力，结果显示中国制造业劳动折价率均值为1.677，意味着工人只能得到其边际产出的59.6%。随着时间演进，样本期内劳动折价率迅速下降，劳资收入分配状况明显改善。基于上述估计结果，本文考察了最低工资制度的影响。研究发现：第一，最低工资显著弱化了企业的劳动力市场势力。根据最为保守估计结果，最低工资上涨10%，劳动折价率平均下降0.48%。据此推算，最低工资的提高能够解释样本期内劳动折价率变化的12.05%。第二，在不同竞争程度的劳动力市场中，最低工资的就业效应存在显著差异。第三，最低工资还会降低地区—行业内劳动折价率的离散程度，改善资源配置效率。本文研究深化了对于劳资收入分配和最低工资制度的理解，为新时期推进要素市场化改革提供了有益启示。
2024,电力需求响应信号与新能源制造企业绩效,孙传旺;占妍泓;徐梦洁,需求响应信号;新能源制造业;企业绩效;尖峰电价机制;双重机器学习,管理世界,0,在碳中和背景下，电力系统运行模式由“源随荷动”加速向“源网荷储”智能互动转变。这既突出了电力需求响应在调节和优化资源配置中的重要作用，也对支撑新型电力系统建设的新能源制造业发展提出了更高要求。本文聚焦尖峰电价机制这一强烈的需求响应信号，利用双重机器学习方法的改进应用以及风电和光伏制造业样本考察了电力需求响应信号对新能源制造企业绩效的影响。研究发现，尖峰电价机制显著改善了风电和光伏制造企业的经营绩效。其背后机理是：尖峰电价机制一方面释放了风光制造市场的需求扩张信号，推动企业增加投资以拓宽市场，实现规模上的扩容发展；另一方面，也传递了风光制造产品的需求偏好转变信号，激励企业加快数字创新以提升供给质量，实现技术上的迭代升级。进一步分析表明，尖峰电价机制释放的市场信号越强，或风电和光伏设备产品的市场潜力越大，尖峰电价机制对风光制造企业绩效的改善作用就越明显；当企业面临的创新压力更大，或企业自身的创新能力更强时，尖峰电价机制的绩效提升作用也更加突出。本文不仅为健全适应新型电力系统的电价机制提供了学理支持，而且为推动新能源产业高质量发展的政策设计提供了思路启示。
2024,财政与货币系统关联效应研究——兼论中国现代财税金融体制建设,姚东旻;苏代钰;蒋婉蓉;张容瑜,财政;货币创造;“双主体”货币调控体系;现代财税金融体制,经济研究,0,主流理论未充分探讨“财政”与“货币”间的有机联系，“建立现代财税金融体制”的要求，需深入认识“财政”与“货币”间的关联效应。本文在构建财政影响货币系统的综合性分析框架基础上，探索了财政部门影响货币流通的制度基础、传导渠道及调控能力。研究发现：第一，国库集中收付制度、由财政部门履行对国有商业银行出资人职责的制度和财政性信贷制度，赋予了财政部门影响货币创造的能力。第二，财政部门对货币市场形成了强大的影响力：在货币供给方面，国库存款是影响广义货币的重要原因，并且国库存款对货币供给的影响具有明显的周期性特征；在公共金融产品生产方面，近10年，财政性信贷相对商业性信贷的占比呈上升趋势，2022年金融机构贷款中有11.04%—31.29%的信贷属于财政性信贷。第三，用公开市场操作对冲国库收支扰动，用结构性货币政策工具配合财政生产公共金融产品，用国有金融资本的财政出资人特征拓展政府债空间，通过履行对国有商业银行的出资人职责配合央行宏观审慎管理。
2024,中国市场化利率调控体系改革思考,张成思,中央银行;货币政策;准备金利率;利率走廊;利率地板,经济研究,0,利率走廊和利率地板体系是市场化利率调控体系的可选模式，不同模式的选择与银行体系准备金充足程度相关。本文基于中国准备金相对充足程度视角研究现行市场化利率调控体系的改革逻辑，以期提高短端与长端利率调控的一致性，提升货币政策调控效果。本文将准备金充足程度划分为稀缺、海量和中等规模三个层级，依据这三个层级讨论中央银行如何选择不同的市场利率调控方式以优化调控效率。在具体分析中，我们考察准备金规模分别与准备金需求及中央银行公开市场操作交易两端主体（即中央银行和其他银行机构）的可交易资产规模对比情况，分析中国银行体系准备金相对充足程度的动态变化趋势。上述指标动态演化趋势及我国中央银行前期实践基础表明：我国准备金规模有逐渐靠近中等层级的趋势，利率调控体系具有灵活选择的空间。未来可以考虑在公开市场操作基础上，将准备金利率纳入货币政策工具箱，依据现实情况灵活选择市场化利率调控体系；通过调整政策利率，引导市场化利率的趋势性变化，提升短端与长端利率调控趋势一致性。这可以作为中国市场化利率调控体系的改革选项。
2024,绿色转型发展中的财政激励与协同治理——来自“山水工程”试点的证据,祁毓;杨春飞;陈诗一,绿色转型;财政治理;激励与协调;山水工程,经济研究,0,绿色转型发展既要考虑生态系统的整体性改善，又要考虑如何通过高水平保护支撑高质量发展，而财政治理的激励功能和协调作用契合了生态环境治理过程中解决激励问题和推动合作治理的需要。本文以中国“山水林田湖草沙一体化保护与修复工程”（以下简称“山水工程”）为例，阐释央地分权框架下财政治理如何通过“事权与支出责任匹配”和“项目制”方式解决地方政府生态环境治理激励不足和协调不畅的问题。基于一套丰富且独特的数据集，采用双重差分方法，识别“山水工程”所蕴含的以财政为基础的系统性治理模式在推动绿色转型发展中的作用。实证发现，“山水工程”在短期内使得生态环境状况呈现出整体性改善趋势，体现出较好的激励和协同效果，且经过一系列检验后结果依然稳健。异质性分析揭示了合作模式、财政能力和环境本底基础对政策效果的影响差异。进一步检验发现，上述治理成效得益于“山水工程”对地方形成了积极的政治激励、绿色协同激励和经济激励。本文研究有助于揭示财政在生态环境治理中的独特作用，对环境分权、环境治理合作、项目制等理论具有明显的文献贡献，也为进一步推动经济社会全面绿色低碳转型和生态产品价值实现提供了政策启示。
2024,分而治之：税收组织结构与企业关联交易避税,陶东杰;赵奎,组织结构;国税总局特派办;关联交易;企业避税,经济研究,0,本文以2017年和2019年两批6个国家税务总局特派办设立为准自然实验，基于2015—2021年A股非金融类上市公司与其母子公司形成的“公司对”层面的关联交易大样本数据，运用双重差分法研究了税收组织结构优化对企业集团关联交易避税的治理效应。研究发现：特派办设立通过优化管理幅度提升了跨区域税务稽查组织效率，有效抑制了企业集团关联交易避税。进一步地，对于民营、占关联公司的股权比例较高等避税动机较强的上市公司，上述效应更加明显。机制分析发现，特派办的设立有效抑制了企业集团利用母子公司双方有效税率差异进行关联交易避税，如利用高新技术企业税收优惠、小微企业税收优惠、亏损企业税收结转政策等。拓展分析表明，特派办设立显著提升了地方税收能力。本文首次评估了国税总局特派办的组织绩效，为税务部门通过组织结构优化提升其征税能力提供了政策启示。
2024,产业间要素配置与贸易网络地位,王孝松;周钰丁,要素配置;贸易网络;经济转型;新型工业化;数字经济,经济研究,0,在生产、销售全球化背景下，一国可以凭借其在贸易网络中的地位，从国际贸易往来中获取更大利益，并逐步提升自身的经贸话语权，而这一过程与合理的生产要素配置密不可分。作为我国经济增长的重要基石，以制造业为代表的工业化体系在过去较长时间内得到了长足的发展。然而，近年来，受多方面因素影响，工业体系的要素配置水平呈快速下降趋势。基于理论与实证分析，本文研究表明，制造业生产要素配置水平的过快下降将导致我国产业在全球贸易网络中偏离核心枢纽位置，且主要表现在出口贸易网络中。机制分析表明，要素配置水平的过快下降将导致资源错配加剧、生产成本上升、地区创业热情萎缩，进而作用于产业在全球贸易网络中的地位。而丰裕的人力资本、新型工业化进程的推进、完善的市场机制与积极的产业政策则显著缓解了上述不利影响。在“保持制造业比重基本稳定，巩固壮大实体经济根基”这一发展理念的背景下，本文的研究结论对我国下一阶段经济转型过程中，特别是新型工业化与数字经济发展进程中，相关产业政策的制定提供了有益参考。
2024,数据要素成为中国经济增长新动能的机制探析,刘涛雄;张亚迪;戎珂;周迪,数据资本;经济增长;外溢效应;数据互补性,经济研究,0,"本文重点关注数据资本影响中国经济增长的内在机制。本文提出数据采样模型，将数据作为有意识生产积累的结果，而不是副产品引入增长模型，引入内部数据和外部数据之间的替代性以考察数据非竞争性的作用,理论分析发现内外部数据互补性程度会影响数据对增长贡献的大小，数据影响增长存在通过促进创新和直接作用于生产部门这两个基本渠道。利用省际数据资本存量和面板模型的实证结果表明，同数据采集、数据清洗和存储阶段积累的数据资本相比，数据加工阶段所积累的数据资本对经济增长的贡献更大。特别是利用空间面板模型发现，数据资本在现实中的溢出效应很小甚至为负，数据资本非竞争性的特点可能没有理论预言的那么强，甚至产生一定的“虹吸”效应。数据资本既可直接作用于生产活动，也可通过创新活动间接作用于生产，但是通过促进创新发挥的作用远弱于前者。因此，若要数据真正成为未来中国经济增长的新动能，迫切需要通过加强数据要素市场建设促进数据的流通、汇聚和分享，并充分发挥数据对研发与创新的促进作用。"
2024,以互联式创新网络枢纽节点为靶向的中国创新激励政策——基于组合式知识生产函数的探讨,安同良;闻锐,数字经济;互联式创新;组合式知识生产函数;枢纽节点;精准滴灌式创新激励,经济研究,0,互联式创新已成为数字经济时代创新的底层逻辑，而创新主体在互联式创新网络中的位势决定着其创新绩效，因而实施以互联式创新网络枢纽节点为靶向的精准滴灌式创新激励政策才是创新治理的未来方向。本文梳理了中国创新激励政策的演化趋势，基于互联式创新网络，构造了创新主体的组合式知识生产函数，建立了以知识搜寻、组合并创生新知识的创新行为模型，并应用2013—2022年ICT领域互联式创新网络数据，分析了中国以互联式创新网络枢纽节点为靶向的精准滴灌式创新激励政策的实际效果。结果表明：研发补贴、税收优惠等创新激励政策对网络中高中心度的枢纽节点效果更好，枢纽节点对互联式创新网络的结构以及整体创新绩效的提升起到了至关重要的作用。同时，数字技术可帮助创新主体提高中心度、成为创新的枢纽节点，而大企业、国有企业与高校更具备成为枢纽节点的潜力。文章揭示了数字经济时代互联式创新的行为机理，为中国创新激励政策从工业经济时代大水漫灌式向数字经济时代以枢纽节点为靶向的精准滴灌式转变提供了理论支撑，更为应对日益严重的贸易摩擦与知识围堵提出了辩证对策。
2024,产业链融入与企业创新——基于微观企业数据的产业链测度新方法,陈林;陈臻;张玺文;龙菲,产业链;企业创新;产业链融入度;产业链关联度;创新链产业链融合,经济研究,0,“创新链产业链资金链人才链深度融合”是当前国家的重大战略，不同链之间如何实现深度融合富含理论与实践价值。已有研究中产业链的量化框架较为缺乏，本文尝试使用人工智能技术分布式抓取爱企查、商商查、各地区招投标公告及上市公司年报中的企业关联信息，依托Acemoglu等以有向图数学理论改良投入产出表的思路，采用深度优先搜索算法构建全产业链图谱数据库，测算产业链的内部关联度、质心度等指标，并测出每个链上企业的产业链融入度，最终构建出一个产业链测度的理论框架与新方法。结果表明，融入产业链能有效激励企业创新绩效，并通过知识溢出、规模经济等产生积极作用。该效应会因链主企业性质、产权性质等呈现出显著异质性，更充分的行业竞争亦能强化产业链的创新效应。本产业链量化框架，可为国家现阶段实施的提高产业链韧性、创新链产业链融合、创新驱动发展等战略提供分析范式与决策参考，具有实践指导意义。
2024,企业数字化转型、策略性绿色创新与企业环境表现,王镝;章扬,企业数字化转型;企业环境表现;策略性绿色创新;绿色债券,经济研究,0,进一步推动企业数字化转型、完善绿色金融体系，对提升资源配置效率、促进企业绿色低碳转型、引导资源性产业有序发展等高质量发展目标具有重要意义。本文以2009—2022年中国A股4748家上市企业为样本，实证检验和分析了企业数字化转型对企业环境表现的影响及其内在机制。研究发现：企业数字化转型显著提升了企业的环境表现和绿色创新，人工智能技术、大数据技术、云计算技术和技术实践应用对企业环境表现均起到了积极作用；在政企之间存在信息壁垒、创新监管政策滞后的情况下，企业存在策略性绿色创新行为；绿色债券带来的巨大资金激励扭曲了企业数字化转型对于企业实质性绿色创新的促进作用。国有企业相较于非国有企业而言，企业数字化转型对于环境表现的促进作用更为明显。在绿色债券资金激励下，非国企更倾向于采取策略性绿色创新行为，国企更倾向于采取实质性绿色创新行为；制造业企业、非重污染行业更倾向于采取策略性绿色创新行为，非制造业企业、重污染行业更倾向于采取实质性绿色创新行为。本文研究结论为进一步落实企业数字化转型战略和完善绿色创新监管体系提供了科学支撑。
2024,实现高质量发展与生态安全的良性互动——以习近平经济思想与习近平生态文明思想推动绿色发展,黄承梁;潘家华;高世楫,习近平经济思想;习近平生态文明思想;高质量发展;生态安全;绿色发展,经济研究,0,安全和发展是一体之两翼、驱动之双轮。党的二十届三中全会提出坚持系统观念，处理好发展和安全等重大关系，强调国家安全是中国式现代化行稳致远的重要基础，要强化一体化国家战略体系，增强维护国家安全能力。生态安全是国家安全的重要组成部分。当前，我们比历史上任何时候都要更加重视生态文明建设，推动我国生态环境保护发生历史性转变，取得历史性成就。但也要看到，一些地方和部门在实践中孤立地、断章取义地就环境论环境、就生态论生态，采取了“一刀切”式方法简单、态度粗暴的错误做法，对经济发展、民生福祉都造成了一定程度的损害。要认真学习研究和深刻把握党的二十届三中全会关于发展和安全的主旨要义、深刻内涵，在习近平经济思想与习近平生态文明思想指导下更好统筹高质量发展和高水平保护，实现高质量发展与生态安全的良性互动，着力推动绿色发展。
2024,《经济研究》编辑部关于发布论文扩展资料的公告,,,经济研究,0,<正>《经济研究》是中国社会科学院主管、经济研究所主办的综合性经济理论类期刊，创办于1955年。本刊坚持学术性、时代性、创新性和前沿性，致力于发表关于中国特色社会主义经济建设事业中重大现实问题的高水平理论研究类文章，在国内外产生了重要而积极的影响，多年多次获得各种奖项。2014年、2018年和2022年，本刊连续被中国人文社会科学期刊综合评价指标体系(AMI)评为“顶级期刊”。
2024,人力资本空间配置的社会福利效应研究——基于量化空间一般均衡模型的分析,刘华;王姣;陈力朋,人力资本;溢出效应;福利改进;量化空间均衡,经济研究,0,优化人力资本空间配置能够通过人力资本外部性和技能互补提高生产率和创新，是应对人口增速放缓新形势的重要手段。本文构建了一个包含异质性劳动力生产率溢出和公共服务溢出的量化空间一般均衡模型，探究中国人力资本空间配置优化的福利效应及实现最优配置的可行财政政策。研究发现：在有劳动力跨技能类型生产率溢出和公共服务溢出的空间经济中，人力资本空间配置优化可以明显提高社会福利；实施从高技能工人（和高工资城市）到低技能工人（和低工资城市）的再分配政策能够实现人力资本的空间优化配置，使得经济状态达到帕累托有效前沿；相对目前中国人力资本的空间分布，均衡状态时人力资本的空间分布呈现出高技能人才区域布局更均衡的特征。本文为研究异质性劳动力跨技能类型溢出效应和人力资本空间配置优化问题提供了一个理论分析框架，研究结论可为中国推动人才区域合理布局和全国统一大市场建设提供理论依据。
2024,中国式管理会计体系变革：从数据要素到数据资产,王艳;杨达,管理会计;数据要素;数据资产;共享价值;案例研究,管理世界,0,数据是重要的生产要素，随着财政部印发《企业数据资源相关会计处理暂行规定》，管理会计应当主动迎接数据要素资产化的机遇与挑战，推动新时代新征程管理会计工作的新发展。本文通过对南方电网的数字化战略变革纵向案例研究发现，数据价值实现和管理会计变革是企业从传统管理会计控制系统向共享价值式管理会计系统转变的两个关键阶段，前一阶段是企业通过数据要素到数据资产跃迁、实现价值变革的过程，后一阶段是企业数据资产化“逆推”管理会计体系内嵌、实现范式变革的过程。本文最终提炼出“中国式共享价值管理会计体系”模型，体现企业创造共享价值的动因、过程和结果。模型构建了一个由数据要素作为核心驱动力的链条，数据要素首先推动管理会计领域的创新实践，进而助力企业创造共享价值。该模型以数据要素为核心驱动力，不仅深化了战略管理会计变革的过程性理论研究，更展现了我国独特的数据确权与数据资产化国家政策，为中国式管理会计体系的创新与发展提供的制度激励机制。总之，该模型不仅吸收了西方的管理控制思想和资源理论，还强调了共享价值的导向。基于此，学术界与实务界应强强联合，立足于构建中国自主管理会计知识体系的战略视角，对该理论模型和相关案例进行持续研究，提升管理会计隐性应用知识的显性化，为我国管理会计应用和发展提供专属性支持。
2024,对外开放制度创新、全球创新网络嵌入与中国科技国际影响力,成程;王一出;田轩;张军,自贸试验区;制度创新;创新质量;中国科技国际影响力;复杂网络,管理世界,0,党的二十届三中全会决定中指出，“必须坚持对外开放基本国策，坚持以开放促改革，依托我国超大规模市场优势，在扩大国际合作中提升开放能力，建设更高水平开放型经济新体制”。自贸试验区作为对外开放制度创新的先锋阵地，为区内企业开展国际化研发，融入全球创新网络，创造更具国际影响力的科研成果带来了重要契机。本文基于对2010～2020年3472家A股上市公司及15.2万家子公司地理位置的精准识别，考察了自贸试验区对企业创新绩效的影响。研究发现，自贸试验区政策可以显著提高区内企业创新产出，形成更加具有国际影响力的科研成果。促进融资优化、强化人才引进、助力海外扩张以及增强全球创新网络嵌入是自贸试验区提升区内企业创新绩效的有效渠道。在进一步分析中，本文利用自贸试验区边界上251.2万家企业的数据进行了地理断点回归分析，发现自贸试验区也可以促进非上市企业创新成果国际影响力的显著提升；自贸试验区对中国专利海外引用的提升并非只是“眼球效应”，而是通过真实地促进区内企业产出更具原创性、通用性以及突破性的高质量创新成果，有效提升了中国科技的国际影响力；区内企业科技成果国际影响力的提升，可以显著促进企业国际化经营并提高企业全球价值链地位。本文的发现为优化我国“线性”创新激励政策，推动自贸试验区服务“创新驱动发展”国家战略提供了有益启示。
2024,控制权转让场景下的表决权委托与企业绩效,李邈;郑志刚,表决权委托;企业绩效;信息不对称;控制权转让;投资者权益保护,管理世界,0,近年来，资本市场中的一些上市公司股东将表决权委托给收购方以转让控制权，最终形成控制权向实际控制人倾斜的股权结构。然而，股东委托表决权的动机和影响仍未得到充分认识。本文从信息不对称角度出发，利用2015年至2021年间A股市场中发生过控制权转让的上市公司样本，实证考察了表决权委托的形成动因及对企业绩效的影响和路径。研究表明，缓解控制权交易中双方的信息不对称问题是表决权委托签署的潜在动因。表决权委托实现了交易双方的正向利益绑定，促使委托方加强信息传递和沟通，进而缓解管理层人员流失，促进创新产出，最终改善企业长期绩效。拓展性研究表明，受托方可能存在“隧道挖掘”行为，且在提前约定受限股份的后续转让时更为严重，而内外部治理机制的加强则有利于缓解这一负面问题。本文拓展了股东投票权协议、控制权变更和投资者权益保护等领域的现有研究，并为强化信息披露监管、防范表决权委托的道德风险提供有益参考。
2024,小农户与现代农业衔接的机制和关键因素研究——基于合作社和供应链金融的视角,刘晨冉;耿伟栋;刘冲;吴比,小农户;新型农业主体;农村金融发展;供应链金融;农业现代化,管理世界,0,加快构建新型农业经营体系，推动小农户和现代农业发展有机衔接，是全面实施乡村振兴战略、加快农业农村现代化的必然要求。本文整合了全国工商登记注册信息、农村固定观察点调查、新型农业主体专项抽样调查等多个来源的微观数据，通过回归分析发现农户的农业生产率和现代要素投入随着农村金融发展出现显著提升，但正规信贷并未发生普遍扩张，而是呈现出与合作社发展水平的正向关联。在理论探讨与案例分析的基础上，本文认为上述发现的潜在机制是：农村供应链金融模式基于小农户与合作社的生产关联和利益联结，实现了金融发展红利沿产业链间接传导和外溢。对此，本文通过回归分析给出了农村金融供给促进合作社自身发展并进一步带动小农户农业生产经营现代化的支持性证据。本文的研究结论呼吁，在金融支持小农户与现代农业有机衔接的过程中，一方面要继续着力推动农村金融改革发展，不断提高农村金融供给水平；另一方面也要更加重视“新型农业主体+小农户”的现代农业经营体系及以此为基础的供应链金融模式的潜在作用。
2024,技术革命、生产方式变革与企业组织结构调整,戚聿东;徐凯歌,数字经济;组织结构;技术革命;复杂系统思维,管理世界,0,实现企业组织结构数字化变革是做强做优做大我国数字经济、打通束缚新质生产力发展堵点卡点的关键所在。本文在唯物史观视域下，结合经济史证据，基于马克思机器大工业理论和劳动分工理论，阐明了“技术革命—生产方式变革—组织结构调整”的内在机理，指出工具机革命不断延长了生产方式的迂回性，而组织结构变革的实质是组织内部分工对迂回生产方式的适应性调整。基于技术演进和价值创造的双维度视角，追溯了组织结构演进的底层逻辑，揭示了复杂性技术导致组织结构在纵向设计上从高度集权走向分权，并在横向设计上呈现跨界连接的特征；价值增殖过程中数字化生产资料和活劳动日趋融合，催化了组织结构纵向扁平和横向贯通的趋势。在此基础上识别出数字经济时代组织变革制约要素背后的悖论关系，提出须利用复杂系统思维化解悖论困境，构建适应数字经济时代的组织结构调整框架。本文总结提炼了与数字经济内在规律和发展趋势相适应的企业组织结构创新理论，对于创建中国自主管理知识体系具有重要的理论价值，为政府制定支持企业组织变革的相关政策提供了参考，对于指导企业进行与数字经济相适应的组织结构调整具有重要现实意义。
2024,上游垄断与市场化改革的“供给悖论”——基于全面取消药品价格管制的研究,钟洲;王麒植;阮睿;陈思明;王红梅,药价改革;全面深化改革;上游垄断;反垄断,管理世界,0,全面取消药品价格管制改革于2015年实施，打破了实施近20年的药价管制制度。管制的取消旨在发挥市场在资源配置中的积极作用，缓解药品供给不足。然而在改革后，许多药品的供给不足并未得到根本改善，部分药品甚至遭遇了更为严重的短缺。本文对这一“供给悖论”进行了研究。传统观点认为取消价格管制能够激发上下游企业的供给意愿，而本文通过一个理论模型发现，下游供给在市场化改革后的变化与产业链结构密切相关。在“上游垄断、下游竞争”的产业链结构下，取消价格管制反而会为上游垄断企业创造减产、涨价的机会，并进一步向下游传导，抑制药品供给。本文利用2007～2018年中国原料药企面板数据进行的一系列实证研究验证了理论推演的结论。本文表明，市场化改革的全面深化涉及横向和纵向两个方面。在后续改革中，应重点关注产业链垄断环节对竞争性环节市场化改革的潜在影响。在推动能源、铁路、电信、水利、公用事业等行业竞争性环节“放得活”的同时，应强化对上游垄断环节“管得住”，通过竞争政策与市场化改革措施在事前、事中、事后全环节的有机结合，充分发挥市场在资源配置中的决定性作用，更好发挥政府作用。
2024,特岗教师、乡村教育与人力资本代际流动,宋弘;罗吉罡,代际流动;人力资本;特岗教师;乡村教育,管理世界,0,为农村学生提供优质的教育，加快其实现人力资本的向上代际流动，是阻断贫困代际传递、稳定脱贫长效机制的重要举措。在此背景下，本文从理论和实证层面探究我国乡村特岗计划对人力资本代际流动的影响，并构建分析框架量化区分影响代际流动的机制。本文发现：第一，特岗计划显著促进了人力资本的向上代际流动，子代的受教育年限和认知能力等指标及其分位数相较于父代都得到提升，但政策对非认知能力的代际流动作用不明显。第二，政策的效应随招聘的特岗教师数量而增强；政策对西部地区学生、男生、低收入家庭的学生有更强的效应；特岗教师与当地传统教师资源间可能存在协同效应。第三，政策的作用机制体现为：一方面，政策使子女接受了比父辈更高质量的义务教育，扩大了其与父母的人力资本差距；另一方面，义务教育质量的提升又进一步提高了子女未来的受教育年限，从而再次扩大与父母的人力资本差距，根据量化估计，两次流动具有几乎同等重要的作用。本文的研究，为共同富裕和乡村振兴背景下，提高农村地区人力资本代际流动、巩固拓展脱贫攻坚成果提供了新的启示。
2024,中国农机服务市场的转型机理及其政策选择,仇童伟;章丹;罗必良,农机服务;组织转型;交易转型;技术转型,管理世界,0,发展农业社会化服务是推进中国式农业现代化的重要内容之一。但中国农机服务市场正呈现出跨区作业萎缩、服务组织本地化的转型态势。这一重要转型不仅影响农业的要素配置及其经营绩效，而且与国家粮食安全紧密关联。利用江苏、吉林、四川三省调查数据，本文分别考察了农机服务组织转型以及由此引发的交易转型和技术转型。研究表明：农机购置补贴政策、农地流转市场发育与农机服务的交易费用，诱发了农机跨区服务组织的式微与本地服务组织的活跃，从而呈现组织转型的趋势。与此同时，本地农机服务组织转入农地的概率显著提高，呈现组织转型诱导农地流转的交易转型。此外，农机服务组织转型还伴随着因农机装备质量下降而抑制农地产出率提升，进而呈现出值得重视的技术转型特征。其中，农机服务市场转型与农业生产的纵向一体化，使得粮食种植与效率保障均面临着新的挑战。文章认为，当前应该在释放农机跨区服务的专业优势、组织优势和存量优势基础上，加快推进非跨区服务重点区域的本地化服务体系建设，并通过优化农机服务组织建设、有序引导农业要素市场发育、实施“购置补贴+质量提升”等策略，提升农业经营效率。
2024,短期信贷与银企双向寻租：存在证据与形成机制,李惠竹;王振山;刘井建,短期信贷;寻租;垄断租金;信息租金;流动性风险,经济研究,0,本文基于我国非金融企业债务短期化的融资异象，深入剖析信贷参与双方的利益诉求和关系特征，从银企双向寻租的视角探讨企业短期信贷蕴含的租金成本。针对我国2008—2023年沪深A股上市公司的实证研究发现，短期信贷配置产生了超额手续费和招待差旅费，从供需两端形成了包括银行租和企业租在内的双重租金成本。本文利用产业政策和资管新规的外生政策冲击检验，以及与房价相关联的企业抵押品价值的工具变量分析，验证了结论的可靠性。渠道机制分析表明，在银行租方面，短期信贷强化了商业银行融资主导地位以及信息独占优势，进而催生了垄断租金和信息租金；在企业租方面，短期信贷加剧了企业流动性风险而强化企业信贷寻租动机，最终形成了银企双向寻租行为。异质性分析发现，宏观层面的宽松货币政策和金融市场化以及微观企业的资产专用性和民营属性有助于抑制短期信贷寻租。后果检验发现，短期信贷寻租降低了企业资本投资效率和研发投资水平，产生了“绊脚石”效应。最后，短期信贷中银企寻租行为存在互动关系。本文的研究为优化企业融资结构、改善银企关系以及深化金融供给侧结构性改革提供了借鉴。
2024,银行业对外开放与内资银行竞争和发展——兼论统筹银行业开放与安全,罗知;刘岩;陆利平;刘成,金融开放;银行业竞争;外资银行;分支机构布局,经济研究,0,加快金融业的高水平开放、提高参与国际金融治理能力是我国构建制度型开放新体制的重要组成部分。然而经过40多年的银行业开放，我国外资银行无论是数量还是资产规模与内资银行相比仍然相差悬殊。新一轮的银行业开放究竟能否促进银行业竞争、推动内资银行业发展，存有疑问。本文梳理了中国银行业开放的历程，论证了中国银行业新一轮开放对金融强国建设的必要性，并利用银行分支机构数量作为银行业发展的代理变量，从微观层面考察开放对我国银行业发展的影响。研究结果显示：（1）能够从事人民币业务的外资银行数量增加（集约边际）可以显著提高内资银行分支机构的数量。（2）首次引入能够从事人民币业务的外资银行（扩展边际）也会使得内资银行分支机构显著增加。这说明银行业市场开放本身就具有相当重要的意义。（3）由于竞争实力的不同，内资银行受到的影响存在异质性，五大国有银行、股份制银行和异地城市商业银行的分支机构数量增加，竞争实力较弱的本地城市商业银行的分支机构数量减少。（4）外资银行的资产规模对内资银行业的促进效应存在异质性。这些结论都证明外资银行开放通过加剧竞争推动了内资银行业的发展。更进一步，本文归纳总结了银行业开放背景下金融安全内涵的演进过程，结合实证研究结果、银行业发展现状分析论证了统筹银行业开放与金融安全的可能性，并提出了我国银行业对外开放高质量发展阶段的政策建议。
2024,财政转移支付的再分配效率及共同富裕效应,周强;李阳;罗楚亮,相对贫困;再分配效应;转移支付;共同富裕,经济研究,0,本文以低收入相对贫困人口为研究对象，创新性地引入分段识别方法，并在加总综合指数过程中分步引入时间因素和不平等厌恶系数，构建了具有可加性、可分解性和分配敏感性的长期相对贫困指数，进而将其分解为适合动态测度低收入人口相对贫困状态与收入分配关联性的系列指数。实证分析部分，本文采用CFPS调查数据，在识别长期相对贫困对象的基础上，分解测度了财政转移支付对低收入人口的长期再分配效率与共同富裕效应。研究发现：我国低收入人口的相对贫困发生率在2010—2020年下降了13.67%，但目前仍处于较高水平。与农村相比，城市低收入人口的长期相对贫困发生率更高、平均贫困持续时间更长，然而农村长期相对贫困家庭的不平等程度更高。进一步分析发现，财政转移支付的再分配具有累进性，对长期相对贫困家庭产生了“减贫—溢出—赋能”的多重效应，且在改善总体不平等程度的同时，使低收入人口的收入增长率高于平均水平，从而产生共同富裕效应。
2024,中国服务业内部结构分化之谜：偏向型开放视角的解读,唐保庆;高凯;孙桂玉;高彦彦,偏向型开放;财政分权;服务业;结构分化,经济研究,0,中国以经济型服务业快速增长和非经济型公共服务业发展相对滞后为特征的服务业内部结构分化现象与其他国家存在明显差异。本文构建政府产业选择理论模型，从服务业偏向型开放视角研究财政分权制度与偏向型开放的协同效应引发服务业内部结构分化的理论机制。研究发现：（1）偏向型开放给经济型服务业提供了超越公共服务业的发展机遇，在叠加地方政府享有财政分权制度所赋予的资源支配权的背景下，偏向型开放会“引导”地方政府对经济型服务业“超配”资源，财政分权和偏向型开放形成的协同效应推动了服务业内部结构持续分化，这一结论通过了多维度的稳健性检验。（2）上述研究结论随着公共服务行业、地方政府、官员动机、区域等方面的差异而呈现出异质性。（3）要素配置失衡是财政分权和偏向型开放的协同效应推动服务业内部结构分化的重要机制，在控制了其他“替代机制”的情形下，财政分权和偏向型开放的协同效应对服务业内部结构分化的影响依然成立。（4）服务业内部结构分化现象的拐点源于2014年之后偏向型开放程度的扭转，以及地方官员考核方式调整所带来的财政分权与偏向型开放协同效应弱化。本文可以为推动服务业内部均衡发展提供重要的政策启示。
2024,跨境数据流动政策的福利效应：制约因素与跨国协调,王永进;谢芳;王文斌,大数据;跨境数据流动政策;数据规模报酬,经济研究,0,本文构建了一个包含商品贸易与跨境数据流动的一般均衡模型，考察了跨境数据流动政策的福利效应，以及单边放开和双边放开跨境数据流动限制的潜在动机和制约因素。结果表明：（1）全世界范围内的跨境数据流动能够提高各国福利，而区域跨境数据流动政策对非成员国的影响取决于数据的规模报酬。当数据规模报酬较低时，其对非成员国具有“以邻为壑”效应；而当数据规模报酬较高时，则具有正向溢出效应。（2）一国单方面放宽跨境数据流动限制对其他国家的福利具有正向促进效应，而本国的福利收益则与数据规模报酬呈正相关。当数据规模报酬较高时，其单边放宽限制可以显著提升本国福利。（3）由于数据的副产品属性和规模报酬递增属性，各国数据政策之间存在互补效应，即一国单方面允许跨境数据流动也会激励其他国家同样放开数据流动限制，从而实现更大的福利效应。特别是当产业数字化程度较低时，更需要跨国政策协调来推动数据流动。本文对于数字经济时代规范和促进跨境数据流动的政策设计以及跨国数据政策的协调具有重要启示意义。
2024,连带责任、数据交易与信息权益保护,汪浩;张俊妮,连带责任;数据交易;有限责任承担能力;信息权益,经济研究,0,本文讨论连带责任对数据市场效率和信息权益保护的影响。上游数据企业将数据授权给下游服务企业，用于向最终客户提供基于数据的服务。数据中包括敏感信息，因而存在侵犯信息权益的可能，而连带责任意味着上游企业需要为下游企业的侵权行为承担部分甚至全部责任。分析表明，给定合理的处罚力度，连带责任使下游企业有更强的动机滥用数据，同时降低上游企业提供数据的意愿，可能导致对社会有利的数据交易被放弃。如果上游数据企业存在有限的责任承担能力，那么下游服务企业滥用数据的动机减弱，有助于提升市场效率。而如果下游服务企业存在有限的责任承担能力，那么其滥用数据的动机进一步加强，这也促使上游企业更加谨慎地选择交易伙伴。本文还通过Hotelling模型分析当下游服务市场存在竞争时，连带责任对市场效率的影响。与垄断情形类似，这时连带责任仍然会加强下游企业滥用数据的动机、降低数据市场效率。在寡头竞争中，连带责任不会显著影响下游企业的利润。
2024,生产网络视角下的中国经济周期,黄益平;徐诗语;余昌华;杜浩锋;伍晓鹰,经济波动;行业冲击;生产网络;异质性约束;贝叶斯结构向量自回归,经济研究,0,经济周期常被视为总量现象，然而在中国经济结构快速转型的背景下，它还受到各个部门周期性变化以及经济网络结构演变的影响。基于生产网络视角，本文分析了中国经济周期的成因。首先，构建理论模型讨论生产网络的结构特征和转型过程对行业冲击与经济波动之间关系的影响。接着，利用带有异质性约束的贝叶斯结构向量自回归模型，基于中国行业生产率数据库（CIP/China KLEMS），实证识别1978—2018年中国经济周期的源头行业。研究发现：第一，少数主导行业通过投入产出联系驱动了大部分经济波动，且不同时期的主导行业有所变化。第二，资本密集型行业在生产网络中的投入产出联系不断强化，逐步替代劳动密集型行业成为经济周期的主导。第三，建筑和房地产部门作为生产网络中的关键节点，其自身冲击在各行业间广泛传导，同时上下游行业的冲击通过该部门被放大，二者共同塑造了建筑和房地产部门在经济周期中的重要地位。本文揭示了中国经济周期的结构性特征，对于理解宏观经济与产业结构的关系、保持经济稳定增长具有重要的学术与政策价值。
2024,创新链和产业链融合下的产业政策,陈志远;张杰;孙昊;任元明,创新链;产业链;融合体系;产业政策组合;中国产业政策,经济研究,0,本文尝试在创新链和产业链一体化的研究框架下，探索产业政策的实施效果和最优组合。基于创新链和产业链融合的研究思路，本文构建理论模型分析发展中国家在封闭经济和开放经济不同情形下的产业政策最优组合策略以及实施效果。研究发现：在封闭经济下，对生产关键核心技术中间产品的上游企业的生产和研发活动实施补贴或减税导向的产业政策是最优策略；在开放经济下，在区分完全依赖国外上游行业企业的关键核心技术中间产品、国外上游行业企业和国内上游行业企业竞争性供给关键核心技术产品、存在国外上游行业企业关键核心技术中间产品断供风险三种不同条件下，最优产业政策的实施应该具有全覆盖上下游企业的特征。使用遭遇“卡脖子”的中国装备制造业产业的相关上下游行业统计数据进行实证研究发现，针对上游行业或企业研发活动政府补贴支持力度的加大可以拉动下游行业或企业研发投入的增加和产出规模的扩张。本文基于产业链和创新链融合视角论证了国家层面采取产业政策的合理性，也为发展中国家产业政策的最优组合策略和重点改革方向提供了参考。
2024,知识产权制度渐进式改革之路：“有为政府”与“有效市场”的协同演进,孙晓华;唐卓伟;马雪娇;孙瑞,知识产权;渐进式改革;有为政府;有效市场,经济研究,0,知识产权制度是激发创新主体活力和创新驱动发展的基本保障。本文以渐进式改革的制度逻辑为基础，将中国知识产权制度改革分为起步阶段与成熟阶段，构建领先企业创新和追随企业模仿的动态博弈模型，从理论上探究不同阶段的改革措施对企业创新决策的影响机制，通过比较有为政府与有效市场协同演进产生的创新效应，挖掘知识产权渐进式改革的合理性。实证方面，将国家知识产权试点与示范城市建设作为准自然实验，运用微观层面数据对理论假说进行了实证检验。结果发现，起步阶段的知识产权试点城市建设有效促进了创新数量增长，成熟阶段的知识产权示范城市建设则显著推动了创新质量提升。机制检验显示，创新数量增长主要来源于政府主导的数量导向型财政激励，制度成本下降的作用相对有限，创新质量改善则依靠市场化金融激励与强化知识产权保护。而制度环境分析表明，市场化程度与对外开放程度影响着改革效果。本文的研究结论不仅对理解创新体制改革的“中国之治”具有重要价值，而且为新发展阶段优化国家创新治理体系拓宽了政策思路。
2024,中国城市体系的演变与发展路径优化,魏守华;钱非非;吴海峰,城市体系;城镇化路径;大中小城市协调发展;量化空间均衡,经济研究,0,针对近三十年来中国城市体系人口分布的两极分化现象，本文构建一个综合的量化空间均衡模型，阐释向心力的集聚效应、离心力的通勤成本、区位基础以及迁移摩擦对城市规模和城市体系演变的影响。理论模型推演、结构式估计和反事实模拟的结果表明：改善通勤成本或降低迁移摩擦会使特大及以上城市人口持续增长，导致城市体系分布更加集中；均等化集聚效应会显著驱动中小城市人口增长，使城市体系分布向均匀化演变；区位基础的舒适度或生产率均等化将促进中小城市人口增长，而消除城市间房价差异则有助于提升特大及以上城市人口规模。反事实政策评估的结果表明，城市体系均匀化分布会促进社会公平但降低社会总产出，而城市体系集中化分布会提高社会总产出但有碍社会公平。因此，本文兼顾效率与公平，提出未来中国城市体系宜采取“稳两头、促中间”的结构优化道路：以外围中小城市的社会公平和超大城市的经济效率为基础；重点促进都市圈和城市群地区的中小城市发展，引导城市体系由“哑铃型”向“橄榄型”结构转变，构建大中小城市协调发展的格局。
2024,数字平台企业社会价值共创的实现机制——基于美团“青山计划”的纵向案例研究,肖红军;张哲;王欣,数字平台企业;社会价值;价值共创;边界跨越;协同创新,管理世界,0,在社会期望和外部环境动态变化的情境下，数字平台企业如何回应这些变化并开展社会价值创造，正在成为社会各界关注的焦点。本文以美团实施的社会价值共创项目“青山计划”为研究对象，采用“条件—行动策略—影响”的逻辑轴线，探究了数字平台企业通过边界跨越与协同创新实现新生态边界建设和社会价值规模化共创共享的过程机制。研究发现：第一，数字平台企业对其“商业性”与“准公共性”组织身份认知的“张力”和边界跨越者的推动，构成了数字平台企业从“0”到“1”开展社会价值共创的原始动力；第二，数字平台企业社会价值共创过程是基于“动态环境条件—边界跨越者—动态能力—边界跨越—协同创新—社会价值共创共益”的跨层次传导过程。在此过程中，边界跨越和协同创新是实现社会价值共创的关键机制；第三，边界跨越与协同创新之间的螺旋式交互作为数字平台企业社会价值共创行为的“放大器”，最终推动社会价值共创突破规模化瓶颈，实现平台中观层面价值共创行为的宏观社会影响；第四，数字平台企业社会价值共创模式呈现出动态演变性，由“公益式”社会价值共创模式到“共享价值式”社会价值共创模式，再到“共益式”社会价值共创模式，不断迭代升级。
2024,开发区债务增长的机理研究——基于开发区边界的精准识别,毛捷;柏金春,开发区;融资平台;产业转型升级;公共服务设施;隐性担保,管理世界,0,开发区建设和创新发展在推动经济高质量发展中发挥了重要作用。然而，开发区债务持续增长已成为影响开发区可持续发展的一个突出问题。科学认识和管控开发区债务风险的关键在于厘清开发区融资平台债务增长的内在机理。党的二十届三中全会对融资平台改革转型和深化开发区管理制度改革做了重要部署。本文改进了国家级开发区的边界识别方法，以此为基础精准识别开发区内的融资平台及其债务，并利用开发区升格作为开发区建设发展的外生冲击，实证分析开发区融资平台债务增长的具体机制。研究发现，开发区建设发展过程中融资平台债务会显著增长。机制分析表明，一方面，产业转型升级和公共服务设施完善的需求增加是导致开发区融资平台增加举债的重要原因，有助于更好支持国家级开发区发挥综合发展功效；另一方面，隐性担保主体变换和土地资产支持也是导致开发区融资平台债务增长的重要作用机制，加重了开发区债务风险。以上发现有助于理解开发区融资平台债务增长的机理、功效和风险隐患，为防范化解开发区债务风险、完善开发区管理制度进而统筹开发区高质量发展和高水平安全提供了有益参考。
2024,数字企业赋能中国对外贸易方式转型的效率与动力变革——基于中间品成本与需求结构的双重视角,蒋为;龚思豪;李锡涛,数字企业赋能;对外贸易方式转型;中间品成本;需求结构,管理世界,0,数字企业驱动了数字技术与实体经济深入融合，能够深化供给侧效率变革与需求侧动力变革，为推动中国对外贸易方式转型、实现贸易强国建设注入新动能。本文将中间品与消费者双重搜寻匹配纳入异质性企业贸易组织决策的理论模型，从中间品成本下降和需求结构转变的双重视角，考察了数字企业驱动对外贸易方式转型的理论机理，并利用2000～2016年中国微观企业层面数据，对理论预测及其机制进行了计量检验与分析。本文研究发现，数字接近度的增加驱动了本地中间品占比和内需占比的双重提升，从而显著促进了一般贸易出口占比的持续增加，推动了中国对外贸易方式转型。此外，本文基于动态分解模型对中国对外贸易方式转型进行了分解，发现数字企业能够通过“企业内效应”与“企业间效应”决定的集约边际提高一般贸易出口占比，而非通过进入退出驱动的扩展边际。本文从数字企业赋能的视角为数字经济时代探索推进贸易强国建设、实现对外贸易高质量发展的现实路径提供了参考。
2024,数据、生产与宏观经济——一个具有企业数字化的一般均衡理论,李兆睿;许志伟,企业数字化;微观数据生成;一般均衡;正反馈机制,管理世界,0,作为数字经济的核心要素，数据如何影响微观企业的决策逻辑和宏观经济的运行规律，是当下亟待探讨的理论课题。本文将企业的内生数据生成机制引入具有信息摩擦的一般均衡分析框架，研究企业数字化转型对微观决策和宏观系统的作用。微观层面，数据是企业生产经营活动的副产品，有助于企业降低不确定性；宏观层面，数据有助于减小信息摩擦，优化资源配置效率，提高全要素生产率。本文在理论上证明：在一般均衡下，数字经济中存在“微观数据增加→宏观生产率提高→微观数据增加”的正反馈机制，导致企业数字化在促进长期发展的同时也能够放大短期波动。进一步地，本文构建了刻画数字经济的动态随机一般均衡模型，定量分析了企业数字化的宏观影响。在政策建议上，本文的研究表明：短期而言，应重视企业数字化潜在的波动放大作用，加强数字经济中的宏观调控力度；长期而言，应增强企业数据供给激励，优化数据流通渠道，以实现数据驱动的高质量发展。
2024,国际需求冲击如何影响企业产能利用率？——基于产量和产能协调的研究,陈爱贞;赵冬颜;刘志彪,国际需求冲击;产能利用率;产量和产能协调;资源再配置,管理世界,0,新国际竞争格局下外部需求冲击增大，企业如何协调产量和产能以避免产能利用率下降，对中国产业链供应链安全稳定和高质量发展至关重要。本文在梅利茨和奥塔维亚诺（2008）模型框架嵌入内生的产品质量选择，从理论上阐释了负向国际需求冲击对企业产能利用率的影响机理，并计量验证了企业协调产量和产能的应对机制。研究发现，国际需求规模下降引致的生产门槛正效应和质量提升正效应能抵减直接冲击负效应，该过程中企业间和企业内资源再配置能有效地提高产能利用率。进一步分析表明，行业特性具有重要影响，行业创新水平会增强负向国际需求冲击的产能利用率提升效应；对于产能利用程度较低的行业，负向国际需求冲击的产能利用率提升效应主要源于质量升级驱动的产量调整；在竞争水平低的高进入壁垒、低外向度、低产品差异化和低技术密集行业，负向国际需求冲击会引发产能利用率下降，反之，则促进高竞争水平行业的产能利用率提高。本研究为探索如何在应对外部冲击中升级产品质量和产业结构，从而为在“推动经济实现质的有效提升和量的合理增长”中增强产业链供应链安全稳定提供了理论支持和政策参考。
2024,从低位跟随到高位引领：行业引领型企业组织身份形成过程研究,林海芬;刘相彤;苏敬勤,跟随与引领;行业引领型企业;引领型组织身份形成;单案例研究,管理世界,0,构建新发展格局，塑造高质量发展新优势要求中国企业完成从跟随到引领的历史性跃迁，破除隐性身份屏障，蜕变成为行业引领者并构建起与高位引领结果相匹配的引领型组织身份。但什么是引领型组织身份？它是如何形成的？对此，以始于低位跟随并嵌入在战略性基础产业中钢铁产业的青山实业为样本开展单案例研究，系统探索引领型身份的结构特征与形成机理。研究发现：（1）引领型身份拥有三层级结构，自内向外依次包含围绕身份基因的引领性理念层、领先能力与独特形象构成的卓越性内涵层和体现强内部偏好与强外部认同感知效果的优势性感知层。（2）引领型身份形成经历进取型身份构建的单点突破阶段、从进取型身份向先动型身份演进的多发解锁阶段以及最终向引领型身份演进的系统凝结阶段3个阶段，整个过程涉及1次身份构建和2次迭代跃迁，其中身份基因保持稳定。（3）各阶段差异性身份的产生遵循“理念塑造→内涵演绎→认同封装”的过程逻辑，体现由理念层撬动并逐层铺开的辐射涟漪效应。（4）引领型身份形成经历的2次迭代跃迁既是各结构层联动演化的结果，也是各结构层分别在不同刺激与烙印结果、差异性战略行为和差异性认知实践的驱动下实现升级或跃迁的产物。本文通过揭示引领型组织身份的形成过程与机理贡献于相关理论研究并指导中国企业的高位引领跃迁实践。
2024,家族权利束锁定与家族企业创新——基于结构性工具控股家族企业的证据,黎文靖;彭远怀,权利束锁定;结构性工具;家族企业创新;家族企业三角理论,管理世界,0,基于保护、管理以及传承等目的，控股家族为锁定愈发分散的家族权利束日益倾向利用结构性工具控股家族企业。打开家族企业治理黑箱，分析家族内部权利配置方式对家族企业经营决策的影响具有重要理论价值和现实意义。匹配家族企业的多元目标体系，本文引入家族企业三角理论分析结构性工具对家族企业创新行为的影响，以提供理解家族企业治理实践的新视角。研究发现，结构性工具显著促进了家族企业创新，而融资约束缓解和风险容忍增强是重要作用路径；异质性分析发现，创新促进效应在家族管理涉入较深、代际传承之后以及资产规模较小的家族企业中更为显著；拓展分析发现，创新促进效应主要体现在高质量创新而非低质量创新；此外，利用结构性工具控股还能有效抑制家族所有权和控制权的降低。本文的研究沟通理论前沿与中国家族企业治理实务工作，为家族企业治理与传承相关政策的制定提供了重要理论与经验证据支持。
2024,半导体材料后发企业如何实现国产替代？——基于湖北鼎龙的纵向案例研究,杨道虹;王石宇;华健;梅建明;朱顺全,国产替代;半导体材料;同源性技术;机会窗口;动力机制,管理世界,0,半导体材料国产替代是打赢关键核心技术攻坚战、实现高水平科技自立自强的重要任务之一。本文围绕日益增长的半导体材料国产替代需求与中小型企业缺乏与之相适应的国产替代模式这一突出矛盾，以湖北鼎龙为对象展开纵向案例研究，有力揭示了半导体材料后发企业实现国产替代的创新模式与实践路径。研究发现：第一，不同于传统集成创新型和生态导向型国产替代模式，同源性技术创新是湖北鼎龙实现国产替代的关键，其创新过程为中小型专精特新企业突破资源禀赋约束和开展国产替代提供了有效路径。第二，湖北鼎龙国产替代的机会窗口以“技术机会窗口—制度机会窗口—需求机会窗口”的顺序逐次打开，并推动了同源性技术“初始积累—跨界应用—深度转化”。第三，对内外部资源利用方式的结构性调整塑造了湖北鼎龙不同阶段的国产替代动力机制，这也是其实现“技术奠基—单点突破—多维突破”国产替代过程演化的关键。本文围绕模式创新和“机会窗口—同源性技术—动力机制”动态关联视角，填补了当前关键核心技术国产替代理论与机制研究的缺口，为科技封锁背景下我国关键材料后发企业国产替代提供了典型经验。
2024,制造业企业在中国经济双循环中的比较优势分析——基于企业异质性视角,祝坤福;王家荣;李善同,全球价值链;国内价值链;比较优势;异质型企业,管理世界,0,充分发挥异质型企业比较优势，推动产业链供应链优化升级，是加快构建新发展格局、推动建设更高水平开放型经济新体制的关键所在。本文将全球价值链生产分解框架扩展至中国地区层面，并引入企业异质性视角，定量分析异质型企业在省际、国际和双重价值链生产的比较优势动态演变特征。研究发现，在省际贸易日益增强、国际贸易逐渐减弱的背景下，外资企业在高研发强度制造业、内资企业在中研发强度制造业、港澳台资企业在高研发强度和中低研发强度制造业中的比较优势显著，反映了异质型企业在推动中国产业链发展中各尽其能，优势互补的分工特征；不管是全国还是地区层面，港澳台资和外资企业在高研发制造业生产活动中比较优势突出，在产业链分工合作中发挥了重要枢纽作用。本文进一步采用结构分解分析方法重点分析贸易规模和产业链分工水平变化对异质型企业比较优势的贡献，结果表明，各类企业比较优势的提升主要是贸易规模扩大所致，产业链分工水平明显滞后，这一现象在高研发强度制造业中尤为明显。本文的研究结论为提升中国企业在全球产业链中的竞争力、助力经济实现高质量发展提供了政策启示。
2024,共享制造生态系统的协同治理研究：基于问题解决视角,高杰;王燕萍;谢排科;魏泽龙,问题解决视角;生态系统;共享制造;内部市场化;层级制,管理世界,0,在数字化时代，构建“平台+小微”的共享制造生态系统是制造企业转型的典型路径。然而，共享制造面临着“如何设计治理模式以促进成员企业实现共创共享”的挑战。基于问题解决视角，本研究采用纵向案例跟踪法探讨共享制造的治理模式，研究发现：（1）共享制造的治理模式超越了单一的层级制或市场治理，需要依据解决问题所涉及的互补知识集来确定治理的主体与客体，并根据问题的可分解性来选择治理模式。对于创新性高的不可分解的产品设计问题，适合采用基于共识的层级制治理模式，通过成员间的知识共享与共同协商搜寻高质量的解决方案；对于半可分解的质量检测问题，适合采用基于权威的层级制治理模式，平台企业通过集中决策提高搜寻解决方案过程中的知识交换的效率；对于可分解的众多零件的生产问题，适合采用内部市场化治理模式，通过自由竞争和价格机制来提高解决问题的效率。（2）根据不同活动的互补性，治理模式之间还存在互动机制：基于共识的层级制和基于权威的层级制有助于平台分解复杂问题以促进产品模块化，为内部市场化提供基础；内部市场化则有利于小微企业内部采用基于共识的层级制以提高员工技能。（3）共享制造有效融合了层级制的复杂问题分解能力和内部市场化的高效资源配置能力，适用于强调企业间协同创新的生产型平台以及市场复杂性和技术复杂性较高的制造行业。通过整合上述发现，本研究提出了共享制造的协同治理模型，为数字化时代下我国以单一治理模式为主导的大型企业或地理性产业集群向以知识共享为核心的平台转型提供了管理启示，为共享制造生态中的跨主体、跨生产环节的协同治理问题提供了理论解答。
2024,技术范式下的创新发展：技术多样化与技术专业化的经济增长效应研究,冉征;郑江淮,技术多样化;技术专业化;技术范式变革;经济增长,管理世界,0,以颠覆式创新为引领、加快发展新质生产力是推动中国高质量发展的内在要求。本文设计了包含技术范式变革的知识生产函数，构造了技术多样化和技术专业化共存的内生增长模型，基于1985～2017年各省发明专利数据进行实证检验。研究发现：（1）技术范式变革引领了经济增长的周期性波动，缺乏技术范式变革是现阶段中国经济增长率下行的重要原因，当前处于新一轮技术范式变革爆发前阶段。（2）在既定的技术范式下，受知识溢出和范式限制的共同影响，技术多样化的经济增长效应随着地区技术种类增加呈现先增强后衰退的趋势。（3）随着地区中间品平均质量的提升，两类技术创新活动的经济增长效应均出现明显衰减。对加快发展新质生产力的政策含义是，加快加大一系列颠覆性技术基础研究和应用研究投入，实现技术范式加速变革；不断提升产学研合作自由度，优化生产要素创新性配置；因地制宜、因时制宜地进行预见性创新治理，推动各地区产业深度转型升级，先发地区应当完善多主体协同创新体系，推动技术范式变革，使得技术多样化加速涌现，后发地区重点进行有选择地促进技术专业化投资，再逐渐转向技术多样化投资。
2024,工业机器人应用与就业再配置,毛日昇,人工智能;机器人;就业增长;就业再配置,管理世界,0,近年来，集成了人工智能的新一代机器人正在我国快速普及应用。长期来看，机器人在国民经济各领域广泛应用对于提高企业生产效率，促进企业人力资本提升，推动企业数字化绿色低碳转型，缓解老龄化加速和劳动力成本快速上升的不利影响等方面会产生诸多积极作用。与此同时，机器人广泛普及应用同样会引起劳动力在地区和产业层面重新配置，对就业增长和再配置产生多方面影响。本文基于企业税收调查数据（2010～2016）、城市层面数据（1999～2019）、中国劳动力动态调查（2012～2018）微观数据，通过构建城市层面机器人渗透率工具变量，多角度探讨了机器人应用在地区层面的就业影响作用。研究发现：（1）机器人广泛应用显著增强了在位企业的市场优势，促进了市场在位企业总体就业增长，促进了劳动力在不同部门之间的转移，劳动力会倾向于转移到企业平均规模较大的行业。（2）企业加总层面和微观个体层面的经验结论表明：机器人应用显著地提升了企业生产效率，导致就业创造效应放缓的同时也显著降低了就业损失效应，劳动力在地区层面的就业稳定性呈现上升趋势。（3）机器人应用会产生显著的市场外溢效应，促进在位企业就业增长的同时，也会一定程度上放缓新企业进入速度，这也是地区层面总体就业增长率放缓的主要原因和机制。（4）微观数据异质性分析表明：机器人应用对高学历和中间年龄群体的工作转换产生更显著影响，会提升高学历和中间年龄群体追求工作稳定的倾向。这也意味着长期来看机器人应用会促进企业人力资本积累，能够有效缓解老龄化加速和劳动力成本快速上升给企业带来的经营压力。机器人对不同职业类型和性别群体的工作转换影响没有显著性差异。
2024,货币政策、企业金融资产配置与资本收入份额,高蓓;杨翼;张明;李欣明,货币政策;企业金融资产配置;资本收入份额,经济研究,0,为探究经济转型过程中资本和劳动两大要素在货币政策影响下的收入差异，本文在理论分析的基础上，利用2007—2019年沪深两市A股非金融非房地产上市公司的面板数据，实证检验了货币政策对企业资本收入份额的影响，以及企业金融资产配置在货币政策影响企业资本收入份额中的作用。研究结果表明，宽松的货币政策显著提升了企业资本要素的收入份额，且企业金融资产配置加剧了宽松货币政策对企业资本收入份额的影响。货币政策对企业资本收入份额的影响主要通过推动企业资本深化和推高其股票价格实现。异质性分析显示，规模小、融资约束高、劳动密集型企业，金融发展水平较高的区域以及银行流动性囤积较低时期的企业，其资本收入份额在宽松货币政策影响下呈现更快的上升趋势。
2024,贸易政策冲击下的跨国供应链断裂与重构研究,丁浩员;董文娟;余心玎,供应链韧性;供应链重构;贸易政策冲击;不确定性,经济研究,0,近年来各类贸易政策冲击使全球产业链步入深度调整期，“健全提升产业链供应链韧性和安全水平制度”成为当前经济工作的重点。本文基于FactSet Revere全球供应链数据，对中国上市公司的海外供应链关系进行追踪，考察了美国对华加征关税这一贸易政策冲击下中国上市公司海外供应链的变迁动态与重构模式。研究表明：贸易政策冲击显著提高了“断链”风险，但当产品难以替代、契约成本较高或双方具有长期合作基础时，供应链表现出更强韧性。进一步研究供应链重构模式发现，中美企业间“断链”难以在短期内恢复，但中国企业会通过将供应链转移至近岸、本土以及其他欧美国家以实现风险规避，同时调整产业范围完成供应链重构，这一过程在企业具备较高的信息搜寻效率和较强的多元化布局能力时更易实现。在当前全球产业分工格局深刻调整背景下，本文研究结论可以为中国有效应对外部经贸冲击、提升供应链韧性，完善高水平对外开放体制机制提供决策参考。
2024,中国数字普惠金融的发展模式探究：经济与民生的视角,曾燕;查佳婧;杨海生;杨存奕,数字普惠金融;经济基础;民生需求;发展模式;路径转换,经济研究,0,党的二十大强调要实现人民共同富裕，普惠金融高质量发展发挥着关键作用。现阶段中国数字普惠金融已取得显著成果，但数字普惠金融新风险显现和数字普惠金融发展不平衡的问题仍然严峻，这要求深入剖析数字普惠金融发展脉络，从发展模式中总结经验教训，为未来数字普惠金融高质量发展找到切入点。数字普惠金融的发展是其供给因素和需求因素长期共同作用的结果，本文从供需角度考虑数字普惠金融发展的影响因素，利用有限混合模型客观分组的功能理清其发展模式及模式转换过程，并基于高维中介模型深入探究影响因素的作用机制。研究表明：（1）经济基础、设施基础、民生需求和政府能力是中国数字普惠金融发展的主要影响因素。（2）中国数字普惠金融发展的影响因素存在动态演变，即经济基础与民生需求分别在不同阶段发挥主要驱动作用，呈现出“经济基础主导（供给推动）—民生需求主导（需求拉动）—经济基础主导（供给推动）”的增长模式转换特征。（3）数字普惠金融发展模式的差异和模式转换来源于其影响因素之间的作用机制转变。本文的重要发现在于揭示中国部分地区数字普惠金融发展资源的错配现象，即处在瓶颈阶段的地区往往拥有更丰富的数字普惠金融发展资源，而其数字普惠金融的发展需求却显著低于其他地区，发展成本也高于其他地区。研究结论能够为数字普惠金融的高质量发展战略制定提供参考。
2024,税收任务、征管裁量权与税收优惠落地,田彬彬;张欢;林超;李文健,税收任务;税收优惠落地;征管裁量权;央地关系,经济研究,0,税收优惠是否落地直接关系到减税政策的有效性，是税制体系设计需要考虑的重要问题。已有研究着重从企业层面讨论了影响优惠落地的因素，忽视了税务部门行为激励的潜在影响。本文的研究基于政治经济学视角，从税收任务这一我国税务部门的核心激励机制入手，讨论其对税收优惠落地的影响。在理论分析的基础上，本文基于2008—2015年间全国层面的宏微观数据，以小微企业所得税税收优惠作为主要的优惠政策背景，从实证层面考察了税收任务对于税收优惠落地的影响。研究结果显示：一方面，任务压力的存在显著抑制了税收优惠落地；另一方面，征管裁量权是构成上述关系的重要制度基础，裁量权的压缩显著弱化了任务对于优惠落地的抑制作用。本文的研究对于理解我国减税政策的效应，以及征管体制的长期改革提供了有益启示。
2024,生产网络视角下的服务业增长与经济波动,程大中;唐雨桐;邵心怡,服务业增长;经济波动;生产网络,经济研究,0,本文从全球生产网络的视角研究服务业增长对经济波动的影响及其作用机制。我们通过构建生产网络一般均衡模型分析这一影响机制，并利用近30年的全球投入—产出数据与联立方程模型进行经验检验。结果显示：服务业初始投入占比、最终消费占比上升10%，将导致生产网络稀疏度降低0.42%—1.34%；生产网络稀疏度降低10%，将导致经济波动幅度下降0.79—1.56个单位。这表明，与服务业增长相伴随的服务业初始投入和最终消费占比的上升使得生产网络关联稀疏度趋于下降，进而有助于熨平经济波动。反事实分析表明，如果将中国的服务业占比、行业中间投入占比与服务业生产率波动分别替换为美国的相应数据，则中国的总体经济波动均会出现不同程度的下降，但改变服务业占比和行业中间投入占比的贡献率最大（69.8%和73.6%）。本项研究意味着，积极采取措施促进服务业发展，对于中国经济的稳增长、调结构、降波动具有深远的战略意义。
2024,研究阐释党的二十届三中全会精神专题|以深化改革推动形成与数字经济时代相适应的生产关系,闫坤;刘诚,新质生产力;生产关系;数字经济时代;改革,经济研究,0,随着新质生产力的形成和发展，生产资料所有制关系、分配关系和人们在生产中的地位等生产关系正在重塑。本文从“所有制形式—组织与市场—社会分配—国际生产关系”四个方面构建理论分析框架，并基于社会主义市场经济的生产关系的现实分析，论述数字经济时代生产关系的演变特征，具体包括：生产资料所有权和控制力变迁，组织与市场更加灵活多变，社会分配普惠和差距扩大两种相反趋势并存，国际生产关系开放性更高。深化改革是形成与新质生产力相适应的生产关系的基本路径，要提升线上市场的市场化水平，建立高标准市场体系；加强新领域新赛道制度供给，更好发挥政府作用；突出人与人工智能关系、新组织新业态与传统经济关系等重点领域的生产关系调试，注重改革实效；扩大开放生态，并加强安全治理。
2024,平台经济中的跨业并购与杠杆传导：个性化定价的视角,刘航;李东阳;孙宝文,平台经济;跨业并购;杠杆传导;个性化定价,经济研究,0,本文通过构建动态博弈模型，分析了平台经济中普遍存在的跨业并购行为，以及由此产生的市场势力在不同市场之间的杠杆传导效应。本文假设存在两个在线市场：市场I拥有一家垄断性平台企业；市场II由两家平台企业形成了双寡头的市场结构。假设市场I的垄断企业同时拥有信息优势与技术优势。那么，当垄断平台对市场II的某家企业发起并购时，垄断平台可能利用自身拥有的竞争优势将市场势力从市场I传导到市场II。本文证明存在两类均衡：市场统合均衡与市场划分均衡。在市场统合均衡中，并购后市场II的价格竞争会更加激烈，因而出现强化竞争的均衡结果；与之相反，市场划分均衡则会导致市场II的价格上升，由此产生出弱化竞争的均衡效果。本文的理论分析对我国在平台经济中并购审查的反垄断实践有着重要的政策意涵：平台企业跨业并购既可能促进竞争，也可能通过杠杆传导引致竞争损害；具体出现何种结果取决于并购后会产生哪一类均衡——只有出现市场划分均衡的结果时，监管部门才需介入以减少因杠杆传导所导致的消费者福利损失。
2024,收入分配、产能利用率与经济增长,李帮喜;夏锦清;冯志轩,收入分配;产能利用率;增长机制;马克思—卡莱斯基理论,经济研究,0,本文考察了改革开放以来中国功能性收入分配与经济增长和产能利用率的关系及其演变，构建了可体现固定资本投资、中间投入品投资、居民消费、政府消费、非生产性活动和出口等需求的六部类模型，阐明了在不同类型需求和生产的交互影响下，形成增长机制的可能方式。在此基础上，本文构建了一个可计算一般均衡模型，利用1981—2018年37个部门的RUCiod中国时间序列投入产出表，测度了样本期间中国六个部类以及整体的增长机制。结果发现：中国存在明显的冲突型增长机制，在部类层面和经济总体层面都存在增长率是利润引导型而产能利用率是工资引导型的情况。这意味着通过调整收入分配来调节总需求面临权衡取舍，在“保增长”和“去库存”的目标间存在两难困境。要解决这种困境，需要提高企业对市场价值的实现程度以及降低企业对利润率的敏感程度。这需要发挥社会主义市场经济两方面的优势：一是发挥市场经济在资源配置中的决定性作用；二是抑制以价值增殖为目的的资本积累过程产生的负面影响。通过解决这种困境，中国将在宏观层面更好实现改善收入分配与促进经济增长的统一，在更高水平上实现高质量发展。
2024,海南大学应用经济学科诚聘学术带头人、学术骨干与博士后,,,经济研究,0,"<正>学校简介海南大学是“双一流”建设与“部省合建”高校。根据“软科中国大学发展速度”排名,2017—2022年学校总增量居全国高校第49位,总增速名列前茅,学校实现跨越式发展。现有教职工5000余人,其中专任教师2915人,具有高级职称的教师1688人,在站博士后187人。有中国科学院院士、国家杰出青年基金获得者、国家优秀青年基金获得者、国家教学名师等国家高层次人才69人。入选“全国高校黄大年式教师团队”,涌现出全国优秀教育工作者、全国教书育人楷模、全国优秀教师、全国先进工作者、全国优秀科技工作者、全国五一劳动奖章获得者等优秀典型。"
2024,人与自然何以和谐共生：地理要素视角下的环境规制与环境福利绩效,邵帅;葛力铭;朱佳玲,环境规制;地理要素;环境福利绩效;人与自然和谐共生;混合网络数据包络分析模型,管理世界,0,“中国式现代化”对经济发展绿色化和居民福利增益化提出了明确要求。如何在尊重、顺应和保护自然的前提下充分释放环境规制的制度红利，从而有效促进以稳增长、保环境和增福祉为主要表征的环境福利绩效改善，是能否实现人与自然和谐共生的现代化的关键所在。本文首先基于地理要素这一独特视角，就环境规制对环境福利绩效的潜在影响进行了规范阐释；进而，采用混合网络数据包络分析模型对环境福利绩效进行了准确测算，并通过对政府工作报告进行文本分词处理而对各地区的环境规制强度进行了有效度量；最后，综合采用固定效应模型、调节效应模型和工具变量法等多种计量分析方法，实证考察了环境规制对环境福利绩效的影响及其作用机制。研究发现，环境规制显著促增了环境福利绩效，这一结论在进行一系列稳健性检验后依然成立。机制分析表明，地理气候条件中的平均海拔、平均地形起伏度和日照时数在环境规制对环境福利绩效的影响中表现出负向调节作用，而平均气温和降水量在环境规制对环境福利绩效的影响中表现出正向调节作用；环境规制对环境福利绩效的促增效应在东部地区、南方地区、胡焕庸线东南侧地区、较大城市与非资源型城市表现得更加明显；环境规制可以通过推动经济增长、促进技术创新、释放人才红利和优化产业结构而促增环境福利绩效。本文在为环境规制与环境福利绩效之间的因果关系提供新的理论解释、分析框架和文献证据的同时，也为在新发展格局下促进居民共享环境福利，从而实现人与自然和谐共生的现代化提供了学理支持与决策参考。
2024,大语言模型、文本情绪与金融市场,姜富伟;刘雨旻;孟令超,文本情绪;深度学习;大语言模型;资产定价,管理世界,0,“人工智能+”行动是发展新质生产力的重要途径，其在金融领域的应用有助于金融强国建设。本文创新性地融合结构化金融市场数据和非结构化金融文本大数据，并结合中国特色金融市场的独特特征，训练了一个更适用于我国金融领域的中文金融大语言模型，并开展金融市场情绪测度和资产价格风险预测。研究发现，与传统字典法相比，使用中文金融大语言模型构建的大模型情绪在金融市场回报预测方面表现显著更佳。大模型情绪对很多宏观经济变量也有显著预测能力，能够捕捉非理性情绪冲击对宏观经济基本面的影响。大模型情绪在经济下行和极端风险事件期间的预测效果更强，契合了金融理论中非理性情绪对金融市场和宏观经济会产生非对称与非线性影响的结果。综上，本研究展现了“人工智能+”行动在我国金融领域应用落地的潜在技术路径和理论逻辑。
2024,同业市场波动、银行信贷与企业长期投资,金钊;谢晨裕;王曦,同业市场波动;银行信贷;企业长期投资;市场结构,管理世界,0,健康稳定的同业市场对我国经济复苏具有重要的作用，我国特有的同业市场特征并不能完全套用欧美国家的研究结论。本文运用我国银行和企业的微观数据，根据同业市场改革时间点，分段研究发现：（1）同业市场波动对银行信贷和企业投资的影响在不同时期表现不一致；（2）在同业市场波动影响银行信贷决策的过程中，同业风险敞口和同业负债发挥了特殊作用；（3）在同业市场波动通过信贷传导至企业长期投资的过程中，企业的资产与债务结构是重要影响因素；（4）同业业务创新对银行信贷的抑制作用主要体现在资产端；（5）同业市场波动作用的传导具有异质性，资产负债表弱的银行和企业对同业市场波动的反应更大；（6）同业市场波动还会降低企业绩效与投资效率，加大企业生存风险，阻碍其可持续发展。本文构建了统一的研究框架检验中国特色同业市场对实体经济的影响，有助于深入理解我国银行信贷发放与企业长期投资行为；为优化同业市场管理与健全同业市场结构提供有益参考。
2024,“三重压力”叠加冲击与“双支柱”调控策略研究,李力,三重压力;双支柱调控;诊断式预期;Proxy-SVAR模型;DSGE模型,管理世界,0,近年来，需求收缩、供给冲击、预期转弱“三重压力”成为推动我国经济回升向好需要克服的重要挑战。本文首先在Proxy-SVAR模型中结合符号约束和工具变量同时识别出需求冲击、供给冲击和预期冲击，进一步构建包含金融摩擦和诊断式预期的DSGE模型对三重冲击进行理论建模。研究发现：需求收缩、供给冲击和预期转弱均会对我国实体经济带来紧缩性压力，且三重不利冲击的相互叠加会形成反馈效应。不利供给变动会进一步放大预期转弱对于产出的不利影响，而预期转弱则会强化需求收缩对产出的紧缩效应。诊断式预期形成机制下经济主体预期的内生变化会进一步加剧三重不利冲击导致的实体经济和信贷市场的波动。基于DSGE模型的机制分析表明：预期转弱引发的资产价格下跌，会加剧不利需求冲击对实体部门的紧缩效应；而不利供给冲击带来的劳动时长与企业R&D投资规模的下降，则会进一步加大预期转弱对实体经济活动的不利影响。政策福利分析表明：逆周期的宏观审慎政策应该搭配审慎型货币政策，且审慎型货币政策应重点关注资产价格，而宏观审慎政策则应主要盯住杠杆率和信贷等变量，同时二者还应根据不同的冲击类型瞄准风险溢价等其他合意指标。
2024,组合式财税政策何以有效推动中小企业科技成果转化？,詹新宇;于明哲,组合式财税政策;中小企业科技成果转化;税收减免;财政补贴;政府采购,管理世界,0,量大面广的中小企业是我国科技成果转化的生力军。如何发挥有为政府作用、打好财税政策组合拳，推动中小企业突破“用不起”“不敢用”“用不好”的三重困境，是当前强化企业科技创新主体地位、提升国家创新体系整体效能的重要抓手。本文在运用启发式模型进行理论分析的基础上，基于2015～2019年中关村科技园微观企业数据库，实证研究税收减免、财政补贴和政府采购等单一财税政策及其不同形式的财税政策组合对中小企业科技成果转化的影响及其内在机制。结果表明，财税政策的不同组合方式及其不同实施次序，对中小企业科技成果转化产生了重要影响：多种财税政策构成的“减税—补贴”“减税—采购”“补贴—采购”及“减税—补贴—采购”等组合式财税政策具有显著的协同效应；“先供给侧减税/补贴、后需求侧采购”政策组合的推动作用比“先需求侧采购、后供给侧减税/补贴”或“供给侧减税/补贴与需求侧采购同时实施”政策组合更大。在进行异质性分析和影响机制探讨的基础上，论文还提出了优化财税政策、有效推动中小企业科技成果转化的政策启示。
2024,后发企业如何在“卡脖子”技术领域构建自主创新能力？——一个设计仿真软件中小企业的纵向案例研究,李连翔;田志龙;杨玲;贺远琼,“卡脖子”技术;自主创新能力;一次创新;后发中小企业;国家创新体系,管理世界,0,“卡脖子”技术领域的后发企业构建自主创新能力，对我国从制造大国迈向制造强国具有重要的现实意义。本文对设计仿真软件领域一次创新型后发中小企业Y展开纵向案例研究后发现：后发中小企业在“卡脖子”风险初显时准确选择新技术路线，并从基础研究开始自主开发新产品和产业化替代。其依托国家创新体系科技项目获取项目资金、吸收专家意见、引入价值链伙伴、匹配客户场景、吸收客户建议，通过在空间维度和时间维度的能力要素聚集与迭代，有效克服“卡脖子”技术领域的技术台阶、市场鸿沟和运营复杂性等创新障碍，从而构建自主创新能力。本文构建的理论模型是对自主创新能力理论的深化与补充，为推动后发中小企业探索自主创新道路提供有益参考。
2024,数字风险治理：研究脉络、理论框架及未来展望,范柏乃;盛中华,数字风险;风险治理;研究脉络;理论框架;未来展望,管理世界,0,颠覆性数字技术正成为重塑世界产业体系的新质生产力。这场全球数字革命在带来历史新机遇的同时，也引发一系列数字风险与挑战。数字风险治理作为研究风险发生规律和风险控制技术的新兴科学，受到了越来越多的关注。基于69本国内外跨学科顶尖期刊、6大中西智库及科研机构的1114篇文献，结合VOSviewer知识图谱分析，将数字风险治理研究划分为孕育起步、成长探索、快速发展和迭代升级4个阶段。采用动态过程视角，构建“数字风险识别—数字风险分析—数字风险评估—数字风险处置—数字风险预防”的理论框架。其中，数字风险识别研究是整个风险治理的逻辑起点，并从个体、组织、国家等3个维度进行数字风险溯因分析。在此基础上，通过数字风险评估研究，研判风险发生的概率及大小，界定风险等级排序。根据风险等级分布，进行数字风险处置或风险预防。运用CiteSpace突变词分析，提炼前沿热点问题，重点从关注人工智能与数字基础设施风险、开展跨层风险分析、强化数据流动安全审计、引导数字敏捷治理、深化供应链网络安全投资等方面，提出未来展望。本研究基于数字技术视角和流行病学模型识别数字风险的内涵特征，构建结构化、系统化的理论框架以增进学术对话，为我国数字经济持续健康发展提供理论指引。
2024,注册制改革与债券发行利差：监管部门隐性担保视角,黄继承;朱光顺,注册制;信用债;发行定价;监管部门;隐性担保,经济研究,0,注册制改革是我国资本市场最为瞩目的制度改革。本文将监管部门的隐性担保引入理论模型，揭示了债券发行制度从核准制向注册制变革可能的内在逻辑，即核准制下监管部门对低资质信用债提供了隐性担保，使得其发行利差降低，并限制了信用评级的信号作用，导致高资质债券被迫分担低资质债券的发行利差，造成“好企业融资贵”且被“挤出”市场的扭曲，而注册制改革消除了监管部门的隐性担保，缓解了上述扭曲。由此本文提出理论假说，即注册制改革将降低高评级债券的发行利差，并提高低评级债券的发行利差。基于企业债注册制改革的实证检验支持了上述假说。机制检验发现，注册制改革后债券评级的信号作用增强，发行人资质在债券发行定价中的作用得到提高。最后，注册制改革促进了低资质发行人的退出和高资质发行人的进入，发行人资质得到整体提升，这意味着注册制改革优化了资源配置。本文的研究发现有助于理解资本市场基础制度发展和变革的逻辑，对深化债券市场改革提供了启示。
2024,机构投资者相机抉择与控股股东股权质押及其公司治理效应,陆艺升;罗荣华;朱菲菲,机构投资者;股权质押;监督渠道;交易渠道,经济研究,0,机构投资者在深化我国金融领域改革过程中发挥着重要作用，而既有文献对其能否在不同情境下进行相机抉择从而发挥公司治理效应却鲜有探讨。借助我国A股市场上广泛存在的上市公司控股股东股权质押这一场景，本文发现，在当前控股股东股权质押对公司经营的影响偏负面的情境下，机构投资者主要通过监督渠道和交易渠道发挥作用，总体上抑制了控股股东的股权质押。而在控股股东股权质押有利于公司经营的情境下，机构投资者通过背书效应促进控股股东的股权质押。进一步分析显示，在不同的质押场景以及不同性质的公司中，机构投资者对渠道的运用顺序和偏好存在差异。本文的研究结果对于推动股权质押市场良性发展、推进公司治理现代化、促进资本市场健康稳定发展均具有重要启示。
2024,机构纵向持股与商业信用扭曲治理——来自供应链层面的证据,王垒;牛文正;丁黎黎,机构纵向持股;共同所有权理论;冗余性商业信用扭曲;短缺性商业信用扭曲,经济研究,0,近年来，机构纵向持股现象在资本市场中普遍存在，为治理商业信用扭曲创造了可能。本文基于商业信用扭曲的表现形式，将其划分为冗余性扭曲和短缺性扭曲，然后结合共同所有权从理论层面分析了机构纵向持股发挥协同治理作用的内在机理，最后利用2004—2022年上市公司供应链数据进行了实证检验。研究发现：在冗余性扭曲中，机构纵向持股能够显著缩短商业信用期限，促使商业信用回流至融资成本较高的供应企业；在短缺性扭曲中，机构纵向持股能够显著延长商业信用期限，促使商业信用配置于融资成本较高的客户企业。进一步研究发现：机构纵向持股治理两类商业信用扭曲的机制存在差异，在冗余性扭曲中机构纵向持股通过投资者调研与委派董监高介入治理客户企业以发挥作用，而在短缺性扭曲中机构纵向持股通过介入治理供应企业以发挥作用，并且还能为民营企业与非主板企业提供信任补偿，进一步延长其接收的商业信用期限。此外，非对称持股构成了共同机构股东的治理边界，表现为机构非对称纵向持股将商业信用资源转移至持股比例较高的企业，难以继续发挥协同治理作用。本文为共同所有权理论在供应链层面的适用性提供了经验证据，同时对政府借助机构纵向持股治理商业信用扭曲具有重要启示。
2024,数字经济发展与农村共同富裕：电子商务与数字金融协同视角,周亚虹;邱子迅;姜帅帅;刘猛,电子商务;数字金融;共同富裕;收入不平等分解,经济研究,0,数字经济的发展深刻影响农村的生产生活，但是不同数字经济新业态之间的相互协同如何影响农村的收入和收入差距却鲜有文献讨论。本文从理论和实证两个方面分析了电子商务和数字金融的协同是否促进农村的共同富裕。借助电子商务进农村综合示范项目和北京大学数字普惠金融指数进行研究，本文发现两者的协同显著促进了农民收入的提高，降低了农民人均可支配收入的基尼系数、分位数差和方差。研究进一步发现：电子商务与数字金融的协同在样本时间段内的普惠性逐渐提升，缩小了农村的收入差距；两者的协同对低收入县域（农村劳动力密集县、传统金融发展落后县和低农机动力水平县）农民收入增长的贡献更强。家庭层面的研究发现，两者的协同推动了农村家庭本地就业，促进了工资收入和自营收入的提高，且降低了自营收入的差距。本文的研究对数字经济如何促进乡村振兴和推进农村共同富裕有一定的启发意义。
2024,工业用地出让、要素流动与地区间产出不平衡：基于地区间土地竞争的视角,程宇丹;龚六堂;田文佳,工业用地;资本流动;禀赋差距;地区间差距;土地市场改革,经济研究,0,我国地区间经济发展差距较大，其中一个重要的原因是不同地区的土地要素配置存在很大差别，发达地区工业用地占比远高于欠发达地区。为了解释这一现象，本文从地方政府的土地出让行为入手，构建了地方政府的最优化模型，发现异质性的地方政府其最优的工业用地出让策略不同。在资本流动的情况下，当禀赋差距扩大时，发达地区会增加工业用地，而欠发达地区则会减少工业用地。这种差异提高了资本边际回报率的差距，加剧了资本流动，扩大了地区间的产出差距。地方政府的具体调控手段不影响结论，价格调控、数量调控和比例调控三种方式是等价的。中央政府限制发达地区建设用地指标的政策能够在一定程度上改善地区间产出的不平衡，而土地指标的跨地区交易机制又能够在此基础上进一步降低由此所产生的发达地区的效率损失并提高所有地区的福利。
2024,“中国信息经济学乌家培资助计划”简介,,,经济研究,0,"<正>中国信息经济学会成立于1989年,致力在信息经济与信息管理领域搭建理论创新的桥梁,推动跨学科发展。学会创始人乌家培教授为中国著名经济学家,中国数量经济学会和信息经济学会创始人。为促进中国信息经济与信息管理领域的青年学者成长,并产生未来30年有国际影响力的理论创新成果,学会于2015年设立“中国信息经济学乌家培资助计划”,以表彰中国信息经济与信息管理领域青年学者的理论创新贡献。2016—2023年分别进行了第一届至第八届乌家培资助计划的评选。"
2024,聚焦构建高水平社会主义市场经济体制，推动经济高质量发展——学习贯彻党的二十届三中全会精神笔谈,蔡昉;顾海良;韩保江;潘家华;马海涛;王文举;刘守英;周文;迟福林;王国刚;赵昌文;周颖刚,,经济研究,0,中国共产党第二十届中央委员会第三次全体会议通过的《中共中央关于进一步全面深化改革、推进中国式现代化的决定》指出，党的十一届三中全会是划时代的，开启了改革开放和社会主义现代化建设新时期。党的十八届三中全会也是划时代的，开启了新时代全面深化改革、系统整体设计推进改革新征程，开创了我国改革开放全新局面。以习近平同志为核心的党中央团结带领全党全军全国各族人民，以伟大的历史主动、巨大的政治勇气、强烈的责任担当，冲破思想观念束缚，突破利益固化藩篱，敢于突进深水区，敢于啃硬骨头，敢于涉险滩，坚决破除各方面体制机制弊端，实现改革由局部探索、破冰突围到系统集成、全面深化的转变，各领域基础性制度框架基本建立，许多领域实现历史性变革、系统性重塑、整体性重构，总体完成党的十八届三中全会确定的改革任务，实现到党成立一百周年时各方面制度更加成熟更加定型取得明显成效的目标，为全面建成小康社会、实现党的第一个百年奋斗目标提供有力制度保障，推动我国迈上全面建设社会主义现代化国家新征程。中国式现代化是在改革开放中不断推进的，也必将在改革开放中开辟广阔前景。全党必须自觉把改革摆在更加突出位置，紧紧围绕推进中国式现代化进一步全面深化改革。为深入学习贯彻党的二十届三中全会精神，本刊特邀请国内部分经济学家以“聚焦构建高水平社会主义市场经济体制，推动经济高质量发展”为题撰写笔谈文章，以飨读者。
2024,外部经贸冲击、国内要素流动与中国经济增长,樊海潮;丁关祖;张丽娜,外部经贸冲击;国内要素流动;内外贸一体化;经济增长,经济研究,0,外部经贸冲击对中国经济增长的影响在一定程度上取决于国内要素在行业与地区层面的流动。据此，本文构建了一个包含外部经贸冲击与国内产品和要素流动的多国多部门一般均衡分析框架，以中美关税上升为例，定量评估了外部经贸冲击对中国实际国内生产总值（GDP）的影响。研究发现：（1）尽管中国实际GDP受到了负面冲击，但整体影响基本在可控范围内；（2）若不考虑行业间投入产出联系与劳动要素跨地区流动，将显著低估中国经济增长受到的负面影响；（3）外部经贸冲击对中国实际GDP的影响存在明显的行业与区域传导效应：在劳动力净流出越大的地区以及对美贸易依存度越大、越位于产业链下游的行业和地区，受到的负面冲击越大。本文还模拟了中国当前可供采取的各项应对措施的政策效果，发现降低国内贸易成本畅通产品要素流通和鼓励创新提升国内技术水平是抵御外部经贸负面冲击的重要途径。本文研究有助于增进对新发展格局的理解，同时也为解决外部经贸冲击对经济增长的负面影响提供了决策参考。
2024,开放经济社会再生产视角下经济循环与经济增长研究,王智强;程恩富,新发展格局;开放经济;经济循环;经济增长;社会再生产,经济研究,0,经济循环是资本循环和商品流通的交错，经济循环畅通要求预付到流通中的货币流回到它的起点、国家-部类×国家-部类维度的再生产平衡公式成立。资本主义生产的内在规律和竞争的强制规律使循环畅通的条件难以满足，技术进步单纯作为价值增殖手段的资本积累引起四大部类相继出现产能过剩。产能过剩导致经济循环受阻，消费需求和投资需求收缩、预付资本增殖能力降低，经济增速因此下降，这可从纳入产能利用率的经济增长公式得到反映。国际国内经验数据表明，产能利用率、经济循环速度、经济增长速度呈相似走势，2008年金融危机之前上升，危机爆发时大幅下降，经历“V型”反转后趋于下降。我国的产能利用率下降、循环不畅、增速放慢的原因与资本主义市场经济有本质区别。为实现我国经济在风云变幻的世界经济中平稳较快发展，必须加快构建新发展格局，畅通“大循环”和“双循环”。统筹提高供给质量和扩大国内需求、构建人类命运共同体是关键举措。
2024,科创企业创新架构的设计逻辑与演进过程——来自“SN”的探索性案例研究,罗瑾琏;王象路;程国萍;钟竞;耿新,创新架构;管理者认知;战略性意义建构;赋能—协同机制;科创企业,管理世界,0,本文采用纵向单案例研究方法，通过探析科创板上市SN公司突破高精度北斗/GNSS技术，并将创新成果转为规模化市场应用的创业历程，解构了科创企业创新架构的设计逻辑与演进过程。研究发现：（1）科创企业创新架构的设计逻辑是从管理者认知上升到战略性意义建构，进而构建创新架构的认知与行动过程：在初创期，科创企业管理者在面临导航技术封锁时形成技术自主型认知，通过自主创新的战略性意义建构，构建创新单元紧密耦合、董事长嵌入的铅球态创新架构；在发展期，科创企业管理者在面临北斗产业竞争时形成技术孵化型认知，通过技术—市场双元的战略性意义建构，构建探索—利用创新单元结构分离、董事长牵引的哑铃态创新架构。（2）以董事长、总经理共同领导而形成的创新赋能—协同机制是科创企业创新架构产生创新效应的关键：在初创期董事长行动赋能与总经理要素协同的作用下，科创企业以铅球态创新架构实现技术突破；在发展期董事长认知赋能与总经理文化协同的作用下，科创企业以哑铃态创新架构实现技术升级与技术转化。（3）科创企业经历内部单元聚合、关键资源导入以及运作机制更新，实现由铅球态向哑铃态创新架构的演进。本文研究发现不仅揭示了科创企业创新架构的设计逻辑与演进机理，也为我国科创企业通过创新架构设计来实现“卡脖子”技术突破提供了启发与参考。
2024,宁波大学商学院简介,,,管理世界,0,"<正>宁波大学商学院创建于1986年,是宁波大学规模最大、发展最迅速的学科性学院。38年来,学院秉承“厚德笃行,弘商致远”的院训,创造商学新知,培养复合型创新型人才,为国家和地方经济的发展做贡献。学院现有专任教师157人,其中教授35人,副教授58人,获国家级和省部级人才称号的教师21人,具有博士学位的教师125人。学院在校本科生2224人,在校硕士、博士研究生1181人。"
2024,行业规范标准化与资本跨区流动——基于企业异地投资的研究,何凡;陈波;黄炜,标准化;行业规范;资本跨区流动;全国统一大市场,管理世界,0,资本要素市场分割是当前我国构建全国统一大市场和新发展格局的关键堵点。标准作为统一市场的制度根基，为经济交流与合作提供了共同的技术语言，能够有效破除生产要素自由流动面临的壁垒，但现有研究却鲜少关注标准化在推动全国统一大市场建设中的重要作用。本文借助我国2014年逐步试点的物流标准化政策，并利用手工收集整理的2007～2019年A股上市公司母子公司数据，构建交错型双重差分模型检验了行业规范标准化对企业异地投资的影响及机制。研究发现，物流标准化显著促进了资本跨区流动，表现为其能够显著吸引异地上市公司前往试点城市设立子公司。机制检验结果显示，降低企业交易成本，提高企业生产经营效率是物流标准化吸引异地企业投资的两个重要机制，且物流标准化对于前来设立子公司的企业确实发挥了降本提效的作用。异质性分析显示，制造业企业、省内企业和非国有企业的跨区资本流动受物流标准化的影响更大，同时，物流标准化对资本跨区流动影响的地理边界覆盖了超过1/5的国土面积。本文研究不仅为我国加快构建全国统一大市场和新发展格局提供了有益启示，也为我国进一步降低全社会物流成本提供了智力支持。
2024,企业社保减负的就业结构优化与居民消费提振效应,徐舒;魏文博;王茹,社保缴费;非正规就业;生命周期消费,管理世界,0,针对企业的社保减负政策能为促进居民消费带来积极影响。企业社保缴费负担下降使正规部门劳动需求增长，引发就业结构的调整，增加了正规部门就业比重，由此带来工资和家庭养老金财富的增长及收入风险的下降，进而促进消费。本文构建了一个扩展的两部门生命周期模型，刻画了上述经济机制。基于2019年《降低社会保险费率综合方案》的改革背景，本文量化分析了社保缴费基数下调对城镇家庭消费支出与消费不平等的影响。研究发现，此次调整导致了城镇居民生命周期消费提升4.43%。低收入家庭单纯从预算约束下降中获得的消费提升非常有限。基于模型的进一步测算表明，相较于下调社保缴费基数，取消社保缴费基数下限对城镇居民消费的提升作用更明显，能使家庭消费增加7.52%，并且使生命周期消费不平等下降5.3%。本文的研究揭示了降低企业社保缴费负担的正外部性，表明该政策不仅有利于在生产端给企业减负，还可以提振消费和降低消费不平等，对扩大内需有积极作用。
2024,政务服务一体化对资本流动的影响研究——兼论政府在全国统一大市场建设中的作用,孙伟增;张柳钦;万广华;王傲,数字政务;全国统一大市场;资本流动;政务服务一体化,管理世界,0,以政务服务网为代表的“互联网+政务服务”平台的建设，是全国统一大市场建设的重大举措之一。本文利用2009～2019年的风险投资数据和上市公司子公司数据，实证分析了省级政务服务一体化平台建设对资本流动及市场一体化的影响，研究发现：第一，政务服务一体化平台建设不仅能显著加速省内城市间的资本流动，同时能够吸引省外资本流入。第二，平台通过提升政务服务效率和改善营商环境，降低了企业在经济活动中的制度性交易成本，是加速资本跨地区流动的主要机制。第三，平台对资本流动的影响在空间上存在非对称性，省内“中心城市→外围城市”和“配置过剩→配置不足”的资本流动提速明显，不仅加速了省内城市间资本要素分布的均等化，也显著提升了资本的空间配置效率，降低了城市间的市场分割。本文的研究成果有助于深入理解在数字经济时代背景下，政府数字化转型对于提升政府治理能力、促进资本流动乃至推动全国统一大市场等方面的重要意义。
2024,风险保障金与合作金融组织剩余控制权动态配置——基于SY资金互助社的案例研究,刘西川;杨梦瑶,合作金融;成员异质性;剩余控制权;风险保障金;动态配置,管理世界,0,不同于已有研究从静态视角出发探讨与构建合作金融组织剩余控制权配置制度，本文提出了一种新的剩余控制权动态配置假说。该假说认为，在合作金融组织初始股权结构基础上，发起人针对某笔具体贷款业务领投风险保障金，向小股东传递更强的发起人风险偏好与风控能力信号，强化发起人专有性投资并将剩余控制权配置给发起人的同时保护小股东的投资者利益，从而实现成员间能力、权利、风险与收益的动态最优配置。为验证该假说，本文构建一个合作金融组织剩余控制权动态配置分析框架，并在该框架下实证考察SY资金互助社及其所代表的领投型剩余控制权模式中发起人在初始股权结构的基础上，领投风险保障金在资金动员、资金运用与收益分配等环节中所发挥的作用及动态配置剩余控制权的内在机理。本文案例研究支持和验证了该假说的内在逻辑。进一步研究表明：领投型剩余控制权模式动态配置剩余控制权能够实现能力、权利、风险与收益的更优配置，这得益于风险保障金在调配上的灵活性和领投上的独享性。上述发现不仅为优化合作金融组织剩余控制权配置制度提供了新的思路，也为完善合作金融组织治理与监管机制指明了新的方向。
2024,如何推动绿色消费升级？——电商策略性调价行为与节能产品需求特征,张昊;冯永晟;陈丽芬;严玉珊,电商;价格调整;绿色消费;离散选择模型,管理世界,0,电商可以通过频繁且较大幅度的调价来吸引消费者注意力，进而改变产品销量结构。这一做法是否与推动绿色节能产品销售的导向相契合，将直接关系到绿色消费升级的进程。本文将影响消费者注意力的调价活跃度因素引入嵌套离散选择模型，并利用京东、苏宁两家电商2020年6月～2022年2月空调产品的价格、销量、型号及功能属性数据，在估计结构化参数的基础上计算价格弹性并考察调价行为的市场反应。研究发现，总体上消费者对高能效属性的偏好正在形成，但对产品核心功能的选择先于能效水平；在核心功能相同的情况下，低能效产品自价格弹性更高、利润率更低且对调价行为更敏感，电商因此对其采取了更为活跃的调价策略来扩大销量、增加利润，这会对高能效产品销售产生不利影响。反事实分析结果表明，降低线上渠道中低能效产品的调价活跃度可产生类似于以绿色消费补贴促进高能效产品销售的效果。据此，本文提出以减少线上价格混淆、优化产品能效与功能组合、引导顾客注意高能效产品等推进绿色消费升级的政策建议。
2024,新质生产力导向下数字产业赋能现代化产业体系研究——基于补点、建链、固网三位一体的视角,周密;郭佳宏;王威华,新质生产力;数字产业;现代化产业体系;产业链;产业网络;路径优化,管理世界,0,数字产业是新质生产力的主要特征和重要内容，是建设现代化产业体系的关键引擎。如何通过数字产业赋能现代化产业体系，将是影响全面建设中国式现代化的重要现实命题。本文基于2021～2022年产业链与供应链最新数据，刻画数字产业赋能现代化产业体系的特征化事实，融合理论模型和压力测试模拟，形成数字产业赋能现代化产业体系的补点和建链路径，并进一步通过时态指数随机图模型对节点和链接因素的影响效应进行分析，探索固网的关键方向。本文的主要结论是：数字产业对现代化产业体系发挥三维赋能作用，即以节点实现产业规模赋能、以链条实现产业水平赋能和以网络实现产业结构赋能；数字产业赋能现代化产业体系存在直接效应与间接效应，对数字产业尤其是核心数字产业率先补点和建链能够大幅稳固产业网络；内生链接因素与外生节点因素对现代化产业体系的影响大小与作用方向有所差异，需要形成配套政策支持建立紧密产业网络关系。本文有助于清晰刻画数字产业作为关键新质生产力在现代化产业体系中的地位作用，并破解如何通过数字产业的补点、建链、固网赋能现代化产业体系的路径优化问题。
2024,撤县设市、产业基础与县域农业发展,龚斌磊;张启正;袁菱苒;余泳泽,撤县设市;县域经济发展;产业基础;农业生产率;农业发展,管理世界,0,工业化和城镇化背景下农业强国战略的实现路径是一个重大的思想理论问题和实践问题。“撤县设市”改变了县域发展战略，扩张了县级政府的权限，是20世纪末旨在推动工业化、城镇化，同时要求兼顾县域农业发展的代表性政策。然而，本文基于1992～2019年中国县级面板数据，使用双重差分法评估后发现，“撤县设市”不利于农业总产值的提升。“撤县设市”后，财政与土地资源加速离农，但由于该时期许多县在没有达到政策所要求的产业基础下“设市”，使得财政支出和土地利用行为的非农化未能转化为工业的超额增长，进而导致农业劳动力向非农产业转移不畅，并最终影响现代农业生产要素的投入和全要素生产率的提高。当产业基础达到设市标准时，“撤县设市”可以通过促进工业发展，带动农业劳动力向非农产业转移，保持农业产出稳定，同时达到农业现代化转型的目标。因此，该时期“撤县设市”的主要问题在于执行过程而非设计环节。2010年后中国重启“撤县设市”，新“设市”县全部达到产业基础要求，农业发展良好，证明了工业化和城镇化背景下实现乡村振兴的可行性及其前提条件，这为下一阶段更好发挥县域工农循环，实现乡村振兴提供政策参考。
2024,国内国际双循环对冲“友岸外包”经济成本的效应评估,钱学锋;周文倩,友岸外包;双循环;市场一体化;一般均衡模型,管理世界,0,近年来，美国推动实施“友岸外包”政策，使得全球供应链不确定性增加。为明确这一政策产生的影响，本文构建包含投入产出关联、劳动力迁移和资本配置的一般均衡模型，通过切断投入产出关联，增加非关税壁垒以及提高关税3种方式刻画“友岸外包”，量化评估实施“友岸外包”政策给中国和世界带来的经济成本。研究表明：平均而言，3种刻画方式下，中国消费者福利分别降低4.76%、2.74%和2.90%，而世界各国消费者福利遭受的损失分别为11.07%、1.34%和5.93%。机制分解表明，贸易量效应、贸易条件效应和要素配置效应是“友岸外包”经济成本的主要来源。反事实模拟结果显示，畅通国内大循环和国际循环将使“友岸外包”引起的福利损失分别降低27.09%和15.27%。其中，国内循环中要素市场一体化发挥的作用要大于商品市场一体化。此外，全面推动国内国际双循环可使“友岸外包”造成的福利损失降低43.80%。
2024,推进中国式现代化建设中华民族现代文明——中国式现代化与中华民族现代文明建设研讨会综述,本刊记者;王梦真;刘洪愧,,经济研究,0,<正>2023年6月2日，习近平总书记在文化传承发展座谈会上发表重要讲话，从党和国家事业发展全局战略高度，对中华文化传承发展的一系列重大理论和现实问题作了全面系统深入阐述。习近平总书记指出，在五千多年中华文明深厚基础上开辟和发展中国特色社会主义，把马克思主义基本原理同中国具体实际、同中华优秀传统文化相结合是必由之路，历史正反两方面的经验表明，“两个结合”是我们取得成功的最大法宝。只有全面深入了解中华文明的历史，才能更有效地推动中华优秀传统文化创造性转化、创新性发展，更有力地推进中国特色社会主义文化建设，建设中华民族现代文明。
2024,“中国式现代化与中华民族现代文明建设研讨会”在京召开中国社会科学院“学习贯彻习近平文化思想建设中华民族现代文明”系列研讨会之一,王梦真;刘洪愧;王红梅,,经济研究,0,"<正>2024年5月26日,由中国社会科学院经济研究所主办的“中国式现代化与中华民族现代文明建设研讨会”在中国社会科学院成功召开。本次研讨会为中国社会科学院“学习贯彻习近平文化思想建设中华民族现代文明”系列研讨会之一,旨在深入学习阐释习近平总书记2023年6月2日在文化传承发展座谈会上的重要讲话精神,加强对习近平文化思想的体系化学理化研究,在新的历史起点上更好服务中国特色社会主义文化强国与中华民族现代文明建设大局。开幕式由中国社会科学院经济研究所党委书记王利民主持,中国社会科学院科研局局长胡滨、中国社会科学院经济研究所所长黄群慧出席并致辞。"
2024,税收竞争、资本流动与收入不平等,储德银;纪凡;刘俸奇,税收竞争;资本流动;收入不平等;共同富裕,经济研究,0,伴随中国经济由快速增长转向高质量发展的新阶段，居民收入不平等问题关系到我国能否顺利跨越中等收入陷阱与实现共同富裕这一战略目标。首先，本文构建了一个包含代表性家庭、代表性企业和地方政府的静态一般均衡模型，系统诠释地方政府税收竞争对居民收入不平等的作用机制和影响效应。其次，采用中国270个地级市数据实证考察地方政府税收竞争对居民收入不平等的影响效应。研究发现：地方政府税竞争对地区间居民收入不平等具有显著的逆公平分配效应，而且主要是通过资本不平等这一传导机制予以实现。经分税种检验发现：税收竞争的逆向分配作用主要体现为企业所得税竞争和个人所得税竞争。此外，经济基础和市场环境差异导致税收竞争的影响呈现显著的异质性，即欠发达地区和市场环境一般的地区税收竞争的激励机制更强，税收竞争对地区间居民收入不平等的影响更加明显。本文的研究为协调地区经济高质量发展和推动实现共同富裕提供了有益的经验借鉴和政策参考。
2024,数字普惠金融助力共同富裕：基于流动性约束视角,王义中;林溪;李振华;吴卫星,数字普惠金融;共同富裕;流动性约束,经济研究,0,基于网商银行与县域合作的独特数据，本文考察了数字普惠金融服务能否助力共同富裕、通过何种机制发挥作用，以及发展何种类型的数字普惠金融更有利于社会价值提升。研究结果表明：（1）网商银行运用数字技术为县域及农村地区提供的金融服务，显著缩小了县域内部的城乡收入差距和县域之间的区域收入差距，即数字普惠金融有助于推动实现共同富裕；（2）缓解流动性约束是数字普惠金融影响收入差距的主要作用机制，提升信贷可得性（即流动性获取的可能性和规模）、提高信贷便利性（即流动性获取的速度）和降低融资成本（即流动性获取的成本）均能发挥作用；（3）发展生产性或经营性导向的数字普惠金融，能够与现有金融机构服务形成较好互补，释放数字红利，满足小微群体的资金需求，推动实现共同富裕。
2024,中国央地财政关系的演进：一个理论框架,吕冰洋;胡深,政府间财政关系;经济增长;经济现代化,经济研究,0,中国式现代化进程中中国政府有多重目标，本文将多级政府和多目标决策纳入政府间财政关系研究，推导出政府间财政关系演进的三个理论命题：政府间财政关系主要取决于中央政府激励、平衡和控制三大目标的平衡；政府间财政关系受地方政府行动产出弹性、成本系数、外部性和不确定性等客观条件制约；中央和地方政府积极性发挥受政府间财政关系的影响，同时也与政府目标、政府行动产出弹性和成本有关。总体来说，政府间财政关系及效果取决于坚持中央统一领导和激发地方积极性之间的平衡。结合理论分析结果，本文详细解释中国政府间财政关系变迁的内在逻辑及其对不同历史时期现代化建设的影响。本文建立起了一个符合中国国情的、比较完整的中国政府间财政关系理论。
2024,低碳合作供应链的内部合作协调与外部补贴激励机制设计,王玉燕;林飞;申亮,低碳合作供应链;成本协同效应;双边道德风险;协调契约;补贴激励,经济研究,0,本文综合考虑合作成员的成本协同效应、信息不对称下的道德风险和碳减排的外部效应，构建了低碳合作供应链（LC-CSC）双边道德风险模型。针对模型均衡策略及其影响因素的解析显示，成本协同效应、碳定价及消费者低碳偏好均会激励减排行为，而道德风险引致成员产生的“机会主义”行为会削弱成员的碳减排努力。为此，本文求解了LC-CSC内部“合作协调契约”，并证明该契约对于内部成员的合作关系是公平有效率的。本文进一步发现，减排的正外部效应导致的“市场失灵”也会使得成员碳减排努力程度产生不足，需及时引入政府“补贴激励机制”来弥补，因此本文设计了政府事前补贴和事后补贴两种激励机制，以及兼顾减排社会福利和成员利润来剖析LC-CSC外部最优“补贴激励机制”。本文证明，当提供减排公共配套设施对成员减排成本的折扣力度较大时，政府应采用完善配套公共基础设施的事前补贴；反之，采用基于企业碳减排收益比例进行返还的事后补贴策略将更有利于社会福利。本文还利用中国碳交易试点城市的数据进行数值仿真，验证了模型的有效性。
2024,出口企业的价值链长度、结构变化与新发展格局,李小平;余远;袁凯华;高翔,企业价值链长度;结构形态变化;交互循环;新发展格局;全球价值链,经济研究,0,提升国内循环和国际循环互动是构建新发展格局的重要内涵，也是中国企业立足国内市场、面向全球市场、赢得竞争主动的重要手段。本文基于价值链延伸视角，将出口企业价值链长度拆分为立足本土市场的国内循环、衔接国内国际市场的交互循环和完全依赖外部市场的国外循环，系统审视了中国企业价值链条的结构变化和构建新发展格局面临的挑战。研究结果表明：第一，出口企业价值链延伸背后呈现出国内循环快速提升、交互循环有所下滑、国外循环下降最快的新特征，揭示中国制造在一定程度上存在“内外循环协同不足”、技术溢出受阻的难题；第二，与一般贸易的多重循环协同提升不同，非一般贸易存在较为明显的内外循环协同难题，且这种特征在进口能力薄弱、分工协同能力偏低、产业配套欠缺的低技术部门、中西部地区、内资企业层面更为明显；第三，虽然实证研究结果表明，国内循环对于交互循环的替代特征十分稳健，但是基于交互循环的“进口投入决策→企业内部协作→国内下游配套”序贯生产特点，本文发现提升进口能力、数智化水平与产业配套可以缓解国内循环对于交互循环的替代效应。本文研究不仅拓展了价值链长度的理论研究成果，拓宽了新发展格局的研究边界，也为新发展格局下如何提升交互循环水平、塑造自主高效的产业链提供了政策思路和决策参考。
2024,平台内市场结构设计——兼论网上外卖商业模式与管制,杜创,平台;市场结构设计;平台内竞争;网上外卖;管制,经济研究,0,在撮合买卖双方交易的线上市场，平台通过最优定价和增值服务，可以影响商家进入，设计符合利润最大化的平台内市场结构。本文通过构建“双边平台+平台内商家竞争”的多方博弈模型，从理论上研究了平台内市场结构设计问题，得到以下四点结论：第一，平台在撮合交易之外，可以借助配送服务（在商家佣金与消费者配送费之间）实现交叉补贴定价，获得更高利润。第二，由于交叉补贴定价，平台介入会提高经济效率，与不存在平台时的商家自由进入竞争相比，平台内市场结构设计导致的商家数量更接近甚至可以达到社会最优。第三，平台交叉补贴定价模式的最优性受到竞争性配送市场、商家配送和定价能力等的影响，从而衍生出不同的商业模式。第四，政府管制平台对商家的佣金上限可能引起平台的策略性反应，依据平台具体商业模式而导致不同效果（利益再分配、无实际效果乃至效率损失）。本文模型及结论可以解释网上外卖平台的独特商业模式及管制效果。
2024,中国式现代化视域下数字经济的共同富裕效应：方法与证据,万广华;宋婕;左丛民;胡晓珊,数字经济;共同富裕;基于回归方程的不均等分解,经济研究,0,本文构建了一个度量和分析共同富裕效应的研究框架，并基于中国家庭收入调查（CHIP）和城市层面数据，估算了数字经济对共同富裕的影响。研究发现：（1）数字经济有显著的增长效应，其作用机制是促进创新和提高生产效率，而非延长工作时间；（2）静态上，数字经济是收入不均等的重要来源，对不同收入水平群体之间、城乡群体之间、不同教育水平群体之间的收入差距的贡献为正；（3）动态上，随着数字经济的发展，其不均等效应逐渐减弱，即分配效应有所增强，同时增长效应持续显著。因此从整体上来看，数字经济的发展有助于促进共同富裕的实现。基于上述发现，本文建议进一步发展数字经济，在发展中逐步缩小并消除数字鸿沟，以此助力共同富裕目标的达成。
2024,平台会员制的飞轮效应研究,王勇;王垚圻;欧阳日辉,会员制;飞轮效应;用户注意力;公域流量与私域流量;平台经济,经济研究,0,会员制在传统经济中能够发挥筛选和锁定用户的作用，在平台经济中，会员制还能够进一步产生飞轮效应——一种推动平台企业快速发展的良性循环机制。这一效应尽管已被业界深刻认识并充分运用，但现有文献都尚未对飞轮效应作出理论分析。本文提出平台会员制产生飞轮效应的作用机制是一种注意力吸引与流量分发的机制，该机制借助会员服务吸引用户注意力，形成平台公域流量后销售给商户进而形成其私域流量，商户通过会员制把私域流量转化为商品销量，建立了平台流量市场与商品市场之间的良性互动，催生了飞轮效应。为刻画这一机制，本文构建了一个包含平台企业、商户和消费者在内的多方动态博弈模型，讨论这一机制如何受消费者收入水平、平台企业的用户规模和结构、商户的自然流量等因素的影响，揭示会员制在平台经济下的新型经济作用形式。本文的发现可以为相关部门和平台企业科学运用会员制促进平台经济高质量发展提供参考。
2024,新质生产力视角下产业链供应链韧性和安全性研究,洪银兴;王坤沂,新质生产力;产业链;供应链;数字经济,经济研究,0,产业链供应链韧性和安全性不仅仅是被动的应对外循环干扰之举，也是在发展新质生产力的赛道上的主动行为，有利于促进现代化产业体系的建设和完善。产业链和供应链有不同的界定和规律。前者关乎着新质生产力创新能力，后者影响着新质生产力的充分释放和市场价值实现。围绕新质生产力布局产业链，围绕产业链部署创新链，建设韧性产业链供应链是建设现代化产业体系的相互衔接的三个方面。产业链视角的供应链韧性和安全性关键点在中间品的适配性和相应的中间品创新，涉及针对堵点科技攻关和产业链的升级。资产专用性强的企业对供应链稳定性安全性有强的依赖性。供应链不是产权组织，而是一种产业组织。构建韧性供应链的基础理论是供应链整体价值共创和共享，进入供应链的企业相互信任；以效率性合同维系供应链，发挥供应链链主的牵引作用。进入数字经济时代后，数字化、智能化可以依托其平台和智能化链接提高供应链运行的可控性和韧性。
2024,新质生产力参与价值创造的理论探讨和实践应用,蔡继明;高宏,生产力;劳动生产力;新质生产力;价值创造;经济增长,经济研究,0,新质生产力参与价值创造的内在机理，现有的文献尚无明确的论述。本文将马克思劳动生产力与价值量正相关原理加以扩展，构建了包含新质生产力与传统生产力两部门的一般均衡框架，分析了新质生产力参与价值创造和促进经济增长的机理，并且论证了技术创新是新质生产力价值创造的根本动因。在实践层面，本文建立的模型也证实，新质生产力具有外溢效应，能够带动传统产业发展；同时，要正确认识新质生产力与传统生产力部门间的收入差距：如果各行业间的收入差距与其比较生产力差别一致，就是合理的，应该肯定和保护，不一致的部分要逐步缩小并努力消除。
2024,浙江大学中国数字贸易研究院简介,,,管理世界,0,"<正>2015年6月,浙江大学中国数字贸易研究院成立。2018年9月,研究院成为浙江省新型高校智库。2019年3月,研究院与阿里巴巴联合成立浙江大学-阿里巴巴数字贸易产教融合研究中心。2019年10月,研究院成为杭州市-浙江大学首批市校战略发展研究平台。2019年12月,研究院成为中国智库索引来源智库。浙江大学中国数字贸易研究院以“专业、前沿、高端、权威”为发展定位,秉承“开源创新、内涵发展”理念,整合浙江大学、全国乃至全球研究力量,主要具备咨政建言、理论创新、人才培养、社会服务等功能,力求打造数字贸易领域国内顶尖、世界一流的高端新型智库,为建设具有中国特色、中国风格、中国气派的世界优秀经济学科和中国特色世界一流大学贡献力量。"
2024,信用扭曲与地方债的风险背离——基于专项债券的研究,朱星姝;范子英,专项债券;风险背离;策略性打包,管理世界,0,为了审慎应对地方政府的债务风险，中央将地方政府的发债权限定在省级政府（和计划单列市），市县政府的融资需求只能由省级政府代为举债，本文发现省级政府“代发代还”的模式虽然有利于控制平均风险，但是省级政府的信用背书造成了严重的市场失灵，扭曲了市场投资主体对市县政府举债风险的甄别机制。通过拆解2017～2021年间4293只专项债对应的76939批次项目，我们以相同地级市的城投债市场利率为基础，测度了专项债的风险背离程度，研究发现在省内财力排名越靠后的地级市，省级政府的信用担保效应越明显，该地级市专项债的风险背离程度也越严重。随后进一步研究了造成这种风险背离的系统机制，发现省级政府为了降低融资成本，策略性地将不同地区的项目进行交叉组合，严重掩盖了市场可供使用的信息，导致专项债的市场定价机制失效，并且省内财力差异越大的省份，其策略性打包的行为更加明显。本文首次揭示了专项债发行制度的系统性风险，为提高专项债资金的配置效率、缓解可能到来的专项债务风险提供了改革方向。
2024,贷款市场报价利率的定价机制与宏观效应,殷红;张龙;吴安兵;张博,贷款市场报价利率;定价机制;全局博弈;金融稳定;降息有效性,管理世界,0,在疏通货币政策传导渠道、降低实体经济融资成本的政策要求下，央行适时改革贷款市场报价利率形成机制，赋予商业银行更大的定价自主性。本文将贷款市场报价利率定价过程模型化，引入商业银行的策略性报价与两阶段加点特征，在此基础上对新机制的降息有效性和金融稳定效应进行仿真模拟研究。研究发现：第一，新机制下中期借贷便利利率可有效疏通政策利率向市场利率的传导渠道，确保政策信号灵活适度，商业银行自主加点则可有效“挤出”利率中偏离市场实际需求的虚高水分，打开贷款利率的政策性降息空间与市场化降息空间。第二，新机制下第一阶段加点随着金融市场风险的加大而显著提高，第二阶段加点则会综合考虑中小企业客户的盈利能力、资产负债与风险状况等因素，从而优化信贷资源配置，增强经济系统抵御风险的能力。第三，报价行信息精确度的提高将增强市场化降息有效性与金融稳定性。为了更好地发挥贷款市场报价利率改革效能，建议加强新机制与宏观审慎评估等政策的协调配合，督促商业银行科学合理定价。本文对于健全金融机构自主定价机制以及深入推进利率市场化改革具有参考价值。
2024,T+0量化交易与转融券市场化费率居高不下之谜——从交易制度套利论协同改革的必要性,陈海强;倪博,转融券费率;市场化改革;T+0量化交易;做市商制度;协同改革,管理世界,0,科创板在A股市场首次实行转融券费率市场化改革，旨在有效平衡多空机制，然而改革后转融券费率一直居高不下，高费率带来的卖空约束限制了股价对负面信息的反应能力。本文首次引入利用转融券进行日内回转（T+0）交易的量化交易者，拓展了转融券市场博弈模型并利用转融券分笔交易数据进行实证检验。研究发现，非基本面信息驱动的融券需求导致转融券费率升高，排挤了传统的卖空交易者，并降低了长期投资者的持股意愿。异质性分析揭示，T+0策略的融券需求越高，转融券费率对需求的敏感性越强，表明T+0策略产生的融券需求是导致市场化费率居高不下的关键因素。为识别这一因果关系，本文将科创板引入做市商制度作为准自然实验，通过双重差分方法分析发现，做市商介入有效减少了基于T+0策略的融券需求，降低了转融券费率。本研究首次揭示了在交易制度限制下，基于非基本面信息的量化融券需求可能降低市场化改革效果，而引入做市商制度能有效抑制该负面影响。因此在实施转融券市场化改革的同时，监管层应推进交易制度的协同改革，减少制度套利行为带来的市场效率损失。
2024,银行业金融科技创新、结构性普惠效应与创业活力,李茂林;王子路;何光辉;王宇琨,银行业金融科技;创业;普惠金融;专利创新度;机器学习,管理世界,0,银行业作为中国金融体系和企业信贷供给主体，其技术创新在普惠金融方面的作用很少被研究。本文首先利用基于语义的机器学习技术衡量了中国商业银行的金融科技创新质量，然后将其与2011～2021年2亿条全国工商企业注册数据匹配，考察银行金融科技对创业活动的影响。本文研究发现，商业银行在金融科技领域主要表现为数量竞争，而创新质量提升趋势不明显。银行金融科技对城市创业活动产生结构性普惠效应：一方面，银行金融科技有利于促进小规模市场主体创业，并且主要覆盖传统信贷资源薄弱地区和融资约束较为严重的高启动资金行业；但另一方面，银行金融科技的普惠效应主要来源于大型银行信贷扩张，中小银行因竞争压力加大导致其贷款数量和质量下降。进一步研究表明，银行金融科技与互联网金融科技的作用效应存在互补性，不仅能有效促进互联网金融科技落后的城市创业，同时能显著拉动经济增长。本研究对于深入理解银行业在数字经济时代的变革与机遇和数字金融对高质量发展的作用具有重要意义。
2024,机器人使用的税收红利：基于新质生产力视角,李建军;吴周易,工业机器人;新质生产力;拉弗曲线;税收红利;财政可持续性,管理世界,0,在持续大规模减税降费和地方财政紧平衡的背景下，如何同时实现企业税负减降和维护财政可持续性的双重目标，对于防范地方财政风险和推进经济高质量发展具有重大意义。本文从新质生产力的新技术、新工具切入，系统考察了工业机器人使用对制造业上市企业实际税负和地方政府税收收入的综合影响。研究表明：在微观层面，工业机器人使用通过“薪酬抵税”、“资产折旧”和“债务税盾”效应，显著降低了企业的所得税实际有效税率，对企业产生“减税负红利”；在宏观层面，工业机器人使用通过扩大企业产出规模、增加新企业进入和带动机器人相关产业链发展等“税基扩宽”效应，有效增加了地方政府的增值税和所得税税收收入，对政府产生“增税收红利”。研究结论揭示了，新质生产力的新智能技术和新生产工具，在实现“减税政策—税基扩宽—税收增加”收入反馈关系中发挥的关键作用，为兼顾企业降负、经济增长和维护财政可持续性等多重目标的实现，提供了可行路径参考。
2024,生态补偿奖惩机制改革对大气污染治理的优势效应研究,张海峰;沈坤荣;梁若冰;杨继军,政府治理能力;生态补偿奖惩机制;横向竞争;优势效应,管理世界,0,完善生态补偿制度、构建中国式生态文明制度体系，是实现中国式现代化的重要内容。如何优化机制设计，形成具有中国特色生态补偿制度是亟待解决的难题。本文从理论与实证层面剖析生态补偿奖惩机制改革治理效应及内在逻辑机理。研究发现，奖惩机制改革显著改善城市环境空气质量，实现生态—经济绩效“共赢”、资金使用提质增效两方面优势效应，并从主观能动性提升视角对其机理进行检验。通过对不同补偿形式的比较发现，奖惩设计带来的能动性差异会进一步影响环境治理效果。此外，本文还对补偿资金的边际效应进行了相应测算。研究结论为进一步优化生态补偿制度，完善生态文明体系提供一定的参考价值。
2024,政府和市场如何助推跨平台流动？——基于中小商家的平台市场决策分析,李小玲;余红玉;凡婷婷;杨俊,跨平台流动;经营扶持政策;市场不确定性;资源依赖理论,管理世界,0,面对互联网平台垄断加速资源集中的难题，如何推动商家在不同平台流动备受关注。政府和市场积极推动中小商家跨平台运营，以促进市场资源在不同平台间流动，有效助力新兴平台发展。本文以入驻平台的中小商家为样本，基于资源依赖理论，对比了跨平台竞争周期的政府和市场对商家跨平台运营决策的影响。研究发现：市场不确定性会促进商家进行原平台深耕的决策，商家的市场经验会强化这种路径依赖；而政府经营扶持政策会有效鼓励其跨平台运营，新平台的中介能力会强化该作用；随着平台间市场竞争结构趋于稳定，商家市场经验和新平台中介能力的调节作用改变甚至消失。2020年和2022年的中小商家调研数据支撑了相关假设。经营扶持政策尤其是资金支持相关政策，能够为市场主体提供充裕的资源环境，发挥政府对市场机制的修正作用，不仅有效地支持中小商家的发展，还能间接促进平台间的资源流动。本研究结论为引导和促进平台经济健康发展和民营经济高质量发展提供重要理论和决策参考。
2024,“国民小吃”怎样炼成幸福产业？创造力驱动的沙县模式研究,妥艳媜;吴建垲;白长虹;陈曦;刘开,创造力;乡村产业振兴;农民创业;赋能型政府;共同创业,管理世界,0,本研究通过对沙县小吃产业30多年发展脉络的分析，揭示沙县小吃由地方小吃成长为国民小吃、实现乡村产业振兴的动力与机理，探索出中国乡村产业发展的“沙县模式”。研究发现：基于创造力的激活—协同—共享机制，驱动沙县小吃由草根创业形态跃迁到产业化和正规化发展形态，实现产业持续转型升级。具体而言：第一，沙县小吃产业缘起于沙县农民寻求致富之路的市场洞察，自发创业，触发个体创造力；沙县政府敏锐察觉农民创业行为的重要价值，把握机遇、顶层发力，进一步保护和激发农民创造力。第二，沙县农民与政府在产业成长过程中形成共同创业合作，推动个体单向创造力向团队与组织创造力跃迁，并使之内化为产业持续发展的核心驱动力。第三，经由沙县农民与政府共同创造，沙县小吃成长为家喻户晓的“国民小吃”和名副其实的富民产业与幸福产业。幸福生活的实现与“国民小吃”品牌共享产生溢价效应，保障和促进农民与政府创造力的延续，持续强化二者的学习探索和创新精神。沙县模式为中国式现代化的乡村产业振兴和县域治理创新提示了新方向。
2024,制造业企业劳资收入分配改善了么？——来自劳动力市场竞争性角度的实证证据,解恩泽;余淼杰,企业劳动力市场势力;工资减价;劳动收入份额;剩余价值理论,管理世界,0,合理有序的收入分配格局是新发展阶段促进共同富裕的根本性要求。劳资收入分配作为初次分配的重要组成部分，对最终的收入分配格局起决定性作用。企业在劳动力市场上的市场势力的强弱，决定了企业和劳动者之间收入的分配，是理解劳动收入份额的关键。本文利用2007～2016年中国企业税收调查数据库对制造业企业的劳动力市场势力进行准确估计和分析。研究发现：（1）中国企业在劳动力市场上拥有显著的市场势力。平均而言，劳动者所创造的价值中，只有44%分配给劳动者。企业的劳动力市场势力越强，企业的劳动收入份额越低；（2）2007年以后，特别是党的十八大以来企业的劳动力市场势力的水平和异质性均在下降，表明劳资收入分配改善、资源配置效率得到提高。本文进一步佐证了马克思主义剩余价值理论的科学性，即劳资市场势力的强弱对比决定了剩余价值在劳资之间的分配。在政策制定上，本文建议加强对企业在劳动力市场上垄断行为的规制、增强劳动力在职业和地域上的流动性，同时从剥离国有企业“办社会”职能的角度进一步深化国有企业改革、增强要素市场的竞争中性。通过改善劳资收入分配，最终实现进一步解放和发展生产力。
2024,关键核心技术突破助推链长职能的培育机制研究——以中国建材补链强链为例,胡登峰;黄紫微;李博;王文海;陈丛波,关键核心技术;技术补链;资源赋能;生态机制构建方法;链长职能,管理世界,0,国有企业勇当原创技术“策源地”和现代产业链“链长”的相关研究，为关键核心技术突破助推链长职能的培育机制提供思想和理论基础。国有企业如何主动培育链长职能已成为实践研究的重要内容，通过关键核心技术突破助推链长职能培育的路径与机制也具有很强的理论研究价值。本文基于资源赋能理论和生态构建机制理论，采用纵向单案例研究方法并引入“影子案例”设计，深入研究中国建材集团在玻璃新材料产业链中培育链长职能的阶段特征与内在机理，探索链长职能的共同性适用边界与差异性效应显现。研究发现在充分竞争产业链中，国有企业突破关键核心技术面临：“创新组织如何设置”“共同信念如何构建”与“创新联合如何管理”3个问题。这也是“链长”职能培育的3个关键问题，具体培育机制是通过组织生态内部整体突破关键核心技术，产业生态内部公地资源赋能补链，治理生态内部可持续融合强链。培育路径是动态实现“技术链长—产品链长—产业链长”的身份演化。由此提出的“基于关键核心技术突破的现代产业链长职能培育机制模型”，不仅推进了关键核心技术突破与链长职能培育两个领域的理论研究，还为我国充分竞争型国有企业主责主业建设提供实践启示。
2024,运用混合方法发展和分析复杂中介模型——以营商环境促进创新活力，协同新质生产力和“就业优先”为例,杜运周;孙宁;刘秋辰,混合方法;复杂中介模型;定性比较分析(QCA);营商环境;创新活力;就业,管理世界,0,优化营商环境激发创新活力是发展新质生产力的关键，但是创新对就业可能产生挤出效应。如何在发展新质生产力的同时，实现就业优先战略，是一个复杂系统管理问题，需要发展新的方法论。巴伦和肯尼（1986）提出中介效应模型，为分析自变量对因变量的影响机制提供了可能。然而，传统线性中介模型难以解释多个变量相互依赖导致的多重并发因果和等效性等因果复杂性问题。通过将组态视角和复杂性关系引入中介模型，混合QCA与回归分析方法，本文构建了复杂中介模型，提出了复杂中介分析流程。复杂中介模型拓展了传统线性中介效应模型，为细粒度地分析复杂中介问题、悖论问题等提供了新思路和新方法论，也为开发其他复杂模型、分析复杂系统问题提供了方法论借鉴。本文以“什么样的营商环境促进创新活力，协同新质生产力和就业优先”为例说明如何应用这种模型分析复杂系统问题。研究发现5种营商环境生态可以促进创新活力，赋能新质生产力。其中，法治或政务环境较好、市场和创新环境良好的城市营商环境生态，驱动了创新，进而促进就业。但其它2种城市营商环境生态中，由于法治或政务环境不良，在促进创新的同时，挤出了就业。这说明，需要着力优化法治或政务环境，发挥市场和创新的组合作用驱动新质生产力，进而带动就业增长。研究发现对中国城市优化营商环境，在发展创新主导的新质生产力的同时，改善就业具有积极的理论与实践启示。
2024,生产链贷款级差与货币政策传导质效,曹廷求;庞念伟;彭江波;常东风,生产链;贷款级差;垂直生产结构;货币政策,经济研究,0,疏通资金进入实体经济的渠道是提高货币政策服务实体经济质效的关键。本文以垂直生产结构下的生产链贷款级差为切入点，构建理论模型阐明贷款级差影响货币政策传导质效的微观机制，并基于上市公司数据进行实证检验。研究发现：宽松货币政策条件下，银行向上游企业发放的贷款比向下游企业发放的贷款更多，生产链上存在贷款级差，但上游企业未将贷款顺畅转化为实业投资，而是购买了更多金融资产。这一现象主要集中在经济增长压力较大、市场化水平较低的地区，以及资金密集程度较高、非产业政策重点支持的行业。从作用机制看，引致需求是贷款级差影响货币政策质效的重要渠道，货币政策作用于下游的力度偏弱进而对上游的引致需求不足，削弱了货币政策刺激上游实业投资的效果。本文揭示了当前货币供需规律的新特点，提出了资金进入实体经济渠道不畅的新解释，对疏通货币政策传导机制具有一定的政策启示。
2024,信用风险传染效应与外溢冲击研究,杨子晖;陈雨恬;李东承,信用风险;产业债;频域分解;金融风险;宏观经济,经济研究,0,本文采用前沿的连通性频域分解方法（frequency domain decomposition），准确测度中国产业债券在短期、中期和长期的风险传染效应，并就信用风险在不同行业间的传导关系与冲击强度展开对比分析。同时，分别根据上下游产业、债项评级等不同债券分类，构建信用风险关联网络，深入剖析中国债务风险传染中的关键节点与薄弱环节。此外，进一步考察了信用风险溢出强度对经济金融变量的作用方向与驱动力度。研究表明，尽管在短期信用风险传染对中国金融系统产生了相对可控的外生影响，且对宏观经济的冲击较为有限，但随着时间的推移，市场中期、长期的流动性逐步趋紧，融资难度显著提升，信用风险传染对经济景气指数、社会融资、企业投资等宏观基本面产生了显著的负面影响。在此基础上，本文为应对信用风险外溢冲击提出了相关建议，从而有助于稳妥处置化解重大风险隐患、健全金融有效支持实体经济的长效机制。
2024,税收预算增长压力下的财富转移与税负不平等,冯晨;杨健鹏;张静堃;邓敏,税收预算;增长目标;利润转移,经济研究,0,完善预算管理制度是推进国家治理体系和治理能力现代化的重要支撑。本文利用独特的政府税收预算及企业集团数据，考察了地方税收预算增长压力对企业间税负公平的影响。研究发现，预算压力的空间失衡会导致企业集团利用内部网络策略性利润转移，从而与无法释放压力的独立企业相比，存在税负不公平的问题。然而，随着新《预算法》(1)出台对地方政府预算目标的制定实施约束，这种转移动机受到了明显抑制，有效降低了企业间的税负不平等倾向。在宏观层面还发现，在利润转移条件下，预算目标设定与地方财政收入存在“拉弗曲线”现象，这意味着对于税收预算制定的效率损失问题应格外谨慎。本文研究对于加强地方税收预算管理、营造企业公平税负环境具有重大意义。
2024,城乡居民的税收负担：财政归宿分析,郭婧;汪昊,城乡差距;收入分配;财政归宿;可计算一般均衡,经济研究,0,城乡居民的税收负担直接影响其实际收入状况，关系到共同富裕的进程。本文运用可计算一般均衡（CGE）模型，基于所构建的2002—2018年社会核算矩阵（SAM表），测算了我国城乡居民的税收负担，分析了城乡居民税负差距及其形成机制。测算结果表明：农村居民的税收负担始终高于城镇居民，且城乡居民的税负差距还有扩大趋势；农村居民的间接税负重是导致城乡居民税负差距的主要原因，而城乡居民的收入结构差异则是城乡居民税负差距的助推因素；虽然个人所得税有助于缩小城乡居民税负差距，但财政转移性支出具有明显的城镇居民偏向性，致使缩小城乡居民税负差距的财政再分配政策效果大打折扣。改革方案模拟结果表明，在继续优化税制结构的基础上，适度调整财政转移性支出偏向，提高农业全要素生产率，将有助于缩小城乡居民税负差距，改善城乡居民收入不平等状况，助推城乡居民共同富裕。
2024,线上排他行为、阶段性特征与数字平台治理：三方动态博弈分析,蔡跃洲;王麒植;钟洲,线上线下竞争;排他行为;阶段性特征;数字平台;平台治理,经济研究,0,科学治理数字平台的线上排他行为是全球范围内的重要议题。国内外既有理论研究与现实案例更习惯于对相关行为进行“对”“错”判断，本文尝试提出第三条路径，即根据数字经济不同发展阶段的主要矛盾和个案具体情况，相机选择适宜的规制立场和监管措施。以中国数字经济发展为基础的三方动态博弈模型分析表明：线上排他行为既可能产生限制线上竞争的“选择限制效应”，也可能产生促进线上线下竞争的“投资保护效应”。在线上经济发展初期，投资“搭便车”问题的存在往往会使得投资保护效应带来的积极影响超过选择限制效应的消极影响，因而线上排他行为更可能提升社会福利。随着线上经济不断走向成熟，投资“搭便车”不再是主要矛盾，线上排他行为对线上竞争的负面影响逐渐显现，进而降低社会福利。阿里巴巴“双十一”购物节及“二选一”行为对电商发展产生的影响较好地印证了上述机制。本文认为，数字平台治理应根据其发展阶段相机行事，在用户培育期审慎包容线上排他行为以期实现与限期专利保护类似的积极效果，而在平稳成熟期则强化线上排他行为的反垄断规制以保障数字经济健康发展。
2024,高标准贸易协定与全球供应链韧性：制度环境视角,沈国兵;沈彬朝,高标准贸易协定;制度环境;贸易协定深度;供应链韧性,经济研究,0,在外部经济环境不确定性上升背景下，本文探究了高标准贸易协定对全球供应链韧性的影响。特征事实分析显示，制度环境是影响供应链韧性的重要因素，提高贸易协定深度可降低全球供应链断裂风险。本文进一步构建制度环境与供应链韧性的动态合约模型，引入合约不完备程度和随机供应链冲击。理论模型表明，在供应链冲击下，无论是即期合约还是关系型合约，制度环境改善都将降低供应链交易关系断裂概率，且采用关系型合约的供应链更具韧性。结构估计和量化分析证实，提高贸易协定深度可改善制度环境，降低全球供应链断裂概率、增强供应链韧性；签订《区域全面经济伙伴关系协定》（RCEP）和加入《全面与进步跨太平洋伙伴关系协定》（CPTPP）都将降低中国从成员国进口供应链的断裂概率，且对中国提升全球供应链韧性的作用显著大于已有的贸易协定。据此，积极签订和加入高标准贸易协定，构建一流的营商环境将成为增强中国供应链韧性的有效措施。本文为推进中国高水平对外开放，提升产业链供应链韧性提供了理论和经验借鉴。
2024,产业数字化与国内大循环,张洪胜;杜雨彤;张小龙,产业数字化;国内大循环;中间品供给;核心技术自给率,经济研究,0,增强国内大循环的内生动力和可靠性对构建新发展格局和实现高质量发展至关重要。本文测算分析了世界各国的产业数字化水平和国内大循环程度，并考察了产业数字化对国内大循环的影响效果和作用机制。研究发现：中国第二产业的数字化水平较高，第三产业数字化水平相较于主要发达国家存在提升空间；中国在生产端的循环基础较好，但最终需求端的循环基础还较弱，第三产业的国内经济循环程度与主要发达国家尚存差距。产业数字化显著促进了中间品本国供给率和本国需求率提升，但对最终品本国需求率影响不显著；产业数字化对国内经济循环的影响在第一产业中更为明显，但在发展中国家与发达国家、高科技行业与非高科技行业之间未表现出明显异质性。机制方面，产业数字化有利于提高全要素生产率、中间品质量以及平均工资水平，分别从供给和需求侧促进国内大循环；就中国而言，产业数字化水平的提升不仅能够增强国内大循环的内生动力，而且有利于提高核心技术自给能力。本文揭示，以产业数字化引领高质量需求、赋能供给体系质量提升、高质量推进第一和第二产业数字化转型、加快推进生产性服务业数字化转型，都有助于推进国内大循环建设，实现高水平自立自强。
2024,数字经济与收入差距：数字经济核心产业的视角,洪俊杰;李研;杨曦,数字经济;共同富裕;收入分配;收入差距,经济研究,0,本文首先构造了一个理论模型，分析数字经济对收入分配差距的影响。在理论分析基础上，将上千万条企业工商登记信息与区县和城市统计数据相结合，基于数字经济核心产业视角，从地区和城乡两个层面实证分析了数字经济对收入差距的影响。研究发现，数字经济总体上扩大了收入分配差距，主要机制包括数字化对劳动生产率差异和人力资本分布的影响。从地区层面来看，缩小各地区之间的数字鸿沟，尤其是数字素养鸿沟，有助于缓解地区间收入差距的扩大。从城乡层面来看，加强农村居民对数字资源的使用程度有利于城乡间收入差距的缩小。在我国致力于实现共同富裕目标和数字经济快速发展的大背景下，应高度关注数字经济发展对收入分配的影响。本文为相关政策制定提供了一定的借鉴。
2024,中华民族现代市场经济文明的历史根基、演化路径与创新空间,熊昌锟;沈博;王嘉乐;李一苇,中华民族现代市场经济文明;传统市场文化;中国特色社会主义市场经济;“两个结合”,经济研究,0,中国特色社会主义市场经济是当代中国社会生产力与生产关系有机统一的重要方面，基于其上的中华民族现代市场经济文明是中华民族现代文明的重要内容。“两个结合”是中华民族现代文明建设的必由之路，经济史视角下以“两个结合”建设中华民族现代文明，集中具化为在“两个结合”中发展中国特色社会主义市场经济、建设中华民族现代市场经济文明。本文聚焦于中国传统市场文化中有益于当前中华民族现代文明建设所依托的中国特色社会主义市场经济发展的成分，从而揭示中华民族现代市场经济文明的历史根基与演化路径。本文认为，在“两个结合”中建设中华民族现代市场经济文明的创新空间在于，应批判性借鉴人类一切市场经济建设的先进经验，着力避免市场经济的潜在弊端；发展中国特色社会主义市场经济，既要发展以新质生产力为代表的物质文明，又要培植以实现人的全面发展为最终旨趣的精神文明，实现物质文明和精神文明的协同发展，真正构筑中华民族现代文明的坚实的经济基础。
2024,土地供给约束、工业用地优化配置与企业效率——来自耕地保护政策的证据,谢婷婷;张辉,耕地保护;工业用地配置;企业效率;高质量发展,经济研究,0,生产要素优化配置是提升宏观全要素生产率的重要途径。本文以耕地保有量指标管控政策为准自然实验，根据土壤属性预测耕地数量和空间位置解决了内生性问题，结合全国税收调查数据和国土统计数据，研究土地供给约束对企业全要素生产率的影响及机制。研究发现，土地供给约束显著减少了工业用地配置中“压低价格、过量供给和协议出让方式”的供地行为。土地供给收紧后，工业用地配置优化，促进了企业生产效率提升。异质性分析发现，在中心城区、非高技术行业及土地需求旺盛的地区，土地供给收紧后企业效率提升更大。在土地资源趋紧的现实背景下，本文为“腾笼换鸟，凤凰涅槃”及“亩产论英雄”等改革实践提供了学理上的回应。
2024,政府绩效考核体系转型与城乡协调发展,顾昕;柳鲲鹏;沈宇辉;龚斌磊,唯GDP主义;绩效考核转型;多任务委托—代理关系;城乡收入差距,经济研究,0,在政府绩效评价与考核体系中，过分重视短期经济增长，呈现所谓的“唯GDP主义”，不仅可能导致政府官员的短视行为，阻碍经济的高质量发展，还会产生忽视环境保护、民生改善与共享发展等的治理扭曲现象。在破除“唯GDP主义”的政府考核体系转型导向下，截至2022年末，省市级政府对495个区县政府的绩效评价取消了GDP考核的权重，为研究中国政府治理转型的社会经济影响提供了开展准自然实验的机会。本文构建多任务委托—代理模型，基于2008—2019年的县域面板数据，使用双重差分法评估了破除“唯GDP主义”的政府绩效考核转型对共享发展的影响。研究发现，绩效考核转型能够显著促进城乡居民收入增长及城乡收入差距缩小。进一步分析表明，在经济增长“指挥棒”弱化或消失后，若代之以偏向农村发展的“指挥棒”，则有利于强化对缩小城乡收入差距的促进效应。在作用机制上，绩效考核转型后县级政府通过助推第一产业发展、农村土地出让的初次分配政策与社会救助支出的再分配政策，促进了农村居民收入更快增长。这表明，政府绩效考核体系实现转型，辅之以农村偏向的强激励转换，有助于巩固拓展脱贫攻坚成果同乡村振兴的有效衔接，促进以缩小城乡收入差距为重要内容的共享发展。
2024,第九届中国信息经济学乌家培资助计划(2024)评选公告,,,经济研究,0,"<正>[获资助者条件](1)在国内外学术期刊发表信息经济与信息管理领域的论文(发表时间不限),其中代表作3—5篇(须为第一或通讯作者);(2)代表作具有重要的学术创新性和影响力;(3)具有中华人民共和国国籍、2024年8月31日前不超过45周岁的学者。[资助计划]资助人数为1—3名,资助总额为20万元人民币。[获资助者博士生团队持续资助机制]本年获资助者指导的博士生团队,次年自然获得“中国信息经济学乌家培优秀博士生计划”资助,资助总额为10万元人民币。后续资助根据首次资助后的学术创新成效而定。"
2024,《经济研究》关于稿件写作的几点说明与建议,,,经济研究,0,"<正>[中文内容]请作者在初始投稿与后续修改时:1.务必确认稿件的作者姓名、作者顺序(包括通讯作者)、作者单位、资助课题(项目),并将相关信息完整、准确地列于独立于正文的一页(正文中不得出现相关信息)每篇稿件,署名作者不得超过五位,且必须确认一位且仅一位通讯作者(如未清晰确认,第一作者视作通讯作者);每位作者的署名单位不得超过两个(同一单位的不同下设单位分别署名时,"
2024,新疆大学经济与管理学院简介,,,管理世界,0,"<正>新疆大学经济与管理学院成立于2001年,由原新疆大学经济管理系、经济研究所、人口研究所和原新疆工学院管理工程系四家单位整合而成,学院设有经济系、金融与贸易系、工商管理系和管理科学与工程系。拥有理论经济学科一级学科博士学位授权点和博士后科研流动站,理论经济学和工商管理2个一级学科硕士学位授权点。设有经济学、金融学、国际经济与贸易、工商管理、市场营销、物流管理6个本科专业。"
2024,安徽财经大学金融学院简介,,,管理世界,0,"<正>安徽财经大学金融学院立足安徽、面向全国、面向现代金融业,致力于培养创新型高素质金融人才,累计培养了2万余名优秀毕业生,为经济社会发展提供了强有力的人才支撑和智力支持。学科专业实力强劲。金融学科作为安徽省高校中最早设立金融学专业的学科,是学校传统优势学科,也是安徽省B类重点学科,在省内始终保持领先地位。学院设有金融学、保险学、投资学、金融工程4个全日制本科专业(其中金融学、投资学、金融工程专业入选国家级一流专业建设点,保险学人选省级一流专业建设点)。拥有金融学、投资经济学2个学术型硕士学位授权点,金融、保险2个专业型硕士学位授予点。有“证券投资学”(2020年获批)“资产配置优化选择虚拟仿真”(2020年获批)和“经济类综合实验”(2023年获批)3个国家级一流课程,其中“证券投资学”为,国家级课程思政示范课程(2021年获批)。"
2024,政策保障与中国债券市场高质量发展：一个统一的分析框架,王永钦;刘红劭,金融强国建设;高质量发展;政策保障;抵押品均衡;债券市场,管理世界,0,债券是实体经济的重要外部融资渠道，债券市场高质量发展是金融强国建设的重要组成部分，与经济高质量发展息息相关。中国债券市场近年来出现了一些结构性变化：融资期限缩短、保护条款增多、高评级企业融资占比提高等。本文用抵押品均衡理论来统一分析债券市场的这些结构性变化。理论上，任何金融合约都可以看作抵押品和承诺的组合。不同于以具体资产作抵押的债务合约（如银行贷款），债券隐性地以企业未来现金流（内在价值）作抵押，对不确定性更加敏感。在制度环境未能充分吸收不确定性的情况下，为了应对不确定性，市场内生地调整合约和发行人结构：缩短期限、增加保护条款和提高利差、偏好更优质的抵押品（体现为高评级企业融资占比上升）。本文实证发现，经济政策不确定性指数可以解释中国债券市场的结构性变化。机制分析表明，平稳的政策保障可以增强企业内在价值预期的确定性，以及违约后抵押品处置的确定性，进而促进债券市场高质量发展。本文进一步发现，企业对合约结构存在偏好顺序：高信用的企业倾向于保有控制权而缩短期限，低信用的企业则让渡更多控制权。本文的研究表明，通过更精准的宏观政策等政策保障，增强基础制度建设，将有助于金融强国建设，更好实现经济高质量发展。
2024,数字技术应用与企业出口表现——以中关村国家自主创新示范区企业为例,蔡宏波;韩金镕,数字技术应用;出口增长;出口升级;高新技术产品出口,管理世界,0,数字技术应用是推动贸易主体数字化转型，实现对外贸易高质量发展的重要举措。本文采用2014～2019年中关村国家自主创新示范区企业数据，实证研究了数字技术应用对企业出口表现的影响。研究发现，数字技术应用显著促进了企业出口增长与出口升级，体现为出口概率、出口总额、高新技术产品出口额及高新技术产品出口占比的提升。但不同数字技术对企业出口的影响具有异质性，底层技术层面的数字技术有利于企业高新技术产品出口表现，而技术应用层面的数字技术主要作用于企业出口规模的提升。另外，数字技术应用对民营企业和大中型企业的出口增长与升级作用更大。机制检验表明，数字技术应用通过技术范式重塑和就业技能结构优化促进了企业出口增长与升级。进一步讨论发现，国家创新导向减税政策与数字技术应用在促进企业出口方面具有联动作用。本文对于更好地发挥数字技术在扩大高水平对外开放中的作用具有一定的政策参考价值。
2024,智能制造如何提升企业产能利用率——基于产消合一的视角,黄卓;陶云清;刘兆达;叶永卫,智能制造;产能利用率;生产侧;消费侧,管理世界,0,全球智能化浪潮下，智能制造成为技术领域的新范式，其所具有的“产消合一”核心特征，为破解中国产能过剩困境提供了崭新思路。本文将中国智能制造试点示范项目的推广视为一项准自然实验，采用交叠双重差分法（Staggered DID）探究智能制造对企业产能利用率的影响及机制。结果显示：智能制造的实施显著提升了企业产能利用率。机制分析表明，“产消合一”是智能制造发挥作用的核心路径，其主要通过赋能生产侧与消费侧两条路径提升产能利用率，具体表现为：在生产侧赋能企业柔性化生产，在消费侧转变消费者地位并创造新消费需求。异质性分析发现，智能制造对企业产能利用率的提升作用在成长期行业和市场环境较好地区的企业中更为明显。进一步研究表明，相比于生产式智能制造模式，协同式智能制造模式对企业产能利用率的提升作用更强；并且，智能制造可以从经济效率和社会效益两个方面赋能企业高质量发展。本文为政府建立化解产能过剩的长效机制，实现动能转型升级，提供了有益的理论支撑和实践启示。
2024,创业团队的动态演化机制——基于人力资本产权周期视角的多案例研究,刘方龙;李新春,创业团队;创业冲突;人力资本与产权,管理世界,0,“共患难易，同富贵难”寓意着，初期创业团队在面临高风险性、模糊性与不确定性的情况下仍保持较好的合作和协调，而当业务步入正轨后更易于产生冲突。在创业团队快速发展过程中，此类冲突现象较为常见。遗憾的是，现有创业理论对该现象，尤其背后蕴含的产权冲突缺乏应有重视，本文试图弥补这一不足。基于人力资本产权视角，本文通过对4家案例企业进行分析，第一阶段研究发现，创业团队的人力资本产权包含“转化期—界定期—动荡期—治理期”4个演化阶段，不同阶段承载创业团队租金获取、产权界定与明晰等功能。本文第二阶段研究发现，人力资本产权演化本质在于企业资产价值提升过程所带来的“公共领域”难以被有效界定，因而产生人力资本产权再界定动力并引发新企业创业团队的冲突。综上，由于人力资本初始禀赋及增长的差异，新企业资产价值增长带来难以界定的“公共领域”，将导致创业者付出的人力资本与其产权难以匹配，给团队的协调与稳定带来破坏性冲突，表现为价值折损或团队解散。本文有助于深化对人力资本产权理论的认识，对创业团队研究也是重要的补充。
2024,新型举国体制下重大工程创新生态系统的资源配置模式——来自港珠澳大桥技术创新的证据,王歌;覃柳淼;曾赛星;刘炳胜;何清华;汪涛,新型举国体制;重大工程;创新生态系统;资源配置,管理世界,0,合理配置资源以推动重大工程创新生态系统中创新主体的有效协同，是技术攻关过程中实现创新价值涌现的关键问题；新型举国体制是有效发挥“政府—市场”二元作用以提升资源配置效率的重要途径。本文立足于资源视角，以港珠澳大桥技术创新实践为研究对象，综合应用模糊集定性比较分析（fsQCA）和指数随机图模型（ERGM）两类方法，探讨了重大工程创新生态系统中创新主体的资源基础、资源依赖结构、资源管理行动对创新价值涌现所产生的复杂组态效应。研究结果揭示了4类涌现出高创新价值的资源配置模式，即“协同—共创”型、“聚合—突破”型、“延拓—变革”型和“巧用—效率”型。本文拓展了重大工程创新管理的研究，对有效依托新型举国体制、合理配置资源以攻克技术难题具有理论与实践启示。
2024,中国粮食安全保障的农地规模经营逻辑——基于农户与地块双重规模经济的分析视角,徐志刚;章丹;程宝栋,粮食安全;土地产出率;规模经济;机械化;雇工化,管理世界,0,粮食安全保障是维护国家安全与社会稳定的重要内容和基础。农地规模经营可提升劳动生产率与收入，但其土地产出率及粮食安全效应却因规模经济与规模不经济之争一直存在争议。本文创新性地从农户规模经济和地块规模经济两个维度解析规模经济，抓住规模经营机械化和雇工化特点，再度审视粮食“规模—单产”关系。本文构建刻画机械化和雇工化对“规模—单产”关系影响逻辑的分析框架，借助对水稻和玉米的农艺和要素特点的比较分析，阐释了不同粮食作物因为耕地资源可获性和农艺及劳动投入特征差异导致机械作业标准化程度与雇工道德风险劳动质量差异，并影响农户和地块规模经济及“规模—单产”关系的经济逻辑。基于全国4省农户与地块抽样调查数据，实证研究表明：（1）水稻和玉米地块层面“规模—单产”均呈“倒U型”关系，但农户层面“规模—单产”关系，水稻为“倒U型”，玉米则为“U型”；（2）中国农业发展现阶段机械技术模式下的规模经营机械化和雇工化在粮食生产农户规模与地块规模影响单产过程中发挥着重要的中介作用。机械作业效率和技术进步有增产效应，但会受地块规模经济约束；雇工专业分工的高劳动质量增产效应会被道德风险低劳动质量影响抵消，但机械化可缓解雇工道德风险问题。调节粮食“规模—单产”关系必须结合机械化和雇工化，从审视粮食生产农艺和资源、技术约束入手。研究结论可为推动劳动生产率与土地产出率协同增长，协调农民增收和保障粮食安全关系提供新的理论指导依据。
2024,地方公共债务与企业不动产投资：效应与机制,谢申祥;初虹;刘金东,地方公共债务;企业不动产投资;融资竞争;抵押品,经济研究,0,中国经济发展呈现出地方政府公共债务规模持续走高的同时，非房地产企业不动产投资也在不断扩大的典型特征，而鲜有研究对此进行相应解释。本文结合2007—2018年上市公司数据，分析了地方公共债务对企业不动产投资的效应与机制。研究结果表明，地方公共债务扩张显著推高了企业的不动产投资倾向，其背后的影响机制是地方公共债务扩张挤占了信贷资源，从而加剧了企业间的融资竞争，为了获得更有利的融资地位，企业被迫增加不动产投资以提高融资所需的抵押品。异质性分析发现，地方公共债务扩张主要影响了成长期后的企业和制造业企业的不动产投资。本文的研究对于建立同高质量发展相适应的政府债务管理机制具有重要的现实启示。
2024,税收政策支持与企业预期转变,万海远;张尉;陈基平;辛柯均,税收优惠;流动性约束;期待偏差;政策不确定性;预期转变,经济研究,0,预期转弱是当前宏观经济面临的突出问题，本文关注企业预期转变的微观基础，研究税收政策对提升市场主体信心的作用机制，提出增强企业预期的针对性措施。结果发现，组合式税收优惠政策增加了企业现金流，有助于提升正向发展预期，并扩张企业产能需求。超出意料的税收优惠会进一步提升企业获得感，增强企业市场信心，并将积极预期转化为实际的产出扩张，体现税收政策的显著积极作用。税收优惠能显著提振制造业及民营企业信心，尤其是税收返还比减征免征的信心提升效果更大，总体能起到显著的预期改善效果。近期要向市场释放持续向好信号，激发各类企业投资热情，引导企业对政策的合理期待，加快政策红利兑现，以增强企业发展预期。
2024,数字治理与现金转移支付瞄准效率,王军辉;揭梦吟;何青,数字治理;转移支付;瞄准效率;再分配,经济研究,0,在走向共同富裕和扩大内需的背景下，加大转移支付力度的呼声日益高涨。较高的瞄准偏误是扩大对居民转移支付面临的主要障碍之一。研究数字治理对现金转移支付瞄准效率的影响，对扩大对居民转移支付具有重要参考价值。本文基于中国家庭金融调查（CHFS）2013—2021年的五轮数据，利用“居民家庭经济状况核对信息系统”上线这一冲击，研究了核对系统对低保瞄准效率的影响及作用机制。研究发现，核对系统显著降低了低保的错保率，并且核对系统具有较高的成本效益。核对系统主要通过降低审核工作成本、提高核查质量和提升资格认定过程的公正程度提升瞄准效率。核对系统的效果主要体现在农村地区，在偏远、宗族势力强、人口流出比例高的地区效果更加明显。由于接入养老金信息，核对系统对降低老年家庭的错保更显著。核对系统虽然加大了低保清退力度，但对支出型贫困家庭的排斥没有增加，也未增加低保清退引发的不满。此外，核对系统在降低漏保方面尚未发挥积极作用。本研究表明，核对系统为精准扩大再分配提供了充分的技术准备。
2024,劳动力成本上升与高科技企业创业——来自工商注册信息大数据的证据,彭俞超;吴琬婷;李建军,劳动力成本;最低工资;创业;筛选效应,经济研究,0,中国劳动力成本上升对实体经济发展产生了一定的负面作用，昭示着人口红利的消退。然而，劳动力成本上升可能也会有积极的一面，比如促进地区创业结构升级。本文利用2000—2017年间中国企业工商注册信息的三千多万条文本大数据，利用自然语言处理方法构建了地区创业类型相关指标，重点考察了最低工资上涨对高科技创业的影响。研究表明，最低工资上涨对高科技企业创业具有显著的促进作用，尤其对“进入壁垒”较低领域的高科技创业影响更为显著。其主要机制在于，最低工资上涨导致劳动密集型创业项目的利润率下降，使得创业者更倾向于选择劳动力成本不敏感的高科技创业项目。进一步分析表明，最低工资上涨对高科技创业的正向效应在经济落后和经营环境欠佳的地区更为明显，符合“波特假说”。本文结果揭示了最低工资上涨的一种“筛选效应”，即促使创业者选择依赖高技能劳动的高科技项目，从而有助于经济高质量发展。
2024,中国创新模式选择：自主创新抑或技术引进？,谭用;邱斌;叶迪;綦建红,创新模式选择;自主创新;国外技术引进;信号效应;结构式估计,经济研究,0,本文旨在探讨中国企业的创新模式选择，以及不同创新模式影响企业生产率和销售绩效的供给侧与需求侧机制。本文采用全国创新调查企业数据库，在展现不同创新模式异质性影响的典型事实基础上，将创新模式融入异质性企业贸易模型，进一步采用结构式估计和反事实研究，讨论企业创新模式选择所带来的生产率和国内外销售额变化。结果发现，创新将通过供给侧与需求侧机制共同影响企业生产率与国内外销售绩效，而不同创新模式的影响渠道存在显著的异质性：相比于引进国外技术，自主创新对生产率的促进作用更加明显；相比于自主创新，直接引进国外技术将在出口市场产生更大的信号效应；提高中国专利的国际认可度将有效促进企业自主创新意愿，并增加出口总量；畅通国内大循环，降低国内贸易成本，可有效抵消“卡脖子”问题对中国企业创新绩效的负面影响。
2024,产业空间共聚、知识溢出与创新绩效——兼议区域产业多样化集群建设路径,陈露;刘修岩,产业空间共聚;技术知识池;知识溢出;创新提升;产业集群建设,经济研究,0,行业在地理上邻近非本部门的“技术知识池”能否有效提升其创新绩效？基于不同关联的地理邻近所带来的效应是否存在差异？本文在知识生产函数的框架下，利用工业企业数据库和专利数据库，实证检验了行业方向性空间共聚形成差异化技术知识池的创新绩效提升效应。研究发现，行业创新水平会受到产业空间共聚形成的多样化技术知识池的正向影响，在使用英国的产业共聚指数作为工具变量解决可能存在的内生性后，结论依然成立。其中，知识溢出是产业共聚受到非本部门技术知识池影响的主要机制。主动共聚的创新溢出效应明显高于被动共聚，技术知识池对行业创新规模的提升效应略强于对行业创新质量的影响。进一步的研究发现，具有投入产出关联的行业间只有主动共聚才能显著提升双方行业的创新能力，而具有技术关联的产业共聚产生了明显的“寄生作用”。本文的政策意义是，地方政府在构建区域多样化产业集群时要充分考虑产业间选址的空间依赖关系和历史规律，同时加强知识产权保护和行业监管，实现区域产业高质量发展。
2024,相对经济地位与生活满意度——来自脱贫攻坚实践的证据,蔡宇涵;黄阳华;郑新业,相对经济地位;生活满意度;位置效应;个人效用;共同富裕,经济研究,0,"本文借助中国脱贫攻坚政策对农村居民相对收入产生的外生冲击，利用中国贫困人口微观追踪数据库，在一个拓展的个体效用函数框架下探讨社会比较心理对人们生活满意度的影响及其机制。研究发现，在控制平均收入整体增长的情形下，家庭之间收入增速变化带来的相对经济地位变化对生活满意度可产生显著影响，这一影响来自炫耀性消费、公共物品利用和社会资本积累三种机制。进一步实证研究表明,确保机会平等和提升资源可得性不仅能够直接提升生活满意度，而且可以间接缓解社会比较心理对生活满意度的影响。本文为准确认识当代农村居民经济行为提供了新证据，为探索更可行的共同富裕实现路径提供了新思路。"
2024,结构变迁、效率变革与发展新质生产力,中国社会科学院经济研究所课题组;黄群慧;杨耀武;杨虎涛;楠玉,新质生产力;全要素生产率;产业结构;新型生产关系,经济研究,0,本文以习近平总书记关于新质生产力的重要论述为指导，基于“科技创新—结构变迁—效率变革”这一生产力发展的逻辑主线，分析了新质生产力形成的产业结构变迁逻辑；通过对中国全要素生产率的测算与国际比较，进一步从经济增长动能转换角度论述了当前中国发展新质生产力的必然逻辑；最后围绕建立新型生产关系提出发展新质生产力的原则方向。本文认为，新一轮科技革命和产业变革给中国提供了重要的机会窗口，中国已有的发展成就也为发展新质生产力提供了充足的基础条件。未来要科学把握科技创新和产业发展的方向，充分发挥社会主义市场经济体制的制度优势，坚持先立后破、稳中求进的方法论原则，围绕以科技创新推进产业创新、提高全要素生产率的主线，坚定不移大力发展新质生产力。习近平总书记指出，新质生产力以全要素生产率大幅提升为核心标志，虽然经济学界一直以来有大量关于全要素生产率的研究，但目前还鲜有文献从全要素生产率角度研究新质生产力，本文的尝试具有一定创新性。
2024,环境目标责任制、环境治理与内生经济增长,严成樑;赵扶扬;牛欢,环境目标责任制;环境治理;经济增长,经济研究,0,本文构建了一个包含环境目标责任制的经济增长模型，研究环境目标责任制对经济增长和社会福利的影响。研究发现：环境目标责任制对经济增长的影响不确定，取决于其对环境质量的促进效应、全要素生产率抑制效应以及对地方政府环境治理支出效应的对比。适度的环境目标责任制能够改善环境质量，促进技术创新，提升社会福利水平。过高的环境目标责任则会使经济增长率和社会福利水平下降。环境目标责任制对经济增长和福利水平的影响均呈倒U型。经济增长极大化对应的环境目标责任制高于社会福利极大化对应的环境目标责任制，从经济增长最大化状态制调整为社会福利最大化状态对应的经济增长率损失很小，说明不用担心环境目标责任制的经济增长抑制效应。在考虑地方政府的创新支出后，环境责任制通过挤出地方政府在科技创新方面的投入阻碍经济增长。本文尝试运用内生增长理论的思路将中国特色的环境目标考核模型化，为理解中国经济增长和环境质量的动态关系提供一个新视角。
2024,内资与外资的共生共赢——基于两个市场两种资源联动的价值链新核算框架分析,彭水军;李之旭;黄鑫,区分内资和外资的国际投入产出模型;内外资联动的国内价值链;SDA方法;SPA方法,管理世界,0,增强两个市场两种资源联动效应，实现内外需、内外资的高水平协调发展，是中国畅通国内大循环、促进国内国际双循环良性互动的关键所在。本文使用OECD跨国企业活动分析数据库提供的区分内资和外资的国际投入产出表，提出了一个新的反映两个市场两种资源联动的国内价值链分解框架，定量分析两个市场两种资源的联动特征以及对经济增长的作用机制。研究发现，在面临外部风险和国内经济结构转型的过程中，内需潜力的逐渐释放是内外资实现增加值收益增长的重要支撑，相比外需而言，更具稳定性与可靠性；制造业外资企业倾向于在中国布局封闭式产业链，这一现象在中、高研发强度制造业中更为明显，但内外资合作分工模式占比在持续上升，这反映出内外资“竞争合作关系共存、分工合作逐步深化”的趋势。本文进一步采用结构分解分析（SDA）方法重点分析内外需市场变动、内外资企业关联变动的经济增长效应，结果表明，内需市场的规模扩大与结构优化对于促进内外资经济稳定发展具有重要作用，2010年之后内外资企业关联效应对于外资和内资经济增长的贡献也在逐渐增大，为新时期促进两个市场两种资源的联动和协调发展提供了经验证据。同时，本文结合结构路径分析（SPA）方法，围绕需求侧潜力释放与结构优化以及供给侧国际要素资源流入与内外资联动，探讨了促进两个市场两种资源联动与协调发展的关键增加值流转路径。本文为加快构建新发展格局、着力推动高质量发展提供了政策启示。
2024,留抵退税政策、企业流动性与劳动要素收入提升,王敏;李敏丽,增值税;留抵退税;劳动要素收入份额;企业流动性,管理世界,0,留抵退税是我国增值税中性化改革的关键环节，更是应对经济下行压力的主要扶持政策，从劳动要素收入分配的视角探究留抵退税政策的微观效应具有重要意义。本文从劳动要素结构优化和劳动工资提升激励两个维度，构建了“留抵退税→企业流动性→劳动要素收入”的理论逻辑框架，结合2012～2021年上市公司和纳税信用评级数据，对2018年留抵退税政策进行考察。研究发现：留抵退税显著提升企业劳动要素收入份额，结论经过内生性及稳健性检验依然成立。进一步检验发现，政策显著改善企业现金流动性，并且，高技能劳动投入增加是这一流动性传导影响要素收入分配的核心渠道，而劳动工资提升激励并不显著。拓展分析发现，在融资约束较强的企业、民营控股企业中，这一提升效应更为明显。此外，政策不仅发挥了增加劳均报酬的社会效益，更有效地提高了企业劳动生产率。本文研究为理解留抵退税在应对经济压力下发挥逆周期和跨周期调节效能的机理提供了新的视角和经验证据。
2024,有限合伙协议架构企业的盈余管理之谜：长期导向还是机会主义？,史亚雅;梁上坤;叶文平;魏娟,有限合伙协议架构;盈余管理;长期导向;外部治理机制,管理世界,0,有限合伙协议架构（LP架构）作为企业实现财务资本与人力资本专业化分工的重要控制权创新模式，受到实践者与政策制定者的广泛关注，但学者们对于LP架构经济后果的研究莫衷一是。基于此，本文以信息质量为切入点，利用2011～2021年中国沪深两市A股IPO的非国有上市公司样本，考察LP架构对企业盈余管理的影响。研究结果表明，相比于非LP架构企业，采用LP架构的企业显著增加了向下的应计盈余管理，而真实盈余管理没有明显差异。机制分析发现，LP架构企业通过向下盈余管理减少股利分配，以增加自由现金流和未来的研发投入，而不是出于控股股东资金占用或关联方担保等机会主义动机。进一步分析显示，LP架构对盈余管理的影响在现金流波动较大、风险承担水平偏高、财务业绩较好、有限合伙人来源于内部，以及在股票禁售期内的企业更加显著。最后，本文发现压力抵制型机构投资者持股、分析师跟踪和交易所问询等外部治理机制显著抑制了LP架构企业的盈余管理行为。本文不仅从信息质量角度深化和扩展了LP架构的公司治理效率研究，同时为监管者完善信息披露制度，以及投资者识别LP架构企业价值提供了重要的经验参考。
2024,中国制造业金融资源配置效率与全要素生产率,欧阳志刚;陈奕景;陈熹,金融资源配置;全要素生产率;制造业高质量发展;新质生产力培育,管理世界,0,本文以金融服务制造业高质量发展为切入点，基于中国制造业行业间和不同类别企业间金融资源配置的现实背景，构建金融资源配置扭曲导致全要素生产率损失的分析框架，测度中国制造业金融资源配置效率及其扭曲导致的全要素生产率损失。研究发现：（1）制造业行业间金融资源配置效率较高，而行业内金融资源配置效率较低。在行业内配置中，债务配置效率和融资规模配置效率相对较低。（2）在样本期内，制造业总体金融资源配置扭曲导致的全要素生产率损失年均为37.30%，其中，行业内和行业间配置扭曲导致的生产率损失年均分别为31.54%和5.76%。在行业内配置扭曲导致的生产率损失中，债务配置扭曲和融资规模配置扭曲是主要来源。金融资源配置的“所有制歧视”比“规模歧视”导致的生产率损失大，且非国有和小规模企业内部配置扭曲导致的生产率损失较大。供给侧结构性改革后各类金融资源配置扭曲导致的全要素生产率损失显著减少。（3）重点产业前期金融支持政策形成的“好”扭曲不同于传统非重点产业的“坏”扭曲，随着重点产业的发展，“好”扭曲会缓解，全要素生产率损失也会因此下降，“好”扭曲对全要素生产率的这一作用规律对当前金融助力战略性新兴产业和未来产业新质生产力的培育具有重要启示意义。
2024,数据要素、交通基础设施与产业结构升级——基于量化空间一般均衡模型分析,陈晓佳;徐玮,数据要素;交通运输;鲍莫尔病;过早去工业化;全要素生产率,管理世界,0,产业数字化是推动中国经济高质量发展的重要驱动力，然而，“鲍莫尔病”和过早“去工业化”问题制约产业结构的升级，阻碍经济向高质量发展阶段迈进。本文采用量化空间经济学理论，构建数据要素的生产、交易和投入模型，将数据要素纳入到生产函数中。在“效率—结构—速度”的分析框架下，采用结构化检验方法，定量分析数据要素如何影响产业结构升级，并采用比较静态方法研究交通与数据要素协同效应加速这一产业结构升级。研究发现，数据要素与产业的融合有助于提高产业的劳动生产率和全要素生产率，促进产业结构升级，推动经济高质量发展。但是仅将数据要素与服务业相结合并不能完全解决服务业由于效率相对滞后而在结构转型中受到“鲍莫尔病”的困扰。在交通聚集人口的作用下，高人口密度依赖型的服务业将提高效率，有望根除效率滞后导致的潜在成本上升的病因。同时在交通基础设施供需的作用下，制造业数字化能规避制造业份额过早下降问题。数据要素与产业的深度融合带来了数字技术红利，促进了产业结构升级，加速了经济增长动能的转换。本文的研究为探索中国数字技术促进产业升级的路径提供了政策参考。
2024,机构投资者驱动企业绿色治理：监督效应与内在机理,张云;吕纤;韩云,绿色化转型;绿色治理;股东积极主义;机构投资者,管理世界,0,政府环境规制政策对企业绿色行为决策形成差异化影响，围绕企业绿色治理的市场驱动型环境治理机制是构建现代环境治理体系的关键路径之一。本文从市场驱动型环境治理机制视角拓展股东积极主义模型，利用文本分析法等测度机构投资者沟通有效程度，探讨机构投资者驱动企业绿色治理的监督效应及内在机理。模型推导发现，机构投资者基于绿色价值创造和社会效用动机，积极沟通介入控股股东绿色经营决策，有效沟通的门槛条件取决于绿色关注、声誉因素、退出威胁和控股股东利益侵占成本的影响。实证检验结果证实，机构投资者沟通对于公司绿色治理绩效产生正效应，且在绿色投资者关注度较高、绿色声誉较大、退出威胁更强烈、控股股东持股比例越高或两权分离程度较低时绿色治理作用更显著；机构投资者沟通形成了提高绿色投资效率、驱动绿色创新、抑制绿色代理冲突和促进碳减排的绿色治理传导路径。本文进一步引入环境规制外生冲击，验证了碳排放权交易、新环保法实施与机构投资者沟通形成的绿色治理联动效应。最后，本文提出要发挥机构投资者绿色积极主义行为的市场驱动力作用，从内部传递性和外部联动性角度提升有效沟通程度，促进企业绿色治理机制形成。
2024,农民工与城镇职工的职业趋同：基本事实与影响机制,盖庆恩;赵文铖;王美知;胡雯,城市融入;职业流动;职业趋同;农民工,管理世界,0,职业是影响经济收入和社会地位的核心因素，促进农业转移人口有效融入城市需要理解农民工与城镇本地职工职业差异的基本事实和影响机制。本文在描述农民工和城镇职工职业差异动态变化的基础上，进一步将其分解为同化效应、组群效应和经验积累效应3类影响机制，并评估了相应的影响程度。实证结果表明：首先，2005～2015年职业隔离指数从0.369下降至0.325，农民工与城镇职工存在职业趋同；其次，同化效应和组群效应能够显著促进农民工与城镇职工职业趋同，且组群效应贡献度更高，但经验积累效应会显著抑制职业趋同；最后，农民工与城镇职工在就业上技能互补，农民工进城就业比例与城镇劳动力市场的工资水平正相关。本研究可以为高质量推进农民工城市融入提供政策启示。
2024,中国产业链风险敞口的测度、结构及国际比较——基于生产链长度视角,倪红福;钟道诚;范子杰,全球产业链;风险敞口;脆弱性;产业链韧性;生产长度,管理世界,0,保障产业链安全运行一直是中国式现代化进程中的关注重点，也是提升中国产业链、供应链现代化水平的关键。然而，跟踪产业链风险的测度指标相对缺乏，且存在概念混淆。鉴于此，本文基于全球价值链生产长度视角，并结合国家间双边关系、不可替代程度等因素，提出了全球产业链风险敞口、风险收益比新概念和新测度方法，并进行了实证测算。研究发现：（1）总体上，不同方法测算得到的中国整体产业链需求端和供给端风险敞口都呈现出先上升后下降趋势，但不考虑国家间双边关系、生产环节的不可替代性等因素，或使用传统GVC参与度方法都会低估中国产业链风险敞口。（2）不同行业和不同技术水平产业的风险敞口存在显著差异，从大到小依次为制造业、服务业、农业，高技术制造业近1/3的生产长度暴露在国外，产业链受到外部冲击而断裂的风险较大。（3）中国产业链需求端风险敞口处于中游水平，高于美国，但低于世界其他发达国家；中国在世界贸易中所面临的风险大于收益，而世界其他国家在中国的收益大于风险。（4）各国家部门产业链风险敞口总体上具有一定监测预警作用，即某一国家部门风险敞口越大，在不利冲击下（如疫情）其贸易量下降的幅度可能就越大。
2024,教育失配经历对企业雇佣决策的影响：来自简历投递实验和在线招聘职位的证据,李晓光,教育匹配;过度教育;雇佣决策;简历投递实验;在线招聘职位,管理世界,0,伴随我国高等教育扩张进程，劳动力市场中的教育失配现象日渐凸显。本文聚焦高学历者的教育失配经历对企业雇佣决策的影响，通过区分纵向失配和横向失配，分别从劳动力供给侧和需求侧来检验教育失配经历对雇佣决策产生的异质性后果。实证数据来自2023年中国在线联合调查实验项目，该项目通过抓取在线招聘职位和实施简历投递实验来加强因果推断（样本量为37273份）。实验结果表明：第一，教育失配经历对雇佣决策的影响呈现高度异质性。相较于纵向匹配，纵向失配者的简历回应率显著更低，反映出纵向失配潜藏着疤痕效应。相比于横向匹配，横向失配者的简历回应率显著更高，并且主要由横向高配者所驱动，由此揭示出横向高配具有赋能效应。第二，供给侧的性别因素、学校层级和前职公司，显著调节着失配经历对雇佣决策的影响。第三，需求侧的组织产权类型、岗位要求和城市环境，也会显著调节失配经历对雇佣决策的效应。本文揭示出教育失配经历对企业雇佣决策的异质性后果，对于加强高学历者就业质量和推动经济社会高质量发展具有重要意义。
2024,企业数字化转型的测度难题：基于大语言模型的新方法与新发现,金星晔;左从江;方明月;李涛;聂辉华,企业数字化转型;数字经济;数字技术;人工智能;大语言模型,经济研究,0,社会各界关于企业数字化转型的重要性已经基本达成共识，但对企业数字化转型的效果存在严重分歧。产生这一现象的主要原因是现有研究对企业数字化转型的测度存在问题：一是测度对象不够统一明确，二是测度方法不够科学准确。这导致很多研究结论不可比较、难以复制和相互冲突。为了更好地处理上述难题，本文运用机器学习和大语言模型构造一套新的企业数字化转型指标。本文首先对2006—2020年上市公司年报中的句子进行人工打标签，然后用标记结果训练和微调包括大语言模型在内的多个机器学习模型，选择其中分类效果最好的ERNIE模型作为句子分类模型来预测全部文本中句子的标签，最终构造了企业数字化转型指标。理论分析和数据交叉验证均表明，本文构建的指标相对已有方法更准确。在此基础上，本文实证检验企业数字化转型对财务绩效的影响。研究发现：第一，企业数字化转型能够显著提高财务绩效，其中，大数据、人工智能、移动互联、云计算和物联网均有明显作用，但区块链并没有明显的作用；第二，只有在财务绩效较差的企业中，数字化转型才能够显著提高财务绩效；第三，企业数字化转型提高财务绩效的主要渠道包括改善效率和降低成本。本文研究对于推动企业数字化转型和实现经济高质量发展具有一定现实意义。
2024,大数据对银行信贷行为的影响——来自数字社会信用平台的证据,佘楷文;申宇;赵绍阳,数字经济;数据要素;社会信用平台;银行信贷,经济研究,0,随着中国数字经济的深入推进，城市数字社会信用平台集成了多维度的大数据，其经济效应卓有成效。本文将数据要素纳入银企信息不对称的分析框架中，基于银行逐笔信贷数据，利用城市数字社会信用平台建立的准实验，实证考察了大数据对银行信贷行为的影响。研究发现，数字社会信用平台建设显著降低了信贷违约风险。机制分析证实，数字信用平台建设降低了借款企业的逆向选择和道德风险，提高了银行的违约预测能力，通过改变银企匹配结构，降低了信贷违约风险。进一步的研究发现，数字社会信用平台对税款逾期的借款企业实施了有效的联合惩戒，降低了信用贷款的概率，提高了担保物要求。此外，数字社会信用平台对贷款金额和利率的影响与借款企业规模及银行的数据处理能力有关：企业规模越小，越难从信用平台中获益；银行的数据处理能力越强，越容易借助信用平台差异化利率定价。本文研究表明，大数据的运用能显著加强银行对违约风险的识别和监测；不同的企业规模、差异化的数据分析能力会导致贷款企业福利损失。上述发现为更好地发挥数据要素在信贷市场中的作用提供了事实依据。
2024,资本异常流动、风险传染网络与金融系统稳定,刘晓星;汤淳;张颖,资本异常流动;风险传染网络;金融系统稳定,经济研究,0,值此百年未有之大变局，跨境资本异常流动已成为诱发系统性金融风险，威胁一国金融系统稳定的重要因素。本文基于时变参数因子扩展向量自回归模型（TVP-FAVAR），拓展已有的风险传染分析框架，提取风险接受度指标，构建跨境资本异常流动冲击下的风险传染网络，从规模和结构两个维度揭示资本异常流动影响金融系统稳定的作用机理，解析风险传染的共性特征。研究发现，针对不同类型跨境资本异常流动，全球金融系统稳定对不同方向上的资本异常流动呈现非对称敏感性；资本外逃和撤回影响金融系统稳定最为显著，这种影响主要通过强化金融系统内部的风险传染程度和改变风险传导结构实现，同时资本外逃的负面影响会因前期持续的资本流入激增而加剧；在资本异常流动冲击形成的风险传染网络中，市场情绪是风险传染的重要驱动因素，外汇市场是风险的主要净接受方；严格的跨境资本流动管制以及央行对外汇市场的适时干预，有助于防范化解资本异常流动对金融系统稳定的冲击影响。本文建议重点监控流出方向上的资本异常流动，增强资本管制的有效性，提升外汇市场抗风险能力，维护金融系统稳定。
2024,科学认识与切实发展新质生产力,刘伟,新质生产力;全要素生产率;现代化产业体系;创新驱动;客观经济规律,经济研究,0,发展新质生产力是我国经济社会发展进入新阶段面临的重大实践问题和理论问题。习近平同志关于“新质生产力”的论述，为我们探索这一重大问题提供了指引和遵循。从经济理论上来说，新质生产力在经济理论上体现了对马克思主义经济学的重要创新和发展，在马克思主义生产力理论、马克思主义政治经济学理论以及马克思主义发展经济学理论等各方面均体现出时代化、中国化的新拓展；从经济实践上来说，推动新质生产力发展的重点在于需要遵循客观经济规律。新质生产力的核心在于提升全要素生产率，新质生产力的载体在于构建现代化产业体系。因此，发展新质生产力必须遵循经济社会发展的创新规律，创新是新质生产力的根本特征；必须遵循经济社会发展的产业结构演进规律，新质生产力的体现是结构高度提升；必须遵循社会主义市场经济运行规律，新质生产力的实现机制是以市场在资源配置中起决定性作用、更好发挥政府作用为基础。中国式现代化历史进程要求贯彻新发展理念，加快构建新发展格局，构建现代化经济体系，其中最根本的是构建现代化产业体系，而发展新质生产力是其重中之重。
2024,生产力现代化转型形成新质生产力的逻辑,任保平,新质生产力;生产力现代化;中国式现代化,经济研究,0,按照历史唯物主义的观点，现代化的本质一个不断由先进生产力取代落后生产力的动态发展过程，生产力的发展也是不断从传统生产力向现代生产力转型的过程。新质生产力是生产力现代化转型的最新体现，科学回答了政治经济学生产力现代化转型的世界之问、时代之问、中国之问。从生产力现代化转型形成新质生产力的历史逻辑看，新质生产力是立足世界生产力现代化的历史进程和中国式现代化进程中生产力现代化转型的实践创新。从生产力现代化转型形成新质生产力的理论逻辑来看，新质生产力是对马克思主义政治经济学生产力理论的创新发展，是中国共产党生产力理论的创新发展。从生产力现代化转型形成新质生产力的实践逻辑来看，形成新质生产力必须遵循生产力现代化的规律和趋势，构建包括科技创新体系、现代化产业体系、绿色生产力体系和相应的生产关系体系在内的新质生产力体系。
2024,政治经济学视域下的新质生产力及其形成发展,方敏;杨虎涛,生产力理论;新质生产力;创造性破坏,经济研究,0,新质生产力是马克思主义政治经济学的范畴创新和术语革命。生产力是生产要素在一定生产关系下实现的物质生产力量，不能将其混同于劳动生产力或要素能力。政治经济学的生产力范畴不仅反映了生产的物质技术属性，而且还具有社会历史属性。生产力的发展包括质变和量变两个方面。生产力质变的本质在于通过要素及其组合的变化引起生产方式（劳动方式）发生根本改变，并推动和加快新的生产关系和生活方式的形成。技术史表明，新的通用技术和主导部门的形成是生产力质变的重要表征。新质生产力的顺利发展有赖于“创造性破坏”通过“创造性转型”实现“有序的撤退”。
2024,新质生产力论：一个历史唯物主义的阐释,孟捷;韩文龙,新质生产力;高质量发展;技术经济范式;新型生产关系,经济研究,0,新质生产力论是习近平经济思想的最新成果。新质生产力不仅涉及生产力系统内部的革命，而且具有深刻的社会经济内涵。新质生产力论系统回答了新发展阶段发展什么样的生产力、为什么发展和怎么发展等一系列问题，阐明了新质生产力与高质量发展的辩证关系，揭示了后发国家实现自身赶超的生产力发展规律，指出了实现中国式现代化的重要战略路径。深入理解生产力与生产关系间的矛盾关系以及生产力和生产关系各自内部的矛盾关系，是全面准确地把握新质生产力论的方法论前提。
2024,机会公平环境的微观收入效应——来自人口迁移行为的证据,王伟同;徐溶壑;张妍彦,机会公平;移民识别策略;代际流动;居民收入,经济研究,0,本文从代际流动视角探究了机会公平环境对居民收入的微观影响。通过匹配城市代际流动数据与微观人口数据，本文构造了反映人口在不同机会公平地区迁移状况的微观数据集，并基于人口迁移的因果识别策略，探讨了机会公平环境对个体收入的年均接触效应。结果表明，在机会公平程度高1个单位的城市每多驻留1年，个体收入排位将提高0.0408个百分位，且不同驻留年限的年均接触效应具有持续性和同质性。异质性分析表明，迁往机会更公平地区的个体存在显著的正向接触效应，迁往机会更不公平地区的个体则存在显著的负向接触效应，同时这种机会公平的正向接触效应更多存在于青年、高学历、城市户籍、高技能行业与非国有部门的个体中。机制分析显示，机会公平环境会显著促进个体融入，使用工单位更少排斥外来移民，提升了求职渠道市场化程度，进而带来正向接触效应。本文结论表明，构建机会公平的城市环境不仅有利于公平正义，也是优化城市人力资本配置、提升居民收入水平的重要途径。
2024,中国传统经济思想的分析性之辨——兼谈以“第二个结合”推进中国经济学构建,程霖;周瑞;陈旭东,中国传统经济思想;分析性;第二个结合;中国经济学构建,经济研究,0,中国传统经济思想是否有分析性，是关系到对其理论价值与历史地位进行客观评价，对其光辉成就和历史遗产进行系统总结及传承创新的重要问题。以熊彼特、泰勒为代表的怀疑论者认为，中国古代似无可与古希腊、中世纪西方相比拟的经济分析。主流经济学基于市场交换的经济分析概念界定过于狭隘，忽视了基于国家管理的经济分析类型。通过对孟子、《管子》、司马迁等的经济思想分析成就加以深入考证辨析和中西比较分析发现，植根于中华优秀传统文化的中国传统经济思想中不仅存在熊彼特意义上的经济分析成分，而且存在更为多样的经济分析成分，其分析性和体系性已达到较高水平。新时期以“第二个结合”推进中国经济学构建，应该而且可以从中国传统经济思想的分析体系建构中汲取经验。
2024,平台依赖型创业企业如何应对双元身份困境？——基于奇点云的案例研究,梅景瑶;王节祥,平台依赖型创业企业;双元身份困境;动态身份塑造;创业框架,管理世界,0,平台依赖型创业企业成长面临着独特的双元身份困境，已有研究主要从关系治理视角切入，关于应对双元身份困境的微观行为研究仍较为欠缺。本文以依托阿里云平台开启创业活动的创业企业“奇点云”为例，开展纵向研究发现：平台依赖型创业企业通过“创业框架”的设计和实施，实现动态身份塑造，是其应对双元身份困境的关键。具体而言，平台依赖型创业企业是通过框架重点、框架形式和补充行动的结合，动态实施“双向身份探索”“跟随身份聚焦”和“自主身份构建”等身份塑造策略。通过突出“与平台的关系特征”和“产品的独特之处”的框架重点，开启特定身份塑造；使用抽象型或具体型框架形式，进一步影响利益相关者对其特定身份的感知；在此基础上，采取外向网络行动和内向技术行动，保障身份塑造效果。本文为平台依赖型创业企业双元身份困境研究贡献了基于微观行为的新视角，揭示了其动态身份塑造的过程机制；同时在数字平台生态系统情境下，拓展了创业框架研究的理论边界和内涵维度。
2024,全国统一大市场建设与金融高质量发展——基于打破债券市场分割的研究,余明桂;安剑锋;郑馨睿;李金洋,全国统一大市场;金融发展;资本市场改革;债券市场分割;信用利差,管理世界,0,中国债券市场主要由银行间债券市场和交易所债券市场构成。大部分银行一直以来只能投资于银行间债券市场，直到2019年8月才被允许进入交易所债券市场。本文以此次交易所债券市场的银行准入改革为政策冲击，研究打破债券市场分割是否能够提高资本市场效率，促进金融发展。研究结果发现，银行准入显著降低了交易所债券的二级市场信用利差。机制分析表明，银行准入提高了交易所债券的流动性，减少了信息不对称，从而降低了债券信用利差。进一步地，银行准入也降低了交易所债券的一级市场信用利差，从而降低了债券融资成本。异质性分析发现，在二级市场，民营企业债券和中小规模企业债券的信用利差降低更明显；在一级市场，经营业绩好和信用评级高的债券的信用利差降低更明显。经济后果检验发现，银行准入促进了企业投资。本文拓展了统一大市场建设和债券信用利差影响因素的相关研究，同时为进一步建设全国统一大市场、提高直接融资比重、促进金融高质量发展提供了理论依据和政策参考。
2024,数字化平台营销与投资者利益——基于基金管理人视角,王辉;宁炜;陈旭,数字化平台;基金营销活动;投资者利益;管理积极性;非凸显基金,管理世界,0,随着数字经济的蓬勃发展，第三方数字化平台在基金营销活动中扮演着越来越重要的角色，但这一数字化变革是否增益基民仍有待检验。本文手工收集整理基金代销机构数据，从基金管理人角度分析数字化平台营销对投资者利益的影响。研究发现：（1）借助数字化平台的营销活动会显著降低以基金内部收益率为量化指标的投资者利益。以基金选择代表性数字化代销机构作为准自然实验缓解内生性偏误后，结果依然稳健；（2）微观机制分析表明，相较于传统营销，数字化平台营销可显著扩大与薪酬高度挂钩的基金规模，且这类营销资源的投入也会对投研活动造成挤出效应，导致管理积极性下降，影响投资者利益；（3）从异质性影响看，数字化平台营销对非凸显基金具有监督作用，可提升这类基金的管理积极性以及投资者利益。本文为理解数字经济变革的影响提供了新的视角，并为公募基金市场推动以“投资者利益”为核心的改革提出政策建议。
2024,菲利普斯曲线迷失了吗？——基于通胀动态和预期形成机制的分析,万光彩;田涵晖;张成思,通货膨胀;通胀预期;菲利普斯曲线;货币政策,管理世界,0,菲利普斯曲线刻画的通货膨胀动态机制是宏观政策分析框架中的核心环节。最近十几年来，菲利普斯曲线所描述的经济周期指标与通胀率之间的相关性减弱，这种变化似乎暗示真实经济周期对通货膨胀影响的弱化甚至消失，菲利普斯曲线出现了迷失现象。然而，对菲利普斯曲线的实证表现进行细致求证、科学甄别其变化特征后却有不同发现。本文将有限理性通胀预期形成机制嵌入具有微观基础的菲利普斯曲线模型，分析通胀动态机制和通胀预期形成机制变化的内在逻辑联系。基于中国2000～2019年样本数据的实证分析表明：菲利普斯曲线刻画的经济周期对通货膨胀的驱动作用在样本区间内保持基本稳定，并未出现迷失现象。同时，2010年后前瞻性通胀预期对通胀驱动作用减弱，反映出微观企业对前瞻性定价方式偏好下降；而居民和专家通胀预期的理性程度减弱，更多锚定于官方通胀目标。进一步基于结构化模型的分析表明，微观企业定价和通胀预期形成机制的变化能够解释通货膨胀与经济周期相关性减弱的表象。
2024,利率走廊下的央行数字货币研究——基于新货币主义理论与中国现实的探讨,刘晓蕾;马长宙;董博文;肖筱林,央行数字货币;批发金融端;利率走廊;数字人民币,管理世界,0,本文基于我国利率走廊体制，构建了包含央行数字货币和债券的基准模型，刻画了金融机构在银行间市场交易和获取央行常备借贷便利的微观基础，全方位探讨了付息的央行数字货币在利率走廊下可以发挥的作用。模型的结果显示，央行数字货币利率在上行和下行利率区间都能充分发挥作用，必要时可以成为走廊的下限利率，从而发挥引导市场利率的作用。在扩展模型中，通过引入实物资本，将研究视角从批发金融端延伸到实体经济，研究了央行数字货币利率和其他政策工具对银行间市场交易和实物资本投资的作用。本文对进一步推广数字人民币，完善我国利率走廊机制，提升货币政策传导效果，推动金融更好服务实体经济具有重要的政策启示和参考价值。
2024,留抵退税改革、融资约束与企业产业链关联,张同斌;刘文龙,减税降费;增值税留抵退税;融资约束;产业链关联,管理世界,0,全面落实大规模留抵退税对提振市场主体信心、激发投资活力以及提升企业产业链供应链韧性和安全水平具有重要影响。本文以我国大规模留抵退税改革为背景，基于微观企业增值税购销发票数据，运用双重差分方法考察了增值税留抵退税这一重要战略举措对企业产业链扩张的影响。研究发现，留抵退税改革能够增强企业后向产业链关联和前向产业链关联，对企业产业链扩张具有显著促进作用。机制检验表明，留抵退税改革通过缓解企业融资约束状况、促进企业投资，增强了产业链的纵向联系，有利于推动上中下游企业融通发展。异质性分析发现，对于大规模企业、非国有企业、高税负企业以及制造业企业，留抵退税改革的产业链扩张效应更为突出。本文不仅从财政与产业政策协同发展视角拓展了“减税降费”的产业发展效应研究，还为进一步优化完善增值税制度以及深化供给侧结构性改革提供了重要经验证据。
2024,数字经济时代中国政府监管转型研究,王岭,数字经济;监管转型;整体治理;智慧监管;监管体系,管理世界,0,探索数字经济时代中国政府监管转型路径，对政府监管效能提升和政府监管现代化具有重要的推动作用。本文尝试研究数字经济时代的“效率—风险”互动原理，并在分析数字经济时代新型市场失灵对政府监管挑战、政府监管体制改革成效、数字经济时代政府监管转型典型模式与现实约束的基础上，提出数字经济时代中国政府监管转型路径。研究发现：（1）数据化、平台化、智慧化和动态性是数字经济时代推动政府监管转型的重要特征。数据属性、平台属性和技术属性是“效率—风险”互动原理的驱动因素，为推动数字经济时代中国政府监管转型提供理论基础。寡头竞争型市场结构、平台数据的权属问题、产品或服务新型外部性、数字技术应用以及新时代政府监管体制改革，迫切需要推动中国政府监管转型。（2）一体化综合监管的北京模式、“一网统管”的广东模式和“制度、平台、场景”系统迭代的浙江模式具有典型性。思维约束、经济约束、技术约束、平台约束、数据约束成为制约数字经济时代政府监管转型的现实约束。（3）在数字经济时代，需要基于整体治理视角，构建“内容、载体、机制、监督和评价”5个维度的中国政府监管转型路径。本文研究为把握数字经济时代中国政府监管转型的基本方向，探索政府监管转型的实施路径提供了理论支撑和现实依据。
2024,转型经济背景下的大企业战略性内部创业与制度逻辑变迁：一个共演模型,于淼;李亚欣;朱方伟;姜孟彤,战略性内部创业;制度逻辑变迁;大型企业;共演;转型经济,管理世界,0,转型经济背景下，大企业战略性内部创业被认为是推动新旧动能转换和经济结构优化升级的重要途径。本文针对京博控股集团2010～2022年的战略性内部创业实践，运用探索性的纵向案例研究方法，开展了整合内部创业理论与制度逻辑理论的共演研究。研究发现，转型经济背景下大企业开展战略性内部创业，关键在于实现创业“机会—资源—制度”动态整合框架下的适应性共演。具体而言：（1）在利用导向的内部创业阶段，由母体组织和内创单元共同推动“发现型机会开发—突破式资源行动—制度逻辑转型”的适应性共演，突破创业资源不适配的障碍；（2）在探索导向的内部创业阶段，由母体组织和内创单元共同推动“创造型机会开发—延拓式资源行动—制度逻辑发展”的适应性共演，发挥创业资源调用的优势。本文由此构建了战略性内部创业与制度逻辑变迁的两阶段共演模型，该模型一方面解释了大企业如何通过变迁主导制度逻辑，保障内部创业“机会—资源”有效互动；另一方面，也揭示了大企业通过内部创业推动主导制度逻辑变迁的组织更新过程。研究在做出交叉理论贡献的同时，也为我国推进大企业内部创业提供了重要的实践启示。
2024,企业裂变式发展过程的质性元分析研究,王凤彬;杨京雨,裂变式发展;机会与资源;质性元分析;过程机制;战略创业,管理世界,0,企业裂变作为一种与并购“相逆”的过程，表面上会导致母体企业规模收缩，实则可以在由母体裂变出新企业中取得持续发展之效。裂变作为一种具备长期性和整体性特征的发展战略，为商界提供了新企业建立的一种组织变革新方式。企业如何根据不同情境特征选择相应的裂变方式以实现长期发展？其典型模式有哪些，相应的过程机制如何？本文以国内外企业裂变式发展的45篇案例文献作为研究样本，使用质性元分析法，经由文献资料摘录、编码和归类3个步骤构建出“前因—过程—结果”分析框架，系统地分析了企业资源与机会二元交互的战略决策情境及其引发的裂变式发展过程对特定创新结果的影响，由此提炼出企业裂变式发展的3种主要模式，即平台孵化型裂变、集群共生型裂变和离职创业型裂变，进而识别出母体与裂变体之间在结构重整、资源重组、身份重塑、能力重建和关系重构5个维度的动态变化。不同的企业裂变式发展模式通过各具特色的过程机制激发了不同类型的创新，这一战略结果源自于多重因素的综合作用。研究结论对推动企业裂变式发展理论深化与管理实践具有启发价值。
2024,中国经济韧性的时空敛散与异质分化特征——基于马尔科夫区制转移混频动态因子模型的识别,隋建利;李悦欣;刘金全,经济韧性;时空敛散;异质分化;经济扩张与经济收缩;混频识别,管理世界,0,经济韧性是经济抵御外部不确定性冲击，实现经济复苏与可持续发展的能力体现。本文通过抵抗力韧性与恢复力韧性视角，从理论层面深入剖析经济韧性内涵，并构建异质性扩张与收缩的马尔科夫区制转移混频动态因子模型，基于经济扩张与经济收缩视阈，探究中国省际、区域、国家经济韧性的时空敛散及异质分化特征。研究发现：扩张期国家经济抵抗力韧性较低，“量”的恢复力韧性较高，东部地区经济抵抗力韧性不足，中西部地区具备一定“量”的抵抗力韧性，恢复力韧性不足。调整期西部与东北地区经济韧性下降存在时滞。收缩期国家与东部地区经济平稳性凸显，恢复力韧性增强。恢复期国家与东部地区经济扩张态势由降转升，“质”的抵抗力韧性与恢复力韧性提高，中西部与东北地区恢复力韧性未见增加；广东省、山西省、辽宁省和川渝地区对区域经济韧性的贡献突出。第三产业对经济韧性的贡献日益增强，东部地区产业“质”的韧性较高。实体经济对经济韧性起主要作用，技术市场发展初具规模，数字经济抗风险、助复苏优势有所显现，但是尚未成为经济结构的主导。本文的研究对巩固增强中国经济韧性，促进经济韧性的省际、区域协调，实现经济高质量发展与中国式现代化具有参考价值。
2024,收入不确定性、家庭部门资产负债表调整与宏观经济波动,宁磊;王敬博;罗扬煌,收入不确定性;家庭资产负债表调整;不完全市场;生命周期模型,管理世界,0,有效需求不足是制约我国经济高质量发展的症结之一，近年来出现的家庭部门资产负债表的剧烈调整则是这一症结的集中体现。针对这一新现象，当前经济学理论提供的解释与中国宏观环境并不一致，难以提供实际有效的政策指引。本文认为，在中国房产流动性较低的情形下，收入不确定性冲击是理解中国家庭资产负债表调整的关键。首先，利用我国2015年第1季度～2022年第4季度的宏观季度数据，以及新冠疫情前后各省份数据，本文的实证研究发现，不确定性冲击确实会触发家庭资产负债表调整。其次，通过将中国家庭资产负债表特征纳入不完全市场异质性代理人模型，并将收入不确定性冲击进一步区分为改变整体收入水平的失业风险升高与不改变整体收入水平的收入波动性增加；本文的定量研究发现，除降低消费、增加储蓄外，收入波动性增加还会降低家庭对房产的需求，激发家庭提前还款行为，造成房价下降、债务收缩、消费疲软与储蓄激增并存的现象。本文的研究为理解当前有效需求不足，以及恢复和扩大消费提供了参考。
2024,银行负债结构与货币政策风险承担渠道,刘贯春;陈肖雄;黄雪松;张军,银行负债结构;货币政策;风险承担;流动性风险;市场约束,管理世界,0,为应对2008年金融危机后不断凸显的流动性枯竭，巴塞尔协议Ⅲ强调了资金流动性要求对于维持金融系统稳定的重要作用，但鲜有学者关注该监管改革是否以及如何影响货币政策传导机制。通过构建一个包含银行与非存款负债持有人的两期动态模型，本文系统阐释了银行负债结构影响货币政策风险承担渠道的理论逻辑，并将2014年开始实施的金融机构同业业务监管新规视为一项准自然实验，进而采用双重差分方法进行因果识别。理论表明，伴随着存款占比上升，宽松货币政策对银行风险承担的促进作用存在不确定性变化，调整方向取决于流动性风险机制和市场约束机制的相对重要性。实证结果显示，存款占比上升显著弱化了货币政策的银行风险承担渠道，而且该作用集中体现于流动性风险低、市场约束强、资本充足率低和盈利能力差的商业银行，证实了市场约束机制占据主导地位。进一步，由于银行对贷款的事后监督努力关系到企业经营风险，银行存款占比上升显著降低了宽松货币政策对企业违约风险的促进作用。本文强调，加强银行负债结构监管有助于缓解宽松货币政策引致的银行风险，对于防范化解重大系统性金融风险具有重要启示。
2024,全要素生产率、投资者外推预期与中国股票市场异象,谭政勋;刘娟;郑尊信,全要素生产率;长期风险;外推预期;低收益;超常波动,经济研究,0,为解释中国股票市场的低收益、超常波动和收益风险不匹配，在生产率定价模型中同时考虑生产率长期风险和股票市场的投资者外推预期，构建了基于外推预期的生产率长期风险模型，克服已有文献只能解释某个特定异象的缺陷。中国股票市场长期低迷与产出、投资和消费的高速增长相背离，但与生产率提升缓慢及其低水平徘徊相吻合；外推预期是引起超常波动率的关键；低收益率和过度波动的叠加造成收益风险不匹配。生产率增长率的长期冲击和短期冲击通过间接渠道和直接渠道引起股票市场异象，但前者影响更大、持续性更强；生产率冲击对固定资产投资和股票收益率的不对等影响是股票市场长期低迷及其背离经济高速增长的内在原因。
2024,机关事业单位养老保险改革的福利效应：不确定性与消费的视角,田文文;岳阳,养老保险改革;机关事业单位职工;消费;不确定性,经济研究,0,本文聚焦机关事业单位职工这一长期被经济学界忽略群体的独特特征，从收入不确定性视角出发，研究机关事业单位养老保险改革对过渡期内外中人消费影响的差异。本文首先回顾了机关事业单位养老保险制度历史变迁，着重分析2015年的改革。本文构建理论模型，分析改革后养老金待遇的平均值和不确定性对职工储蓄和消费的影响。结果表明，未来较高的待遇水平会降低储蓄，较高的不确定性水平则会增加储蓄。接着，本文使用中国家庭收入调查数据，对理论预期进行验证。实证结果表明，机关事业单位养老保险改革使得过渡期外中人的消费降低。在进行了稳健性检验和平行趋势检验并排除其他可能性解释后，该结果依然成立。进一步分析表明，尽管机关事业单位养老保险改革属于增量改革，但它并未完全抵消由于收入不确定性增加带来的消费抑制效应。本文的结论说明，对于机关事业单位职工来说，即使收入呈现增加趋势，但不确定性的增加会明显抑制消费。
2024,地方政府债务置换与企业杠杆率分化——兼论优化地方债务结构,李志生;汪颖栋;金凌,债务置换;地方债务结构;杠杆率分化;债务风险,经济研究,0,为了防范化解地方债务风险，我国于2014—2015年推出了一系列治理地方政府债务的改革创新举措，试图转变地方政府举债融资模式，推动地方政府债务公开透明，债务置换计划在其中扮演着非常重要的角色。本文以2014—2015年开始的地方政府债务管理体制改革为研究对象，探究债务置换对国有企业与非国有企业杠杆率分化的影响，发现债务置换促使非国有企业杠杆率相对于国有企业显著上升，该效应主要表现在中小企业、金融化程度低的企业、财政分权程度高和信贷分配市场化程度高的地区。债务置换有助于缓解地方政府债务对非国有企业融资的挤出效应、增加银行信贷供给和降低隐性担保预期，为非国有企业融资提供良好环境，减弱国有企业和非国有企业之间的信贷歧视，进而有效缓解杠杆率分化问题。在推进地方政府债务管理体制改革的过程中，应高度重视地方政府债务的全面监管和全过程监管，不断优化地方政府债务结构，缓解信贷资源配置的结构性问题，助力实体经济高质量发展。
2024,地方政府债务扩张、杠杆率监管压力与影子银行,赵旭霞;田国强,地方政府债务扩张;影子银行;杠杆率监管压力;DSGE模型,经济研究,0,已有关于影子银行成因的研究大多集中于货币政策和监管政策的视角，本文从地方政府债务扩张的角度考察影子银行形成的内在机理。首先，基于多部门DSGE模型框架剖析了地方政府债务扩张对影子银行的影响及作用机制，数值模拟结果显示，地方政府债务扩张会诱使银行更多地从事影子银行业务，且银行面临的杠杆率监管压力是地方政府债务扩张诱使影子银行规模增加的重要内因。然后，利用2008—2018年中国178家商业银行非平衡面板数据，对理论研究结论进行实证检验。实证结果显示，地方政府债务扩张会造成影子银行规模增加，且该结论在克服内生性问题以及进行一系列稳健性检验后依然成立。进一步地，基于中介效应和交互效应的作用机制检验结果发现，杠杆率监管压力是地方政府债务扩张影响影子银行的重要作用机制。本文认为，政策当局需充分认识地方政府债务扩张可能引致的跨部门风险，并明确影子银行的市场化选择机制，加强财政与金融政策之间的协同配合，以从根本上严防财政金融风险交织传染。
2024,银行全要素生产率测算与金融高质量发展,王鹏,金融高质量发展;银行业;TFP;双曲线距离函数(HDF),经济研究,0,"银行高质量发展是金融高质量发展的重要方面，如何对其有效衡量是一个重要问题。银行全要素生产率（TFP）反映了要素投入的利用效率，可以作为衡量银行高质量发展的有效指标。本文根据我国2008-2021年分年、分机构、分省份的商业银行数据（全部大型、股份制和城商行），使用双曲线距离函数（HDF）和随机前沿分析（SFA）方法，系统测算了分省、分机构的银行TFP。研究发现：（1）2009—2021年我国银行业TFP增长率呈多个V型走势且几乎每年都大于0，平均TFP增长率为2.16%,体现出较高的发展质量，2016—2021年的平均TFP增长率高于2009—2015年。（2）技术进步是我国银行业TFP增长的最重要来源且呈逐年上升趋势，其次是规模效率改善，再次是生产效率改善。（3）大型银行的TFP增长率几乎历年最高，且技术进步率和规模效率改善具有明显优势,体现出更高的发展质量，主力军和“压舱石”作用更加凸显。（4）2013年以来东部地区银行业TFP增长率几乎历年最高且技术进步率和规模效率改善优势明显，西部地区银行业TFP增长率几乎历年最低。本文对更好地推动我国金融高质量发展、加快建设金融强国具有一定参考意义。"
2024,隐私偏好、差异化定价及消费者信息保护政策,邵小快;郑捷,消费者隐私;自愿披露;水平差异化;差异化定价;隐私协议;信息保护政策,经济研究,0,在保护消费者信息的基础上如何充分发挥数据价值，对于我国数字经济的健康发展至关重要。本文在水平差异化双寡头模型（Hotelling）的基础上，引入消费者对隐私转让偏好的异质性以及厂商通过获取隐私信息进行获利的可能性，来分析均衡的隐私协议策略及福利影响。双寡头通过对消费者是否披露个人隐私来实施差异化定价，并策略性地提供对应的隐私协议；消费者根据相对价格来选择购买品牌并决定是否向企业提供个人隐私信息。本文研究表明：第一，当让所有客户都不披露隐私的协议和区别对待式隐私协议均可选时，前者被后者所严格占优；第二，当消费者信息对厂商的价值超过消费者暴露隐私所遭受的损失时，通过对不披露隐私的消费者设置威慑性高价来“引致所有消费者自愿披露隐私”是一个对称均衡；第三，当隐私的价值低于披露隐私的损失时，通过价格机制，让在意和不在意隐私损失的消费者分别自愿选择不披露和披露个人隐私（“区别对待”），是占优策略均衡。此外，相较于“强制保护”“不保护”“禁止区别对待”这三类“一刀切”式的隐私政策，允许区别对待并令市场主体自主选择隐私政策能够提高资源配置效率。
2024,知识产权监管与企业集团内部专利转移,曹春方;涂漫漫;刘薇,知识产权监管;企业集团;内部专利转移;统一大市场,经济研究,0,本文探讨地区间不平衡的知识产权保护程度如何影响企业集团内部的专利转移。以2014年知识产权法院试点作为当地知识产权强监管的冲击，以技术积累较弱领域的专利测量“擦边球”专利，本文构建双重差分模型进行实证研究。结果发现：（1）集团内公司所在地的知识产权监管增强后，受直接冲击影响的公司专利申请显著减少，但未被管辖的集团异地公司专利申请显著增加，并且增加的主要是“擦边球”专利，说明企业集团内部存在策略性的专利转移。（2）这种内部转移是企业集团的风险应对行为，在有诉讼经历的企业集团中更强，并且主要将“擦边球”专利转移至知识产权保护较弱地区。（3）从内部转移的经济动机上看，转移行为在市场竞争程度较高和融资约束较强的企业集团中更强。本文结论表明在区域知识产权监管不平衡下，企业集团以内部专利转移规避了区域监管，这势必会削弱区域知识产权保护的效果。因此本文的政策启示是，要想实现整体创新驱动的高质量发展，在知识产权保护上推进监管“基础制度规则统一”的大市场建设是不可忽视的一环。
2024,绿色制造与企业环境信息披露——基于中国绿色工厂创建的政策实验,王茂斌;叶涛;孔东民,绿色制造;环境信息披露;自愿型环境规制;绿色工厂,经济研究,0,环境信息披露是企业履行环保责任的有效方式，是完善现代环境治理体系的重要渠道，也是中国政府推进绿色转型与构建可持续发展，实现碳中和目标的重要基础。本文以中国绿色制造体系示范建设项目下的绿色工厂创建为准自然实验，深入探究了自愿型环境规制政策对企业环境信息披露的影响效应和机理。结果发现：绿色制造显著提升了企业环境信息披露质量。机制分析发现，绿色制造主要通过绿色工厂企业自身实施降污减排等绿色转型措施、绿色投资者增加关注和机构投资者对企业实地调研产生的倒逼效应发挥作用。进一步分析表明，更高的公众环境关注度和更严格的地方政府环保规制力度能够强化绿色制造的影响效应。经济后果分析发现，绿色工厂创建引致的环境信息披露质量提升一方面促进了企业研发、绿色创新和企业ESG表现的提升，带动了供应链企业的产品绿色化转型，另一方面也驱动了地区层面环境质量的提高。本文为企业环境信息披露影响因素与决定机制提供了微观层面的经验证据，也为绿色制造体系示范项目和自愿型环境规制政策的实施提供了政策评价与现实启示。
2024,城市间要素配置：空间一般均衡下的结构与增长,钟粤俊;奚锡灿;陆铭,劳动力流动障碍;土地供应政策;结构转型;经济增长,经济研究,0,"中国可以通过调整劳动和土地等要素在城市间的配置，推进结构转型、促进经济增长、提升社会福利。由于规模效应和收入效应，大城市更具发展服务业的优势。本文构建了包含两部门的空间一般均衡模型进行定量分析，结果表明：（1）降低人口流向大城市的障碍（下降25%），服务业占就业和GDP比重将上升约2个百分点，城市间收入差距减少7.3%,GDP和社会福利提高约7%。（2）将大城市的土地供应份额恢复到样本期间的最高值，服务业占就业和GDP比重分别会提高1个百分点，GDP和社会福利提高约3%。（3）在新发展阶段，服务业比重将持续上升，上述改革释放的结构红利会更大。本文研究表明，畅通生产要素国内大循环，释放要素向大城市集聚的潜力，能更好地解决区域资源配置的体制性、结构性问题，推动经济高质量发展，并促进地区间相对平衡。"
2024,习近平经济思想理论内涵研究述要,裴长洪,习近平经济思想;理论内涵;中国特色社会主义政治经济学,经济研究,0,习近平经济思想的理论内涵主要有四部分：第一，社会主义社会的基本经济理论。它是科学社会主义理论与马克思主义政治经济学理论的结合，从而产生中国特色社会主义政治经济学的基本理论命题，实现了社会主义政治经济学中国化时代化的新飞跃。第二，新时代我国经济建设规律的理论。它是提炼中国现在和未来经济发展规律的理论，主要包括高质量发展规律、中国式现代化路径规律和国家战略、深化改革的新认识、国民经济运筹与调控等。第三，中国与世界经济关系的理论。它是马克思主义世界经济理论中国化时代化的标志，提出了当今世界经济政治的基本判断，中国与世界关系的基本认识和实践，以及开放型世界经济的价值观和意识形态。第四，习近平经济思想的哲学基础，即世界观和方法论。它是马克思主义唯物辩证法和唯物史观的全面创新发展。
2024,制度性交易成本影响税收优惠落地吗？——基于税收遵从的视角,田彬彬;林超;冯晨;李文健,制度性交易成本;税收优惠落地;税收遵从;备案制,管理世界,0,税收优惠是否落地直接关系到减税政策的有效性，是税制体系设计需要考虑的重要问题。现有理论认为，制度性交易成本是影响优惠落地的关键因素，但这一框架忽略了企业税收遵从的潜在影响。基于2008～2015年间全国税收调查的微观数据，并以中国在2008年后所推行的税收优惠备案制改革为研究背景，我们考察了制度性交易成本的下降对于小微企业税收优惠落地程度的影响。在这项改革中，中国税务部门简化了企业享受税收优惠的程序与规则，降低了优惠申请的制度性交易成本。实证研究发现，备案制改革显著提升了小微企业所得税税收优惠的落地程度。但政策效应主要来自于税收遵从度较高的企业，遵从度较低的企业对交易成本的下降反应相对较弱。机制分析显示，对于稽查风险的担忧是税收遵从影响税收优惠落地的主要渠道。论文创新性地结合了经典的税收遵从模型和不完全税收优惠申领模型，在异质性税收遵从成本框架下分析了税收遵从与税收优惠领取间的交互作用，并讨论了税收征管对于税收优惠申领行为的影响。本文为实施“门槛式”税收优惠为主的减税政策提供了有益的政策启示。
2024,三重目标约束下的进口药品费用：药价改革中的结构调整与改进优化,袁雪丹;毛振华;王健,进口药品;三重目标;药品费用,管理世界,0,药品进口贸易的增长满足了我国药品市场对高价值药品的需求，但是进口药品的价格和费用长期居高不下，给医保基金和人民群众带来了沉重的经济负担。为了在药品费用可控的范围内，促进高质量药品进口，保障药品供应和公平可及，本文提出了我国药品进口的科技性、公共性和资本性目标，并根据三重目标的理论内涵对其进行测度，构建了嵌入三重目标的药品进口贸易引力模型和优化的特征价格模型，实证分析了与三重目标相关的主要因素对进口药品费用和价格的影响。研究发现：我国进口药品费用的增长方向和资本性目标的发展方向基本一致，公共性目标的发展方向不利于药品进口贸易增长，而科技性目标基本不起作用。三重目标之间的耦合协调度在2017年以后随着公共性目标的改变而快速下降，从2016年的0.9074下降至2018年的0.2995。公共性目标导向政策降低进口药品价格的效果受到市场竞争程度影响。本研究成果为完善药品进口政策，减轻人民群众用药负担提供了参考和借鉴。
2024,全球科研人员百年跨国流动规律、格局与势差效应——基于Scopus科学文献数据的实证研究,陈凯华;赵彬彬;张超,科研人员跨国流动;流动规律;流动格局;势差效应,管理世界,0,科学研判长历史周期下科研人员的跨国流动规律、流动格局及其影响机制，对深入推进新时代人才强国战略、加快建设世界重要人才中心具有重要的理论与现实意义。本文基于1920～2020年232个国家和地区近8100万篇科学文献数据，刻画和描述科研人员百年间跨国流动规律与格局，并提出势差效应以解释其背后的演进机制。实证结果发现：（1）随着科研人员跨国流动强度周期性波动上升，小世界网络特征、“中心—外围”结构和空间动态集聚效应愈发明显，形成了向开放式流动格局演变、人才回流和环流趋势不断加强的跨国流动格局；（2）知识势差和经济势差对科研人员跨国流动规模具有显著的倒U型影响，网络位势差对科研人员跨国流动具有促进作用且其效应受到东道国（母国）网络位势的正向调节，3类势差效应表现出明显的流动周期、流动类型和流动格局异质性；（3）基于中国情境的分析表明，知识势差促进了我国与发达国家间科研人员的双向流动，经济势差促进了我国科研人员回流，而网络位势差促进了国外科研人员流入和我国科研人员回流。研究结论为我国研判科研人员跨国流动规律、构筑人才竞争比较优势和强化国际科技交流合作提供了启发与参考。
2024,金融市场的“绿天鹅”风险研究——基于物理风险与转型风险的双重视角,杨子晖;李东承;陈雨恬,气候金融风险;物理风险;转型风险;多重网络模型;反事实分析,管理世界,0,近年来，全球气候变化日益加剧，其引发的极端天气更是对实体经济与金融市场产生了严重的负面冲击。本文结合最新发展的气候转型风险评估模型以及前沿的多重网络模型，创新性地从物理风险、转型风险两个角度全面量化“绿天鹅”风险对金融稳定的冲击影响，深入探究我国低碳经济转型过程中的潜在金融风险隐患。研究结果显示，两类风险均会明显加速系统性金融风险的积聚，且随着地域、行业、企业特征发生异质性变化；从长期来看，转型气候风险将大幅提升我国金融机构的脆弱性，加剧系统性金融风险。在得出富有启发意义结论的基础上，本文为有效应对气候风险提出了相关政策建议，从而为实现经济高质量发展、保障国家金融安全提供有益的参考依据。
2024,输入型通胀的宏观效应：价格分化和货币政策分析,祝梓翔;车明;李雨佳,进口价格;价格分化;开放经济模型;货币政策,管理世界,0,作为能源需求大国、世界工厂和开放经济体，中国受到输入型通胀的影响。本文从实证和理论两方面，系统分析输入型通胀的经济和政策影响。来自SVAR的证据显示，进口价格冲击表现为一个典型的负向供给冲击，推高通胀同时抑制经济活动。进口价格冲击对PPI的影响远强于对CPI的影响，同时引起货币政策的紧缩性响应。反事实分析表明，货币政策的紧缩性响应主要源于进口价格冲击的直接效应，同时放大了进口价格冲击的负面影响。接着论文构建和估计了一个中等规模的开放经济模型。模型引入多种进口品和盯住进口通胀的货币政策。估计结果显示，进口价格加成冲击解释了大部分时期的PPI变化，但对CPI的解释效力有限。模型拟合脉冲响应与实证结果基本一致。CPI和PPI的价格分化主要源于组成效应，而与整体进口占比的关系不大。输入型通胀向CPI的传导不畅主要源于衰退效应弱化了国内边际成本的上涨。最优货币政策分析表明，当受到进口价格冲击影响时，放任输入型通胀、忽视稳增长和政策的持续性都会带来更低的福利水平，央行需要更加积极的应对输入型通胀，以此降低PPI和投资受到的不利影响。
2024,央行担保品政策如何支持实体经济？——基于商业信用的视角,邓伟;杨红霞;刘冲,央行担保品政策;实体经济;商业信用;债券市场;信贷市场,管理世界,0,2023年中央金融工作会议指出，要坚持把金融服务实体经济作为根本宗旨。因此，在我国构建基于担保品的货币政策框架背景下，科学地评价我国央行担保品政策的有效性对于更好地发挥货币政策服务实体经济高质量发展具有重要意义。本文基于银行间市场的AAA级公司信用类债券被首次纳入货币政策担保品范围这一制度背景，利用双重差分模型从企业商业信用融资微观视角对央行担保品政策支持实体经济及其作用机制进行研究。研究表明，央行担保品政策可以显著改善企业的商业信用融资，且这一结论在多种稳健性检验下都成立。作用机制检验发现，将公司信用类债券纳入央行担保品范围不仅会通过债券市场和银行信贷市场对企业融资产生促进作用，该效应还会进一步传导至产品市场，并对企业商品采购、产品销售、投资规模以及盈利水平产生积极影响，这表明央行担保品政策可以通过金融市场有效服务于实体经济。本文对于构建和完善基于担保品的货币政策调控框架，加快现代中央银行制度建设，构建中国特色现代金融体系，增强货币政策服务实体经济的质量，提高货币政策的资金配置效率具有重要启示。
2024,人工智能如何提升企业生产效率？——基于劳动力技能结构调整的视角,姚加权;张锟澎;郭李鹏;冯绪,人工智能;企业生产率;劳动力技能结构调整;机器学习;人工智能词典,管理世界,0,人工智能技术对实现经济的高质量发展具有重要意义。现有研究多聚焦于人工智能对宏观经济的影响，本文从企业层面考察了人工智能技术如何影响生产效率和劳动力技能结构。本文运用机器学习方法生成了人工智能词典，并对上市公司的年报和专利进行文本分析，进而构建了企业层面的人工智能指标。研究发现，人工智能显著提升了中国上市公司的生产率，并且该结论在一系列稳健性检验后依旧成立。在影响机制方面，人工智能通过促使企业减少常规低技能劳动力需求、增加非常规高技能劳动力需求的方式提升企业的生产率，这体现了企业劳动力技能结构的调整。异质性分析表明，产权性质、人才获得方式、劳动力保障、治理结构等企业层面因素对人工智能的生产率效应有较大影响。此外，企业所处的行业和地区层面因素也影响了人工智能的生产率效应。最后，本文发现人工智能提高了企业价值。本文加深了对微观企业层面人工智能在生产过程中所扮演角色的认知和理解，并为在微观企业层面推动人工智能技术发展提供了建议。
2024,平台经营者合并的福利分析：市场定位与账户互通,孙震;徐欣祯;王勇,平台经济;经营者集中;市场定位;互联互通;平台监管,管理世界,0,经营者合并是平台发展的常见途径，也是平台监管的重点对象。现有文献缺乏对平台合并后经营策略的研究，难以构建有效的福利分析框架。本文创新性地运用萨洛普模型考察了平台经营者合并后的两个主要策略：市场定位与账户互通，研究平台合并对价格水平和用户福利的影响，并提出可供监管参考的判别标准。本文发现，平台经营者合并后会选择增大内部平台之间市场定位的差异化程度，以降低彼此的竞争，提高利润水平，这将导致用户福利下降；若合并平台允许账户互通，则有利于用户福利的提升。特别是，合并后价格水平的变化可以作为平台合并对用户福利影响的判断标准。此外，相比于网络外部性的提升，规模效应带来的成本下降是提升用户福利更为关键的因素。最后，本文利用京东和1号店合并前后在售的同质商品日度价格数据对理论模型进行了经验验证。本文的结论为平台经营者集中的监管提供了基于平台经营策略和价格水平的重要政策工具。
2024,现金流量重分类：理论逻辑、基本框架与经验证据,宋晓缤;杜兴强;王竹泉,现金流量;重分类;理论逻辑;基本框架;经验证据,管理世界,0,现金流量是企业的生命线。在高质量企业会计准则建设中，内在一致且有机衔接的理论逻辑与基本框架，是现金流量分类改革的前提。本文在分析现金流量重分类内在动因的基础上，以会计目标理论和会计对象理论为依据，系统论证现金流量重分类的目标取向，搭建“动因→依据→目标”的理论逻辑。随后，提出按性质横向重分类、按时间纵向重分类、按预测基础细化分类等原则，构建现金流量重分类的基本框架。最后，运用2007～2021年我国沪深A股上市公司年报数据对重分类前后信息的相关性质量进行实证检验，发现重分类可以提升现金流量信息的预测价值和证实价值，从而提升相关性质量。异质性检验发现，在预测价值方面，按性质重分类更能改善重资产企业现金流量的预测价值，按时间重分类更能改善慢周转企业现金流量的预测价值，高现金质量企业的经营活动造血能力及挤血能力具有更高的预测价值；在证实价值方面，重分类更能提升高市场化程度区域内企业的证实价值。异质性检验进一步佐证和凸显了本文的分类逻辑及价值，从而有效勾勒了“分类改进→质量提升→目标达成”的完整闭环。本文对深化和完善资金运动论这一中国特色的会计理论具有重要意义，也是对“十四五”期间推进会计改革与发展的积极响应。
2024,宏观尾部风险、生产网络与行业产出,陈国进;刘元月;丁赛杰;赵向琴,宏观尾部风险;行业产出;投入产出网络;冲击传导,管理世界,0,本文首先将宏观尾部风险引入包含生产网络的多行业均衡模型，通过理论建模分析宏观尾部风险如何通过投入产出关联影响行业产出波动，并在非理性预期框架下探讨其具体作用机制；然后采用OECD披露的中国44个行业1995～2018年投入产出数据进行结构估计与实证检验。主要结论有：第一，相对于宏观尾部风险冲击对行业产出增长的直接效应，通过投入产出关联传导引发的网络效应更大，且宏观尾部风险冲击主要沿着生产网络向上游传导。第二，相对于宏观尾部风险冲击影响行业产出增长的全要素生产率渠道，劳动效应渠道更为显著。第三，相对于普通风险冲击，宏观尾部风险形成的偏态冲击能更好地解释我国实体经济波动。尾部事件会造成经济主体预期的过度反应，并经由该机制导致产出增长更大程度地下降且影响持续期更长。第四，上游度更大、网络中心度更低和中间品投入结构调整更缓慢的行业受到宏观尾部风险冲击的负向效应相对更大，且投入产出网络连接的非对称结构是网络效应放大冲击的重要因素。
2024,中国职业技能结构转型：任务内容的视角,胡涟漪;盖庆恩;朱喜;郭士祺,职业技能;任务内容;就业结构;经济发展,经济研究,0,本文基于《中华人民共和国职业分类大典》和《现代汉语分类词典》，使用自然语言处理法分析职业技能属性，构建中国职业的抽象、常规和社交技能指数，并从时间、人口特征和空间层面描述劳动力市场的职业技能变化趋势，总结其结构转型的规律。本文研究发现：首先，1990年至2015年期间，高抽象、低常规、高社交职业的就业份额呈上升趋势，尤其是同时具备抽象和社交技能的复合型职业的增长幅度最大；其次，职业技能属性在不同教育水平、年龄、出生年代和户口类型劳动力之间存在显著差异；最后，经济发展水平与抽象、社交就业比例呈“U”型关系，与常规就业比例呈倒“U”型关系。本文研究结果意味着，落实就业优先战略，需要重视职业技能结构转型的趋势和特征，从而有效促进高质量充分就业。
2024,社会保险缴费负担与企业转型升级,夏太彪;魏志华;曾爱民;卢沛,社会保险缴费负担;转型升级;融资约束;融资结构;企业价值,经济研究,0,实施创新驱动发展战略、推进产业结构转型升级是当前转变经济发展方式的重要举措。本文基于企业社会保险缴费负担的视角考察劳动力成本对企业转型升级抉择的影响，旨在为理解经济高质量发展的内在逻辑提供来自微观企业层面的经验证据。本文以2007年至2019年沪深A股上市公司为研究样本，从转型（对内转型和对外转型）和升级（研发创新和人力资本升级）两个维度实证检验了社会保险缴费负担下的企业抉择及其对企业价值的影响。研究发现，社会保险缴费负担对企业转型和升级都产生了显著的“倒逼”效应。当企业融资约束程度较大、债务融资占比较高时，面临社会保险缴费负担的企业更倾向于进行对内转型，而减少对外转型和升级活动。社会保险缴费负担下的对内转型不利于提升企业价值，而升级（如增加研发投入）则有助于提高企业价值。进一步研究发现，社会保险缴费负担会导致企业利润下滑、经营压力增大，继而迫使企业通过转型升级予以应对。而当管理层和股东的利益更趋一致时，企业将倾向于选择升级而非转型。同时，从投资结构来看，社会保险缴费负担对企业升级的“倒逼”作用要大于对企业转型的影响。异质性分析发现，在面临社会保险缴费负担时，劳动密集程度较低的企业、非国有企业更可能选择对外转型和升级。本文的研究在理论上丰富了社会保险缴费负担的经济后果和企业转型升级影响因素的相关文献，在实践上为政府部门推进创新驱动发展战略提供了借鉴和启示。
2024,促就业与稳增长：养老保险缴费率的视角,崔小勇;卢国军;翟颖佳,社保缴费率;就业;经济增长;资源错配,经济研究,0,本文基于2019年中国养老保险缴费率下调的准自然实验，利用2016—2020年全国税收调查数据，测算并分解了政策缴费率下调的宏观就业与产出效应。理论分析表明，政策缴费率下调的激励效应和配置效应是促进宏观就业与产出增长的两个重要机制。实证分析表明，2019年政策缴费率下调显著促进宏观就业增长约5.1%，宏观产出增长约11.4%，并且宏观就业与产出的增长主要来源于配置效应。对微观企业的行为分析表明，政策缴费率下调显著降低企业的实际社保缴费率和劳动力成本，同时提升员工工资，促进企业雇佣和产出规模的扩张。进一步分析表明，缴费率下调的宏观经济效应在行业和地区之间存在异质性，在制造业和中东部地区的激励效应和配置效应同时显著。最后，缴费率下调显著改善了资源配置效率，促进宏观全要素生产率增长约2.4%，但全要素生产率的增长主要来源于地区—行业内的资源配置效率改进。
2024,融资平台债务增长的新机理研究：担保网络的视角,毛捷;韩瑞雪;刘冲,融资平台;担保关系;复杂网络;债务增长,经济研究,0,中国地方政府债务管理日益规范，然而地方政府融资平台公司的债务仍持续增长，探明其原因有助于切实防范化解地方债务风险。已有研究从财政体制、金融体制、地方政府信用支持等视角分析了融资平台债务的成因，但鲜有文献从市场主体角度深入研究融资平台债务为何能在制度约束日益加强的环境下持续增长。本文着眼于融资平台之间复杂的担保关系，利用网络分析方法验证了融资平台债务得以持续增长的一个新机理：融资平台之间通过签订担保合同，建立了以网络形态呈现的复杂担保关系（即担保网络），显著刺激了融资平台债务的增长。上述新机理通过了一系列稳健性检验，并呈现出丰富的异质性。新机理的作用机制是：融资平台之间建立的担保网络不仅通过社会网络中常见的信息共享、风险约束和声誉激励三类机制作用于债务增长，还会借助隐性担保这个特殊渠道发挥作用，表明融资平台之间的担保网络在推动债务增长时既体现了市场规则，又潜藏风险。本文的研究发现弥补了已有文献缺乏从市场主体的微观视角研究地方债务增长机理的不足，为新发展阶段实现稳增长和防风险的长期均衡提供了参考。
2024,跨境资本流动、信贷配置风险与银行体系稳定,谭小芬;耿亚莹;苟琴,跨境资本涌入;资本流入逆转;信贷配置风险;银行稳定,经济研究,0,推进高水平金融开放是构建“双循环”新发展格局的重要方面。本文探究如何在金融开放进程中防范金融风险，具体研究金融开放条件下跨境资本流动剧烈波动如何影响银行体系稳定性。基于53个国家和地区1991—2017年的企业数据，本文测度了银行在企业间的信贷配置风险，并探究其在跨境资本涌入对银行稳定的影响中发挥的中介效应。研究发现，跨境资本涌入改变了银行的风险承担行为，通过国际风险承担渠道提高了银行信贷配置风险，降低了银行体系稳定性。有别于FDI资本涌入，股权资本涌入和债务资本涌入是产生国际风险承担效应、增大银行风险的主要类型。实施宏观审慎监管政策能缓解资本涌入对银行稳定性的冲击。本文加深了对跨境资本涌入、金融中介风险承担行为和银行稳定三者关系的认识，为跨境资本涌入如何影响银行稳定提供了微观证据，对我国推进金融业高水平开放、提升金融服务实体经济效率以及防范化解外部风险冲击都具有重要启示。
2024,共同富裕目标下基本公共服务均等化与财政改革：基于广义国民收入的分析,伏润民;缪小林;张彰;赵一心,共同富裕;广义国民收入;基本公共服务均等化;财政改革,经济研究,0,在强调市场作用和政府再分配政策背景下，国民收入差距程度反映了一个社会分配制度的效率、公平与正义。从党的十三大首次提出“按劳分配为主、多种分配形式并存”的分配原则，到党的二十大提出“坚持按劳分配为主体、多种分配方式并存，构建初次分配、再分配、第三次分配协调配套的制度体系”，以增进民生福祉，最终实现共同富裕。然而，仅仅采用传统货币收入指标很难准确衡量实际收入分配差距，也不可能据此衡量共同富裕。本文在系统厘清和评价公共服务与国民收入内在逻辑的基础上，构建广义国民收入理论分析框架，将基本公共服务纳入国民收入分配体系，赋予国民收入新的内涵；实证论证基本公共服务对广义国民收入的影响路径及其程度，以此证明基本公共服务供给差异是影响国民收入水平差异的直接因素；在分析现行财政体制难以实现基本公共服务向均等化收敛的基础上，聚焦对广义国民收入影响突出的义务教育和医疗卫生两大基本公共服务，突破现行事权划分和公共服务的财政供给制度限制，提出一套完整的制度性改革方案，促进基本公共服务向均等收敛，缩小国民收入差距，客观评价共同富裕。
2024,地方政府竞争行为、土地财政与经济波动,周慧珺;傅春杨;王忏,地方政府竞争行为;劳动力配置;土地财政;经济波动,经济研究,0,本文构建包含中央政府和地方政府的两地区多部门波动模型，分析了地方政府竞争机制在房产需求冲击传导和溢出中扮演的角色。研究表明：单个地区的房产需求冲击首先通过房地产部门传导至该地区财政收入，导致当地公共支出波动。在两级政府存在信息不对称的情况下，地方政府有动机开展对公共支出和人力资本的竞争，因此，另一地区的公共支出也会同向波动，产出、消费等宏观经济变量同步受到影响，冲击带来的影响随之溢出。脉冲响应结果显示：地区间竞争的机制将可以传导和放大整体经济波动。更换居民效用函数形式、在非房地产部门引入工业用地作为生产要素等稳健性检验均不会改变结论。此外，基于现实情况，本文还在模型中引入了劳动力供给时长的内生决策、劳动力的行业间配置、央地税收分成等拓展机制，阐释了拓展机制对模型结果的影响。这一研究将为地区间竞争机制如何影响中国经济波动提供新的视角，也为推动经济的长期稳定发展提供有益的理论参考。
2024,中国增值税区域间横向分配的经济效应：基于多区域CGE模型的分析,刘元生;张苏皖;李建军,增值税;横向税收分配;生产地原则;消费地原则;多区域可计算一般均衡模型,经济研究,0,"基于生产地原则的增值税地区间分配方式造成地区间税收分配不公，加剧地区间税收竞争、过度投资和重复建设，不利于经济发展方式转变和新发展格局构建。本文建立了一个中国多区域可计算一般均衡模型（CGE），刻画了增值税在地方政府间的横向分配机制，对由生产地原则向消费地原则的分配机制改革进行了政策模拟。研究发现：增值税横向分配由生产地原则向消费地原则的改革会显著改善各地区人均增值税收入的不平衡，缩小各地区的财力差异；在完全消费地原则下，相对基准情景，总消费最高增长2.25%,GDP最高增长0.98%；上海等8个地区在四种增值税横向分配机制改革方案下GDP变化率为负，但湖南等大部分地区能从改革中受益，因此改革能促进总体经济增长。本文的研究为构建兼顾生产地和消费地贡献以及利益的地区间增值税横向分配制度提供了理论依据和政策参考。"
2024,中国经济增长动力结构变迁：2000—2019,陈梦根;侯园园,增长核算框架;全要素生产率;经济增长;数字经济,经济研究,0,厘清中国经济增长的动力结构，培育和壮大发展新动能，对构建新发展格局至关重要。基于行业视角的增长核算框架对中国经济增长的动力结构分析发现，考察期内中国国内生产总值年均增速达8.99%，三次产业的增长贡献占比分别为4.63%、46.32%和49.05%，其中又以制造业和生产性服务业为主。从要素贡献视角看，资本、劳动和全要素生产率的增长贡献占比分别为60.52%、15.17%和24.31%，资本（尤其是传统资本）驱动型增长模式面临资本投入和资本贡献双重下降的挑战，劳动投入质量提升有望提高劳动要素的增长贡献。伴随着新旧动能转换和数字化转型的快速推进，资本要素中新型资本规模不断扩大，数字经济与新经济相关行业产出快速增长但TFP增长相对有限。以创新驱动高质量发展，实现新时代中国经济发展动力变革，应进一步挖掘资本与劳动要素的增长潜力，大力提升各行业全要素生产率，巩固深化制造业和生产性服务业融合发展，持续壮大新经济产业规模。
2024,《经济研究》关于稿件写作的几点说明,,,经济研究,0,<正>【中文内容】请作者在初始投稿与后续修改时：1.确认稿件的作者姓名、作者顺序（包括通讯作者）、作者单位、资助课题（项目），并将相关信息完整、准确地列于独立于正文的一页（正文中不得出现相关信息）。每篇稿件，署名作者不得超过五位，且确认唯一一位通讯作者（如未清晰确认，第一作者视作通讯作者）；每位作者的署名单位不得超过两个（同一单位的不同下设单位分别署名时，视作不同的署名单位）；每位作者的署名资助课题（项目）不得超过两个，且稿件的全部署名资助课题（项目）不得多出署名作者总数两个。
2024,第十届“张培刚发展经济学优秀成果奖”评选公告,,,经济研究,0,"<正>“张培刚发展经济学优秀成果奖”是根据张培刚发展经济学研究基金会(以下简称基金会)的宗旨,为推动发展经济学理论创新和中国经济实现高质量发展而设立的,包括“张培刚发展经济学优秀著作奖”与“张培刚发展经济学优秀论文奖”。张培刚发展经济学优秀成果奖每两年评选一届。评选不收取任何费用。根据《张培刚发展经济学优秀成果奖评奖条例》的规定,第十届张培刚发展经济学优秀成果奖评选工作于2024年1月启动。"
2024,扎实推动高质量发展，加快中国式现代化建设——学习贯彻中央经济工作会议精神笔谈,高培勇;隆国强;刘尚希;魏后凯;张永生;刘元春;孙久文;范从来;魏众,,经济研究,0,2023年12月召开的中央经济工作会议指出，2023年是全面贯彻党的二十大精神的开局之年，是三年新冠疫情防控转段后经济恢复发展的一年。以习近平同志为核心的党中央团结带领全党全国各族人民，顶住外部压力、克服内部困难，全面深化改革开放，加大宏观调控力度，着力扩大内需、优化结构、提振信心、防范化解风险，我国经济回升向好，高质量发展扎实推进。会议还强调，必须把推进中国式现代化作为最大的政治，在党的统一领导下，团结最广大人民，聚焦经济建设这一中心工作和高质量发展这一首要任务，把中国式现代化宏伟蓝图一步步变成美好现实。做好2024年经济工作，要以习近平新时代中国特色社会主义思想为指导，全面贯彻落实党的二十大和二十届二中全会精神，坚持稳中求进工作总基调，完整、准确、全面贯彻新发展理念，加快构建新发展格局，着力推动高质量发展，全面深化改革开放，推动高水平科技自立自强，加大宏观调控力度，统筹扩大内需和深化供给侧结构性改革，统筹新型城镇化和乡村全面振兴，统筹高质量发展和高水平安全。为学习宣传贯彻本次中央经济工作会议精神，为深入贯彻落实党中央关于经济工作的决策部署提供学术支持与政策参考，本刊约请国内著名专家以“扎实推动高质量发展，加快中国式现代化建设”为主题撰写一组笔谈，以飨读者。
2024,第七届“张培刚发展经济学青年学者奖”评选公告,,,经济研究,0,"<正>为促进中国经济学学术进步,推动经济学学科建设,鼓励经济学青年人才成长,提高中国经济研究水平,张培刚发展经济学研究基金会(以下简称基金会)特设立“张培刚发展经济学青年学者奖”。张培刚发展经济学青年学者奖每年评选一届,坚持公开、公平、公正的原则,重在鼓励和支持在发展经济学及相关领域拥有创新性的学术研究成果并且具有较强科研潜力的中国青年经济学者。"
2024,高质量发展与中国式现代化,,,经济研究,0,"<正>在新的一年即将到来之际,中国社会科学院经济研究所以“高质量发展与中国式现代化”为主题,于2023年12月23日在北京主办“经济研究·高层论坛暨经济学动态·大型研讨会(2023)”,以期广大学者共聚一堂围绕会议主题开展研讨,贡献智慧。本届高层论坛暨大型研讨会由经济研究杂志社、经济学动态杂志社、北京大学光华管理学院承办,由《中国经济史研究》编辑部、《经济思想史学刊》编辑部、《经济管理学刊》编辑部、中国社会科学院大学经济学院协办。"
2024,公司债券发行上市审核与发行定价——基于证券交易所审核反馈意见函的文本分析,佟岩;李鑫,公司债券发行上市审核;债券发行定价;反馈意见函;注册制,管理世界,0,近年来，中国债券市场发展迅速，为服务实体经济发展和国家重点项目建设提供了坚实保障。然而，随着“刚性兑付”被打破，债券市场违约率不断攀升。在此背景下，完善发行人信息披露、创新监管模式、防范化解债券信用风险成为必然要求。本文基于证券交易所对公司债券发行上市审核过程中形成的反馈意见函，以2015年5月～2022年10月期间的公司债券发行数据为样本进行实证检验。研究发现交易所审核问询会显著增加债券发行价差，而发行人高质量的回函可以有效缓解这一影响。机制检验发现，交易所审核问询通过释放发行人信息披露质量较差、违约预期较高的信号，提高了债券发行价差。基于审核反馈意见函细分特征，本文发现当交易所要求发行人补充重大事项提示、要求中介机构发表专业核查意见，以及对现金流、偿债能力、应收账款、风险信息、客户与供应商和行业竞争主题的关注程度越高时，债券发行价差上升程度越大。此外，交易所审核问询还会增加债券发行失败的概率，也降低了债券超额募集现象发生的可能性。本文从交易所反馈意见函文本信息的视角，拓展了债券发行定价影响因素的研究，对推动债券市场更好地服务实体经济、有效防范化解金融风险具有一定的参考价值。
2024,中国财政可持续性分析：研究框架与综合判断,吕冰洋;曾傅雯;涂海洋;李戎,财政可持续性;政府债务;人口老龄化;绿色转型,管理世界,0,财政可持续性关系到财政安全、政府职能履行和国家发展战略目标的实现。本文结合中国财政制度特点和经济社会核心问题，突破单一的政府债务可持续性分析框架的局限性，建立分析中国财政可持续性的狭义和广义框架，并在此基础上进一步提出财政可持续性综合判断框架，使其兼容狭义与广义财政可持续性分析，兼顾历史判断与未来预测，同时采用多种方法检验中国狭义与广义财政可持续性。研究发现：在狭义财政可持续性判断中，债务指标法、财政收支协整法、财政反应函数法检验结果均显示政府债务具有可持续性，但债务空间在缩小；在广义财政可持续性判断中，动态随机一般均衡法结果表明，财政大规模减收增支、经济增速持续放缓、人口老龄化程度加深和激进式绿色转型会对财政可持续性造成压力，我们进一步探讨了其中的作用机制。对此，本文结合研究结论，提出增强财政可持续性的政策建议。
2024,少子老龄化、工业智能化与宏观经济波动——基于内生经济增长理论的DSGE模型分析,韩永辉;刘洋,少子老龄化;工业智能化;劳动力供给冲击;研发型劳动力;自主创新,管理世界,0,少子化与老龄化成为中国人口发展新特征，经济增长亟需探寻现代化新路径。本文基于内生经济增长理论，构建包含劳动力供给冲击、工业智能化、内生性技术创新的动态随机一般均衡模型，揭示工业智能化对少子老龄化负向影响的双重调节机制。研究发现：短期内，工业智能化可优化劳动力与资本要素配置，进而提升经济均衡总产出，有效缓解少子老龄化的不利冲击。然而这一调节效应呈现显著的时期异质性：长期内，工业智能化难以弥补研发型劳动力缺口，并可能引发过度替代、贫富分化和通货膨胀等问题，对经济长期可持续增长的支撑作用有限。研究结论表明：政府宜在合理布局工业智能化的同时，兼顾增进人力资本积累、提升自主创新质量，实现少子老龄化时代下的经济长期高质量发展。
2024,工业互联网平台构建中如何应对“个性与共性”矛盾？——基于树根互联的案例研究,王节祥;陈威如;龚奕潼;陈衍泰,工业互联网平台;个性与共性;模块化;松散耦合;梯度分布,管理世界,0,工业互联网平台是推进“数实融合”的新型基础设施，需要掌握数字技术的平台企业与掌握业务诀窍的行业用户共创共建，这一过程面临着平台企业“共性”能力开发与用户“个性”方案需求的突出矛盾。本文采用纵向案例方法，以“树根互联”为例开展理论建构，研究发现：构建工业互联网平台可以采取“耦合需求开发产品、解耦沉淀能力模块、构建松散耦合生态”的过程，通过“项目—产品—模块—生态”的演进，应对“个性与共性”的矛盾。首先，通过耦合用户个性需求定制项目解决方案，构建数字模型将方案转化为产品；其次，将产品所需能力与特定用户的需求解耦，沉淀为可被重组调用的共性能力模块；最后，鼓励生态领先用户构建子平台，满足大量细分行业的个性需求，平台企业则转向建设底层更共性的使能模块，平台企业与生态子平台形成相嵌合作的“松散耦合”生态。本文针对工业互联网平台构建面临的“个性与共性”矛盾问题，归纳出“耦合—解耦—松散耦合”的应对机制，贡献于平台构建和组织间松散耦合模块架构生成动力的研究。本文结论适配中国制造业梯度分布的特征，对工业互联网平台的考核评价、推广应用和提升国际竞争力具有启示意义。
2024,中国农村土地流转与农业生产模式变迁,朱诗娥;杨汝岱;王璐;吴比,土地流转;农业生产模式;全要素生产率;要素投入;结构转型,管理世界,0,本文从土地流转视角讨论农业生产模式变迁问题。典型事实显示，样本期内农户土地流转率从4%上升到24%，农业经营主体转变加速；农业要素投入模式出现了结构性变迁，劳动投入持续下降，农机社会化服务与中间品投入等持续上升，土地经营规模化与分散化并存；农业生产效率提升明显，农户收入、亩均产出、劳均产出、农业全要素生产率等均快速上升。实证研究表明，土地流转对农业生产模式变迁具有重要影响，土地转出可以促进非农就业，提高非农收入和总收入水平，土地转入能够有效提升农业生产效率，具有较强经济显著性；从要素投入来看，土地转入能够显著降低要素投入强度，并在一定程度上体现了规模经济。总结而言，土地流转在提升整体农业生产效率的同时有效促进了农业生产模式现代化转型，但效应在不断减弱。
2024,就业政策如何影响收入分配？——基于量化空间一般均衡模型的理论分析,周慧珺;傅春杨;龚六堂,受教育程度;职业技能;收入分配;共同富裕,管理世界,0,党的二十大报告指出，中国式现代化是全体人民共同富裕的现代化。推动共同富裕取得实质性进展也成为未来经济社会发展的重要战略目标。本文构建包含高、低受教育程度劳动者的量化空间一般均衡模型，分析提升教育程度和提高职业技能两类政策对于收入不平等的影响。结果表明，政策对于收入不平等的影响可以拆分为3个渠道：不同类型群体的数量比例、工资差距大小的变化及劳动者的地区间配置。在这3种因素的综合作用下，提高低受教育群体教育水平的政策能够不断扩大中等收入群体，收入不平等最终得到改善。提升低受教育群体职业技能的政策则主要通过提高低收入群体技能溢价缩小两类人群的工资差距，促使收入不平等状态持续改善。更换高、低教育程度划分标准、改变生产效率溢出效应系数相对大小、引入两类人群的劳动可替代性差异、引入资本等均不会影响结论。本文为收入分配和技能溢价领域的研究提供了更丰富的视角，也为现实经济中政策成效的评估及共同富裕战略的深入实施提供了理论参考。
2024,双重差分设计下固定效应估计量何时可信？——若干有用的建议,张征宇;林丽花;曹思力;周亚虹,双重差分法;多时点交错设定;双向固定效应估计量;平行趋势;政策评价,管理世界,0,过去十年间，国内经济学期刊发表了大量使用双重差分法（DiD）评估经济政策效果的研究成果。然而，在条件平行趋势假设下双向固定效应估计量（FE）能否一致地估计平均政策效应？为此，本文建立了一个新的FE分解定理，并指出在这一假设下FE估计量的经济学含义。研究表明：除政策效应之外，FE估计量还包含了两项偏误：处理组个体对政策实施的提前反应和控制变量对潜因变量随时间而变化的影响。这就意味着，在最简单的两期DiD模型中，FE估计量依然可能有偏。本文也将理论结果推广到了多期DiD模型中。在理论分析的基础上，本文提出多个诊断检验以判断FE估计量是否存在严重偏误。本文还提出了一个基于OLS的简便纠偏估计量。该估计量可以估计政策的动态效应，同时确保估计量不受政策效应异质性以及控制变量的干扰。最后，本文分别以国家级高新技术开发区对于地区经济及个税减免对个体劳动供给的影响为例，说明了本文所提出的检验及估计方法在科学评估中国经济政策方面的现实价值。
2023,破产法庭设立、债权人保护与地方性商业银行风险,胡诗阳;尹亮;祝继高,司法制度改革;破产法庭;银行风险;信贷配置,经济研究,0,破产法庭是依法稳妥审理破产案件，发挥破产审判职能，完善市场主体救治和退出机制的关键举措。破产司法审理能否有效维护债权人权益直接关系到银行等金融中介的风险，进而对金融市场稳定、社会资源有效配置和经济高质量发展产生重要影响。本文以2016—2021年中国地方性商业银行为研究对象，使用多期双重差分模型考察设立破产法庭对银行风险的影响。研究结果表明，破产法庭的设立通过提高司法执行的质效，显著降低了地方性商业银行风险。机制分析发现，一方面破产法庭通过降低公司破产的时间成本和提高破产重整率的途径提高了债权人保护水平，降低了银行风险。另一方面，破产审判案件通过媒体产生的信号作用，影响银行的风险预期进而降低银行风险。横截面分析表明，破产法庭对贷款集中度高和非国有银行的风险抑制作用更显著。此外，破产法庭优化了银行的信贷配置，表现为提高了信用贷款比例，降低了担保贷款比例，提高了对高科技行业的贷款，减少了对房地产行业的贷款，同时还提高了银行的利润效率。本研究为破产司法制度改革的质效评估提供了科学严谨的实证证据，对进一步完善市场主体退出机制，优化营商环境具有启示意义。
2023,基金ESG投资承诺效应——来自公募基金签署PRI的准自然实验,蔡贵龙;张亚楠,ESG投资;负责任投资原则;绿色基金;可持续金融;绿色技术创新,经济研究,0,联合国负责任投资原则(PRI)是国际权威的ESG投资倡议。本文基于中国公募基金签署PRI的准自然实验，研究基金公司做出ESG投资承诺之后是否显著提升了绿色投资水平。研究发现：相对于非PRI基金，基金公司签署PRI之后表现出显著更高的绿色投资偏好，基金投资组合中关于绿色创新型公司的股票投资金额增长了约440.3亿元，且这一效应在基金投资组合面临更高的环保规制风险和公众环保关注压力时显著更强；当PRI基金公司有更多资产在投资程序中考虑ESG因素，或在权益估值程序中更多考虑环境和社会风险时，旗下基金的绿色投资水平显著更高；进一步地，基金公司签署PRI之后更倾向于招募具有环保背景的基金经理，并吸引了更多长期资金的流入，表明人才机制和资金流入机制是PRI基金提升绿色投资偏好的重要路径。经济效益分析显示，基金公司签署PRI之后显著提升了标的企业的绿色创新能力，基金绿色转型也有助于提升基金业绩。本文研究表明，基金公司签署PRI是一种可信的绿色转型信号，有助于促进企业绿色创新，进而实现基金行业和经济高质量发展的目标。
2023,地方政府预算公开的市场识别与反应——来自省级政府债券定价的证据,张琦;杨悦,预算公开;披露质量;债券定价;市场反应,经济研究,0,政府增强预算透明度是其履行公共受托责任的重要体现，它有助于保障公众的知情权、参与权和监督权。但政府预算公开的努力能否被市场识别并给予积极的回馈，尚缺乏经验证据的支持。本文选取2015—2020年省级地方政府债券发行数据，检验了地方预算公开对政府债券定价的影响。研究发现：地方政府自愿提升预算披露质量能够显著降低政府债券的发行利差。其中，信息获取成本、分析成本与风险溢价的降低是其主要的作用机制。该结论在使用工具变量、安慰剂检验以及进行一系列稳健性检验后依然成立。进一步研究发现，预算公开的债券定价效应仍受制于市场化水平，较高的市场化水平增强了预算公开对债券利差的降低效应。在经济后果分析中，地方政府预算公开通过降低政府债券发行利差，减少了地方实际融资成本，促进了地区经济发展。本文的研究从市场角度评估政府预算公开的后果，对识别政府预算信息的决策有用性等具备明显的文献贡献，且对于促进“有为政府”和“有效市场”更好结合也具有明确的政策价值。
2023,金融科技的经济稳定器作用：金融加速器理论的视角,王红建;张科;李青原,金融科技;金融加速器理论;投资波动;稳定器作用,经济研究,0,以抵押资产约束为核心的金融加速器理论是解释宏观经济波动的重要理论之一。本文基于金融加速器理论考察金融科技对实体经济运行的稳定器作用及其内在机理，这对跨周期宏观调控政策的科学设计具有重要的价值。研究发现：金融科技显著抑制上市企业投资波动，表明金融科技对实体经济运行具有稳定器作用。机制识别发现：金融科技发展通过减少银企间信息不对称，降低抵押品在债务契约中的重要性，从而显著弱化金融加速器效应。异质性检验发现：金融科技对企业投资的稳定作用在非国有企业、房价波动较大地区以及金融监管更严格地区的样本中更显著。本文研究从金融加速器理论视角揭示了金融科技影响实体经济运行的内在机理，可为跨周期调控以及金融科技政策的设计提供理论依据。
2023,税收优惠、供应链传导与商业信用——基于留抵退税政策的准自然实验,杨连星;李蔚;王秋硕,留抵退税;商业信用;供应链传导;上下游行业,经济研究,0,留抵退税作为重要的组合式税费刺激政策，对商业信用配置存在多重复杂影响。基于2016—2020年全国企业税收调查数据，本文以2019年增值税留抵退税政策作为准自然实验，实证分析发现，留抵退税对商业信用需求存在显著抑制效应，在小微企业、非国有企业、供应链中上游企业以及高合约密集度的行业中更为显著。在影响机制方面，留抵退税缓解企业融资约束、改善企业负债结构、提升企业资产周转率，降低对企业商业信用的依赖。进一步，在供应链传导效应方面，留抵退税除对企业自身产生显著影响外，存在着供应链的双向传导作用，上下游行业的留抵退税冲击均对企业产生显著金融溢出效应，并能有效促进企业投资与绩效提升。由此，要进一步加快增值税改革，继续稳步扩大留抵退税政策范围，强化留抵退税非重点行业的退税扶持，通过提升企业供应链合作，满足企业中长期发展需求。
2023,税收稽查的震慑效应：一个多期博弈模型及其经验检验,游家兴;林慧;蓝永泉,税收稽查;震慑效应;企业避税;多期博弈模型,经济研究,0,本文从政府与企业两个主体出发构建多周期博弈模型，所得到的均衡解表明：政府能够通过加大税收威慑力度减少税收稽查，从而有效实现以罚代管。但与此同时，在企业相较于政府有更快响应/学习能力的情形下，企业能够预见政府税收监管策略，在后续的博弈周期中会通过税收稽查案件的公开信息进行学习，更新对实际税收稽查力度的认知，并最终调整自己的避税决策。本文基于2005—2016年期间716个税收辖区内107583个企业开展的实证检验也印证了上述理论预期：一方面，惩处较为严厉的稽查事件发生后，其所在税收辖区内其他企业的避税程度显著下降，证实了严厉的税收违规稽查能够在区域内发挥震慑效应，起到“惩一儆百”的积极作用。另一方面，惩处较轻的稽查事件则无法发挥显著的震慑效应。并且，严厉税收稽查事件的震慑效应仅持续到事件发生后的两年，随后震慑效果则不再显著。本文从一个新的视角拓展了企业税收遵从度的影响因素研究，同时为税收稽查的外部性提供了经验证据，对于税收征管工作的完善与优化具有积极的现实启示意义。
2023,数字基础设施建设与城市高技能创业人才吸引,焦豪;崔瑜;张亚敏,数字基础设施建设;“宽带中国”试点政策;高技能创业人才;城市吸引力,经济研究,0,创业对经济发展活力有显著的促进作用，城市如何通过有效方式吸引高技能创业人才来当地开展创业活动值得深入研究。本文基于2011—2018年中国流动人口动态监测调查数据中高技能创业者的微观层面数据和285个地级市城市层面数据构建平衡面板数据，将“宽带中国”试点政策视为一项准自然实验，运用渐进双重差分模型估计该试点政策对城市外来高技能创业人才吸引的影响。研究发现，“宽带中国”试点政策显著提高了城市对高技能流动人口创业者的吸引力。路径分析表明，“宽带中国”试点政策能够通过激发数字化创业资源提升城市对外来高技能创业人才的吸引力。在经过一系列稳健性检验后，本文结论依然成立。本文结论对理解如何充分发挥城市数字基础设施建设的数字化创业资源带动效应，吸引流动人口中的高技能创业人才流入，促进当地经济高质量发展提供了经验证据和政策参考。
2023,主编寄语,黄群慧,,经济研究,0,"<正>新元复始,万象新启。值此新年到来之际,《经济研究》衷心祝愿经济学界同仁和关心支持《经济研究》的各界人士新年快乐,万事如意!在即将过去的2023年,《经济研究》始终牢记自己的使命,坚持以马克思主义为指导,坚持把马克思主义基本原理同中国具体实际相结合、同中华优秀传统文化相结合,推出了一系列深入学习宣传贯彻党的二十大精神和文化传承发展座谈会精神,"
2023,《经济研究》连续荣获“中国最具国际影响力学术期刊”,,,经济研究,0,"<正>中国知网和清华大学图书馆自2012年起连续12年联合研制《中国学术期刊国际引证年报》(简称《国际年报》),通过统计国际期刊对中国期刊的引用,客观反映我国学术期刊在国际学术研究领域的话语实情。通过连续多年的统计与遴选,《国际年报》及国际影响力TOP期刊品牌已经得到期刊界和科研管理部门的广泛认同,在助力中国期刊走向国际舞台、树立国际学术品牌和文化自信方面发挥了积极的、重要的作用。"
2023,经济学理论、实践与本土化——兼谈中国自主的经济学体系构建,孙圣民,西方经济学;本土化;中国自主的经济学知识体系;经济学方法论,经济研究,0,构建中国自主的经济学知识体系，需要经济学实现具备中国特色的本土化。本文反思西方经济学为追求科学化而丧失实践传统，造成经济理论与经济实践分裂的过程。从经济学方法论视角探讨西方经济学理论与实践的关系，审视借鉴西方经济学来构建中国自主的经济学知识体系的路径。西方经济学只是一种准科学、准现实的研究，作为地方性知识只具备有限的普适性。理论和实践存在内在关联但不存在同一对应的关系，经济实践需要多因素的平衡与多理论的指导。西方经济学中占主导地位的逻辑实证主义，是一种理论优位的科学哲学。经济学需要提高实践的地位，将理论还原于实践情境，并在实践情境中构建理论。中国自主的经济学知识体系可以且理应在中国持续推进的经济实践中得到构建与完善。
2023,社会网络异质性与人力资本误配,李俊青;张雪莹;袁博,人力资本误配;社会网络;失业率,经济研究,0,"人力资本是经济增长的关键要素，但现实中大多数发展中国家由于未能实现人力资本最优配置，从而难以完全释放人力资本的经济增长效应。本文从中国劳动者使用社会网络求职的特征事实出发，探讨了社会网络关系通过影响劳动者微观就业选择，继而影响行业间人力资本配置效率和宏观失业率的问题。本文研究表明，社会网络连接的信息异质性会降低失业率，但不影响行业间的人力资本配置；社会网络连接的行为互惠性由于在人岗匹配时会增大协调性摩擦，从而可能造成行业间“高才低配”或“低才高配”型的人力资本误配，并使失业率提高。实证分析中，使用CLDS、中国城市数据库等数据，本文认为，劳动者求职时使用社会网络连接的行为互惠性会造成服务业内人力资本“高才低配”,并会降低其就业率，而信息异质性则会增大求职者就业概率。"
2023,大数据决策中数据结构转变：基于杭州城市大脑“交通治堵”应用场景的案例分析,程聪;严璐璐;曹烈冰,大数据决策;数据结构;人类认知;交通治堵,管理世界,0,数字经济时代，管理决策过程中大数据技术与人类决策预期目标之间割裂现象的不断涌现，逐渐引起了业界和学界的广泛关注。本文构建了一个“数据结构—认知模式”匹配分析框架，并以杭州城市大脑“交通治堵”大数据决策场景为研究对象，来探讨大数据决策过程中人类认知推动数据结构转变的微观基础。研究发现：第一，大数据决策是一个缄默数据、休眠数据和活跃数据3类数据结构共存、转变的演化过程。决策启动阶段的数据结构包括缄默数据、休眠数据和活跃数据；决策发展阶段主要是休眠数据和活跃数据；决策实现阶段仅存在活跃数据一种形态。第二，大数据决策过程中，从决策启动到决策实现存在独特的数据结构与认知模式关系链条。一方面，从决策启动到决策发展阶段，主要通过“认知表征→认知解构”的发展型认知模式来推动缄默数据向休眠数据转变。另一方面，从决策发展到决策实现阶段，主要通过“认知解构→认知重构”的应用型认知模式来推动休眠数据向活跃数据转变。本文关于3类数据结构的划分和人类认知在数据结构转变过程中的作用分析，为解决大数据技术与人类决策预期目标之间的分歧提供了新的分析思路，也为利用大数据提升城市治理体系和治理能力现代化水平提供重要实践启示。
2023,聚“碳”成“能”：碳交易政策如何缓解农村能源贫困？,何可;朱信凯;李凡略,能源贫困;碳交易政策;碳达峰;碳中和;气候变化,管理世界,0,能源贫困和气候变化是人类永续发展面临的相互影响的重大难题。作为世界上最大的发展中国家和碳排放国，中国所面临的“双碳”压力和能源转型挑战尤为严峻。通过构造多维能源贫困指数，本文使用双重差分法评估了碳交易政策对农村能源贫困的影响。研究发现，碳交易政策使试点省（直辖市）的农村能源贫困水平相对于非试点省（自治区）下降了5.0%，这一结论在经过一系列安慰剂检验和稳健性检验后依旧成立。进一步分析发现，碳交易政策能够促进非农就业、改善能源基础设施水平，从而间接缓解农村能源贫困。在全国碳交易市场不断发展完善的背景下，本文不仅有助于科学识别碳交易政策与农村能源贫困之间的因果关系，亦能够为设计兼具改善农村能源贫困功能的碳交易机制提供有益参考。
2023,金融系统向实体经济让利政策：效果评价及宏观效应研究,项后军;张清俊;刘文革;黄一鸣,金融系统;让利政策;结构性让利;政策效果;宏观效应,管理世界,0,为支持实体经济发展，中国人民银行在新冠疫情期间实施了具有中国特色的金融系统向实体经济让利政策。如何及时评价这一政策的实施效果及其产生的宏观效应，并进一步提出政策改进措施，显然是一个颇有价值的重要问题。有鉴于此，本文基于动态随机一般均衡模型在一个统一框架内研究了3种让利政策，研究发现：（1）在面临不利冲击时，降低再贷款利率让利、增加再贷款额度让利、降低贷款费用让利以及上述3种让利政策的组合政策均可缓解企业所面临的融资约束，从而支持企业生产，缓解产出下降和通胀上升，实现支持实体经济发展的目的；（2）3种让利政策实施效果有所差异，其中增加再贷款额度让利政策的福利损失最小，而3种让利政策的组合使用可进一步改善福利水平；（3）最优让利政策在让利幅度上可以偏向受冲击较严重的小微企业部门，但必须确保所有企业部门都可以享受到让利政策。要使让利政策达到最好的效果，良好的顶层设计与通畅的传导渠道必不可少。
2023,留抵退税负担机制、消费地原则与政府增值税收入,聂海峰;耿纯;刘怡,留抵退税;地区竞争;税收返还;消费地原则;税收收入,管理世界,0,增值税留抵税额的退还增加企业当期现金流，促进企业扩大设备更新和技术改造投资，增强企业持续经营能力。在不完全市场投资模型中引入增值税分析发现，留抵退税有助于扩大企业投资规模，提高消费者福利，实现消费型增值税的投资中性。对于跨地区交易形成的留抵，增值税收入归属和留抵退税负担的不一致导致地区税收输出：退税企业所在地政府若对政策性因素或企业经营不善形成的留抵给予退税，未来无法收回的退税资金会成为对供应商企业所在地政府的补贴。进一步地，在地区之间普遍存在利用税收返还进行招商引资竞争的背景下，地方政府参与留抵退税资金分担，可能导致各地增值税收入都下降。使用地区投入产出表数据模拟测算表明，地方分成部分的增值税按照消费地原则分配可以提供企业所在地负担留抵退税的资金。待增值税立法明确留抵的处理方式后，需要考虑建立长效化的留抵退税负担机制，确保退税负担和税收收益相匹配。地方分成部分的增值税改按消费地原则确定归属，不仅可以实现增值税税收和税源的一致，也可以弱化地方政府为争取流动性税基而进行无序竞争的激励，理顺地方之间的财政关系。
2023,数字产品贸易自由化的福利效应及渠道机制研究——来自《信息技术协议》扩表的证据,祝树金;张谦;李江;钟腾龙,贸易自由化;数字贸易;贸易利得;溢出效应;ITA政策,管理世界,0,伴随着数字全球化的快速演进，数字产品贸易自由化已成为促进数字市场健康发展、完善全球数字治理规则的关键性议题。本文围绕数字产品的内在特性，构建寡头竞争模型考察数字产品贸易自由化的福利效应，并将关税影响数字产品贸易福利的作用机制分解为质量效应、竞争效应和溢出效应3个方面；进一步以世界贸易组织（WTO）的《信息技术协议》（ITA）扩表为准自然实验，采用全球166个国家或地区2010～2018年产品贸易数据，运用双重差分和三重差分方法进行实证分析和机制检验。研究结果表明，ITA扩表政策使成员国相对于非成员国数字产品的贸易福利变化要高出20.1%，尤其是使信息通信（ICT）产品的贸易福利变化高出非ICT产品15.1%，表明ITA扩表政策能够在国家和产品层面显著改善数字产品的贸易福利。渠道机制分析表明，质量升级有利于提升贸易福利，竞争效应倾向于降低贸易福利，而溢出效应的影响则取决于关税水平的高低。同时，这3种机制均有助于增强关税变化对贸易福利的边际影响，最终使得贸易福利呈现非线性的变化趋势。在政策层面上，应关注数字产品的溢出特性，协调不同政策的作用效果，打造公平开放共赢的数字贸易新格局。
2023,数字经济情境下企业战略选择与数字平台生态系统构建——基于共演视角的案例研究,焦豪;张睿;杨季枫,数字经济;战略选择;数字平台生态系统;共演视角,管理世界,0,企业如何通过战略选择行动构建数字平台生态系统，成为数字经济情境下亟需解决的难题。本研究阐明数字经济情境下战略选择与数字平台生态系统共演的过程模型，表明企业可以动态实施战略选择行动以构建数字平台生态系统。初始创建阶段，企业主要受数字技术驱动，通过供需匹配为核心的交易模块设计、新颖导向的数字身份塑造和透明开放的沟通制度确立的资源拼凑战略，构建基于明星产品的数字平台生态系统；规模扩展阶段，企业主要受数字消费者驱动，通过整合嵌入为核心的指导模块设计、互补导向的数字身份塑造和边界明确的技术制度确立的系统集成战略，构建基于组合产品的数字平台生态系统；跨界扩张阶段，企业主要受数字竞争驱动，通过跨界融合为核心的标准模块设计、包容导向的数字身份塑造和基于价值共创的合作制度确立的生态编排战略，构建基于场景化产品的数字平台生态系统。一方面，基于环境选择逻辑，外部数字经济情境变化触发主导企业实施相匹配的战略选择行动并构建数字平台生态系统；另一方面，基于组织适应逻辑，主导企业主动实施战略选择行动并构建同一阶段的数字平台生态系统，且当期的数字平台生态系统构建作为战略决策结果，进而影响了跨期的战略选择和相对应的数字平台生态系统构建。本研究通过阐明数字经济情境下企业战略选择行动与数字平台生态系统构建的共演关系，从环境选择逻辑和组织适应逻辑的双重视角拓展数字平台生态系统构建的过程机制研究，为企业通过有步骤的战略设计实现数字平台生态系统持续演化提供管理启示。
2023,外部企业股东与学术衍生企业的技术市场化：基于制度逻辑视角,邱姝敏;高雨辰;柳卸林;薛澜,学术衍生企业;制度逻辑;注意力焦点;技术市场化,管理世界,0,在我国日益强调产学研深度融合的背景下，如何促进大学与科研院所的技术向市场转移尤为重要。本文基于2008～2017年间601家中国科学院衍生企业的数据，研究了引入具有市场逻辑的外部企业股东如何影响学术衍生企业的技术市场化问题。实证结果表明，引入外部企业股东可以有效促进衍生企业的技术市场化。同时，当外部企业股东来自非国有经济发展程度越高的行业或地区，或为非国有企业时，它的市场逻辑越强，对衍生企业的技术市场化促进作用也越强。研究认为，外部企业股东强化了学术衍生企业的市场逻辑，改变了其在研发中的注意力焦点分配，进而影响并塑造了组织实践。本文从制度逻辑出发，丰富了对学术衍生企业创新和成长性的理解，同时对制度逻辑变革和组织间合作关系的相关研究做出了重要拓展。同时，本文在我国强调高质量发展的背景下，为保障衍生企业的长期发展，引导其向市场化顺利过渡提供了重要的政策启示。
2023,遏制“脱实向虚”的稳杠杆效应：机制分析与效果评估,陈伟泽;刘哲希;郭俊杰,宏观杠杆率;脱实向虚;资产泡沫;安全资产,管理世界,0,传统的稳杠杆方式主要是从宏观杠杆率的债务端或产出端入手，即降低债务增速或提高经济增速，但从实践来看这两类方式的稳杠杆效果并不理想。党的十九大以来，中国通过加大遏制“脱实向虚”的力度使宏观杠杆率趋稳，这为稳杠杆提供了新思路。第一，存在“脱实向虚”问题时，从债务端和产出端调控宏观杠杆率，均难以实现社会最优均衡，会面临稳增长和稳杠杆的两难。第二，遏制“脱实向虚”的稳杠杆机制在于，通过资产端的再配置效应提高债务乘数效应，从而兼顾稳增长与稳杠杆。但要注意的是，遏制“脱实向虚”程度与稳杠杆效果呈U型关系，需要把握遏制力度。第三，由于现实中存在信息约束，遏制“脱实向虚”不能仅依靠金融监管，通过增加安全资产供给与降低宏观税负等其他方法能有效改善遏制“脱实向虚”的稳杠杆效果。本文突破了既有研究从债务端与产出端探索稳杠杆路径的局限，从资产结构视角论证了稳杠杆的新理论机制，为中国稳杠杆政策的实践创新提供了理论支撑，并为如何更好地推动宏观杠杆率稳中有降提供了新的政策思路。
2023,工业机器人应用与劳动关系：基于司法诉讼的实证研究,张军;闫雪凌;余沭乐;张雪原,劳动关系;工业机器人;司法诉讼,管理世界,0,伴随工业机器人的加速渗透和广泛应用，劳动关系变革背后的技术性因素日益引发关注。本文通过手工整理2013～2019年A股上市公司劳动争议司法诉讼案件数据，从劳动关系的视角考察了工业机器人应用对劳动力市场的深远影响。研究发现，工业机器人应用虽然在整体上导致劳动关系发生一定程度的恶化，但这种影响因技术进步偏向呈现出明显的异质性。在不同的企业和劳动者群体中，劳动关系受到的负面影响有所减弱、消失甚至出现反转。进一步分析表明，相比于工业机器人应用给劳动者带来的失业风险，企业下调工资水平和减少隐性福利是导致劳动关系恶化的主要渠道。本文的发现有助于深化对工业机器人应用经济后果的理解，也为精准评估人机适配状况，进而统筹推进产业智能化与高质量充分就业提供了政策启示。
2023,数字经济与边界地区污染治理,余典范;龙睿;王超,数字经济;边界污染;市场分割;囚徒困境;溢出效应,经济研究,0,边界污染问题严重影响环境治理的整体效果，阻碍边界地区实现产业提档升级，一直以来受到各界的广泛关注。现有的监察式手段往往治标不治本，并未从根本上削弱边界污染的动机。本文采用2013—2019年边界地级市的面板数据，以边界乡镇面积占比衡量城市边界属性的差异，考察了数字经济对边界地区污染的治理效果及其作用机制。研究发现：数字经济对破解边界地区污染治理难题具有显著效果，且主要通过打破市场分割和增强追踪监管能力的途径发挥作用。与此同时，数字经济的正向溢出效应能够有效化解边界污染中的负外部性，本地区数字经济的发展会通过经济联系对相邻地区的污染水平产生抑制效果，降低地方政府竞争带来的负面激励。异质性分析发现，在区域协同水平较低和连片特困地区，数字经济对边界污染的抑制效应更加明显。本文的研究表明，政府应高度重视数字经济在边界污染治理中的作用，加强政府与市场的协同以及跨区域经济联系，降低边界污染的驱动力，实现边界地区的绿色高质量发展。
2023,知识产权行政保护与企业数字化转型,甄红线;王玺;方红星,知识产权行政保护;数字化转型;知识产权全链条保护;司法保护;社会服务,经济研究,0,建设数字中国是数字时代推进中国式现代化的重要引擎，加强知识产权保护是提高国家经济竞争力的最大激励。那么，为实现企业数字化转型，具有中国特色的知识产权行政保护发挥了怎样的作用?本文以2010—2018年中国A股非金融类上市公司为样本，探究各省知识产权行政保护对上市公司数字化转型的影响机制和作用效果。研究发现，知识产权行政保护可以有效促进当地上市公司实现数字化转型。并且，加强知识产权行政保护能够显著增加企业研发支出和数字专利申请，进而促进企业数字化转型。进一步研究发现，知识产权行政保护、司法保护以及社会服务协同配合，强化了知识产权全链条保护。知识产权行政保护对企业数字化转型的促进作用在低研发补贴和低税收优惠的企业中更加显著。此外，知识产权行政保护通过促进企业数字化转型提高了企业全要素生产率。本文认为在建设中国特色和世界水平的知识产权强国背景下，应当充分发挥知识产权行政保护的优势，不断激发企业创新活力，加快推动数字经济与实体经济深度融合，为我国经济高质量发展注入强大动能。
2023,评级、担保与债券发行成本——基于中国非公开发行债券经验的理论分析,千茜倩;钟宜文;寇宗来,评级;担保;发行成本;非公开发行债券,经济研究,0,基于中国非公开发行债券数据，本文探究了信息非对称下评级和担保的组合选择及其对债券发行成本的影响。假设债券发行人、评级机构和担保机构对违约概率有完全信息，而投资人则只知道其概率分布。分析表明：第一，除非发债质量很高或者很低，评级可以借由信息揭示机制细分“有评级”和“无评级”违约概率的分布范围。第二，担保通过提供违约赔付降低发行成本，且高风险债券更有可能发生担保，但摩擦成本的存在使担保债券的发行成本具有异质性。第三，评级和担保并非简单的互补或替代关系，当揭示机制起作用时，“无评级”会促进担保发生，然而“有评级”的影响并不确定，因为评级降低了投资者预期的最高违约概率会促进担保，但降低平均违约概率却会替代担保。本文可以为理解取消强制评级的政策效应提供理论洞见和决策依据。
2023,资管新规的防风险和促实体效应：风险分担视角,胡悦;吴文锋;杜林琳,风险分担;债券市场;资管新规;民营企业;企业融资,经济研究,0,健全资本市场功能是金融支持实体经济高质量发展的必然要求。利用资管新规这一准自然实验，本文考察了风险分担这一资本市场重要功能的完善在防范系统性金融风险和支持实体经济融资两方面所产生的影响。研究发现，在金融部门风险防范上，资管新规带来的风险承担者切换让资产管理部门更加迎合终端投资者的需求并增加抛售高风险债券，从而大大缓释了金融部门承担的风险。而在实体部门的融资效应上，资管新规后民营企业的债券融资显著减少，这导致其动用现金储备来维持投资的稳定，综合融资成本增加，经营业绩则显著下降。这些发现表明，投资者风险分担程度的上升在防风险和促实体两个方面具有异质性影响，如何兼顾防风险和促实体是未来金融政策要着力解决的关键问题。
2023,从经济增长的金融密码看建设金融强国之道,张杰,中国经济增长;金融强国建设;中国金融发展道路;哲学观转型,经济研究,0,中央金融工作会议强调要加快建设金融强国，坚定不移走中国特色金融发展之路。本文试图着眼于哲学观转型视角，探寻中国经济增长的金融密码，以期为准确阐释“建设金融强国”命题提供新视角。具体地，本文基于国内外文献对中国哲学传统的三条要义即有机主义、互补主义与整体主义做了简要梳理，并由此判断主流经济学框架所依赖的西方哲学观何以在解释中国经济金融问题时具有不适用性。据此，本文重新解读经济改革以来的中国金融故事，以探寻蕴藏在中国奇迹深处的金融密码。它们主要包括：政府与市场的制度互补、银行体系与资本市场的金融支持均衡、国家与居民的“金融联盟”以及货币政策的“居中之道”。本文的结论是，建设金融强国的金融发展模式一定是中国式的，中国金融发展道路的开辟理应放眼世界，但更须立足本土和脚踏实地。
2023,投入产出网络与通货膨胀传导,肖雅慧;侯成琪,产业链;投入产出网络;通货膨胀;传导机制;货币政策,经济研究,0,本文将产业链的投入产出网络结构引入包含批发部门和零售部门的DSGE模型中，研究在通货膨胀传导中投入产出网络对加总冲击和部门异质性冲击等不同类型冲击传导效果的影响及其机制。结果发现，投入产出网络既会通过中间品需求渠道增强通货膨胀传导，又会通过零售价格黏性、中间品投入比例和中间品构成等产业链因素阻滞通货膨胀传导。当面临加总冲击时，中间品需求渠道占主导，通货膨胀传导表现为完全传导；当面临部门异质性冲击时，产业链因素的阻滞作用占主导，通货膨胀传导表现为相对松散的不完全传导。根据通货膨胀的持续性和普遍性原则以及不同类型冲击的传导机制，货币政策需要根据冲击的类型和持续性选择通胀目标——面临加总冲击或持续性较强的部门异质性冲击时，货币政策应同时盯住PPI和CPI;面临持续性不强的部门异质性冲击时，货币政策只需盯住CPI。根据上述传导机制，当不同部门异质性冲击同时发生且方向相反时，PPI和CPI的走势由本部门的异质性冲击主导从而会发生背离。
2023,普惠金融与小微企业破产风险——来自小微支行设立的准自然实验,李昊然;刘诗源;康润琦,普惠金融;小微企业;破产风险;金融科技,经济研究,0,普惠金融能否缓解小微企业“融资难、融资贵”问题，减轻小微企业借贷市场信息不对称，最终降低其破产风险?为了回答这一问题，首先，本文构建了一个包含信息不对称的小微企业借贷市场模型，刻画了普惠金融和小微企业破产风险之间的理论传导机制。其次，本文基于小微支行设立这一准自然实验，使用多时点渐进双重差分法，实证检验了普惠金融对小微企业破产率的影响。结果表明：(1)普惠金融能显著降低小微企业的破产率。具体来说，若县区内新设立小微支行，该县区内小微企业的破产率下降约36%。(2)机制检验发现，小微支行的设立能缓解借贷双方的信息不对称程度、减轻小微企业的融资约束，进而降低小微企业破产率。(3)拓展性分析则发现，金融科技创新能起到强化小微支行降低小微企业破产率的效果。本文的研究为如何发展普惠金融，以支持小微企业发展、助力实体经济、维护宏观经济稳定提供了经验证据和政策启示。
2023,超大规模市场、物流效率与线上消费,李涵;冷萱,超大规模市场;城市规模;物流效率;线上消费,经济研究,0,城市经济集聚带来的规模效应对于家庭消费有促进作用，但是随着以网络购物为代表的线上消费的兴起，消费者能够通过互联网克服本地市场规模的制约，实现线上消费。那么，对于线上消费而言，市场规模是否还具有规模优势?本文发现，市场规模效应能够通过共享物流设施、快递集中配送等方式提高边际物流配送效率，而物流时效的提高不仅能够缩短网购等待时间、提升网购体验、促进线上消费，且能增加生鲜等依赖于快速流通的网购产品种类，通过提升多样性促进线上消费。本文研究表明，城市规模对于家庭线上消费依然具有促进作用，提升物流配送效率有助于进一步发挥我国超大规模市场优势，挖掘内需潜力。
2023,企业数字化发展、全要素生产率与产业链溢出效应,杨汝岱;李艳;孟珊珊,数字化;全要素生产率;产业链溢出效应;配置效率,经济研究,0,"高质量发展要求中国经济逐步从要素投入型向全要素生产率推动型增长模式转型，要实现这一目标，数字经济发展可能是未来一个潜在的突破口。本文将为这一判断提供初步的微观证据。本文将企业数字化投入纳入传统增长核算模型，发现数字化投入的产出弹性为0.07—0.09,且行业间差别大，配置效率提升空间较大；平均而言，数字化对企业全要素生产率的影响程度为10%左右。此外，行业—企业、企业—企业匹配数据检验结果均表明，上游的数字化发展存在产业链溢出效应，会使得下游企业管理费用下降、存货周转率提高，同时优化下游行业的资源配置效率，提升下游企业整体的生产率水平。本文的研究表明，当绝对的技术突破面临瓶颈和不确定性时，通过数字经济的发展优化资源配置，进而提高全要素生产率，也许是中国经济实现稳定增长的路径之一。"
2023,创新竞争与企业高质量创新模式选择——来自专利被无效宣告的经验证据,王雄元;秦江缘,创新竞争;专利被无效宣告;创新策略;创新质量,经济研究,0,作为重要创新激励机制的创新竞争是企业选择高质量创新模式的关键因素，也是我国经济在保持中高速增长基础上持续健康发展的基本保障。本文以专利被无效宣告衡量创新竞争并以企业创新突破度衡量创新质量，探讨创新竞争如何促使企业选择高质量创新模式。研究发现：(1)专利被无效宣告后，企业创新突破度显著提高且具有持续性，说明创新竞争能促使企业选择高质量创新模式。(2)提高高管创新激励水平与调整创新投资策略在上述关系中发挥了中介作用，说明创新竞争通过高管创新激励机制与创新投资策略机制促进企业选择高质量创新模式。(3)上述关系主要体现在创新风险较小组、创新能力较强组以及专利质量较高组，说明创新风险较小、创新能力较强以及专利质量较高的企业在面对创新竞争时会选择高质量创新模式。(4)专利被无效宣告显著提高了企业风险水平、降低了企业多元化经营程度以及融资能力，但选择高质量创新模式不仅能削弱其负面影响而且能对企业产生长期积极影响，说明选择高质量创新模式是应对激烈创新竞争的根本举措。本文研究有助于丰富二元创新模式以及创新竞争相关领域的研究。
2023,大数据下经济在险增长测度与风险探源研究,郑挺国;叶仕奇;范馨月,在险增长;宏观大数据;混频数据;风险来源,经济研究,0,本文将宏观大数据与在险增长研究框架相结合，提出正则化混频分位数回归模型测度中国经济在险增长，在经济增速的不同水平筛选出重要影响因素，构建潜在风险源集合，进一步运用高维TVP-VAR模型和网络拓扑分析法识别宏观经济的风险来源。研究结果表明：引入宏观大数据的在险增长测度能及时反映我国经济增速的波动特征，并有效捕捉重大事件冲击下的经济增长风险；金融因素在国际金融危机时期是经济增长的主要风险源，此后被逐步防范与化解，而房地产因素在国际金融危机后逐渐成为经济增长的主要风险源，虽然供给侧结构性改革实施后有一定程度缓解，但仍占据主要位置。此外，财政政策在中国宏观调控影响经济增长中一直发挥重要作用，特别是2009年后财政政策对稳增长、防风险目标的重要性相比货币政策更为突出。本研究为宏观经济风险监测和风险源识别提供了新的思路和可行的方法，也为大数据宏观调控提供了重要参考。
2023,第七届“期刊主题宣传好文章”活动《经济研究》所载《中国式现代化的理论认识、经济前景与战略任务》入选,,,经济研究,0,"<正>《中国式现代化的理论认识、经济前景与战略任务》(中国式现代化研究课题组,《经济研究》2022年第8期,全文请参见:https://mp.weixin.qq.com/s/vzgTHuKzVrEugu-aXNK1hA)在由中宣部出版局主办、中国期刊协会承办的第七届“期刊主题宣传好文章”推荐活动(2023年度)中入选。第七届“期刊主题宣传好文章”推荐活动旨在引导广大期刊深入学习宣传贯彻习近平新时代中国特色社会主义思想和党的二十大精神,坚持正确出版方向,紧紧围绕党和国家工作大局做好主题宣传,持续打造内容精品。此前,《经济研究》所载文章还曾在第三届(2019年度)、第五届(2021年度)与第六届(2022年度)“期刊主题宣传好文章”活动中入选。"
2023,经济研究·高层论坛暨经济学动态·大型研讨会(2023)高质量发展与中国式现代,,,经济研究,0,"<正>党的二十大报告指出,中国共产党在新时代新征程的中心任务就是团结带领全国各族人民全面建成社会主义现代化强国、实现第二个百年奋斗目标,以中国式现代化全面推进中华民族伟大复兴。中国式现代化理论,是党的二十大的一个重大理论创新,是科学社会主义的最新重大成果。实现高质量发展既是中国式现代化的本质要求之一,也是全面建设社会主义现代化国家的首要任务。推进中国式现代化,要在深刻认识高质量发展的重大意义的基础上,坚持新发展理念,依靠创新发展提供动力,依靠协调发展解决不平衡不充分的问题,以绿色发展回应中国式现代化的内在要求,以开放发展深化现代化的格局与发展空间,以共享发展实现现代化的价值追求。"
2023,悬浮的项目包：中国农村基本公共卫生服务的制度演进与实践逻辑,徐陈晰;焦长权,基本公共卫生服务;项目包;以县为主;悬浮,管理世界,0,基本公共卫生服务是国家基本公共服务体系和医疗卫生改革的重要组成部分，通过项目制的治理方式实现自上而下的运行实践。在财政管理体制上，基本公共卫生服务专项资金通过“因素法”在中央和地方各级政府间分配管理，最终由县级主管部门统筹支出。在“以县为主”的医疗卫生公共服务体系下，层级化的服务分工、项目化的经费补助与指标化的绩效考核紧密联系。在乡村基层实践中，项目制内含的技术治理和规范化取向通过档案管理渗透到服务供给过程中，档案成为上下“共谋”的操作对象。这一过程中，项目意图和群众需求产生偏差，标准化的信息系统与多元化的乡土社会发生错位，服务实践与日常生活和村庄治理有所分离，造成了项目包“悬浮”于乡土社会的意外后果。
2023,内蒙古财经大学工商管理学院简介,,,管理世界,0,"<正>内蒙古财经大学是一所以本科和研究生教育为主、同时承担高等职业教育、继续教育培养任务,以经济学、管理学为主,理学、法学、文学、工学协调发展,具有鲜明财经特色的多科性应用研究型财经大学。作为我国民族地区高等财经教育的开创者、实践者和探索者,学校始终坚持为党育人、为国育才,坚持扎根边疆、服务西部,大力培养忠诚党的事业、具备国际视野、富有家国情怀、投身财经实践的杰出人才,为自治区乃至全国培养了大量各级各类人才,他们已经成为自治区财政、审计、金融、税务、工商企业等系统中的骨干与中坚力量,积极服务自治区“两个屏障”“两个基地”和“一个桥头堡”建设,为社会发展、边疆稳定、民族团结做出了重要贡献。"
2023,集聚网络视角下企业数字化的生产率提升效应研究,韩峰;姜竹青,企业数字化;集聚网络;全要素生产率;空间互动;知识外溢,管理世界,0,数字化转型改变的不仅仅是企业的生产方式和资源配置模式，还会赋予企业的空间集聚形态以更为明显的网络特性。本文在社会网络理论和空间经济理论基础上构建企业数字化和集聚网络影响全要素生产率的理论分析框架，进而基于2001～2020年沪深上市制造业企业和城市面板数据的匹配数据检验了企业数字化和集聚网络对全要素生产率的影响效应。结果显示，企业集聚网络对全要素生产率的有效空间作用边界为50公里，该范围内企业数字化和集聚网络均有助于全要素生产率提升，且二者在推进生产率提升中还具有明显的协同效应和相互强化作用。进一步研究发现，知识外溢效应是企业数字化和集聚网络推动全要素生产率提升的重要机制，且多样化知识外溢的作用明显强于专业化知识外溢；集群内知识学习网络的发展、国家电子商务示范城市试点和金融危机冲击均有效强化了企业数字化和集聚网络对全要素生产率的提升效应及其协同效应；企业数字化和集聚网络对全要素生产率的影响还具有明显的异质性特征，依赖于企业所在行业类型及所有制性质等方面。本文不仅为研究数字化转型的微观经济效应提供了新的视角，也为数字经济下的企业集聚形态转变提供了证据。
2023,减税激励与异质性投资反应：来自小微企业的证据,冯晨;刘冰;叶永卫,小微企业;减税激励;Bunching-DiD;投资,管理世界,0,在我国现行的结构性减税政策背景下，探索减税政策对企业的投资效应具有重要意义，尤其需关注对小微企业的实质作用。本文利用一种全新的群聚—双重差分（Bunching-DiD）识别框架，探究了我国针对小微企业的规模性减税优惠对其投资行为的异质性影响。结果发现，减税会促使高应税收入企业在政策门槛处形成群聚，但不具备明显的投资反应，而对于政策目标对象——低应税收入的小微企业而言，其在减税激励下缓解了融资约束压力，具有显著的经营性投资效果。最后，我们还发现此轮减税政策具有较强的普惠性特征，并对小微企业的生产率、就业规模及经营绩效等方面都具有明显作用。本文研究为理解企业减税效应及其异质性投资偏向具有一定价值。
2023,后发企业如何利用全球生产网络构建自主产品开发平台？——对长城汽车氢能技术产品开发的纵向案例研究,周麟;贺俊;兰宗敏;李志斌,自主产品开发平台;全球生产网络;产品层次知识学习;后发企业;案例研究,管理世界,0,自主产品开发平台是企业开展复杂技术产品创新的关键载体，但少有研究对后发企业究竟是如何“从无到有”构建自主产品开发平台展开深入探讨。本文置身于中国复杂技术追赶情境，通过对长城汽车氢能技术产品开发的纵向案例研究发现，后发企业可以利用基于企业内协调策略有序布局的全球生产网络驱动自主产品开发平台实现“定义→形成→递进”渐次构建，而内嵌在“全球—地方”组织安排中并历经“导入式→共创式→整合式”模式演进的产品层次技术学习是这一过程的关键。进一步而言，全球化人才引进的追赶起点选择和网络化组织关系的动态调控能够助推后发企业连续、高效开展产品层次知识学习，获得起点更高、速度更快的自主产品开发平台构建效果。据此建构的理论模型从全球生产网络视角发展了产品开发平台理论，也为处于复杂技术领域的中国后发企业利用全球创新资源构建自主产品开发平台，加快实现产品层次自立自强提供了管理启示。
2023,城乡融合的收入和福利效应研究——基于要素配置的视角,郭冬梅;陈斌开;吴楠,城乡融合;收入和福利;要素配置;一般均衡;政策联动,管理世界,0,城乡融合是加快建设全国统一大市场、缩小城乡差距不可或缺的重要环节。基于我国城乡差距和土地要素配置的典型事实，本文构建了包含城乡人口流动、建设用地流转和内生公共服务供给的一般均衡模型；并从要素配置视角量化分析了户籍制度改革、公共服务均等化和土地市场一体化，以及多项政策组合对城乡居民收入与福利等方面的影响。研究表明，降低劳动力流动成本、促进公共服务均等化和建立城乡建设用地流转制度可以缩小城乡差距。但是，单一市场的改革可能造成部分群体福利受损，导致改革面临阻力；将土地市场改革和劳动力市场改革联动，不仅可以提升人口和土地的要素配置效率，还可以同时提高城乡居民收入和福利水平，缩小城乡差距。本文的政策含义在于，推动城乡融合需要在一般均衡视角下进行制度改革的顶层设计，形成户籍制度改革、公共服务均等化和土地市场一体化的政策联动。
2023,共建“一带一路”与互联互通深化——基于沿线国家间的视角,周茂;武家辉;李雨浓;李丁,共建“一带一路”倡议;互联互通;沿线国家,管理世界,0,推动共建“一带一路”高质量发展要求要持续深化互联互通，与以往研究主要关注中国与沿线国家间联通不同的是，本文从沿线国家之间联通的更宽视野为共建“一带一路”倡议下互联互通深化提供了典型事实和经验证据。本文结合复杂网络分析和双重差分法全面有效评析了共建“一带一路”倡议对沿线国家之间以“五通”为主要内容互联互通的影响。研究发现：（1）共建“一带一路”倡议推动了沿线国家之间全方位、多层次、复合型互联互通网络的构建，具体表现为2014年倡议实施后“五通”网络规模持续扩大、网络密度不断提高、节点联系更加紧密，并且沿线国家联通网络中的中国“桥梁”作用明显。（2）因果效应评估表明，共建“一带一路”倡议显著增强了沿线国家之间互联互通的程度，这一结论在考虑识别假设条件以及一系列稳健性检验后依然可靠。（3）共建“一带一路”倡议的互联互通效应具有异质性，体现为海上丝绸之路国家之间相较于陆上丝绸之路国家之间，除民心相通以外的其他联通效应均更加突出；收入差距较大的国家之间，政策沟通、资金融通效应更突出，而收入差距较小的国家之间，设施联通、贸易畅通、民心相通的效应更突出；与中国综合距离临近国家之间相较于非临近国家之间，除政策沟通以外的其他联通效应均更加突出。本文研究能够为共建“一带一路”高质量发展目标下互联互通建设提供一定的政策参考。
2023,户籍制度改革的效应、方向和路径,蔡昉,户籍制度改革;逆刘易斯过程;逆库兹涅茨过程;社会流动;激励不相容,经济研究,0,"户籍制度改革是破除城乡二元结构的重要突破口，也是从供给侧和需求侧获得高质量发展新动能，以及保持和增强社会流动性的关键之举。根据中国式现代化的要求推进这个领域的改革，能够创造真金白银、立竿见影的改革红利，相应地，改革的延误也有着显著的机会成本和实际损失。本文着眼于从供需两侧揭示户籍制度改革可以创造的巨大收益，同时警示改革的延迟可能导致不利于剩余劳动力转移的“逆刘易斯过程”,以及不利于生产率提高的“逆库兹涅茨过程”。在做出中国社会流动性趋于减弱的判断之后，本文阐释了户籍制度改革如何有效促进社会流动，进而提高人口的生育意愿。本文也探讨了推进这项改革的过程中，存在的改革激励不相容问题，并就拆除这一激励障碍提出政策建议。"
2023,央地退税分担与企业采购的区位选择,袁劲;冯桂媚;李玲玲;刘啟仁,央地退税分担;企业采购;区位选择;内循环,经济研究,0,税收统一有助于缓解地方政府间的利益博弈，推进国内大循环体系的构建。本文利用退税央地间分担机制改革的拟自然实验，基于企业跨区域采购行为的视角，研究中国税收负担在央地间重新分配的外生冲击政策如何影响上下游企业间的区域合作关系和国内统一大市场的形成。通过构建上下游企业间采购行为的理论模型进行分析，并采用2009—2018年上市A股公司数据进行实证检验，结果发现：退税负担从地方转移至中央时，出口企业的省外采购比上升约2至5个百分点，其中，改革前财政压力较大地区的出口企业省外采购比上升约3至4个百分点，且非国有企业、数字技术运用程度高的企业以及融资约束大的企业省外采购比提高更多，表明税收统一减少了央地政府由于目标不一致给微观企业造成的不利影响，有利于下游企业寻找更为优质的上游供应商，推动更加畅通高效的企业合作，从而促进国内大循环。本文的结论为当前中国政府构建以国内大循环为主体的新发展格局提供具有现实意义的税收政策建议，也为进一步研究如何构建中国内循环体系问题提供新的视角和微观证据。
2023,参照点效应、公司治理与上市公司财务重述,姜富伟;丁慧;靳馥境,财务重述;参照点效应;高管薪酬;企业绩效;公司治理,经济研究,0,明辨公司财务重述的方式和动因对市场监管、投资实践和学术研究都至关重要。区别于以往研究从财务重述方式进行识别，本文从财务重述主体有限理性的视角出发，基于前景理论，分析作为上市公司财务重述决策者的大股东和管理层重述财报的内在动因，并手工收集我国2005—2021年被立案处罚的财务重述案件进行实证检验。研究发现：当企业绩效或高管薪酬低于参照点时，决策者更有可能呈现风险追寻偏好，从而实施财务重述；相对绩效和相对薪酬仅在损失域对财务重述有显著影响，表明决策者存在损失厌恶心理。以上研究结论在考虑内生性后依然稳健。机制检验发现，企业绩效低于参照点将引起外部利益相关者担忧，导致企业面临更高的融资约束和市场压力；高管薪酬低于参照点则引发管理层激励不足和非公平厌恶，导致努力水平下降和主动离职风险增加，从而提高财务重述的概率。本文也发现制衡大股东和管理层权力的内部治理措施、司法体制改革和随机抽查制度等外部监管手段均能够有效抑制财务重述。本研究为理解上市公司财务重述的动机提供新的思路，有助于防范与治理证券违法行为，维护市场有序运行，促进经济高质量发展。
2023,地方公共债务与资源配置效率:企业间全要素生产率分布差异的视角,刘潘;张子尧,资源配置;债务风险;金融挤占;政府—市场关系,经济研究,0,地方公共债务是中国宏观政策的重要工具，高企的债务规模也成为解释资源配置效率不可或缺的政策环境。本文借助微观数据考察了地方公共债务对资源配置效率的影响及其作用机制，研究发现，地级市公共债务负债率每提升10个百分点，微观企业全要素生产率标准差提高1.28个百分点，表明地方公共债务增长显著降低了资源配置效率，不利于宏观全要素生产率提升。地方公共债务抑制资源配置效率的机制在于集约边际和外延边际两个维度：一方面在要素市场挤占金融资源，对产品市场产生非对称性冲击，带来企业“融资贵”的难题，更重要地是扩大了企业间融资成本和市场势力的差异；另一方面影响企业进入、退出市场，降低行业竞争性。进一步分析发现，地方公共债务的抑制效果在金融发展水平较低、财政透明度更低的地区更显著，对资本密集型的行业影响更大。本文直接回答了地方公共债务如何影响资源配置效率这一重要问题，并重新审视了地方公共债务导致的效率风险，有助于理顺政府—市场关系，寻找高质量发展的动力。
2023,数字经济、价格粘性与货币政策利率渠道传导效果,战明华;卢垚,数字经济;价格粘性;货币政策利率渠道;函数系数回归模型,经济研究,0,发展数字经济是党的二十大报告提出的六大强国战略之一，数字经济正在全方位地改变中国的经济形态和运行机制。本文考察了数字经济对货币政策有效性的基石——价格粘性的影响，以及由此引起的货币政策利率传导渠道的变化。本文首先在一个两部门最优化的一般均衡模型中，探讨了数字经济引起的价格粘性变化通过Fisher恒等式影响货币政策利率渠道传导的机理，据此提出了可用于验证的模型结论和机理假说，并对假说进行了实证检验。研究发现：(1)数字经济引起的价格粘性变化弱化了货币政策利率渠道调控总产出的效果；(2)数字经济弱化货币政策利率渠道传导的机理，主要在于数字经济通过作用于价格粘性降低了企业投资关于名义利率的敏感性，但对家庭消费的影响不大；(3)数字经济对货币政策利率渠道的弱化效应，会不同程度地受到货币政策实施频率和商品市场化改革等因素的影响。本研究为数字经济时代如何完善货币政策利率渠道传导机制和创新货币政策调控方式，构建新发展格局和促进经济高质量发展提供了政策参考。
2023,金融强监管、存贷长期化与企业短债长用,刘冲;曾琪;刘莉亚,资管新规;存贷期限结构;短债长用;人口老龄化,经济研究,0,债务与资产的期限结构错配(短债长用)是中国企业普遍存在的债务问题。已有研究认为其成因在于供给侧，银行为控制自身风险和应对信贷考核压力，更多地对企业提供短期信贷。近年来，金融强监管(资管新规)重塑银行资产负债管理，一个值得研究的问题是，这对于企业短债长用的债务问题产生何种影响。本文研究发现：(1)资管新规压降银行保本理财的同时，推动定期存款扩张，导致存款期限拉长的结构变化；(2)基于生命周期与风险偏好理论并经实证验证，前述存款长期化依人口结构(老龄人口越多)呈现空间结构异质性(效应越强);(3)构建三阶段计量模型识别“住户存款长期化→企业贷款长期化→企业短债长用减少”的因果链条。本文研究表明，资管新规类金融强监管政策对于企业短债长用的债务问题发挥了治理作用，并存在时空双维的结构效应，为完善现代金融监管、深化金融供给侧结构性改革提供经验参考。
2023,供应链金融与企业债务期限选择,凌润泽;李彬;潘爱玲;王慧,供应链金融;债务期限;债务期限信息不对称观;债务期限权衡观;核心企业,经济研究,0,关于企业的债务期限选择行为，理论界一直存在不同的观点。随着供应链金融服务实体经济的重要性越来越受到重视，本文将供应链金融纳入到企业债务期限选择的理论分析框架中，以2010—2020年中国上市公司为研究对象，分析了供应链金融对企业债务期限选择的影响。实证检验发现：实施供应链金融计划的核心企业更愿意缩短债务期限，其影响路径为通过提高盈利水平和盈利稳定性降低利率风险，以及通过改善财务状况降低再融资风险；双向供应链金融和数字供应链金融对债务期限的缩短效应更强。进一步检验发现，供应链金融对债务期限的缩短效应并没有诱发企业投融资期限错配和非理性短期借款，反而降低了债务融资成本和提高了投资效率，说明我国企业缩短债务期限的行为并非全是“金融抑制”或信息不对称下的被迫选择，也可能是特定情境下企业权衡风险收益后的主动决策。本文为解释企业的“债务期限选择之谜”提供了新的视角和增量证据，为进一步释放供应链金融的实体经济效应，防范债务风险，促进经济高质量发展提供了学理支持。
2023,个税改革对消费品市场的影响研究——来自2018年个税改革的证据,孙浦阳;杨易擎,个人所得税改革;居民消费;商品和服务价格;分解效应,经济研究,0,本文检验了个人所得税改革对消费市场的具体影响。研究发现，尽管个税改革提高了居民的零售商品市场价格，但对于服务市场的价格影响非常有限。为了解释这一现象，本文使用分解效应区分耐用和易腐消费品后，发现商品价格的波动大部分来自于耐用消费品，这一现象可以理解为个税改革后，耐用品需求上升，导致商品市场的平均价格上涨；但是，耐用品占居民消费支出的比例却不高，即大部分增量收入用来消费易腐商品和服务。因此，减税后，降低边际税率对商品价格的影响较大，而对服务价格却没有影响。进一步分析发现：减税对消费价格的差异影响主要集中在城市发展水平较低、消费能力较低、服务业发展水平较高、市场准入较高、数字基础设施水平较高和转移支付较高的城市。本文的研究为政府通过税改政策，释放服务消费潜力，进而优化居民消费结构，拉动中国经济增长提供了崭新的经验证据。
2023,平台灵工经济中的性别收入差距研究,董志强;彭娟;刘善仕,灵工经济;平台经济;新就业形态;性别收入差距;性别歧视,经济研究,0,"数字平台和灵工经济兴起，引发了人们对新就业形态下性别收入差距的关注和忧虑。本文以独特的调查数据研究我国平台灵工经济中的性别收入差距状况。研究发现：在灵工经济中，性别仍是决定收入的重要因素，女性/男性月收入比为85%,较传统就业有所改善；即使控制个人特征、工作特征等可观察因素后，性别收入差距仍然存在；灵工经济中少部分职业(网约车服务、配送服务、在线教育)存在一定的职业分隔，但灵工女性不再集中于低收入工作，传统就业的“职业拥挤假说”不再成立；绝大部分性别收入差距来自职业内因素，职业分隔对收入差距影响非常有限；收入差距大部分来自可观察因素，不可观察因素对差距的贡献小于传统就业情形，意味着隐性的性别歧视减少；女性更厌恶算法控制、更偏好工作灵活性、工作更孤立而更少职业社交，是影响性别收入差距的新因素。总体而言，灵工经济中性别收入差距较传统工薪就业有所改善。"
2023,重点产业政策与制造业就业,王贤彬;陈春秀,重点产业政策;稳就业;挤出效应;溢出效应,经济研究,0,在多措并举稳就业的基调背景下，探寻影响就业增长的因素紧要迫切。本文以中国各省五年规划政策文件提及的四位码重点产业为切入点，利用中国工业企业数据系统考察了重点产业政策对制造业就业的影响效应与作用机理。研究发现，重点产业政策显著提升受支持企业的就业水平。渠道分析发现，重点产业政策通过“规模效应”“利润效应”和“效率效应”推动受支持企业增加劳动力雇佣数量。除了对受支持企业的就业扩张有正向影响，重点产业政策还通过信贷溢出效应带动相同二位码非重点企业的就业水平提升。重点企业在金融危机后期也担起了“稳就业”职责，逆势投资以扩增劳动力需求。在宏观行业层面上，重点产业政策还通过行业间关联效应对其他行业的就业产生间接影响。本文研究为进一步理解产业政策与劳动力市场的关系提供了微观和宏观层面的新证据。
2023,非对称性户籍改革下农民工户籍选择与农地使用效率,王琼;吴泽南;胡涛;张芯悦;叶静怡,非对称性户籍改革;土地价值预期;人户分离;人地分离;农地使用效率,经济研究,0,农民工户籍选择关系个人福利和国家农地使用效率。本文构建理论模型，将推拉框架置于非对称性户籍改革的历史和理论逻辑中，刻画了户籍与城市公共服务脱钩、农业户籍不与土地权益脱钩的制度改革，以及土地预期价值提升下农民工户籍和土地流转决策。实证研究支持了理论分析结论，证明城市公共服务均等化程度提高和土地预期价值提升是农民工保留农业户籍的两个经济动因。由此进一步分析表明，存在大量保留农业户籍和耕地承包权的农民工家庭无劳力耕种承包地。这种“人地分离”是导致耕地撂荒的重要原因。综上，本文建议，针对农民工家庭不愿转包导致的耕地撂荒，政府应制定更明确的惩治和管理规定，以提高撂荒耕地成本，从根源上降低撂荒意愿；针对农民工家庭因其耕地细碎、偏远、耕作条件差等原因无法自行转包导致的耕地撂荒，需地方政府扶持性协调，出资改善耕种条件，鼓励以耕地经营权入股组成新型农业经营主体，政府与农户和村集体经济组织形成合力推动撂荒地复耕。
2023,第二十一届中国青年经济学者论坛在中国社会科学院大学经济学院召开,,,经济研究,0,"<正>2023年9月22—23日,第二十一届中国青年经济学者论坛在中国社会科学院大学经济学院召开。本届论坛由中国社会科学院经济研究所经济研究杂志社、中国社会科学院大学经济学院、北京大学光华管理学院、武汉大学经济与管理学院共同主办,得到中国社会科学院大学科研处大力支持。来自全国高校和科研机构的近百名知名经济学专家、青年经济学者与在读研究生齐聚中国社会科学院大学,围绕“全面建设社会主义现代化国家新征程上的中国经济学创新”开展学术探讨和交流。"
2023,传统投资顾问和智能投资顾问：替代还是互补？,路晓蒙;王一冰;吴卫星,传统投顾;智能投顾;投资收益;主观态度,管理世界,0,投资顾问（以下简称“投顾”）是资本市场的重要参与者，如何协调发展传统投顾和智能投顾是各界一直关注的话题。本文利用2018～2021年对全国16家证券公司收集的96313名股票个人投资者的调查数据，从两个方面研究了传统投顾和智能投顾的“替代”或“互补”作用：在客户资源方面，二者存在逐步“替代”效应，即智能投顾和传统投顾覆盖的客户年龄分布逐渐重合；在服务效果方面，二者发挥着“互补”的作用，即智能投顾更能提升投资者的客观投资收益，而传统投顾更能满足投资者的主观心理需求。渠道分析表明，智能投顾在提升投资者金融知识和降低非理性偏差方面更佳，进而提高了投资收益；传统投顾给予了投资者超预期的体验，也更能满足投资者的信任、沟通等心理需求，进而提高了投资者的主观评价。本文为理解我国传统投顾和智能投顾之间的关系提供了一个新的视角。
2023,数智化如何影响双循环参与度与收入差距——基于省级—行业层面数据,张云;柏培文,数智化;双循环参与度;收入差距,管理世界,0,数智化与双循环参与度、收入差距具有怎样的内在联系？本文选用2012年、2015年、2017年中国碳核算数据库（CEADs）的区域间非竞争型投入产出表，研究发现：其一，从产品市场一体化、要素市场一体化以及全球价值链参与度的视角，数智化推动了国内大循环、国内国际双循环。其二，数智化通过引致上下游价值链产品与要素市场融合，降低交易成本，提升全要素生产率，进而畅通双循环。其三，数智化主要提升了省际间全球与国内价值链下游参与度，而下游参与度的提升效应与行业本身的价值链位置无直接关联，且主要改善了“以最终产品形式流出”的国内大循环，地理区位的联动效应仅促进了“东部—东部”省份内部的国内大循环以及东部省份的国内国际双循环。其四，双循环背景下，数智化使得“省份—行业—往来省份”相对收入差距下降得更多，在不同经济结构、市场结构与制度环境下具有差异性。
2023,数字治理与高质量旅游目的地服务供给——基于31座中国城市的综合案例研究,陈曦;白长虹;陈晔;徐进,数字治理;旅游业高质量发展;旅游目的地服务;数字文旅,管理世界,0,在数字经济蓬勃发展的新时期，我国目的地政府纷纷加快数字治理变革，推动旅游服务供给体系高质量发展，满足人民群众日益增长的品质化、多样化、个性化旅游消费需求。然而，现有研究尚未对实践中差异化数字治理模式和多元服务供给路径的形成机制作出充分解释。本文采用归纳性案例分析和模糊集定性比较分析（fsQCA）结合的方法，根植于我国31个省（自治区、直辖市）重要旅游城市的实践经验展开综合案例研究。研究发现：（1）数字治理对高质量旅游服务供给的作用受到数据共建共享、数字基础设施、注意力分配、动态能力、智慧应用场景及旅游经济水平等关键技术、组织和环境要素影响；（2）全国视角下，存在3种数字治理驱动的高质量旅游服务供给模式：政府作为数字平台建设者推动的多元共创型、政府作为数字技术使用者推动的数据驱动型、政府作为创新生态优化者推动的自主创新型；（3）区域视角下，东部地区兼有多种模式；中部地区以数据驱动型模式为主；西部地区以多元共创型模式为主。本文扩充了数字经济时代下对旅游目的地政府角色与职能转变的认识，为目的地数字治理与服务供给高质量发展的多元路径提供了新的理论框架与实践工具。
2023,进退相济：国有经济的产业布局与宏观稳定效应,陈金至;刘元春;宋鹭,国有经济;产业布局;宏观稳定效应;垂直结构;两部门DSGE模型,管理世界,0,当前，中国形成了“上游国企主导，下游民企主导”的垂直结构。这种独特的“所有制+产业布局”模式是否有利于经济的长期平稳运行？本文在梳理事实及文献的基础上，通过构建并估计一个两部门DSGE模型分析了国有经济宏观稳定效应的作用机理及政策效果。研究表明：国企投资的逆周期调节有力地熨平了经济波动，且其效果随着生产垂直性的提升而增强。原因在于，上游国企的产品不仅有下游民企生产所需的投入品，也有最终消费品，因此国有经济的逆周期扩张在稳产出和稳物价的同时还稳定了居民预期，进而提高了社会福利。进一步分析表明：国有经济在参与宏观调控时主要应着力于解决供给冲击，且存在较大的逆周期调节政策空间，同时还应注意结合跨周期的政策设计。本文的研究为丰富宏观调控的政策工具箱和新一轮国企改革提供了参考。
2023,从“生产回岸”谈“稳外资”——基于发达国家机器人使用驱动的分析,李磊;马欢,生产回岸;机器人使用;外资退出;内外关联,管理世界,0,发达国家机器人使用将重塑国家禀赋优势，触发离岸产业的回流，进而影响外商在华投资的稳定性。本文构建引入机器人的跨国企业生产外包模型，精确测度发达国家机器人使用对中国经济渗透率指标，理论和经验分析发达国家机器人使用对中国外资的“生产回岸”效应。结果发现，在控制外资向其他新兴国家转移的情况下，发达国家机器人使用显著增加了中国外资企业退出，渗透率数值提升0.1，将使退出的外资企业数和外资资本分别上升约7%和13.6%，证实了“生产回岸”。然而，当外资企业与内资企业建立市场联系后，可以减轻“生产回岸”的负面冲击。此外，“生产回岸”效应受到撤资沉没成本和机器人安装成本的影响，并且在服装纺织、木材家具等工序相对简单、技术水平相对较低的行业中作用更强。本文的研究结论对我国实现“稳外资”目标有重要参考意义。
2023,居民人力资本的差异化分布与收入分配不平等,李建伟;顾天安;王骁;李嘉琪,共同富裕;人力资本;居民收入;基尼系数;影响因素,管理世界,0,人力资本是劳动者为社会作出贡献并获取相应报酬的基础，在机会均等情况下居民劳动收入与人力资本的分布及其差异化程度应是一致的，但我国不同时期城乡居民收入基尼系数均出现了偏离人力资本差异系数的现象。对我国10万名居民16种能力的测试结果显示，我国居民人力资本差异系数为0.2823。利用国家统计局入户调查数据计算的城乡居民收入基尼系数显示，1978年以来城乡居民收入基尼系数在不同时期高低交错发展，但随着2000年以后城镇化程度的不断提高，城镇居民收入基尼系数对全国居民收入基尼系数走势的影响越来越大。导致城乡居民收入基尼系数偏离人力资本差异系数的主要原因包括家庭人口结构与抚养比率不同、经济体制改革引致的经营性收入差距扩大、城乡二元经济融合发展和工业化进程中行业工资差距扩大、财富积累的棘轮效应引致的财产性收入差距扩大以及扶贫政策与社会保障制度改革等政策性因素的影响。当前我国居民收入分配不平等程度仍显著高于人力资本差异系数，促进收入分配公平，应以完善收入分配制度为重点，综合施策，推动居民收入差距向人力资本差距回归。
2023,“退休—医疗服务波动”之谜的形成机理与破解路径——基于制度联系视角的理论及实证分析,于新亮;胡秋阳;申宇鹏,劳动制度;生命周期;模糊断点回归;医疗服务;劳动力市场,管理世界,0,本文重点关注劳动力市场的内部制度、外部制度以及外市场制度之间存在的制度联系对劳动力生命周期各阶段行为特征的系统性影响。首先，本文发现，直觉上本应随年龄增长而持续上升的医疗服务利用在劳动力的退休年龄前后却是非平滑的，先是断点式下降并短期维持，而后上升。由于健康状况等自然因素和医疗保障等制度因素通常具有连续性，难以解释上述现象，故而可谓之“退休—医疗服务波动”之谜。对此，本文构建理论模型，并采用模糊断点回归方法进行实证检验，发现：员工的晋升概率在接近法定退休年龄之前显著下降，而其医疗服务利用也在同期呈现同向变动，员工激励方式转变的局部平均处理效应显著为正。由此表明，由于退休前劳动力在企业内的晋升激励失效而绩效工资激励尚存，加上工资水平与退休后的养老金待遇挂钩，劳动力会在此阶段转而通过努力工作、抑制医疗服务利用，以谋求绩效工资和提高养老金待遇，而在其退出劳动力市场后通过提高医疗服务利用予以一定的健康补偿。上述结论为企业员工激励制度、国家法定退休制度和社会养老保险制度等构成的劳动制度体系影响劳动力生命周期中的阶段性表现提供了经验证据，也为通过系统性的制度安排提高劳动力的社会贡献、改善其福利提供了有益的视角及分析框架。
2023,标准的力量——来自中国标准必要专利的经验证据,龙小宁;张美扬,标准必要专利;技术标准;创新;市场力量;知识溢出,管理世界,0,加强标准必要专利国际化建设、积极参与并推动国际知识产权规则的形成有助于建设知识产权强国和全国统一大市场，从而实现经济高质量发展。虽然技术标准的重要性已被广泛讨论，但技术标准对创新的全面影响尚未得到充分研究。本文基于标准必要专利数据库、中国专利数据库、上市公司数据库和工业企业数据库，运用双重差分法，从垄断力量和知识溢出的双重视角来研究技术标准如何影响专利价值和企业创新。研究发现：（1）在被宣告为标准必要专利后，专利价值显著提升，表现为被引用次数、许可次数和对应权利人市场价值的增加；（2）专利价值提升的来源是被标准采纳后带来的专利影响力范围扩大，体现在来自于不同技术领域、复杂主题和普通专利的引用增加；（3）标准的市场力量导致相应专利技术具有超出其所固有技术贡献的额外市场价值，表现为小规模创新主体获益更多、市场集中度提高和新增企业数量降低；（4）标准对行业内追随者产生知识溢出效应，表现为遵循标准后企业创新数量、质量和布局均出现显著改善。本文不仅拓展了关于技术标准对科技创新与产业升级的影响研究，还启示在积极推动国际标准制定的同时，需要强化标准制定和实施过程中的规则引领，以防范潜在的垄断后果。
2023,第九届文化与经济论坛在中央民族大学举行,,,经济研究,0,"<正>2023年6月2日,习近平总书记在文化传承发展座谈会上指出:“在五千多年中华文明深厚基础上开辟和发展中国特色社会主义,把马克思主义基本原理同中国具体实际、同中华优秀传统文化相结合是必由之路。”“第二个结合”是又一次的思想解放,让我们能够在更广阔的文化空间中,充分运用中华优秀传统文化的宝贵资源,探索面向未来的理论和制度创新。中国式现代化赋予中华文明以现代力量,中华文明赋予中国式现代化以深厚底蕴。"
2023,县域银行业竞争与农户共同富裕——绝对收入和相对收入的双重视角,王修华;赵亚雄,县域银行业竞争;共同富裕;绝对收入;相对收入,经济研究,0,中国式现代化是全体人民共同富裕的现代化。县域银行业竞争是否会促进农户收入增长、缩小收入差距以助力实现共同富裕值得深入探讨。本文将县域银行网点数据与CHFS农户数据匹配，经验分析了县域银行业竞争对农户绝对收入和相对收入增长的影响及其机制。研究表明，县域银行业竞争促进了农户绝对收入增长、缩小了农户相对收入差距。其机制在于，银行业竞争有助于提升农户金融可得性，通过资本流引导生产流促进农户创新创业；相比于高收入农户，中低收入农户能从银行业竞争中获益更多。进一步分析发现：国有大型商业银行份额的提升有助于增强县域银行业竞争的农户收入增长效应，而根植本土的农村商业银行份额提升的作用则不明显；农村金融增量改革和数字金融发展均能在银行业竞争促进农户收入增长中产生显著的调节效应。但是，银行业竞争难以弥补发达地区与欠发达地区农户之间的收入差距，这体现了要进一步推动欠发达地区经济金融由“低水平均衡”向“高水平均衡”转变的紧迫性。
2023,征管模式、征管技术与税收治理——来自取消税管员固定管户的证据,赵仁杰;赵欣仪;钟世虎;许文立,税管员;固定管户;征管技术;税收治理,经济研究,0,税管员固定管户作为中国基层税收管理的基本制度，在确保税收征管效率的同时也加剧了弹性征管和税务部门执法风险，推动“管户”向“管事”转变成为税收征管体制改革的重要方向。本文从征管激励与征管能力角度分析取消税管员固定管户对税收治理的双重影响，并利用手工整理的地级市取消税管员固定管户政策和全国税收调查数据进行实证检验。研究发现：取消税管员固定管户在总体上会降低企业实际税率，加剧企业避税，这一效应在与税务机关征纳联系较低的企业中表现更明显，改革前业务招待费越高、距离税务局越近的企业其避税会相应减少；信息化征管技术会降低取消固定管户造成的征管效率损失，在取消固定管户的同时上线“金税三期”会显著提高企业纳税遵从，并且对低业务招待企业的影响更大；异质性分析表明，取消固定管户的征管效率损失主要体现在国税局，但会提高地税局征管企业的纳税遵从，改革对民营企业的影响更大。本文不仅为推进基层税收征管制度改革提供了经验证据，也为通过形成更加规范的基层税收征管体系促进税收治理现代化和企业发展提供了政策启示。
2023,纳税人身份选择与就业机会——来自全国工商与税务匹配数据的证据,赵颖;鲁元平;王熙;杨国超,一般纳税人;转登记;小规模纳税人;就业;税负,经济研究,0,税收管理是提升税收征管效率和提高国家治理能力的重要基础，纳税人专业化管理制度是税收管理的重要制度安排，但未得到足够关注。其中，企业通过选择纳税人身份如何影响就业机会，具有重要的现实意义。本文在2018年首次实施一般纳税人向小规模纳税人转登记制度的政策背景下，使用2017—2018年全国企业、税务、招聘和信用数据的匹配样本，分析这种转登记制度实施对就业的影响。研究发现：(1)该政策对就业岗位产生了较大冲击，企业层面就业岗位减少了-1.38%。在一般纳税人集中的区域和行业中，这种负面冲击更大。(2)其内在动机在于两种身份纳税人间税负差异，以及针对小规模纳税人的逆向税收激励。(3)这种就业冲击在一定时期内持续存在，这并不是资本替代劳动所致，企业投融资水平没有增加。实施这种转登记制度在给予企业选择纳税身份的同时，对就业造成的负面影响需要引起足够的重视并出台配套措施，促进减税红利在不同主体间共享。
2023,平台经济的可竞争性——用户注意力的视角,冯振华;刘涛雄;王勇,注意力经济;网络效应;平台经济;可竞争性与反垄断,经济研究,0,既有文献基于交叉网络效应认为平台经济容易形成高度的垄断，无法解释平台企业激烈竞争的特征性事实。本文通过引入用户注意力因素，提出交叉网络效应的作用基础是用户流量，而非用户数量，并分析用户注意力分配对平台企业市场竞争的作用机制。在基于用户流量的交叉网络效应的作用下，平台经济尽管呈现出规模效应，但仍然是高度可竞争性经济。当用户规模给定时，随着注意力网络效应的增加，平台之间的竞争加剧，平台企业最优定价和利润水平不断趋向于完全竞争的情形。而当用户规模可以快速增加时，则竞争程度会下降。这些发现能够很好地解释平台经济规模收益和竞争性并存的特征性事实，为完善平台经济治理体系，平衡行政监管和市场竞争，提供更为科学的理论基础。
2023,数字经济与实体经济融合发展的理论探索,陈雨露,技术—经济范式;数字经济;实体经济;融合发展,经济研究,0,本文首先基于“技术—经济范式”的理论框架，从数字技术、数据要素、数字产业、数字基础设施、数字化生产方式、数字化生活方式以及数字化社会经济运行方式等方面解构数字经济，辨析数字经济与实体经济的关系，研究数字技术促进实体经济效率提升及经济增长的机制。其次，从企业层面、产业层面与宏观社会经济运行层面研究数字经济与实体经济融合的主要途径。最后，从数字技术的创新与导入、数字基础设施的完善与联通、数字产业生态系统的培育、数字平台企业的扶持与规制、数据要素市场的建立与调控、数字化应用场景的创设、数字壁垒与数字鸿沟的破除、数字经济低碳化的推进等方面引出未来的政策着力点。通过数字化赋能经济高质量发展，使数字经济成为推动中国式现代化建设的重要引擎，成为构筑国家竞争新优势的有力支撑。
2023,碳中和背景下ESG投资者行为及相关研究前沿:综述与扩展,唐棣;金星晔,投资者;自律性;社群性;ESG,经济研究,0,本文提出一个基于行为主体的自律性和社群性特质来理解为什么投资者奉行ESG理念的新框架。本文认为，把投资者奉行ESG理念理解为一种社会偏好或亲社会行为的流行观点，无法理解ESG理念这一社会目标是如何生成的，也无法体现ESG的重要性，而且其具体的分析对象特征与ESG并不相符。针对社会偏好框架的局限性，本文提出投资者自身具有自律性和社群性的特质，决定了投资者经过自主反思，发现ESG是自身归属之所在，是自身的构成性目的，也是整个投资者群体的共同目的，从而奉行ESG理念。其中，自律性是指投资者具有自主反思、自主发现的特质；社群性是指投资者的自主理解包含着比单纯的个体更广泛的主体。本文基于2015—2020年联合国负责任投资组织(PRI)数据，给出了投资者自律性和社群性的度量，实证研究了投资者自律性和社群性属性对投资机构ESG水平的影响。实证发现，投资者的自律性和社群性对ESG水平有显著的正向影响。本文的政策意义在于，构建了一个辨识投资者的创新性框架，有助于深入理解投资者，从而在推进可持续发展、公正转型及碳达峰碳中和的进程中，政策的制定和市场规范的设置，需要更进一步激发投资者的固有特质，发挥投资者积极参与的激情和创造性，有效治理可持续发展、气候变化及公正转型提出的问题。
2023,新征程推动经济高质量发展的任务与政策,中国社会科学院经济研究所课题组;黄群慧;原磊;杨耀武;贺俊;杨虎涛,经济高质量发展;多元动态目标内在统一;供给侧;需求侧;经济治理;政策优先项,经济研究,0,党的二十大报告指出，高质量发展是全面建设社会主义现代化国家的首要任务。高质量发展必须完整、准确、全面贯彻新发展理念，需要始终以创新、协调、绿色、开放、共享的内在统一来把握发展、衡量发展、推动发展，需要统筹发展与安全。这种追求多元动态发展目标的内在统一逻辑，正是高质量发展与传统经济发展的本质区别，也是推动高质量发展的关键挑战。现代化新征程上，中国推动经济高质量发展面临百年未有之大变局加速演进、新一轮科技革命和产业变革深入发展以及经济改革发展过程中深层次矛盾逐步显现等新挑战，需要完成一系列关键新任务。本文从高质量发展多元动态发展目标内在统一性要求出发，将这些新挑战新任务归结到供给、需求和治理三个层面。针对中国经济高质量发展所面临的这些新挑战新任务，本文提出切实提高劳动报酬份额和居民收入占比、打造数字经济驱动人的全面发展的中国模式、消除新型数字基础设施的共享发展鸿沟、构建全社会终身学习和全面学习体系、提高宏观经济治理能力与治理体系现代化水平、确立产业安全政策的前置性地位等当前推动经济高质量发展的政策优先项和着力点。
2023,多样化、生育率与经济长期演进:一个统一的增长框架,豆建春;刘瑞明,消费品多样化;生育率;人口转变;经济增长,经济研究,0,消费品种类在19世纪后半期的迅速扩张是人类增长史上的一个典型事实，在社会变迁和经济变革中发挥了巨大作用，但在经济增长理论中鲜有提及。本文将消费品多样化引入统一增长理论，构建了新的模型来解释历史上的人口转变和经济由长期停滞到持续增长的演进过程。在模型中，人类在技术上的进步不仅表现为生产技术的改进，而且表现为消费品种类的增加。生产技术的改进增加人们的收入，提高人们生育的经济能力，而消费品种类的增加会减少人们在生育方面的支出。生育率的变化取决于收入增长和消费品种类增加的相对速度，而这依赖于经济体在知识生产、生产技术革新和消费品种类扩张上的历史表现。结合经济史与科学技术史的研究成果，数值模拟表明，本文构建的模型能复现统一增长理论对长期经济增长路径的刻画，并为理解历史上的人口转变和经济增长路径的多样性提供新的线索。
2023,双循环视角下要素市场化配置、产业结构转型与劳动生产率增长,吴涵;郭凯明,要素配置;产业结构转型;劳动生产率;国际贸易,经济研究,0,促进产业结构升级和生产率提高是推动中国经济高质量发展的重要内容，深化要素市场化改革为此提供了一个有效政策着力点。本文提出，准确把握要素市场化配置的影响，不仅应当重视不同要素的错配程度及其影响存在显著差异，深化要素市场化改革应重点突出、统筹推进，而且必须坚持系统观念，从国内国际双循环视角充分评估改革通过改进要素配置效率进而增强产业比较优势的经济机制。本文建立了一个内生国际贸易结构的多部门一般均衡模型，其中纳入了要素市场存在摩擦和结构差异、内外需的产业构成存在差别并且内生演化等中国经济特征。研究发现，降低高技能劳动、低技能劳动和资本在不同产业之间的流动成本可以有效提升制造业比重、增强制造业出口比较优势和提高劳动生产率；提高资本和低技能劳动市场化配置程度的影响最大，其次是高技能劳动；资本和高技能劳动市场化改革的重点应为降低制造业和服务业间的流动成本，促进更高比例的资本和高技能劳动从服务业流向制造业；低技能劳动市场化改革的重点应为降低农业和非农业间的流动成本，促进更高比例的低技能劳动从农业流向非农业。
2023,论中国共同富裕测度指标和阶段性进展程度,陈宗胜;杨希雷,共同富裕;指标体系;收入分配;中国式现代化,经济研究,0,"中国已经确定了到2035年的社会主义现代化主要目标，其中重要的是“全体人民共同富裕取得更为明显的实质性进展”。依据共同富裕的内涵特征，本文构建了评价共同富裕进展的指标体系，并以权威机构公布的经济发达和富裕程度资料为参照阈值，测度出中国2000—2019年间的共同富裕程度及与2035年目标的差距。研究发现，以2035年实现中等发达共同富裕程度为目标，则中国在考察期内的共同富裕指数从0.3925提升到0.6633,已经取得重大成就且可能按期达到目标；分解分析表明，在已经取得的进展中共享程度占60%左右，而富裕程度占40%上下，这是社会主义制度公平本质和追求公平政策的有效性的反映；从主要指标的变动对共同富裕指数提升的贡献看，富裕程度的上升对共同富裕指数的贡献达到66.36%,而共享程度对共同富裕指数提升的贡献率占33.64%。基于对二三级指标的细致分解，本文提出了若干政策建议，比如通过提升科研经费投入率等推动经济高质量发展，通过缩小城乡差别等加快提升共享程度，这些都是实现共同富裕中期目标的重大举措。"
2023,地区司法水平与产业结构升级——来自巡回法庭设立的证据,袁淳;耿春晓;从阓匀;肖土盛,司法水平;技术复杂度;产业结构升级;巡回法庭,经济研究,0,产业结构升级在新发展阶段的战略重要性日益凸显，提升司法水平对推动产业结构升级至关重要。本文在构建地区司法水平与产业结构升级关系的理论模型基础上，借助最高人民法院设立巡回法庭这一准自然实验，实证检验了地区司法水平提升对产业结构升级的影响。研究发现，巡回法庭的设立显著推动了产业结构升级，体现为巡回区内高技术复杂度产业得到了相对更快的发展。机制检验表明，巡回法庭通过提升地方司法系统审判能力以及减少地方行政对司法的干预来推动产业结构升级。微观渠道检验表明，巡回法庭设立显著促进了巡回区内高技术复杂度企业投资规模的扩大及全要素生产率的提升，由此实现对产业发展的促进效果。进一步分析发现，巡回法庭设立对产业结构升级的推动效果在初始法制环境较差的省份更加显著，但在设立地址所在省份和巡回区内其他省份之间没有明显差异。本文结果表明地区司法水平的提升能够有效推动产业结构升级，为进一步推进司法体制改革、健全完善巡回法庭制度提供了证据支持。
2023,第六届张培刚发展经济学青年学者奖颁奖典礼暨“中国式现代化与发展经济学新发展”论坛公告,,,经济研究,0,"<正>第六届张培刚发展经济学青年学者奖结果现已产生。特公告如下:第六届张培刚发展经济学青年学者奖颁奖典礼将于2023年10月14日(星期六)在华中科技大学举行,还将同时举办“中国式现代化与发展经济学新发展”论坛。党的二十大擘画了以中国式现代化全面推进中华民族伟大复兴的宏伟蓝图。在新时代如何围绕中国式现代化这一根本任务,深入研究探讨当前我国经济发展中的重要理论与现实问题,构建中国经济学自主知识体系,是中国经济学界的时代责任和历史担当。"
2023,习近平经济思想与中国特色“系统化的经济学说”的开拓,顾海良,习近平经济思想;“系统化的经济学说”;中国特色社会主义政治经济学;人类命运共同体政治经济学,经济研究,0,"开拓中国特色“系统化的经济学说”,是习近平经济思想的理论特色和学理依循。党的十八大以来，习近平经济思想围绕新时代中国社会主义初级阶段生产方式和经济关系发展这一根本的、核心的问题，开创了以社会主义经济关系“形成史”为对象特征的马克思主义政治经济学样态，对中国特色“系统化的经济学说”的理论以及“系统化”结构问题作出系列的创新性探索；以运用习近平新时代中国特色社会主义思想的世界观和方法论为基础，对发展什么样的中国特色“系统化的经济学说”和怎样发展中国特色“系统化的经济学说”问题作出创新性探索；在集中于中国特色社会主义政治经济学研究中，也对当代资本主义政治经济学、特别是对人类命运共同体政治经济学作出创新性探索。"
2023,“放管服”改革何以优化营商环境？——基于治理结构视角,李文钊;翟文康;刘文璋,“放管服”改革;营商环境;治理结构;制度性交易成本;界面治理,管理世界,0,“放管服”改革优化营商环境的路径是一个重要的研究议题，既有研究分别从权力、制度和技术3个角度给予解释，但研究视角单一、理论提炼较少，目前学界缺乏总体性视角和理论化研究。本文构建了治理结构降低制度性交易成本的理论框架，以期对“放管服”改革优化营商环境的路径作出理论解释和探索，选取2017～2018年289个城市数据，采用工具变量法验证本文理论框架。研究发现：成立行政审批局和政务服务中心进驻部门与事项的职能整合路径、运用网络技术提供在线服务的数字化运作路径、成立大数据局和政府信息公开的信息共享路径，分别构建了平台界面、数字界面和信息界面，实现基于界面的政企互动，降低了政企沟通、信息和合规成本、优化了城市营商环境。以上3种路径的验证为营商环境的优化研究提供了一个新的总体性理论框架，“放管服”改革将条块结构转型为界面结构，实现界面式互动，通过解决有限理性与投机、制度摩擦和信息不对称等问题降低制度性交易成本。
2023,机器学习如何赋能管理学研究？——国内外前沿综述和未来展望,刘景江;郑畅然;洪永淼,机器学习;文献计量;因果推断;理论构建;未来展望,管理世界,0,机器学习正在深刻改变管理学的研究范式与方法。如何运用机器学习更好地赋能管理学研究已经成为学术界关注的前沿热点议题。然而，机器学习在中国管理学研究中的应用仍处于初级阶段。本文基于1999～2021年发表在工商管理和会计财务两大研究领域的国内外顶级期刊的学术文献，识别了学术界借助机器学习开展管理学实证研究的4种核心途径：变量测量、事件预测（包括事件分类）、因果推断和理论构建；梳理了每个途径的代表性文献的研究主题、研究问题、数据集、机器学习算法和研究结论；提出了使用机器学习赋能管理学研究的主要策略，并讨论了中国学者运用机器学习开展中国特色管理理论研究的未来机会。本文显示：将机器学习与传统计量经济学相结合有助于做出更加精准的因果推断；机器学习能够在模式发现这一理论构建的关键步骤中发挥重要作用；将机器学习与多案例分析相结合有助于富有成效地开展理论构建。本文为如何采用机器学习提升管理学研究质量、推进管理学研究范式变革和构建中国特色管理理论提供了方法论指引和方向性启示。
2023,创新激励还是创新封杀？——基于大科技平台股权投资市场的微观证据,王诗桪;高廷帆;杨利宏,大科技平台;公司创投;创新;产业生态,管理世界,0,大科技平台是产业创新和经济增长的重要引擎。股权投资已经成为了大科技平台对外扩张的重要方式之一，其对创新的影响在全球范围内引发了广泛争议。大科技平台的股权投资究竟是激励了产业创新、还是建立了“创新封杀区”？本文基于2005～2021年创业投资与专利申请的独特数据集，利用超过11万条观测值样本进行了实证检验。研究发现：大科技平台的创投显著提升了被投资企业的创新水平，特别是以发明专利为代表的实质性创新。这一提升来自大科技平台创投后的支持，而不能完全归因大科技平台事前的投资策略选择。支持方式包括财务资源、技术协同、数字生态带来的多样化知识等。本文基于大规模微观证据揭示了大科技创投的创新效应，实证检验了当前学界与政策实践者广泛争议的“创新封杀区”。研究结论为我国规范大科技平台与数字经济竞争策略、引导平台资本健康发展提供了事实依据和经验启示。
2023,社保缴费的转嫁效应与劳动力市场再分配,张克中;黄永颖;何凡,劳动力市场再分配;征管体制;税费转嫁;技能异质性,管理世界,0,社会保险制度是实现共同富裕的重要制度安排。基于21世纪初省级养老保险征收机构的变更（规范化改革）和2011年《社会保险法》的颁布（法制化改革），本文系统评估了社保缴费的转嫁效应与劳动力市场再分配。研究发现：（1）两次改革均提高了企业的实际社保缴费率，但缴费负担的转嫁形式不同。规范化改革增加的缴费负担由企业承担，并减少了企业的雇佣规模，而法制化改革增加的缴费负担由员工和企业共同承担，既降低员工工资，也减少了企业雇佣人数；（2）进一步分析显示，规范化改革中不同技能员工受到的就业冲击差异在不同模型中表现并不稳健，而法制化改革中低技能员工的工资受到的冲击相对更大，表明劳动力市场再分配效应的表现存在差异；（3）工资刚性和缴费凸显性较好地解释了两次改革中社保缴费的转嫁形式差异以及产生劳动力市场再分配效应的原因。研究结论为完善中国社会保险制度的再分配功能、扎实推进全社会共同富裕提供了政策启示。
2023,数字经济全球化：技术竞争、规则博弈与中国选择,史丹;聂新伟;齐飞,数字经济全球化;数字鸿沟;数字安全;数字贸易规则,管理世界,0,以人工智能等为代表的数字技术迅速崛起，正推动全球经济数字化变革。然而，数字技术的非均衡扩散使数字鸿沟扩大化、数字领域风险正从个人隐私泄露向国家主权安全升级跃迁，加之共同的数字贸易规则“供给赤字”，亟需实现发展与安全的统筹协调。本文基于“收益—风险”的理论分析框架，系统研究了“数字先进”经济体与“数字落后”经济体之间围绕数字技术差距缩小与扩大的策略选择及其对贸易规则偏好影响，重点分析了从电子商务到更广泛数字贸易规则焦点议题的国家分歧，归纳得出“美国做法”、“欧盟规则”、“日本主张”和“中间道路”4种数字规则模式，并比较了不同模式的核心关切与理念差异，以此展望了全球数字贸易规则的未来趋向。研究结果表明，一方面，数字技术成为构筑数字贸易竞争新优势的关键驱动力量，为了缩小技术代差，数字技术相对落后的国家既需要科技自立自强，更需要坚持底线思维，统筹应对技术先进国家的遏制打压。另一方面，不同国家“收益—风险”偏好的异质性，造成数字贸易规则“碎片化”的同时，基于“公共政策目标”等例外安排也促使规则模式或主张趋同化，而趋于“同盟化”的“小圈子”规则亟需发展中国家高度警惕。本文基于数字技术水平差异与国家竞争策略选择的理论阐释，以及数字贸易规则更加包容开放的趋势性展望，为贯彻落实党的二十大“加快实施创新驱动发展战略”“推进高水平对外开放”等战略任务提供理论依据和有益启示。
2023,公共数据开放能否促进区域协调发展？——来自政府数据平台上线的准自然实验,方锦程;刘颖;高昊宇;董纪昌;吕本富,公共数据开放;数据要素;区域协调发展,管理世界,0,公共数据是公共服务的重要基础资源，评估其对区域协调发展的经济影响是科学施政的前提。本文以我国地方政府推动公共数据开放平台上线为准自然实验，基于2009～2021年295个城市级面板数据开展实证分析，检验公共数据开放是否促进了区域协调发展。研究发现，公共数据开放显著降低了城市内区域发展水平差距，促进了区域协调发展。机制分析表明，该影响通过破除区域信息壁垒、弥合区域资源禀赋差距的作用机制予以实现。此外，公共数据开放不仅促进落后区域后发追赶，也提升区域整体发展水平，实现发展与共富的有机统一。本文量化评估了数据要素开放共享的经济效应，对于深化数据资源体系建设，激发数据要素潜能具有重要启示意义。
2023,新兴场域平台型企业制度创业过程机理研究,魏江;苏钟海;刘洋,新兴场域;平台型企业;制度创业;规制合法性;双层议价模型,管理世界,0,互联网平台颠覆各行业业态并塑造了诸多新兴场域，平台型企业因洞察到改变现存制度能从中获益而发起制度创业，推动新兴场域的制度变迁进而产业转型。但已有制度创业研究缺乏对平台型企业积极主动作用的讨论，也缺乏对中国独特情境的关切。本研究基于微医推动中国互联网医疗发展的创新实践，探讨新兴场域平台型企业制度创业过程机理。研究立足中国转型经济和政府高度参与产业发展的现实，识别了新兴场域自下而上制度创业的萌芽、论证、理论化、扩散化四阶段过程；将中国制度情境所确认的规制合法性解构为地方规制合法性和中央规制合法性，明确了平台型企业与政府互动获取规制合法性的双层议价过程；聚焦平台型企业独特属性与特征，构建了其在新兴场域发起制度创业推动场域制度变迁的机理模型。研究为中国情境下新兴场域平台型企业制度创业实践提供了理论解释，拓展了平台型企业制度创业和合法性的理论研究，为平台情境下的新型政企互动关系研究提供了新见解，对政府和平台型企业共同推动产业发展具有启示意义。
2023,对口支援的政策逻辑与经济效果评估——以对口援藏援疆为例,李曦辉;王贵铎;段朋飞;黄基鑫,中国特色;对口支援;多期双重差分;政策效果评估,管理世界,0,文章通过系统梳理中国特色对口支援政策产生的历史背景和演进逻辑，总结回顾了对口支援在不同历史时期的使命任务，发掘了对口支援的理论内涵及其促进受援地经济增长的理论机制。运用1990～2020年32个地级市面板数据，通过多期双重差分法研究了对口支援对西藏、新疆经济增长的影响。结果表明：第一，对口支援政策的实施促进了受援地的经济增长，推动了西藏、新疆各地级市（州、地区）的发展。第二，对口支援政策在促进受援地经济增长的过程中，通过基础设施建设有力推动了受援地经济增长。第三，公共服务方面，从经济效果来看，对口支援政策通过促进受援地教育水平和医疗水平提升促进受援地经济增长，相较于基础设施建设来说，短期间接效应相对较弱，但从社会效果来看，对口支援政策对于教育和医疗水平提升效果显著，有利于更好满足满足受援地人民对美好生活的向往。本文丰富和拓展了对口支援政策效果评估的相关研究，为对口支援政策的进一步实施和完善提供了参考。
2023,银行资产负债表、金融系统性风险与双支柱调控框架,董丰;周基航;贾彦东,银行资产负债表;金融系统性风险;资产泡沫;双支柱调控框架,经济研究,0,本文构建了一个包含金融部门(银行)的无限期动态新凯恩斯模型，并在该框架之下引入内生资产泡沫。在理论视角下，本文将银行资产端所包含的资产泡沫简称为银行泡沫，并构建了“加速—缓冲—挤出”分析框架，用以刻画银行泡沫波动对宏观经济和金融系统的传导效果和对应的理论机制。加速机制是指银行泡沫会通过资产负债表的传导，致使金融系统放大经济波动；缓冲机制是指银行泡沫会降低经济波动对实体经济的冲击；挤出机制则是指银行泡沫会挤出银行对于生产资本的配置，导致宏观经济“脱实向虚”。宏观调控政策方面，本文重点研究了货币政策与宏观审慎政策双支柱调控框架如何通过调节资金成本和银行资产负债表来应对资产泡沫。基于参数校准和贝叶斯估计的定量分析表明，当银行泡沫的加速和缓冲机制占主导时，逆风货币政策和宏观审慎政策均能有效维护经济金融系统稳定，实现“防风险”和“稳经济”的双重政策目标，且两类政策间的有效协作与配合能更大幅度地提升社会福利水平。当挤出机制占主导时，最优政策组合则需根据经济形势变化及波动来源进行调整，进而在“防风险”和“稳经济”之间寻求平衡。
2023,渐进式改革、双支柱调控转型与财政政策效果研究,陈创练;高锡蓉;徐锦辉;郭玉清,宏观审慎政策;货币政策转型;财政政策乘数,经济研究,0,宏观审慎政策和货币政策如何配合促进财政政策提质增效是中国宏观调控关注的重点，本文以实证为基础，构建了嵌入双支柱政策和财政政策的动态随机一般均衡模型，通过数值模拟分别评估家庭和企业两类信贷约束变化的财政政策乘数效应。研究表明，基于不同微观主体的信贷约束对财政政策效果的影响存在显著差异，而宏观审慎政策由强变弱和货币政策盯住产出系数变小能够增强政府消费和转移支付的乘数效应，但同时也会导致所得税和广义消费税对经济增长的抑制作用变大。本文进一步探讨了“以信贷约束为代表的宏观审慎政策+混合型或价格型或数量型货币政策”等双支柱调控转型对财政政策效果的影响效应，认为家庭信贷约束由弱变强对财政政策乘数效应的影响极小，但是，如果针对企业的信贷约束由弱变强则必将极大削弱财政政策效果。
2023,影子银行监管与银行风险防范,彭俞超;马思超;王南萱;郑航行,影子银行;金融监管;银行风险,经济研究,0,完善的现代金融监管体系是我国金融业稳定健康发展的重要保障。本文研究发现，2014年针对买入返售业务的影子银行监管政策(银发[2014]127号)显著地降低了银行杠杆率，并使影子银行活动的风险显性化，抑制了银行破产风险。但监管政策实施后，银行创新出同业投资、同业链条的新模式，继续从事影子银行活动，使期限错配问题加剧，流动性风险提高。这表明，影子银行的业务模式在金融创新和监管政策的博弈过程中不断演变，政策制定具有时间局限性，难以一劳永逸解决未来的所有风险。本文研究的政策含义在于，监管政策应遵循“疏堵结合”的思路，在规范化、透明化影子银行业务的同时，拓展正规信贷业务，保障银行盈利来源，从而提升金融监管的效果，助力实体经济发展。
2023,税收稽查体制改革与企业集团资本结构调整,冯晨;周小昶;田彬彬;牛英杰,企业集团;税收稽查;债务转移,经济研究,0,企业集团是公司的重要组织形式，也是我国税收的重要来源，但集团公司通过内部股权市场进行利润转移和避税问题日趋严重，应受格外重视。本文利用手工建立的集团子母公司关联网络数据库，借助税收稽查体制改革的自然实验，探究了稽查对集团网络内债务转移活动的影响。本文发现，税收稽查体制改革在促进当地企业纳税遵从的基础上可能会激发集团内部的避税动机，具体而言：(1)当母公司所在地实施改革后，集团会将债务由未受影响的子公司转移至母公司，以获得利息抵扣所带来的“税盾”效应，这会导致母公司债务提升，子公司债务降低；(2)税收稽查促使集团通过关联购销和利息收付将利润由母公司转移至未受影响的子公司，后者采取真实活动盈余管理的手段降低利润水平，达到避税目的；(3)集团债务转移活动削减税收稽查真实政策效应的24.78%左右。在全面推进税收治理现代化的背景下，本文的发现对于理解集团公司避税机制及税收政策有效性具有重要意义。
2023,预算管理与减税效能提升——来自小微企业动态群聚的证据,刘蓉;陈凌庆;王睿霆;邓兴华,预算管理;减税政策;小微企业;群聚,经济研究,0,现代预算管理的要义在于通过预算约束，规范政府收支行为，提升政府治理效能。大规模减税降费政策推行以来，多次出现实际减税额超过预计减税额的现象。对此，本文采用群聚方法，研究门槛性减税政策引发企业动态群聚响应所导致的预算偏差问题，并提出了纳入群聚因素的预算精准化治理方案。本文发现：(1)减半征收政策实施过程中小微企业进行群聚响应，导致税基变化并产生预算偏差。(2)随着减半征收政策四次扩围，新门槛处的小微企业也呈现出群聚现象，而原减税门槛处的企业发生群聚反弹行为，导致税基再次变化。(3)综合考虑企业群聚响应和群聚反弹等因素对税基分布的影响，可以实现减税政策预算精准度达78%以上。本文还讨论了不同征收方式、行业类型、知悉程度、涉税服务等方面的企业群聚响应行为。最后，本文提出了优化减税政策预算管理是提升减税政策效能的重要路径。
2023,家庭住房需求弹性和最优房产税设计,徐彤;殷越;王擎,房产税;房地产市场均衡;家庭住房需求的价格弹性,经济研究,0,房产税试点改革蓄势待发，但是学界关于房产税对房地产市场的影响以及如何设计和制定房产税仍缺乏共识。本文通过建立一个异质性家庭房地产市场均衡模型，为准确评估和比较房产税方案提供了工具。首先，利用我国房屋交易契税的税率断层，基于住房贷款发放数据，使用群聚分析法估计得到家庭住房需求的价格弹性。其次，使用家庭调查数据估计出家庭住房需求的偏好分布。基于本文的分析框架，我们讨论了多种房产税设计方案对房地产市场的影响并发现，在设计房产税时，必须将房地产市场均衡价格变动和家庭避税动机下的住房选择改变纳入考虑。最后，本文展示了如何选择不同政府偏好下的最优房产税设计。本文的研究对房产税改革工作有直接的借鉴意义。
2023,电商平台与制造业企业创新——兼论数字经济和实体经济深度融合的创新驱动路径,吕越;陈泳昌;张昊天;诸竹君,数字经济;电商平台;企业创新;知识溢出;创新网络,经济研究,0,本文构建了可用于研究参与电商平台如何影响企业创新的理论模型，并在此基础上匹配了2002—2019年1688电商平台与中国专利数据库中高度细化的微观企业数据，实证检验了参与电商平台对制造业企业创新的影响效应和内在机制。本文主要的研究结论是：(1)参与电商平台将显著提升制造业企业的创新水平，该结果在经过倾向得分匹配、基于工具变量的内生性处理等一系列稳健性检验后依然显著成立。(2)影响机制方面，参与电商平台主要通过扩大市场规模和促进知识溢出两个渠道推动制造业企业创新。(3)基于创新网络的拓展性分析发现，参与电商平台还将显著提升制造业企业在创新网络中的专利中心度以及明星专利数。因此，本文研究可为探索数字经济与实体经济深度融合的创新驱动路径提供有益支撑。
2023,国家级新区设立与企业空间布局:基于镇级面板数据的分析,郭峰;曹友斌;熊云军;吕斌,区位导向性政策;国家级新区;集聚效应;政策租;企业进入,经济研究,0,以某一特定目标区域为重点开发对象的区位导向性政策，空间属性是其区别于其他政策的重要特征。本文基于多源经济地理大数据和中国镇级矢量地图，从镇级空间尺度考察了国家级新区设立对企业进入和空间布局的影响。研究结果表明：国家级新区设立有助于吸引企业进入，且这种效果存在明显的空间异质性：在新区内部，新进入企业主要布局在新区管委会周边；而在新区外部，新进入企业又主要围绕新区外围边界地区布局。进一步分析表明，国家级新区作为“政策租”和“集聚租”的空间载体，政策效应和集聚效应在新区内外的强度差异，会形成新进入企业的空间非均衡分布。本文为揭示区位导向性政策如何影响市场主体的区位决策与经济活动的空间分布提供了重要参考。
2023,以高水平分工和制度型开放提升跨境资源配置效率,江小涓;孟丽君;魏必,,经济研究,0,<正>全面建设社会主义现代化国家是一个宏伟而艰巨的奋斗过程，坚持高水平对外开放是支撑目标实现的一个关键举措。习近平总书记明确指出：“中国的发展惠及世界，中国的发展离不开世界。我们要扎实推进高水平对外开放，既用好全球市场和资源发展自己，又推动世界共同发展。”①这为我们谋划现代化建设阶段的高水平开放战略思路提供了根本指引和前进方向。改革开放以来，我国经历了发挥比较优势促进出口增长、发挥后发优势促进国内产业成长两个发展阶段。从学术理论视角出发，
2023,切实推动高质量发展：经验、要求与任务,尹艳林,,经济研究,0,<正>一、 深刻理解推动高质量发展的重大意义推动高质量发展作为习近平新时代中国特色社会主义思想的重要内容和党的二十大的重大部署，需要我们认真学习、深刻领会、抓好贯彻落实。发展是党执政兴国的第一要务。习近平总书记在党的二十大报告中就加快构建新发展格局、着力推动高质量发展作出一系列新的论述并作出系统战略部署。2023年全国两会期间，习近平总书记在参加江苏代表团审议时强调牢牢把握高质量发展这个首要任务，并就推动高质量发展作了进一步阐述。
2023,第20届孙冶方经济科学奖《经济研究》所载两篇文章获奖,,,经济研究,0,"<正>根据《孙冶方经济科学基金会章程》和孙冶方经济科学奖评奖公告的规定,经过孙冶方经济科学基金会评奖委员会评审与社会公示,孙冶方经济科学基金会理事会批准并公布了第20届孙冶方经济科学奖获奖作品名单。《经济研究》2019年第6期所载文章《自然利率与中国宏观政策选择》(作者:徐忠、贾彦东)与2020年第3期所载文章《再论中国金融资产结构及政策含义》(作者:易纲)获本届孙冶方经济科学奖·论文奖。"
2023,建构中国经济学自主知识体系的方法论和方法,逄锦聚,,经济研究,0,<正>建构中国特色哲学社会科学自主的知识体系，是习近平总书记提出的重大命题。在2016年哲学社会科学工作座谈会上，他提出“加快构建中国特色哲学社会科学”。①在2022年到中国人民大学考察调研时，他进一步强调：“加快构建中国特色哲学社会科学，归根结底是建构中国自主的知识体系。”②以中国经济为主要研究对象，以中国特色社会主义政治经济学为基础理论，包括中国特色社会主义政治经济学、中国经济史、中国经济思想史、中国微观经济学、中国宏观经济学、
2023,政府财会监督与企业税收规避——来自财政部会计信息质量随机检查的证据,李建发;袁璐;李文文;陈文川,财会监督;财政部会计信息质量随机检查;税收规避;纳税贡献,管理世界,0,财会监督作为党和国家监督体系的重要组成部分，在规范政府收支、改善会计信息质量、保障财税政策执行等方面发挥了重要作用。本文基于财政部会计信息质量随机检查这一准自然实验，手工搜集2006～2019年检查公告中的相关数据，实证检验了政府财会监督对企业税收规避行为的影响。结果发现：（1）政府财会监督显著地降低了企业避税程度，提高了纳税贡献；（2）政府财会监督主要通过抑制盈余管理和改善内部控制路径来降低企业避税行为；（3）在披露具体数据、整改态度积极、行业竞争激烈和税收征管强度大的企业中政府财会监督的治理效应更强。本文为有效减少企业避税行为提供了经验借鉴，也为完善政府财会监督制度提供了理论支持。
2023,国内生产网络与间接出口外溢：基于客户——供应商关系的证据,包群;廖赛男,国内生产网络;间接出口企业;生产率外溢,管理世界,0,与直接出口相比，虽然大多数企业自身无法进入国际市场，仍然可以通过成为出口企业的供应商来实现间接出口，但这一重要现象较少受到研究关注。基于2009～2016年中国上市公司的客户—供应商数据，研究发现：（1）间接出口行为同样可以带来显著的出口学习效果，而且这一收益主要体现在自身缺乏直接出口能力的中小型企业；（2）知识传递、规模收益以及质量提升是间接出口外溢效应产生的3种作用机制；（3）间接外溢效果沿着生产链衰减，水平溢出效应同样存在，并且主要存在于共享供应商关系中；（4）企业从较新的间接出口关系中获得的生产率溢出效应更显著，网络边缘地带和搜寻效率低的企业从间接出口获益更大；（5）间接出口企业同样会受到出口企业负向需求冲击的上游传染效应，而且通过间接出口学习能够提高转化为直接出口商的概率。本文研究证实了在日益错综复杂的国内生产网络中，间接出口关联对中国企业尤其是中小企业参与全球化分工的重要价值。
2023,汇率政策、内部控制与风险对冲——基于“8.11汇改”冲击的市场感知视角,陈俊;徐怡然;董望;王文明,“8.11汇改”;市场感知;汇率风险;外汇衍生工具;内部控制,管理世界,0,"本文以中国汇率政策改革为背景，从市场感知汇率风险的视角，研究了宏观汇率政策对微观企业的影响，以及企业借助风险对冲手段和风险管理制度的应对机制。研究发现，市场短期内对“8.11汇改”政策发布事件做出负面反应；总体上来看，市场对使用与未使用外汇衍生工具企业的反应不存在显著差异；而市场对外汇衍生工具能否发挥汇率风险对冲作用的反应受到企业内部控制质量的影响。进一步研究表明，在企业披露使用衍生工具进行套期保值的情形下，投资者能够感知对冲风险的作用；在企业未披露衍生工具使用目的的情形下，投资者感知的风险更大，但投资者能够通过内部控制质量判断衍生工具的使用效果。本文从市场感知的视角,揭示了微观企业通过风险管理有效应对汇率风险的作用机理，拓展了汇率风险管理和内部控制领域的研究，为我国企业提高汇率风险防范能力提供了政策启示。"
2023,资产减值信息与地方政府隐性债务风险预测,罗宏;陈韵竹;刘天红,地方政府隐性债务;宏观经济预测;资产减值;城投债,管理世界,0,高企的地方政府隐性债务已成为威胁财政金融安全的潜藏风险点，如何及时有效预测地方政府隐性债务风险、建立健全完善的风险预警机制成为债务治理的重要问题。本文基于沪深A股上市公司数据，在省级层面对资产减值损失进行汇总，借助城投债考察微观会计信息对地方政府隐性债务风险的宏观预测价值。研究发现，第一，汇总资产减值蕴含了隐性债务风险的实质性信息，能够有效预测地方政府未来隐性债务风险。第二，资产减值信息通过对财政实力和隐性债务负担的前瞻性反映发挥预测功能。汇总资产减值越高，市场投资者对城投债的“隐性担保”预期越弱。第三，不同计提动机、减值可转回性以及不同资产的减值具有差异化预测能力。第四，中央转移支付、地方政府债务置换以及政府干预削弱了资产减值对隐性债务风险的预测效度。本文结论拓展了地方政府隐性债务风险预测的研究思路，有助于健全现有的债务风险预警体系、完善隐性债务风险防控机制，为牢牢守住不发生系统性风险的底线、切实防范隐性债务风险外溢提供了有益参考。
2023,行业信息助推下的长效激励决策与创新绩效跃升研究,程新生;杜舒康;程昱,同侪效应;创新信息披露;长效激励;创新绩效,管理世界,0,本文在构建丰富创新信息词库的基础之上，使用文本分析方法发掘A股上市公司在年报中披露的创新信息，对同行创新信息披露如何影响本企业长效激励决策进行了探究，并进一步考察长效激励的实施是否带来了创新绩效的跃升。研究发现，同行企业综合的创新信息披露通过信息学习机制和竞争压力机制引致了本企业的长效激励行为。且长效激励契约具有偏好期权、重视核心技术人员、设置较长有效期等特点。在本企业市场势力低，同行信息披露可靠性高的情况下，同行创新信息披露对本企业长效激励的影响更为突出。考虑创新信息的类型，同行企业创新优势和创新进展信息的披露促进了本企业的长效激励，创新成果信息的披露则抑制了本企业的长效激励。进一步地，企业在实施长效激励后，相较于原本具有相似公司特征和创新能力而没有进行长效激励的企业，在创新产出方面取得了跨越式增长，即创新绩效的跃升。总的来说，同行企业所披露的创新文本信息以助推本企业长效激励决策为路径促进了本企业创新。研究有助于充分揭示企业之间创新信息传递的溢出效应，为我国完善信息披露制度，以企业之间的信息助推促成创新的加速生成机制提供参考。
2023,从“绿水青山”到“金山银山”：欠发达地区乡村生态产品价值实现的阶段、路径与制度研究,朱竑;陈晓亮;尹铎,“两山”理论;生态产品;价值实现;地方品牌;绿色发展,管理世界,0,建立生态产品价值实现机制、实现“两山”转化，这是站在人与自然和谐共生高度谋划高质量发展的重要方式。现有研究未能较好阐释生态产品价值在市场条件下增值式转化的综合路径及其突破现实障碍的实现机制，本文认为“两山”转化的经济学实质是生态环境正外部性在经济利益维度上的内部化，在市场条件下欠发达地区大多只能以特色产业来实现这种内部化，并以云南省丽江市欠发达地区乡村的特色农业实践为典型案例分析了这个过程及其背后的制度逻辑，指出了制度体系与市场惯性共同作用于生态产品与地方品牌之间的互馈关系，促进了落后地区的产业升级，但特色产业的现代化生产要素配置水平低带来了转化中的阶段性和波动性，这需要有针对性的政策来消除市场失灵。
2023,在马克思主义政治经济学中国化时代化中建设中华民族现代文明——学习贯彻文化传承发展座谈会精神笔谈,陈冬华;陈彦斌;冯根福;黄先海;龙登高;李涛;李曦辉;陆铭;史晋川;杨瑞龙;张军,,经济研究,0,2023年6月2日，习近平总书记亲临中国历史研究院考察，出席文化传承发展座谈会并发表重要讲话，从党和国家事业发展全局战略高度，对中华文化传承发展的一系列重大理论和现实问题作出全面系统深入阐述。习近平总书记指出：“在五千多年中华文明深厚基础上开辟和发展中国特色社会主义，把马克思主义基本原理同中国具体实际、同中华优秀传统文化相结合是必由之路。”“第二个结合”表明我们党对中国道路、理论、制度的认识达到了新高度，表明我们党的历史自信、文化自信达到了新高度，表明我们党在传承中华优秀传统文化中推进文化创新的自觉性达到了新高度。为了深入学习贯彻本次座谈会的重要精神，本刊邀请国内著名专家学者，围绕坚持“两个结合”，尤其是“第二个结合”，加快构建中国经济学三大体系，以“在马克思主义政治经济学中国化时代化中建设中华民族现代文明”为题，撰写一组笔谈文章，以飨读者。
2023,全球化背景下中国碳市场的减排和福利效应,段玉婉;蔡龙飞;陈一文,量化贸易模型;碳市场;碳关税;能源;全球生产网络,经济研究,0,本文提出并建立了在全球化背景下囊括能源市场和碳减排的多地区多行业的一般均衡模型，将生产中能源的使用、碳排放、碳税、碳关税以及全球生产网络纳入模型，为在全球化背景下量化研究低碳政策的福利和排放效应奠定方法基础。本文利用结构式方法估计了模型的主要参数，量化研究了中国建立碳排放权交易系统和欧盟实施“碳边境调节机制”对中国和世界主要经济体的经济和碳排放的影响，并提出了新颖的渠道分解方法。结果表明中国实施碳市场可以降低中国碳排放、优化产业结构，但将通过降低出口竞争力为中国带来一定的福利损失。由于存在碳泄漏问题，中国实施碳市场对全球碳排放的降低影响有限。欧盟实施“碳边境调节机制”将对中国出口带来一定负面影响，但影响程度有限，对全球碳减排贡献有限。
2023,减税激励、供应链溢出与数字化转型,蔡宏波;汤城建;韩金镕,减税激励;供应链溢出;数字化转型,经济研究,0,加快推进产业数字化是建设数字中国的重点，以缓解企业税负为目标的政府减税激励能否助力数字化转型值得研究。精准识别减税激励政策作用对象是在政府财力有限情况下积极发挥减税激励效果的现实选择，也是全面提升财政政策效能的内在要求。本文从供应链溢出的视角研究了如何实现减税效果最大化并带动全产业链的数字化转型。借助2008—2016年全国企业税收调查数据与企业供应链数据，研究发现下游企业的减税激励显著促进了中游企业数字化转型，而上游企业减税激励对中游企业数字化转型的促进效果不明显，这主要与上下游企业垄断能力存在较大差异有关。下游企业的减税激励不仅导致对其自身经营绩效的优化，而且通过供应链传导带动中游企业现金流优化与规模扩张，促进产业链供应链内部数据共享，使中游企业拥有充裕的资金进行数字化相关的人力资本升级与投资。上游企业由于垄断能力较强导致传导效果受阻，无法实现类似下游企业减税激励溢出的效果。本文的研究对理解和促进企业数字化转型，以及为更好选取减税激励政策的作用对象提供了经验证据和政策参考。
2023,数据投资、数据共享与数据产权分配,李三希;王泰茗;刘小鲁,数据投资;数据共享;数据产权配置,经济研究,0,数据产权是数据要素有效配置的前提。数据具有非竞争性，为了提高效率需要促进数据流转与共享，但这往往使数据收集者因为竞争因素受损，从而抑制数据投资，引发新的效率损失。本文从促进数据共享和激励数据投资两者的权衡取舍切入，研究了数据产权的不同配置方式对资源配置效率的影响。研究表明，数据产权分配给用户更有利于实现数据共享，但是会导致数据收集者不愿意进行必要的投资；产权分配给数据收集者可以为其提供投资激励，但会抑制数据共享。在数据收集成本和数据通用性较高时，将数据产权分配给数据收集者以激励投资更有利于提高社会福利。本文进一步讨论了在数据产权配置基础上引入价格上限管制，并要求收集者不得拒绝数据交易的规制政策的效果，发现在一定条件下，将确权与规制相结合可以在保障数据投资的同时促进数据共享，从而优于单纯的数据产权配置。
2023,政社合作开发模式下的土地出让价格策略及激励机制,陈思霞;王希瑞;卢盛峰,产城开发;财政激励相容;土地出让价格策略;可持续性,经济研究,0,在地方政府财力普遍偏紧的背景下，政社合作成为了政府主导园区开发之外的另一种重要新城建设模式。本文精确匹配了产业新城开发园区的空间地理边界与中国土地市场网提供的土地交易微观信息，构建双重差分模型检验了政社合作产业新城开发模式下的土地出让价格策略及其激励机制。研究发现，产城开发导致新城内土地出让价格显著高于新城外同类型土地出让价格，住宅用地出让价格上涨尤为明显。机制检验表明，地方政府和社会资本追求财政收入增长的相容性内在激励使得园区依赖于土地出让收入来分摊开发成本并维持开发。产城开发显著提高了房产企业的经营绩效水平，非房产企业没有呈现出积极的产出效应，政社合作开发模式呈现出明显的“以房养园”特征。本文研究为如何促进良好的政社合作以及新城的可持续发展提供了事实依据和政策优化方向。
2023,构建扩大内需的长效机制：收入不平等及其宏观经济效应,薛熠;王韡;徐朝阳,收入不平等;基尼系数;边际消费倾向;产能过剩;扩大内需,经济研究,0,本文构建了一个非瓦尔拉斯均衡的宏观经济模型，研究家庭异质性和收入不平等影响我国国内供需失衡的理论机制。根据本文研究，收入不平等造成家庭边际消费倾向的异质性，导致了总需求的不足，经济只能通过净出口达到潜在产出水平，一旦外需不足就会出现生产能力闲置。进一步研究发现，旺盛的外需有助于劳动禀赋较高的家庭提高收入从而进一步拉大收入差距，外需不足则会抑制收入差距，这解释了我国基尼系数的顺周期特性。本文的政策含义是，市场机制无法自动消除严重收入不平等以及由此造成的国内供需失衡现象，必须探索形成抑制不平等对社会总消费负面影响的政策体系、制度框架与社会文化氛围，着力推动构建扩大内需的长效机制。
2023,中国信息经济学乌家培资助计划简介,,,经济研究,0,"<正>中国信息经济学会成立于1989年,致力在信息经济与信息管理领域搭建理论创新的桥梁,推动跨学科发展。学会创始人乌家培教授为中国著名经济学家,中国数量经济学会和信息经济学会创始人。为促进中国信息经济与信息管理领域的青年学者成长,并产生未来30年有国际影响力的理论创新成果,学会于2015年设立“中国信息经济学乌家培资助计划”,以表彰中国信息经济与信息管理领域青年学者的理论创新贡献。2016-2022年分别进行了第一至七届乌家培资助计划的评选。"
2023,“习近平经济思想研究·期刊论坛”在北京成功举办,,,经济研究,0,"<正>2023年7月1日,在中国共产党成立102周年之际,由中国社会科学院经济研究所主办,《经济研究》《经济学动态》《中国经济史研究》《经济思想史学刊》四刊编辑部共同承办的“习近平经济思想研究·期刊论坛”在北京召开。来自中国社会科学院、习近平经济思想研究中心、南开大学中国特色社会主义经济建设协同创新中心、中央党校(国家行政学院)中国式现代化研究中心、中宣部出版局期刊处、全国哲学社会科学工作办公室组织协调处、"
2023,约束性碳减排与就业——基于企业和地区劳动力变化的考察,周亚虹;杨岚;姜帅帅,环境规制;碳减排;就业;双重差分法,经济研究,0,基于企业层面的环境规制强度，本文使用中国工业企业数据库与《中国城市统计年鉴》数据，探究“万家企业节能低碳行动”对就业的影响。研究发现：随着减碳强度的提升，相比非万家企业，该政策通过“规模效应”“要素替代效应”和“技术效应”使得万家企业就业显著下降，表明该政策会降低污染企业就业。但城市层面分析发现该政策对城市工业企业总就业有显著正向影响，呈现出城市层面的就业创造。进一步探究劳动力再配置效应以解释企业和城市层面就业效应的差异发现，企业层面存在万家企业至非万家企业的劳动转移，行业层面就业存在从更为污染的行业向清洁行业的再配置，表明规制促进了行业转型升级。此外，政策实施后，减碳强度提升并未使得企业员工薪酬下降，表明该环境规制没有导致企业将减排治污成本转嫁造成员工福利损失。本文的研究结果能从就业角度为中国环境政策的成本收益分析提供参考。
2023,嘉兴学院经济学院简介,,,管理世界,0,<正>嘉兴学院是一所涵盖经济学、管理学、法学、文学、教育学、理学、工学、医学、艺术学等九大学科门类的浙江省属普通高等学校。办学肇始于1914年，曾先后隶属于国家重工业部、冶金部、中国有色金属工业总公司，被誉为中国有色行业经济管理人才的“摇篮”，是一所红船精神育人特色鲜明、应用型办学优势突出的综合性高校。学校拥有全职院士3人，柔性聘用院士10人，中国工程院院士陆军现为学校校长。
2023,减税激励、供应链溢出与稳就业,曾艺;周小昶;冯晨,减税激励;稳就业;供应链溢出,管理世界,0,在经济下行压力加大时期，减税激励是促进就业的重要举措，而供应链是税收激励政策传导的关键机制。本文尝试利用手工构建的上市公司三级供应链网络数据库，探究中游企业减税激励对上下游企业就业人数的影响。研究发现：（1）中游企业税率降低会显著促进上下游企业增加劳动力雇佣，并且这一效应在上游企业中更为明显；（2）机制分析表明，就业促进效应主要是通过商业信贷和产需行为两种渠道传导至上下游企业；（3）异质性检验显示，当中游为民营企业，或者上下游企业的劳动力密集度、与中游企业的购销业务集中度较高时，减税激励的就业溢出效应更加显著；（4）这种溢出效应不仅影响一级供销商，而且会传导至更高层级的供应商。本文为理解减税激励政策和供应链参与的影响提供了新的视角，也为实现稳就业目标提供了政策启示。
2023,金融结构与企业过度投资：基于社会融资结构的证据,杨大宇;许晓芳;陆正飞,金融结构;社会融资结构;社融贷款比;企业过度投资,管理世界,0,金融发展有助于促进经济增长，但不同的金融结构可能导致不同的经济后果。本文以我国A股非金融类上市公司为研究对象，利用我国社会融资结构统计数据，研究不同地区金融结构对该地区企业过度投资的影响，发现金融结构市场化程度越低的地区，企业过度投资程度越高，意味着提高金融结构市场化程度有助于缓解该地区企业的过度投资。此外，研究还发现：金融结构通过影响该地区企业的银行信贷融资，进而加剧企业过度投资程度；金融结构市场化程度越低、企业过度投资程度越高这一现象在银行竞争水平较低的地区、被原银保监会处罚的银行分支机构数量较少的地区、非执行董事占比较低的企业以及会计稳健性较低的企业中更明显；地区金融结构市场化程度的降低，会加剧该地区企业过度投资对其业绩的负面影响。本文的研究丰富和发展了金融结构经济后果、企业过度投资影响因素等方面的文献，也为我国金融市场化改革、金融结构优化以及资本市场功能发挥提供了经验证据和政策参考。
2023,注册制改革是否强化了保荐人专业能力的作用？——基于首次公开发行股票审核进程视角的考察,罗进辉;董怀丽;李璐,注册制改革;首次公开发行股票审核;保荐代表人;中介机构;项目经验,管理世界,0,注册制改革强调要更好地发挥和压实中介机构的“看门人”责任。那么，注册制改革是否真的强化了中介机构及其专业胜任能力的作用？本文立足于核准制和注册制并存的市场环境，考察保荐人项目经验对首次公开发行股票审核进程的潜在重要影响，研究发现：（1）保荐代表人的项目经验越丰富，其后续负责的首次公开发行股票项目在审核中耗用的时间越短，被问询的问题数和轮次越少，审核问询函回复质量越高，即审核进程越顺利，而且审核的通过概率也越高；（2）相比于核准制，保荐代表人项目经验对首次公开发行股票审核进程的积极影响在注册制下表现得更强。进一步本文发现，注册制下保荐代表人项目经验的相关积极影响对于业务复杂性更高的公司表现得更强。此外，保荐代表人经验越丰富，公司上市首日抑价率越高，上市后的“业绩变脸”问题越小，股票回报率越高。总之，本文不仅丰富了注册制背景下首次公开发行股票审核和中介机构作用的相关文献，而且能够为深化注册制改革提供有益参考。
2023,财政分权、定向激励与农业增长——以“省直管县”财政体制改革为例,龚斌磊;张启正;袁菱苒;马光荣,“省直管县”财政体制改革;财政分权;定向激励;农业增长;生产率分析,管理世界,0,财政分权与经济增长考核激励是塑造地方政府行为的重要制度环境，但片面追求经济增长的考核机制，导致包括农业在内的一些“弱激励”项目长期得不到重视。本文采用双重差分法，以“省直管县”财政体制改革为例，研究财政分权、定向激励对县域农业发展的影响。研究发现，在农业增长考核处于“弱激励”的背景下，“省直管县”财政体制改革会使扩权后的县级政府强化经济政策的离农倾向，导致农业增长的负向影响。随着农业考核的逐渐加强，“省直管县”对农业投入与产出的负向影响得到了显著缓解。本文认为，“财政分权+定向激励”在一定程度上对地方政府行为进行修正，是解决发展不平衡、不充分问题的一种可能的模式。
2023,竞争会降低企业收集消费者信息并增加隐私保护投资吗？,李三希;张仲元;焦倩,竞争;消费者信息收集;隐私保护;政府监管,管理世界,0,如何解决消费者信息过度收集与隐私信息保护等问题是数字经济时代的重大议题。本文从企业信息收集政策与隐私保护投资决策两个角度出发，构建差异化双寡头模型，探讨市场竞争机制对企业信息收集强度和隐私保护投资的影响。结果表明，在信息可观测的情况下，竞争会降低企业的信息收集强度，提高隐私保护投资水平。相较于寡头竞争，垄断下的企业会收集更多的消费者信息并降低对隐私保护的投资。进一步地，本文在实际信息不可观测的情形下引入政府监管，发现加强监管会强化竞争机制对消费者隐私保护的效果，揭示了市场竞争机制和政府监管之间的互补关系。因此，创造良好的竞争环境，鼓励企业将信息收集与隐私保护作为市场竞争手段，是解决数据治理问题的重要途径。
2023,数字技术驱动高端颠覆性创新的过程机理：探索性案例研究,刘海兵;刘洋;黄天蔚,数字技术;颠覆性创新;数字化创新;案例研究,管理世界,0,新一轮科技革命为高端颠覆性创新带来了新的技术机会窗口。在激烈的全球竞争情境下，新时代中国制造企业可以通过高端颠覆性创新获取主流市场，走出新的道路。基于美的微蒸烤一体机的探索式案例分析，本文提出了数字技术驱动高端颠覆性创新的理论框架，研究发现：（1）高端颠覆性创新产生过程包括模糊前端阶段（机会识别，产品概念）、开发阶段（牵引技术，仿真实验）、商业化阶段（数字化监测、迭代升级）等3个核心阶段的核心创新活动；（2）数字技术的连接、聚合和分析能力的发挥，通过数字连通（数字孪生、数字化生态嵌入）和数字协同（数字化开放式创新、数字化分布式协同）两类机制驱动高端颠覆性创新的产生。通过探讨数字技术驱动高端颠覆性创新的产生过程机理，本文发现不仅贡献于颠覆性创新理论和数字创新文献，也为中国制造企业抓住数字变革机遇产生高端颠覆性创新提供管理启示。
2023,数据跨境流转的风险测度与分析——基于数据出境统计信息的实证研究,李金;徐姗;卓子寒;李建平,数据跨境;风险测度;风险分析;制度失范理论;威慑理论,管理世界,0,数据作为新的生产要素，在不断的跨境流动中贡献经济价值。然而，数据的无序跨境流动可能危害个人、社会和国家安全，需同步探索治理体系、防范化解风险挑战，实现安全与发展的统筹协调。本文基于制度失范理论和威慑理论分析数据跨境风险的影响机制，利用生物医疗行业脱敏处理的数据出境统计信息开展研究，通过数据跨境传输频数、风险值和间隔时间测度数据跨境传输行为的频次和风险。研究结果表明，机构所在省份的GDP、过往数据跨境传输量和采用互联网传输均正向影响数据跨境频数和风险，采用云存储正向影响数据跨境风险，相关法律的施行对数据跨境传输具有显著的威慑作用。本文定义一次数据跨境传输行为并设计风险测度方法，识别和分析影响数据跨境传输的因素及其作用，为我国数据跨境流动规制提供理论依据和管理启示。
2023,匠心租金的构念、获取路径与演化过程——基于六家“百年老店”的阐释,郭会斌;郑耀洲;张景云;王丽媛;刘明昊,匠心租金;获取路径;演化过程;传统技术哲学;多案例研究,管理世界,0,本文始于“道”、“技”和“器”等传统技术哲学元素或概念，以及“技艺—价值”思想的阐发，根续自《考工记》的6个手工业、目的性抽样了六家“百年老店”，采用扎根理论和多案例研究方法，获得了以下结论：（1）匠心租金的实质是，基于物品技能技术技艺的创新者和实现者非对称人力资本资源和能力的租金；（2）在尚巧—老套、坚守—悖逆、求精—倦怠、合时—落伍、求长—近利匠心五维度的张力中，匠心租金沿着技艺起步、根脉植入、产品致用、引领当代、历久传世的路径而逐级获得；（3）在外化于形、内修于心、固化于制、货殖于市、业内翘楚中实现匠心租金的演化。本文与工匠精神学说、经济租金理论进行了对话，并援引组织张力学说发展了既有研究成果；建言管理者回归人本主义，获取和延续匠心租金，培育更多的“大国工匠”。
2023,选优扶强：老少边区特色农业“一县一业”格局何以形成——盐池滩羊的纵向案例研究,刘小峰;彭扬帆;徐晓军,农业产业化;“一县一业”;共同演化;选优扶强;影子案例,管理世界,0,中央一号文件连续多年提出培育和推动形成“一县一业”的发展格局。以县市为单位，老少边区产生了中国过半知名农业品牌并发挥了显著的富民效应。既有经济发展的制度研究主要关注农业产业化过程中政府与市场的互动模式，对农业经营活动的社会基础关注不足。作为乡村产业振兴的成功典范，宁夏盐池滩羊的纵向案例研究表明，老少边区特色农业“一县一业”格局形成是一个社会、市场和政府三者共同演化的建构过程。选优阶段依赖社会、市场与政府的互嵌机制培育地方“隐形冠军”，扶强阶段依赖社会、市场与政府的共振机制打造区域“单项冠军”。本文提炼了农业“一县一业”的选优扶强过程模型，同时为纵向单案例研究引入“影子案例”回应多案例复制逻辑的差异性发问做出了实践探索。
2023,卫生支出结构、个人健康投资与居民福利,王树森;杨澄宇,政府预防性支出;社会医疗保险;个人健康投资;居民福利,经济研究,0,新时代健康中国战略的根本目标是实现全民健康，而政府配置公共医疗卫生资源的方式对实现健康中国战略目标具有重大影响。本文基于两部门世代交叠模型，研究政府预防性支出占比和医疗保险报销比例对个人健康投资、居民健康和福利的经济影响及其作用机制，并通过数值模拟分析医疗卫生政策调整对卫生总费用、个人卫生支出、社会总消费及医保基金财政依赖程度的定量影响。研究发现，适度提高政府预防性支出占比不仅改善居民健康并提升福利，还能降低卫生总费用占GDP比重和医保基金财政依赖程度，增加社会总消费。在现有预算体制下，提高医疗保险报销比例能够降低个人自付医疗负担，但会对个人健康投资产生两种相反的激励效应，且负向激励占主导，导致个人健康投资水平随报销比例上升而下降。上述发现对持续优化政府卫生支出结构、有效实施健康中国战略提供了定量政策参考。
2023,企业社会责任与公司价值——基于ESG风险溢价的视角,史永东;王淏淼,社会责任;公司价值;ESG;偏最小二乘法;风险补偿;国有企业,经济研究,0,企业履行社会责任已成为自身可持续健康发展的核心竞争力之一，同时也是提升公司价值的重要手段，因此，投资者对ESG表现优异的公司要求更低的收益率，即ESG风险溢价现象。目前已有基于成熟资本市场的经验研究却发现了与该理论相悖的ESG正溢价现象。本文采用中证ESG指数数据，运用偏最小二乘法构建了新的ESG指标，从ESG风险溢价视角探究企业社会责任对中国上市公司价值的影响及其形成机制。研究发现，与成熟资本市场不同，中国市场存在独特的ESG风险溢价现象，即ESG组合与股票未来收益率之间存在明显的负向关系。在控制多个定价因子、横截面预测指标、替换ESG指标以及使用多种稳健性检验后上述结果仍然稳健。异质性分析表明，在套利成本、流动性约束、信息不确定性以及错误定价相对较低的股票中，ESG风险溢价更显著。经济机制分析显示，投资者对风险的预期尤其是对承受ESG风险所要求的风险补偿是ESG风险溢价存在的重要原因。本文还发现，ESG组合收益率溢价在国有企业股票中呈现出“同质偏低”的特征，这意味着国有企业具有更高的企业价值，也更有助于投资者抵御风险。本文将“中国元素”和“资本市场一般规律”有机融合，验证了ESG风险溢价理论，为探索建立具有中国特色的估值体系，尤其是把握国有企业估值逻辑，挖掘国有企业内在价值提供了新的思路。
2023,货币政策的自主性、有效性与经济金融稳定,易纲,货币政策;利率调控;汇率机制;跨周期调节;金融稳定,经济研究,0,"本文试图对我国货币政策调控作一个框架性的描述，说明其中的基本逻辑和运行机制。利率政策和汇率政策首先要遵循市场经济规律，这是保持经济金融稳定运行并从宏观层面抑制系统性金融风险的关键。两类政策不是并列关系，利率是货币政策的核心和纲，汇率在利率政策影响下由市场形成。货币政策调控首先要将国内目标放在首位，并为实现国内目标选择利率等最优政策，其次需创造良好环境，使汇率由市场决定。遵循上述思路，在近年来全球主要发达经济体利率大幅变化的环境下，中国的货币政策没有简单跟随，而是坚持“以我为主”,自主性和有效性明显上升。在调控中充分考虑时滞等复杂因素，在做好逆周期调节的同时，注重跨周期调节和跨区域平衡，在收紧和放松两个方向都相对审慎、留有余地，货币政策始终运行在正常区间，实际利率与潜在经济增速大体匹配。近年来人民币汇率弹性显著增强，提高了利率调控的自主性，促进了宏观经济稳定，经济基本面稳定又对汇率稳定形成支撑，外汇市场运行更有韧性，利率和汇率之间形成良性互动。总体上，中国的货币政策调控一直是比较主动的，以相对平稳、成本更低的自主货币政策操作，保持了经济金融体系稳定，应对了来自内外部的多重冲击，实现了较好的调控效果，促进了经济高质量发展。"
2023,跨境资本流动、金融摩擦与准备金政策分化,梅冬州;宋佳馨;谭小芬,准备金政策;金融市场摩擦;跨境资本流动,经济研究,0,近年来，新兴经济体国家积极地使用逆周期的准备金政策对宏观经济进行调节，而在发达经济体中准备金政策的重要性则不断下降，那么造成这种准备金政策使用分化的背后机制是什么?为了回答这一问题，本文构建了实证模型分析发达经济体和新兴经济体准备金政策的周期性特征，并讨论了资本流动与金融市场摩擦等因素如何影响一国准备金政策的制定。进一步地，本文构建了一个开放宏观经济模型，对外部冲击下准备金政策的作用机制进行梳理。研究发现，对于新兴经济体而言，负向的外部冲击下跨境资本大量流出致使金融中介部门的可贷资金减少、贷款利率上升，并在国内金融市场摩擦的放大作用下进一步引起一国信贷规模和产出水平的大幅收缩。此时，中央银行可以通过降低法定准备金要求向金融中介部门注入流动性，抑制企业融资成本的上升，而在发达经济体中准备金政策在应对外部冲击时的作用效果并不明显。反事实分析和福利分析的结果进一步表明，新兴经济体的国内金融市场摩擦和资本流动顺周期特征是影响准备金政策应对外部冲击有效性的重要因素。当一国的金融开放水平更高以及更倾向于使用固定汇率制度时，逆周期的准备金政策在遏制外部冲击传导上的作用效果也更强，从而将更有效地“熨平”宏观经济的波动。
2023,市场一体化对企业数字创新的影响——兼论数字创新衡量方法,胡增玺;马述忠,数字创新;自然语言处理;市场一体化;市场规模;市场竞争,经济研究,0,"数字创新是经济高质量发展的重要推动力量，全国统一大市场建设会放大数字创新的规模经济和创造性破坏效应，成为在科技创新领域被“卡脖子”困境下引领企业数字创新的关键。当前数字创新量化研究较少，本文创新性使用自然语言处理与机器学习交叉范畴的预训练语言模型，基于1985—2017年中国专利全文数据库和数字经济核心产业分类描述文本进行数字创新识别工作，并将识别到的数字创新与天眼查数据库匹配。之后，本文以全国统一大市场与数字创新之间的关键联系为切入点，基于数量和质量双重视角，探究市场一体化对企业数字创新的影响及其渠道。结果发现：市场一体化水平的提高可以显著促进企业数字创新“提质增量”,市场一体化带来的市场规模的扩大和市场竞争的加剧是影响企业数字创新的重要渠道，市场规模的扩大促进企业数字创新，而市场竞争对企业数字创新的影响是非线性的倒U型。本文首次为数字创新提供了创新的衡量方法，为后续研究奠定了微观基础。本文还为全国统一大市场建设以及技术创新市场导向机制的完善提供了重要的理论和经验证据。"
2023,共同股东网络与国有企业创新知识溢出——基于国有企业考核制度变迁的实证研究,赖烽辉;李善民,国有企业;民营企业;共同股东网络;创新溢出,经济研究,0,企业间通过股权网络产生联结是现代市场经济的重要特征。本文利用国有企业考核制度变迁作为其创新水平的外生冲击，探究共同股东网络对国有企业创新知识溢出的影响。研究发现，共同股东网络能够发挥知识溢出“内部化”机制，从而促进国有企业知识溢出提升民营企业的创新产出。这一促进作用在民营企业与国有企业的技术相似度和地理邻近度更高时更加显著。异质性分析表明，影响共同股东网络促进国有企业知识溢出效果的关键是民营企业自身知识吸收能力的强弱。对于不同出口导向程度的民营企业而言，共同股东网络均能较好地促进国有企业知识溢出提升其创新产出，但对出口导向程度高的民营企业促进作用更显著。进一步分析发现，以专利引用为特征的知识流动是共同股东网络促进国有企业对民营企业知识溢出的重要表现形式。最后，本研究还表明，共同股东网络促进国有企业知识溢出提高了民营企业的创新质量及其资本市场价值。本文丰富了共同股东网络与创新关系的研究，同时为国有企业在中国经济中发挥的基础性作用提供了经验证据，也对进一步推进国有资本布局优化具有重要启示。
2023,外需冲击、经济再平衡与全国统一大市场构建——基于动态量化空间均衡的研究,陈斌开;赵扶扬,全国统一大市场;外需萎缩;经济再平衡;动态量化空间均衡,经济研究,0,"建设全国统一大市场是构建新发展格局、推动经济高质量发展的基础支撑和内在要求。本文研究外需冲击和国内市场分割对中国经济增长和经济结构的影响，进而探讨建设全国统一大市场对中国经济高质量发展的潜在作用。基于动态量化空间一般均衡模型，本文在统一的理论框架下刻画了外需冲击、市场分割、经济增长和经济结构的关系，解释了金融危机前后中国经济增长率先升后降，以及产业结构、收入分配结构、消费储蓄结构“从失衡走向平衡”等重大宏观经济现象。研究发现，国内市场分割放大了外需萎缩对经济增长和经济结构的负面影响，全国统一大市场可以让经济增长率下降幅度减少2/3。本文进一步测算了产品市场和劳动力市场分割程度下降对经济增长和社会福利等方面的潜在影响，发现产品市场一体化对经济增长的推动作用更为明显，劳动力市场一体化则更有利于提升社会福利，二者均能促进经济高质量再平衡。本文的政策含义在于，构建全国统一大市场对促进经济增长和经济再平衡有巨大潜力，需要以改革释放制度红利，使各地区从“分割”走向“分工”,促进经济实现高质量发展。"
2023,由城镇化转向新型城市化：中国式现代化征程中的探索,洪银兴;陈雯,中国式现代化;城镇化;新时代城市化,经济研究,0,"城市功能不同于城镇。我国传统意义上的工业化、城镇化已基本到位。新时代的城市化不能限于农业剩余劳动力转移意义上的城镇化，而是要进一步解决城市本身的更新、升级和功能再造问题。其中包括：克服已经出现的“城市化病”,提高城市集聚经济水准，提升城市产业业态，推动城镇城市化。不同区域经济社会发展水平的差距与其城市化程度相关。欠发达地区经济相对落后的主要原因在城市化落后，即城市少，城市发展极功能弱，获取发展要素的能力弱。新时代城市化推动区域现代化主要涉及：在全国统一大市场建设中解决后发地区的“无城或少城”问题；中心城市的发展极功能由虹吸转向扩散；发展城市群经济。新时代城市化凸显城市的四大价值，即经济、创新、文化、生态价值，为城市和周边农村居民提供高品质生活的空间，引领居民消费水平的提升，满足居民经济、生活、生态、安全等方面需要。城市的经济价值在于其经济密度，单位城市面积有更高的产出。提升城市的创新中心价值也就是建设创新型城市。城市拥有的生态财富同时能够提升城市的经济价值。城市人的文明程度，富有吸引力的城市文化是城市的软实力。由城镇化转向城市化涉及进入现代化新征程后经济发展重点的重大转变，突出城市发展的作用。城市成为现代化的策源地，城市化的新内容成为发展的新动能。"
2023,中南财经政法大学会计学院简介,,,管理世界,0,<正>中南财经政法大学是中华人民共和国教育部直属的一所以经济学、法学、管理学为主干，兼有哲学、文学、史学、理学、工学、艺术学等九大学科门类的普通高等学校，是国家“211工程”高校和“985工程优势学科创新平台”项目重点建设高校，入选世界一流大学和一流学科建设高校及建设学科名单。
2023,机构投资者网络结构与公司创新：“潜在购买”的治理效应研究,罗荣华;王良;赵鹭,公司创新;机构投资者网络;非持股基金;潜在购买,管理世界,0,机构投资者如何促进公司高质量发展是理论界和实务界共同关心的重要问题。本文通过构建一个考虑基金网络结构特征的理性预期交易模型，对基金网络中非持股基金的公司治理效应进行了研究。本文研究证明，非持股基金能够从基金网络中获取上市公司关于创新活动的信息，并通过实地调研等方式和公司进行信息互动。非持股基金的这一活动能够缓解公司经理对创新活动可能拉低股价的担忧，进而激励公司选择高水平创新，也即非持股基金通过“潜在购买”机制发挥了公司治理作用。本文基于2007～2019年上市公司创新数据和基金网络结构数据，证实了理论模型预测的非持股基金的“潜在购买”治理效应。进一步分析显示，当基金网络中非持股基金拥有更高的购买能力和意愿时，“潜在购买”治理效应对公司创新活动有更强的激励效果。基于基金网络结构的增长规律，本文还发现，在“潜在购买”效应背景下，基金网络规模和公司创新活动水平之间呈倒U形关系，当调整后的持股基金网络规模超过2.4%这一临界值时，公司的创新投入反而下降。
2023,税收征管独立性与企业信息披露质量——基于国地税合并的准自然实验,刘贯春;叶永卫;张军,税收征管独立性;信息披露质量;国地税合并,管理世界,0,信息披露质量是保障资本市场高效运转的基石。本文以国地税合并为制度改革背景，基于2013～2020年非金融类上市公司数据，利用双重差分方法考察了税收征管独立性提升对企业信息披露质量的影响。研究发现，国地税合并显著改善了企业信息披露质量，而且该效应在改革力度大和地方政府税收干预强度高的地区以及经济地位低的企业更为凸显。进一步的机制检验表明，国地税合并显著提升了企业实际所得税税率并降低了其涉税违规次数，为税收征管独立性提升提供了经验证据。特别地，上述结论通过了平行趋势假设、调整研究样本、替换核心指标度量方式等一系列稳健性测试，而且与地方债管理体制改革、股指熔断机制、民营银行设立等其他同时期政策冲击无关。本文强调，国地税合并通过提升企业信息披露质量有助于降低企业管理层与外部投资者之间的信息不对称，进而为构建高效资本市场奠定制度基础。
2023,家族企业代际传承与数字化转型：激励还是抑制？,李思飞;李鑫;王赛;佟岩,家族企业;代际传承;数字化转型;风险承担;融资约束,管理世界,0,在新发展格局下，我国家族企业面临着代际传承和转型升级的双重挑战。代际传承的顺利进行是家族企业建立现代企业制度、弘扬企业家精神、实现可持续发展的关键；把握数字经济发展浪潮，积极推进数字化转型，是促进企业高质量发展的重要驱动力。在此背景下，本文以2010～2020年沪深两市家族企业为样本对代际传承与数字化转型的关系进行了研究，实证结果发现，代际传承会显著抑制数字化转型，而降低风险承担和加剧融资约束是产生上述效应的两个路径。通过比较数字化转型与企业传统创新的差异，本文发现，家族企业代际传承对数字化转型的影响要显著强于对企业传统创新决策的影响。进一步地，当家族企业规模较小、家族冲突较大、家族企业为直接创办，以及行业竞争激烈、货币政策紧缩、地区知识产权保护较弱时，代际传承对数字化转型的影响更为明显；而男性继承人，继承人的海外背景、数字化专业及金融背景则会弱化代际传承带来的影响。本文为代际传承影响家族企业战略变革的相关研究提供了新的经验证据，对家族企业科学制定数字化转型决策以及政府制定民营经济高质量发展和推动数字经济与实体经济深度融合的相关政策也具有一定的参考价值。
2023,基于移动支付的数字金融服务能为非正规就业者带来红利吗？——来自码商的微观证据,邓辛;彭嘉欣,数字金融服务;移动支付;非正规就业;数字红利,管理世界,0,技能、禀赋方面的短板和制度障碍使非正规就业者的发展受到诸多限制，也影响了我国就业市场的高质量发展。而数字经济的兴起，推动社会生产方式和发展模式发生重大变革，为非正规就业的发展创造了机遇。鉴于此，本文以移动支付市场的二维码线下收款场景为切入点，在动态均衡框架下，从理论和实证上研究了数字金融服务对非正规就业者这一长尾客群的影响。本文研究发现，基于移动支付平台的数字金融服务通过提高资金管理能力、缓解金融约束，有效提高了非正规就业者的收入，缩小了非正规就业者在规模、区域、个人禀赋方面的资源差异。上述结果对于数字中国建设工作的推进以及非正规就业治理具有重要的政策含义。
2023,劳动供给转变、有为政府作用与人工智能时代开启,郭凯明;王钰冰;龚六堂,人工智能;结构转型;有为政府;劳动供给;劳动收入份额,管理世界,0,人工智能技术革命是机器由在工业经济时代主要替代人的体力劳动转变为在数字经济时代主要替代人的脑力劳动的更深层次和更广范围的工业革命，本文研究了机器应用和劳动供给转变对生产结构转型和分配结构演化的影响。本文发现，只有在特定的经济结构中，机器应用、劳动供给转变或通用技术创新才能促进机器更多地替代人的脑力劳动，使得脑力密集型生产方式更多地替代体力密集型生产方式，进而开启人工智能时代。如果机器和人的替代弹性还不高，机器的脑力工作偏向型技术还不成熟，那么须发挥有为政府作用，通过加强数字基础设施建设实现结构转型升级的路径转换。为了稳定劳动收入份额，政府还应逐步加强机器收入税调节，形成工业革命红利由人民共享的新发展模式与效率和公平更加统一的新经济形态。
2023,内部流动形态如何影响人力资本增值？,彭秋萍;刘善仕;葛淳棉;周怀康;姜军辉;李宁,内部流动;异质性形态;人力资本增值;学习适应过程,管理世界,0,现有文献对于内部流动与员工人力资本增值之间关系尚未形成全面的理解，如何刻画内部流动异质性形态并考察其不同的人力资本增值效应或是未来研究的重点。通过跟踪国内某大型高科技企业的内部流动实践，本文结合纵向案例研究识别出内部流动的异质性形态并揭示其影响人力资本增值的作用机理。研究发现：（1）岗位职能异质性和团队角色核心性组合构成了边缘延续型、边缘发散型、核心拓展型和核心重构型四种形态。（2）个体经历上述形态时将分别引发迁移式、重置式、拓展式及重构式学习适应过程。（3）迁移式学习仅能使员工实现知识维持并出现人力资本停滞；重置式学习导致员工知识中断并发生人力资本贬值；拓展式学习、重构式学习分别有助于员工知识更新、知识突破，并实现人力资本增值。（4）作为重要的适应过程助力，非正式关系和先备知识在上述适应过程中发挥着积极的作用。上述发现突破了既有文献关于内部流动同质化的研究假定，识别出内部流动的异质性形态，深化了文献对内部流动的理论理解，推动了内部流动与人力资本增值关系的研究。有关结论为企业管理内部流动实践、个体获得人力资本增值提供了重要启示。
2023,农户自发性土地流转行为机制研究：仿真、验证与应用,熊航;江鹏;鞠聪;彭开丽,自发性农地流转;农村老龄化;城镇化;仿真模型;基于主体建模,管理世界,0,深刻认识农户的土地流转决策行为对于完善农地流转政策具有重要意义，而现有研究聚焦于流转结果，缺乏对流转决策过程和行为机制的深入考察。本研究利用仿真模型模拟城镇化和农村老龄化背景下农户开展土地流转的行为规则和动态过程，基于现实数据进行参数校准后的模型所输出的结果得到了样本村实际土地流转数据的验证，其在多个模拟场景下的初步应用为农地流转政策的制定提供了直观的参考。本研究揭示了异质性农户自发性土地流转的决策机制和自下而上农村土地集中化的发生机制，为在更为复杂条件下考察土地流转和土地集中的机理和演化过程提供了一个基准模型，也为开展农地流转政策实施效果的事前评估提供了一个有力工具。
2023,以融合促振兴：新型农业经营主体参与产业融合的增收效应,赵雪;石宝峰;盖庆恩;吴比;赵敏娟,产业融合;增收效应;新型农业经营主体;农业农村现代化,管理世界,0,新型农业经营主体是推动农村产业融合、推进农业农村现代化、促进乡村振兴的重要抓手。本文将新型农业经营主体参与产业融合的形式分为产业链延伸型、内部融合型、多功能拓展型、技术渗透型4种，利用全国农村固定观察点2017～2018年2983个调查数据，研究了新型农业经营主体参与产业融合对其收入的影响。研究发现，新型农业经营主体参与产业融合能够显著提升其收入，产业链延伸型、技术渗透型融合的增收效应尤为显著，且二者存在协同效应。机制分析表明，参与产业链延伸型和技术渗透型融合不仅有助于提升新型农业经营主体农业经营性收入和资产水平，而且有助于提升其转移性收入。此外，新型农业经营主体参与产业融合的增收效应在主体类型、经营类型、负责人能力和地区层面均表现出异质性。本文的研究结论丰富了产业融合促进增收的相关研究，也为探索新型农业经营主体提质增效、全面推进中国式农业农村现代化提供了参考。
2023,中国信息经济学乌家培资助计划,,,管理世界,0,<正>中国信息经济学会成立于1989年，致力在信息经济与信息管理领域搭建理论创新的桥梁，推动跨学科发展。学会创始人乌家培教授为中国著名经济学家，中国数量经济学会和信息经济学会创始人。为促进中国信息经济与信息管理领域的青年学者成长，并产生未来30年有国际影响力的理论创新成果，学会于2015年设立“中国信息经济学乌家培资助计划”，以表彰中国信息经济与信息管理领域青年学者的理论创新贡献。2016-2022年分别进行了第一至七届乌家培资助计划的评选。
2023,银行竞争与企业杠杆操纵,李晓溪;饶品贵;岳衡,银行竞争;杠杆操纵;违约风险,经济研究,0,基于中国银保监会网站金融许可证信息构建的地区层面银行竞争指标，本文研究银行竞争对企业杠杆操纵行为的影响效应及作用机理，发现银行竞争的加剧有助于降低企业杠杆操纵水平；为缓解潜在的内生性问题，采用2009年放宽分支机构设立管制的事件和份额移动法构造的Bartik工具变量，获得了一致的结果。进一步，异质性检验表明，银行竞争影响企业杠杆操纵的结果主要见诸融资约束较强和银企距离较为接近的样本，显示银行竞争通过缓解企业融资约束、加强银行监督动机，作用于企业杠杆操纵。经济后果方面，发现银行竞争加剧导致的企业杠杆操纵降低会减少未来违约风险。本文从银行竞争的视角提供了企业杠杆操纵行为影响因素和经济后果的研究证据，有助于厘清宏观金融环境之于微观企业杠杆操纵的自上而下的内在逻辑，同时对防范化解重大风险、推动金融发展有效服务于实体经济具有一定参考价值。
2023,北向资金与境内股票市场流动性——基于高频数据的传导机制,杨何灿;吴隽豪;杨咸月,北向资金;股票市场;流动性;传导机制,经济研究,0,资本市场流动性充足是建立全国统一大市场、促进国内与国际双循环相互协调发展的内在要求。如何利用北向资金提升境内股市流动性以更好服务实体经济迫在眉睫。本文采用2017—2021年沪深两市日数据，运用中介效应模型检验其传导机制。研究发现北向资金进出整体提高了股票流动性，得益于信息机制与竞争机制：北向资金具有示范效应，通过信息机制吸引境内投资者跟风；通过竞争机制引入内资对手盘，促进价格发现。但同时，北向资金也可能损害流动性：配置型持股通过筹码机制降低活跃交易；激进交易行为通过交易机制造成价格冲击。北向资金在极端行情中逆势交易承接流动性，展现出成熟市场理性投资者行为；在持续大幅进出阶段对流动性又具有割韭菜倾向。进一步提升境内股市流动性质量有待拓宽北向资金进入渠道、提高北向资金进入比例，对沪深两市采取差别化政策；抑制直接传导机制的负效应乃至将其转化为正效应；建立风险预警体系，防范化解北向资金进出过程中的风险；教育内资学习其对流动性逆势操作的成熟经验，提升风险驾驭能力。
2023,中国财政抉择弹性空间估计,李永友;杨春飞,可自主抉择空间;刚性支付危机;预算软约束,经济研究,0,扩大财政可自主抉择空间，提高财政政策应对各种不确定冲击的能力，稳定经济高质量增长，是当今各国面临的共同议题。本文基于Heller(2005)等经典定义，通过构建一个简化经济增长模型，立足中国经济和财政治理实践，估计了中国及其各省(自治区、直辖市)财政可自主抉择空间。结果显示，由于多年持续的积极财政政策，中国的财政可自主抉择空间自2016年就呈现出快速下降趋势，到2022年，已降至6%以下。脆弱的财政可自主抉择空间，使得财政应对外生冲击的能力变得非常有限，如果未来五年全球再次遭遇类似新冠肺炎疫情强度的外生冲击，中国财政可自主抉择空间不到2036年就会被完全耗尽，进入刚性支付危机。虽然在全国层面，中国目前还有一定的财政可自主抉择空间，但在地区层面，如吉林、重庆、湖北等部分地区，即使在2023年之后不再实施进一步减税降费和支出扩张，其财政可自主抉择空间也已趋近于0。防范刚性支付危机在局部地区爆发是中国财政治理应有的底线思维。本文的进一步研究表明，除了转移支付、债务限额管理等激励地方政府突破预算约束实施财政扩张的制度性安排，超目标增长冲动和晋升激励也是侵蚀财政可自主抉择空间的重要因素，面对不确定的内外部冲击，在积极财政政策更加有力的同时始终保持财政有一定可自主抉择空间，除了进一步发展金融市场，更重要的是持续提高支出效率。
2023,房地产税的宏观经济效应与分配效应研究,杨耀武;刘元生,房地产税;异质性世代交叠模型;宏观经济效应;收入和财富分配,经济研究,0,本文在一个引入房地产和居民抵押贷款约束的异质性个体世代交替模型中，加入消费税、资本所得税和劳动所得税以匹配中国的现实税制结构，并依据中国数据对模型参数进行了校准。在此基础上引入房地产税，研究房地产税的税率和免征额调整以及从消费税向房地产税的税制结构转换对宏观经济、收入和财富分配的影响。本文的主要研究结论如下：第一，普遍征收房地产税对消费同时存在收入效应和替代效应，最终影响要看两种效应的相对强弱；总产出则随着房地产税率的提高呈倒U型变化，而房地产和总财富分配差距则随着房地产税率的提高而扩大。第二，合理的免征额设置是实现房地产税改善收入和财富分配功能的关键。第三，在合理设置免征额基础上，实行税制结构转换可以更好地发挥房地产税改善收入分配的作用，同时也可以进一步促进消费。本文实现了在统一的理论框架内，同时研究房地产税的宏观经济与分配效应，有效解决了基于微观调查数据的静态模拟所存在的动态不一致问题，为房地产税改革可能产生的影响和税制设计提供了政策参考。
2023,“一带一路”倡议推动国际贸易的共享效应分析,张辉;闫强明;李宁静,“一带一路”倡议;共享效应;贸易网络;专业化生产,经济研究,0,共建“一带一路”是实践构建人类命运共同体重大理念的重要举措，旨在跨越不同地域、不同发展阶段、不同文明，为世界各国提供一个互惠共赢、共享发展的合作机遇。本文基于“一带一路”倡议形成的贸易合作网络，在控制了“一带一路”倡议的直接影响下，详细论证了“一带一路”贸易网络带来的发展机遇是否为世界各国共享。通过利用2010—2018年的全球双边贸易数据，结合Borusyak et al.(2022)偏离份额方法的分析框架，本文发现：“一带一路”倡议形成的贸易合作网络显著促进了各国的贸易出口。从理论机制来看，这种促进作用主要是通过降低各国的生产成本和提升各国的产品需求引致。与此同时，随着各国出口行为的转变，“一带一路”网络内部的贸易联系显著增强，各国分工模式趋于专精化，协调互补的合作模式提升了“一带一路”贸易网络的活力，“一带一路”共谋发展、成果共享的初心使命得以实现。
2023,平台经济的社会福利机制及其效果测算——来自外卖平台商户问卷调查的证据,蔡跃洲;顾雨辰,数字经济;平台经济;互联网外卖;社会福利;消费者剩余,经济研究,0,"梳理平台经济不同发展阶段社会福利影响机制，区分为“福利提升效应”和“福利分配效应”,并对应于互联网外卖平台不同阶段的福利变化。借助对入驻MT外卖平台200多万商户开展在线问卷调查所回收的9132份有效问卷，综合其他渠道宏微观数据，构造希克斯补偿支出函数，并拟合出含佣金的外卖平台供求曲线作为分析各主体福利变化的框架，从实证层面测算垂直领域代表性平台中各主体可货币度量的福利变化，并以此印证平台发展的社会福利效应及阶段性特征。结果表明：(1)互联网外卖平台通过提供数字化服务促进了商户营业流水和利润率的提升；(2)与传统线下餐饮相比，在交易额相同的情况下，互联网外卖中的消费者福利提升约27.79%,商户净利率和毛利率分别提高约1.5%和6.5%,平台及入驻骑手也获得可观收益；(3)从2020年互联网外卖的社会福利分配情况来看，消费者占据最大份额的社会福利，骑手和商户次之，平台收益最小；(4)当前，互联网外卖领域的福利分配状况更接近于社会福利最大化的情景，这与外卖平台尚处在补贴发展的阶段以及面临的激烈市场竞争有关，也间接印证了平台经济不同发展阶段的社会福利变化机制。社会各界应客观看待平台经济对社会福利的影响，基于科学测算做出判断；监管部门应秉持规范与发展并重理念，顺应互联网平台发展规律分类实施监管。"
2023,数字基础设施与代际收入向上流动性——基于“宽带中国”战略的准自然实验,方福前;田鸽;张勋,数字基础设施;代际收入向上流动;户籍制度;数字经济;共同富裕,经济研究,0,"作为数字经济发展的硬件基础，数字基础设施对经济效率的促进作用已得到广泛论证。那么，数字基础设施能否促进社会公平，尤其是能否促进以代际流动为代表的、更能体现发展机会的公平性与开放性的纵向公平?本文主要研究数字基础设施对农村人口代际收入向上流动的影响。首先，在新古典增长模型和代际收入流动分析框架基础上，从理论上探讨了数字基础设施对代际收入向上流动的影响以及作用机制，然后将“宽带中国”政策外生冲击与CFPS数据相结合，利用DID模型以及包括工具变量法在内的多种内生性分析方法从实证角度检验了这一影响，并探讨了其中的作用机制。研究发现：从劳动力供给侧来看，数字基础设施有助于提高父代对农村户籍子代人力资本投资的回报，减少农村户籍子代对父代社会资本的继承，即能够通过破解教育资源以及高水平社会资本对农村户籍子代的约束，实现对劳动力供给侧的数字化赋能。从劳动力需求侧来看，数字基础设施通过促进产业创新，提高市场化水平，增强社会监督，促进公平与法治，可以为农村户籍子代收入向上流动提供良好的“市场运气”,实现对劳动力需求侧的数字化赋能。本文为更好地理解新发展阶段的特征事实对代际向上流动的影响以及更全面地评价数字基础设施对公平和效率的作用奠定了理论和实证基础，也为政府进一步加强数字基础设施建设，促进数字经济发展，从而提高社会流动性、实现共同富裕提供了支持依据。"
2023,从小农户经营到规模经营：土地流转与农业生产效率,盖庆恩;李承政;张无坷;史清华,土地流转;规模经营;就业选择;资源误配;全要素生产率,经济研究,0,土地流转是中国农业生产实现从小农户到规模经营转型的关键。本文构建理论模型刻画了土地流转、农户就业选择与农业生产效率间的关系，强调土地流转不仅能直接提高农地配置效率，还通过影响农户就业选择和技术采用，间接提高农业全要素生产率，并估计了土地流转对农户转型和农业生产的影响程度。定量结果表明，若有效配置土地资源，农业生产将实现从小农户到规模经营的转型，农业全要素生产率还将提高71.02%。劳动力市场改革、农产品价格调整等均会影响农户转型和农业生产效率。
2023,气候转型风险与宏观经济政策调控,陈国进;陈凌凌;金昊;赵向琴,气候转型风险;碳税;绿色再贷款;宏观审慎,经济研究,0,"如何用好宏观经济政策进行气候治理并化解经济绿色转型带来的金融风险是平稳实现“双碳”目标的重要政策议题。本文构建了包含企业碳排放环境外部性和金融部门摩擦的新凯恩斯环境动态随机一般均衡模型(NK-E-DSGE),评估了碳税和绿色再贷款政策对宏观经济和金融稳定的影响及其作用机制，并进一步分析了对棕色和绿色资产的差异化宏观审慎监管在缓解气候转型风险中的作用。研究发现：(1)碳税政策有助于减少排放，推动产业低碳转型，但在短期可能引发“滞胀”,同时会大幅冲击棕色资产价格，威胁金融稳定，存在一定的转型风险；(2)绿色再贷款政策的减排效果弱于碳税，但有助于引导产业结构转型，刺激产出和投资，改善银行资产负债表，不易引发显著的转型风险；(3)碳税政策配合“棕色惩罚”和“绿色支持”的宏观审慎监管能够降低银行的气候风险敞口，有效缓解碳税引发的转型风险；(4)金融摩擦以及名义价格粘性是气候政策影响宏观经济和金融稳定的关键机制，金融摩擦越大、价格粘性越小，气候政策导致的宏观经济波动和转型风险越大；(5)碳税和绿色再贷款协调使用的效果优于单一政策，而宏观审慎监管能够进一步提高社会福利。"
2023,产业规模偏好与企业全要素生产率——来自省级政府五年规划文本的证据,王海成;张伟豪;夏紫莹,产业规模偏好;全要素生产率;产业政策;地方政府;文本分析,经济研究,0,"党的二十大报告强调要“推动经济实现质的有效提升和量的合理增长”,因而科学认识经济发展质和量的关系成为政策制定者和学术研究者共同关心的重大问题。本文基于中国省级政府“十五”计划至“十二五”规划文本，测算了地方政府的产业规模偏好，并考察了其对企业全要素生产率的影响。研究发现：(1)地方政府的产业规模偏好总体上降低了企业全要素生产率；(2)产业规模偏好通过降低资源配置效率、抑制市场竞争、阻碍企业进入降低了企业全要素生产率，但通过促进集聚效应提高了企业全要素生产率；(3)产业规模偏好带来的效率损失主要体现在国有企业、大规模企业、规模报酬递减行业和要素市场发育程度较低地区企业；(4)虽然产业规模偏好带来一定的效率损失，但有效增加了企业层面的投资、销售收入和税收。本文对于新发展阶段更好统筹质的有效提升和量的合理增长、进一步优化地方政府产业政策设计有着重要启示。"
2023,习近平经济思想研讨会在中山大学岭南学院成功举办,,,经济研究,0,"<正>党的十八大以来,以习近平同志为核心的党中央对经济形势进行科学研判,对发展理念和发展方式做出适时调整,围绕“实现什么样的发展、怎样实现发展”这一重大问题,提出了一系列治国理政新理念新思想新战略,形成了习近平经济思想。习近平经济思想体系严整、内涵丰富、博大精深,是习近平新时代中国特色社会主义思想的重要组成部分,是中国共产党不懈探索社会主义经济发展道路形成的宝贵思想结晶,是马克思主义政治经济学在当代中国、二十一世纪世界的最新理论成果,是我国经济高质量发展、全面建设社会主义现代化国家的科学指南。"
2023,社会网络、技能提升与就业地选择,孙晓华;郭旭;范世龙,社会网络;正式网络;非正式网络;劳动者技能;就业地选择,经济研究,0,在中国城市化和工业化快速推进的过程中，拥有不同生产能力的异质性劳动者在城市间的分布并不均衡。探究劳动力技能提升和就业地选择的内在驱动力，是“以人为核心的高质量发展新时期”促进劳动要素空间优化再配置的关键。本文以双重社会网络分类及属性解析为基础，构建社会网络影响就业与生产决策的两阶段模型，从理论上探究正式网络的技能提升效应与非正式网络的就业地选择效应。经验研究中，以中国综合社会调查(CGSS)的微观数据为样本，通过社会网络指数的维度刻画与识别，进行实证检验。结果发现：(1)正式网络有利于提高劳动者技能水平，非正式网络能够影响个体就业地点的选择，降低异地就业的倾向，利用工具变量方法克服内生性问题以及稳健性检验都保证了研究结论的一致性；(2)正式网络激发了劳动者业余时间的学习交流和信息获取，非正式网络则提供了就业扶持和生活幸福感，二者分别作用于技能提升和就业地选择；(3)与小规模城市相比，大城市的规模经济优势更有利于正式网络下的知识溢出，使得劳动者技能水平整体改善，而大城市的排他性也造成了低技能劳动力退出的就业地选择效应。
2023,中南财经政法大学会计学院简介,,,管理世界,0,"<正>中南财经政法大学是中华人民共和国教育部直属的一所以经济学、法学、管理学为主干,兼有哲学、文学、史学、理学、工学、艺术学等九大学科门类的普通高等学校,是国家“211工程”高校和“985工程优势学科创新平台”项目重点建设高校,入选世界一流大学和一流学科建设高校及建设学科名单。会计学院是学校品牌优势学院,入选首批“全国党建标杆院系”培育单位,现已拥有国家级重点学科、国家级特色专业、国家级一流专业、国家级教学团队、财政部重点学科、中国会计史文博馆等品牌。"
2023,财政纵向失衡、地方激励异化与企业投资,蔡庆丰;陈熠辉,财政纵向失衡;企业投资;地方激励异化;公共池效应;预算软约束,管理世界,0,在“收入集权，支出分权”的制度背景下，地方政府的财政纵向失衡可能引发地方激励异化，进而对辖区内企业的投融资决策产生影响。本文以2007～2019年中国A股上市企业为样本，实证检验表明地方政府财政纵向失衡会显著提升区域内企业的投资支出水平。机制检验表明，政策扶持力度增强和土地价格上升是财政纵向失衡影响企业投资支出的正向渠道；而财政纵向失衡带来的政府投资增加是影响企业投资支出的负向渠道。异质性检验发现，财政纵向失衡对企业投资的促进效应在国有企业、大规模企业、低市场化程度地区和高经济竞争地区更加明显。此外，财政纵向失衡对企业投资的促进效应是偏离最优效率水平的，主要体现在增加了企业的过度投资水平。本文的研究发现揭示了各层级政府间的财政关系影响辖区内企业决策的微观机制，将有助于理顺政府与市场关系，助力地区经济高质量发展。
2023,信贷约束下的农业保险需求高估问题：理论解释与经验证据,易福金;燕菲儿;王金霞,农业保险;需求;保费补贴;信贷约束,管理世界,0,农业保险有效需求是中国农业保险可持续发展的基石。面对农村金融市场发育滞后的现状，信贷约束在一定程度上限制了农户对农业保险的支付能力，削弱了农业保险的实际需求，进而降低了每年财政资金补贴保费的使用效率。本文以旱灾为例，构建农户跨期经营决策模型，利用北京大学中国农业政策研究中心在河南、河北两个农业大省9个县开展的为期15年跟踪调查数据，通过显示性偏好方法探讨了农村广泛存在的信贷约束对农业保险需求的影响。结果表明：（1）忽视信贷约束使得农业保险的真实需求被严重高估；（2）在不完善的农村信贷市场中，政府的保费补贴政策对农业保险购买意愿拉动作用有限，尤其难以达到无信贷约束下的需求水平，导致财政补贴农业的效率降低。换句话说，进一步完善农村信贷市场以激发农业保险需求，有助于提升财政支持农业保险市场发展的效率。
2023,国债流动性效应与财政货币政策配合机制,张成思;刘瑶琚;王芳,流动性冲击;国债流动性;货币政策;财政政策;财政货币政策配合,管理世界,0,国债兼具财政和金融功能，对财政货币政策协调配合意义重大。从政策角度看，国债和货币是反映宏观政策调控行为的核心变量，从流动性角度看，两者又是经济体中最具流动性的金融资产。本文创新性地将货币和国债同时引入资产流动性摩擦的新凯恩斯DSGE模型中，以期基于更丰富的信息集来刻画中国宏观经济运行特征，用以分析流动性冲击下财政货币政策的协调配合机制。运用中国数据对模型系统进行校准和贝叶斯估计发现：在流动性冲击下，单独使用盯住资产流动性的货币政策会引发公共流动性供给总量收缩和流动性溢价攀升的问题，而盯住流动性溢价的税率政策不仅能够通过增大国债供应提高公共流动性供给总量，还通过缓解经济体对流动性的需求稳定了流动性溢价，因此能够配合货币政策更好地应对流动性冲击。本文研究有助于理解单一宏观政策在应对流动性冲击时可能存在的局限性，并为财政货币政策协调配合提供了新的参考思路。
2023,供应链金融如何促进供应链低碳发展？——基于国网英大的创新实践,宋华;韩梦玮;胡雪芹,资源编排理论;协同演进理论;供应链金融;供应链低碳发展;案例研究,管理世界,0,供应链金融被认为是在产业生态层面落实“双碳”目标的有效途径。本文从资源编排理论和协同演进理论视角出发，以国网英大为研究对象，探究了供应链金融助推供应链低碳发展的过程以及金融服务提供商发挥的功能。研究发现，供应链金融作为一种动态服务过程，其通过协助组合低碳资源、推动形成低碳能力、促进创造生态价值3个环节助推供应链低碳发展。供应链金融通过发挥激励、赋能和使能的“三元作用”，推动由企业低碳承诺能力，到供应链低碳联结能力，再到生态低碳一致能力的跃迁。而金融服务提供商在此过程中通过对自身资源和能力的编排，先后发挥了信用中介、服务中介和价值中介的递进式“三重中介”功能。本文丰富了低碳发展情境下企业资源能力协同演进路径和+供应链金融作用机理研究，并且深化了金融服务提供商功能领域的探索。
2023,计算实验金融工程：大数据驱动的金融管理决策工具,张维;林兟;康俊卿;熊熊;张永杰,大数据;金融管理决策;计算实验金融工程;微观行为;复杂异质交互,管理世界,0,在大数据时代，金融系统更清晰地呈现出由其微观单元之间的适应性交互形成的复杂系统内在本质。但传统金融理论受限于数学可解性，常利用理性经济人等假设简化金融系统的一些微观因素，致使理论模型难以捕捉诸多真实金融异象和风险事件，制约了理论的发展及其工程化应用。而今，金融系统的微观因素相关研究取得了重大突破，使得从微观主体异质行为及其交互出发的“自底向上”建模、以及相应的新型管理工具成为可能。这些研究推动了由大数据驱动的计算实验金融学、以及基于此的“计算实验金融工程”管理工具的发展。本文通过建立具有包容性的形式化概念模型，对传统金融和计算实验金融的逻辑和方法论进行阐述和比较，尝试在两者之间搭建对话桥梁。同时在上述模型框架下，通过示例展现了大数据驱动的计算实验金融如何拓宽金融科学理论的发展，并为金融实践中的管理决策带来新工具。
2023,当创意遇到智能：人与AI协同的产品创新案例研究,吴小龙;肖静华;吴记,产品创新;人工智能;人机协同;启发式验证,管理世界,0,随着市场供给的竞争加剧和消费需求的快速多变，企业既希望能创造原创性的产品，又希望能高效匹配用户的异质需求，二者兼顾对产品创新而言是巨大挑战。然而，AI的出现为应对这一挑战提供了条件。本文基于一家智能创意广告企业的案例研究发现，在复杂多变的环境下，人与AI的协同既能有助于实现创意的多样化，又能有效匹配用户的异质需求，据此提出人与AI协同的产品创新模式。研究表明：（1）大数据构成人与AI协同的产品创新资源基础，AI智能设计、联合计算和即时分析构成人与AI协同的产品创新能力基础；（2）产品创意智能化、异质匹配与市场洞察、产品创意更新构成人与AI协同的产品创新过程机制；（3）人与AI的协同不仅有助于促进产品创意与用户异质需求的匹配，还有助于启发人的创意思维，从而实现创意与效率的平衡。由此，将现有AI作为产品创新辅助工具的研究拓展为AI作为创新主体与人协同创新的研究，提出人与AI协同的产品创新启发式验证，区别于以往研究的经验验证与数据验证而形成创新，丰富数字经济时代的产品创新理论内涵，为企业应对产品创新中创意与效率的兼顾难题提供启示。
2023,中国信息经济学乌家培资助计划简介,,,管理世界,0,<正>中国信息经济学会成立于1989年，致力在信息经济与信息管理领域搭建理论创新的桥梁，推动跨学科发展。学会创始人乌家培教授为中国著名经济学家，中国数量经济学会和信息经济学会创始人。为促进中国信息经济与信息管理领域的青年学者成长，并产生未来30年有国际影响力的理论创新成果，学会于2015年设立“中国信息经济学乌家培资助计划”，以表彰中国信息经济与信息管理领域青年学者的理论创新贡献。2016-2022年分别进行了第一至七届乌家培资助计划的评选。
2023,现代化新征程中农业发展范式的创新——兼论中国发展经济学的创新研究,洪银兴;杨玉珍,农业农村现代化;乡村振兴;农业发展范式,管理世界,0,农业农村现代化是中国式现代化的重要方面，其理论范式也是中国发展经济学的重要内容。在全面建成小康社会基础上推进农业农村现代化的具体目标是：以农业高质高效为目标的农业现代化；以乡村宜居宜业为目标的乡村振兴；以农民富裕富足为目标的农民现代化。实现农业现代化的关键是发展范式的创新或转变：由非农发展的带动转向农业农村优先发展；由追求农业剩余范式转向品质加附加值模式；农业发展基本要素由土地和劳动力转向科技和人力资本等现代要素；城市化的内涵转变为在农村城镇创建相当于城市水准的现代生活条件。发展范式这4个转变在推动农业农村优先发展的同时能够实现农民的富裕富足。农业农村现代化发展新范式可以溯源到发展经济学的一般理论，但中国的农业农村发展范式的创造体现中国式现代化道路的新拓展，是中国发展理论对发展经济学新进展的新贡献。
2023,关系治理、契约治理与农业产业生态系统演进,于滨铜;王志刚,关系治理;契约治理;SES分析框架;农业产业生态系统;纵向案例研究,管理世界,0,"农业产业生态系统的建立与发展是促进中国农业产业化、现代化和带动乡村振兴的重要抓手，但鲜有文献关注治理机制对其发展演进的重要影响。本文基于社会生态系统（Social Ecological System,SES）分析框架，构建了农业产业生态系统理论框架，在此基础上建立行动主体跨期博弈模型，剖析了关系和契约治理机制在系统发展不同阶段治理绩效的相对变化及其对系统演进的影响，并基于国家级重点龙头企业开原胜利牧业主导下的农业产业生态系统进行了案例分析。理论结合案例分析表明：农业产业生态系统演进路径呈现关系治理不断减弱、契约治理不断增强的绩效特征；发展初期，关系治理对促进农业产业生态系统的合作化建立起到主要作用；发展中期，关系治理与契约治理优势互补、纵向嵌合形成协同治理效应，对促进产业化快速深入发展起到关键作用；发展成熟期，契约治理基于系统演进情境不断优化设计，拓展有限理性，对促进产业化稳固可持续发展起到主导作用。本文研究发现丰富了农业产业生态系统理论内涵，揭示了农业产业化发展进程中治理机制动态调适的优化规律，拓宽了产业化集体行动研究的理论边界。"
2023,双循环技术溢出视角下中国产业技术进步的网络效应研究——基于全球生产网络下的全要素生产率增长与传导测算,刘维林;程倩;余泳泽,全球生产网络;全要素生产率;技术溢出;双循环;空间时变随机前沿,管理世界,0,全球生产网络的技术溢出传导效应打破了技术进步的独立性假设，而以往全要素生产率测算较少考虑网络循环效应的影响。本文构建了一个多部门一般均衡模型来考察技术进步的网络传导效应，结合“空间—时变”随机前沿参数估计方法和国内国际循环外溢乘数的分解，实证考察了双循环条件下国家和产业层面的全要素生产率增长及其溢出效应。研究发现，考察期内中国的全要素生产率增速呈逐渐放缓态势，其中国际循环的网络效应在金融危机后受全球价值链收缩的冲击较大，而国内循环的网络效应则为产业技术升级提供了重要的内生动力，制造业是中国全要素生产率增长的重要引擎，中国技术进步的网络效应对全球全要素生产率增长的贡献呈上升趋势，说明中国不仅是世界经济增长的引擎，也是推动世界技术进步的重要引擎。
2023,银行业监管处罚效应研究,明雷;黄远标;杨胜刚,监管处罚;银行风险;审慎监管;异质性,经济研究,0,监管处罚作为审慎监管的重要组成部分，对防范化解银行个体风险和系统性风险均具有重要作用。本文基于2007—2020年中国银行业微观数据，考察了银行业监管处罚对银行个体风险的影响。研究发现：监管处罚显著抑制了违规银行风险，有利于维护银行系统稳定。特别是在2015年《中国银行业监督管理委员会行政处罚办法》修订后，对银行风险防范起到重要作用。在此基础上，本文从时间和空间两个维度分析了监管处罚有效性，发现监管处罚的风险抑制作用不仅具有长期效应，还能起到“杀鸡儆猴”的警示效应。进一步研究表明，银行的规模和国有属性会弱化监管处罚的风险抑制作用，而在存款保险制度实施之后这种弱化作用有所减小。此外，搭配经济类处罚或纳入机构为主体的处罚措施实际效果会更好。但监管处罚也存在对高风险银行处罚不足，而对低风险银行处罚过度的问题。本文丰富了监管处罚有效性的内涵，为建立防范化解银行风险的长效机制提供了理论支持。
2023,固定资产折旧、税收筹划与异常投资,刘贯春;叶永卫;陈肖雄;张军,税收筹划;异常投资;等待期权;加速折旧政策,经济研究,0,观察中国非金融类上市公司的季度数据可知，企业固定资产投资更多发生在第4季度，即存在“异常投资”行为。针对这一特征事实，本文试图从税收筹划视角进行解释。基于两期投资模型的理论表明，给定固定资产折旧具有税收规避功能，企业推迟投资并在获取更多财务信息后再做投资决策，相当于持有一项“等待期权”。企业经营不确定性越大，“等待期权”价值越高，年末投资以降低所得税负担的动机越强。进一步，基于加速折旧政策出台的双重差分估计结果显示，加速折旧政策显著弱化了试点行业的“异常投资”行为，而且该效应在盈利能力强、所得税税率高、财务信息不确定性高和劳动密集型的企业相对较小。特别地，试点行业在加速折旧政策实施之后的资本配置效率得到显著改善，尤其发生在“异常投资”程度高的企业，这反映出“异常投资”行为在帮助企业实现税收规避的同时，会损害其长期绩效。本文强调，理解企业的税收筹划动机对于推动财税政策改革以助力投资提质增效具有重要启示意义。
2023,碳排放规制、企业减排激励与全要素生产率——基于中国碳排放权交易机制的自然实验,胡珺;方祺;龙文滨,碳排放权交易;碳市场机制设计;企业减排激励;全要素生产率,经济研究,0,碳排放权交易机制作为中国绿色发展战略的重要抓手，能否切实对企业形成减排激励备受关注，也是理论研究亟须探究的重要命题。本文通过手工整理中国各试点碳市场的控排企业名录，从企业生产效率视角对上述命题进行了解析。研究发现：碳排放权交易机制显著提升了控排企业的全要素生产率，但该市场机制还未产生积极溢出效应，试点地区和同行业非控排企业的全要素生产率都未发生显著变化。进一步研究发现：当碳市场的初始配额实施部分竞价拍卖、采用基准法核算、非履约主体交易更为活跃，以及产品市场竞争程度更高、企业市场定价能力相对更低时，碳排放权交易机制对企业全要素生产率的积极作用会更为明显。此外，碳排放权交易机制还显著降低了控排企业的资源错配程度，提升了绿色生产投入和技术创新产出。本文从企业生产效率视角揭示了中国碳市场建设的微观经济效应，研究结论对于国家统一碳市场建设和绿色发展战略的深化都具有重要参考意义。
2023,共同机构持股与企业ESG表现,雷雷;张大永;姬强,共同机构持股;ESG;企业社会责任;协同治理;反垄断,经济研究,0,企业的环境、社会与公司治理(ESG)表现正在成为全球主流投资策略，然而其背后的投资机理尚未形成共识。本文将企业ESG投入引入生产决策模型，从共同机构持股的微观视角提出可能存在企业协同治理和合谋舞弊两种对立的机制，利用2007—2019年中国A股2371家上市企业的数据对上述机制进行了验证。结果表明，共同机构持股会显著降低企业的ESG表现，从而支持合谋舞弊的观点，其背后的原因是共同机构持股会提升企业市场垄断地位，减弱企业ESG投入的内生动力和压力。研究还发现，共同机构持股对企业ESG的负向影响主要由主动型机构投资者中的基金驱动，而长期机构投资者对企业ESG表现无显著影响。最后，共同机构持股对ESG表现的负面效应主要通过环境、公司治理以及产品三个维度呈现。本文不仅为ESG投资提供了一个理论框架，也同时在反垄断与资本市场如何助力企业可持续发展方面具有重要的政策参考意义。
2023,上市公司精准扶贫信息披露对基金投资的信号作用,张学勇;冯盼盼;魏旭,精准扶贫;社会责任;信号;基金投资,经济研究,0,借助我国2016年系列精准扶贫政策，并基于不完全信息动态模型，本文从理论与实证两方面考察了上市公司披露精准扶贫对基金投资的信号作用。研究发现：上市公司披露精准扶贫确实能够对基金投资产生积极的信号作用，且作用效果不因精准扶贫方式而改变；对于民营企业，这一信号作用更为显著；随着时间的推移，精准扶贫披露对基金投资的信号作用由于企业模仿现象的加剧而逐渐减弱甚至消失。本文对影响机制进一步剖析发现，公司披露精准扶贫向消费者传递了积极的信号，进而增加公司销售收入和利润，基金确实能够认识到这一信号传递机制并进行投资，并且投资于精准扶贫公司对基金的业绩和资金净流量均有显著的正面影响。本文证实企业披露精准扶贫传递了积极的信号，为深入挖掘企业精准扶贫的内在动机、解决信息不对称问题、汇聚企业力量扎实推进共同富裕提供了重要启示。
2023,房价对家庭债务和财富分布的影响：理论机制与应对策略,孟宪春,住房价格;家庭债务分布;家庭财富分布;异质性家庭,经济研究,0,当前住房和房贷分别是中国家庭资产和负债的主要构成部分，那么房价如何影响家庭债务和财富分布?本文基于动态一般均衡框架对这一问题进行了系统研究，结果表明：信贷驱动型房价上涨会产生两方面影响。一方面会使部分具有购房能力家庭通过配置房产跃升为财富水平更高家庭，增加负债家庭中高收入群体比重，促进家庭债务和财富分布结构优化。另一方面，会提高新增购房家庭配置房产难度并引发购房家庭中低收入群体债务扩张的乘数效应，降低其财富分配权重，抑制家庭债务和财富分布结构优化。数值模拟结果表明，后者的作用效果更强。收入驱动型和需求驱动型房价上涨能够提高购房家庭中低收入群体的财富分配权重，起到改善家庭债务和财富分布结构的作用。政策应对方面，“家庭负债收入比”可以作为区分房贷扩张“好”与“坏”的信号变量，盯住其对房贷供给进行动态监管，在一定程度上既能抑制具有潜在金融风险的“坏”房贷繁荣，也能保障家庭用于改善资产状况和提高效用水平的“好”房贷需求。
2023,中国劳动和资本税收负担及分配效应,汪昊,劳动税负;资本税负;税收归宿;收入分配;一般均衡,经济研究,0,正确处理劳动和资本的分配关系，实现共富裕，是中国式现代化的重要特征。税收是调节劳动和资本收入分配的重要制度。各项税收最终被劳动和资本负担，并影响收入分配。本文基于一般均衡税收归宿理论和模型，全面测算了我国2002—2018年间各项税收对劳动和资本形成的税收负担及对我国要素收入分配的影响，结果显示：我国资本税负一直高于劳动税负，2008年国际金融危机后，资本税负上升，劳动税负下降。其中，劳动的间接税负担持续下降，劳动的直接税负担持续上升，劳动总税负呈下降趋势；资本的直接税负担远低于资本的间接税负担；在各项间接税中，企业所得税最有利于降低劳动税负、增加资本税负。税收的要素分配结果显示：间接税具有提高劳动收入份额、降低资本收入份额的作用，直接税则相反，综合来看，税收总体上有利于劳动收入份额提高；企业所得税对提高劳动收入份额贡献率最大，年平均贡献率达到66.22%。
2023,互联网平台化组织模式对企业创新的影响研究,欧阳耀福,互联网平台;创新;收费模式;社会福利,经济研究,0,互联网平台已经成为数字经济的主要组织模式，但互联网平台化组织模式如何影响企业创新仍不明晰。为此，本文构建了互联网平台、生产企业和消费者的三方博弈模型，研究互联网平台化组织模式对企业创新的影响。研究发现，当互联网平台收取会员费时，互联网平台的出现会提高加入平台的线上生产企业创新水平，降低不加入平台的线下生产企业创新水平。互联网平台的出现可以提高社会福利，但与社会最优相比，市场均衡创新水平仍偏低。随着互联网平台覆盖的市场范围扩大，互联网平台对线上生产企业的创新促进作用越大。相较于会员费，平台收取交易费会降低生产企业的创新水平。当平台收取的交易费较低时，互联网平台仍可以提高线上企业创新水平，但当平台收取的交易费过高时，互联网平台反而会降低线上企业创新水平。本文结论表明，政府应继续鼓励互联网平台化组织模式的发展和深化，推动互联网平台化组织模式与企业创新的良性互动，并重点关注平台收取过高的交易费。
2023,中国制造业技术进步方向的识别与估计,尹恒;李辉;张道远,技术进步方向;生产率;企业异质性;结构估计,经济研究,0,"技术进步方向是决定经济增长和要素分配的关键因素之一。然而目前学界对于技术进步方向的定量研究仍然十分欠缺。本文尝试在生产函数中同时引入希克斯中性生产率和劳动增强型生产率，直接在微观层面识别和估计技术进步方向。综合使用1999—2016年中国工业企业数据与全国税收调查数据的估计结果显示，样本期内中国制造业技术进步具有明显的偏向性特征：劳动增强型生产率增速保持稳定，年均增长10%,带动产出年均增长1.0%;希克斯中性生产率带动产出年均增长2.5%,但金融危机过后尤其是2011年后增速明显放缓。这意味着随着时间演进，有偏技术进步对产出的相对贡献不断提高，并在样本后期成为产出增长的主要源泉。估计结果还显示，制造业效率的提高主要源于企业自身成长，行业内资源配置的贡献有限，配置效率仍然存在较大改善空间。本文刻画了21世纪近20年中国制造业技术变迁的整体图景，可以为新常态下推动技术创新、促进高质量发展的政策选择提供重要的经验支撑。"
2023,中国经济双循环的贸易利得分析,张少军;方玉文;李善同,贸易利得;双循环;多部门投入产出模型,经济研究,0,加快构建以国内大循环为主体、国内国际双循环相互促进的新发展格局，是以习近平同志为核心的党中央根据我国发展阶段、环境、条件变化，审时度势作出的重大决策。贸易利得是一国内外循环态势的重要指标。本文基于多部门投入产出联系的贸易利得量化模型，结合核密度估计和马尔科夫链，测算了1987—2017年中国经济双循环的贸易利得，研究发现：第一，中国内循环的贸易利得呈下降趋势，中国外循环的贸易利得呈先上升后下降的趋势；但中国内循环的贸易利得依然大于外循环的贸易利得；第二，相对于外循环，中国内循环贸易利得的持续能力、空间关联效应和升级潜力都更大；第三，中国内循环贸易利得和外循环贸易利得之间，不存在正向的空间关联效应。在习近平经济思想指导下，统筹对内开放和对外开放，打通双循环之间的堵点，有助于实现双循环贸易利得的良性互动，加快形成以国内大循环为主体、国内国际双循环相互促进的新发展格局。
2023,中国宏微观资本回报率的融合研究,陈英楠;张智威;刘仁和;周舒渲,宏观资本回报率;微观资本回报率;资本边际转换率,经济研究,0,"Bai et al.(2006)和CCER“中国经济观察”研究组(2007)为中国宏微观两种数据来源的资本回报率研究奠定了方法论基础，但沿用上述两种方法开展后续研究存在两个有待解决的问题：第一，相似对象下两种方法的宏微观资本回报率测算结果不相等；第二，不同对象间两种方法的宏微观资本回报率测算结果不可比。本文从Cochrane(1991,1996)的资本回报率定义出发，利用投资的q理论构造单一测算思路——资本边际转换率测算方法，将宏微观两种数据来源的资本回报率融合在“资本回报率=资本边际转换率”的经济意义下，实现相似对象的宏微观资本回报率测算结果相等，并将不同对象宏微观资本回报率的对比建立在可比的资本边际转换率基础上。可以证明，Bai et al.(2006)和CCER“中国经济观察”研究组(2007)两种方法分别是本文方法在一定假设条件下的特定应用。综上，本文方法为未来中国资本回报率的相关研究提供了新的方法论基础，可以有效替代Bai et al.(2006)和CCER“中国经济观察”研究组(2007)两种方法。"
2023,以高质量发展实现中国式现代化推进中华民族伟大复兴不可逆转的历史进程,刘伟;范欣,中国式现代化;高质量发展;中华民族;伟大复兴;不可逆转,管理世界,0,以中国式现代化实现中华民族伟大复兴，不仅是中国共产党人做出的一项重大理论创造，也是党和国家立足于社会主义现代化建设的重大实践总结。综观世界现代化的发展历程，不同国家的现代化不仅具有现代化的共同特征，也具有特殊的实践路径，致使现代化进程中既有不可逆转的成功案例，也有逆转的经验教训。作为后发的现代化，中国式现代化取得了伟大的历史性成就，是理论基石、经济基础、制度保障三者有机统一、互为助力的结果。新时代新征程，百年未有之大变局加速演进带来的世界之变、时代之变、历史之变深刻塑造了当前中国发展的内外部环境，战略机遇的内涵发生了新的变化。为此，中国共产党人应增强忧患意识，坚持底线思维，主动作为、迎难而上，在始终遵循“五个坚持”重大原则的基础上，以加快构建新发展格局、着力推动高质量发展来建设社会主义现代化强国，以期实现中华民族伟大复兴的宏伟目标。
2023,数字化背景下中国货币政策利率传导效率研究——来自数字消费信贷市场的微观证据,尹振涛;罗朝阳;汪勇,货币政策;利率传导;数字消费信贷;数字金融;金融科技,管理世界,0,数字经济的快速发展及数字技术的广泛应用深刻改变了金融市场结构与金融运行特征，对货币政策利率传导效率也产生了重要影响。本文利用2018～2020年国内某头部助贷机构的数字消费信贷微观数据，首次实证考察了中国货币市场利率在数字消费信贷市场上的传导效率。研究发现，数字化背景下我国货币政策利率能够有效传导至数字消费信贷市场，表明该市场具有正规金融的属性。异质性分析发现，货币市场利率对数字消费信贷市场高信用借款者、贷款期限更长产品的利率影响更大，表明该市场具有明显的信用溢价和违约风险溢价特征。进一步分析发现，以中期借贷便利为代表的中期政策利率以及货币政策利率处于货币政策紧缩期对数字消费信贷利率具有更高的传导效率，数字消费信贷市场同样存在货币政策的风险承担渠道。本文研究对疏通货币政策利率传导机制、健全现代货币政策框架以及对微观市场的监管具有重要现实意义。
2023,新发展格局下出口产业结构升级的汇率机制,陈瑶雯;莫敏;张桢林;范祚军,汇率波动;出口产业结构;可计算的一般均衡模型,管理世界,0,提高出口产业水平是高质量参与国际经济循环的关键，汇率是重要的考量要素。本文从汇率波动与产业发展的理论关联切入，结合汇率不完全传递理论与产业结构的关系，分析汇率波动对出口产业结构的影响机理，进而构建动态可计算一般均衡模型，模拟人民币汇率分别贬值1%～10%的情景，着重分析人民币汇率贬值5%时对中国出口产业结构的影响和作用大小。研究结果表明，人民币汇率升值（或贬值）对产业的影响存在异质性，3%～5%的人民币汇率波动范围对中国出口产业发展而言最有利。本文的研究意义在于，厘清人民币汇率波动如何影响中国出口产业结构优化，基于中国出口产业结构调整结果把握人民币汇率波动方向和幅度的合理范围，为新发展格局下中国出口产业结构升级的汇率机制及出口产业汇率政策的制定提供参考。
2023,数据驱动下共享出行资源配置的双层博弈问题研究,孙会君;杨爽;吕莹;高自友,共享出行;多主体;政企治理;数据驱动;双层规划,管理世界,0,依托互联网技术和共享经济，共享出行成为了一种流行的交通服务模式。在复杂市场环境中，共享企业如何在政府监管下更好地服务用户，非常值得关注。本文考虑共享出行系统中多层级多主体之间复杂的交互关系和利益冲突，构建了以政府为主导的市场资源配置双层规划建模框架，以期实现多主体利益平衡。政府作为上层模型的决策主体，以公共利益为导向规划共享出行行业资源宏观配置；下层模型着重解决共享出行企业如何在政府约束、竞争/合作影响下的自身运营优化问题。为充分利用大数据资源科学地校准双层模型相关参数，本文将大数据分析方法应用于优化模型构建与问题求解中。应用算例分析了政府监管对市场发展的引导作用，通过对比竞争与合作关系下企业的盈利差异，体现企业间合作对互补型企业效益的提升作用。
2023,数字经济与行政边界地区经济发展再考察——来自卫星灯光数据的证据,郭峰;熊云军;石庆玲;王靖一,数字经济;行政边界;卫星灯光数据;兴趣点,管理世界,0,由于地理障碍、行政分割等多重原因，行政边界地区的经济发展水平往往相对比较落后，但数字经济发展则为其加快发展创造了机遇。利用2012～2019年卫星灯光数据，本文在多个尺度和层面上界定了城市行政边界地区，进而考察了数字经济对城市行政边界地区经济发展的影响。研究结果表明，数字经济发展带动了城市行政边界地区相对更快发展，而克服地理障碍限制和缓解行政分割影响则是重要影响机制。但数字经济的这一效应主要表现在人口和经济规模较大的城市，而且数字经济发展在促进大城市经济往行政边界地区扩散的同时，也促进了其行政边界地区内部的集聚化。此外，利用高德地图兴趣点数据，本文也发现数字经济发展主要是带动了地理依赖程度较低的产业往城市边界地区扩散。本文的研究结论为数字经济时代中国城市的跨行政区协同发展提供了参考。
2023,后发企业智能制造技术标准竞争的动态过程机制——基于三一重工的纵向案例研究,成琼文;郭波武;张延平;赵晓鸽,后发企业;资源编排;知识重组;技术标准竞争;智能制造,管理世界,0,随着全球新一轮科技革命和产业变革深入发展，智能制造技术标准制定权的争夺正成为企业竞争战略乃至国家战略的制高点。针对三一重工2007～2021年在全球范围内的智能制造转型实践，基于资源编排理论视角，探索了三一重工作为后发企业在智能制造技术标准中从跟随者到制定者的动态竞争过程和机制。研究发现：后发企业智能制造技术标准竞争经历了跟跑、并跑和领跑3个阶段，在标准竞争的不同阶段，由不同的技术赶超需求驱动资源编排，实现知识重组，进而支撑后发企业技术标准角色的跃升。具体而言：（1）跟跑阶段，在技术准入合法性缺失的驱动下，通过内化和嫁接两种资源结构化行动实现知识稳定式重组，支撑后发企业成为技术标准制定的跟随者。（2）并跑阶段，在技术扩散网络效应增强的驱动下，通过协同和互联两种资源能力化行动实现知识丰富式重组，支撑后发企业跃升为技术标准制定的参与者。（3）领跑阶段，在技术开源先发优势获得的驱动下，通过解吸和重构两种资源杠杆化行动实现知识解构式重组，支撑后发企业跃升为技术标准制定的主导者。本文由此构建了后发企业智能制造技术标准竞争的动态过程模型，从知识存量和知识关系两个维度解析了竞争过程中资源编排策略对知识重组的独特作用机制，从实现条件、路径、方式和竞争结果 4个方面对比分析了智能制造技术与传统技术标准竞争的区别。上述研究成果对资源编排和知识重组形成理论深化，同时也为我国企业在智能制造技术标准竞争中突破技术壁垒实现后发赶超提供管理启示。
2023,基于社会资本的资源拼凑：政府资助期后社会创业企业持续双重价值创造的机制,卫田;万倩雯,政府资助;社会创业企业;资源拼凑;社会资本,管理世界,0,政府资助虽然在企业（尤其是社会创业企业）发展中起到了积极的推进作用，但资助期后社会创业企业所面临的突如其来的资源约束引发了持续创造经济和社会价值的挑战。通过长期深入了解中国西南地区某县政府资助的社会创业企业在资助期后的决策和活动，本研究构建了基于社会资本的社会创业企业持续双重价值创造整合模型。首先，我们明确了资助期后政府资助遗留主要包括资源传承和价值传承；其次，我们发现政府资助遗留更新了社会创业企业的价值观，并提出了在新价值观下对现有资源的审查机制；最后，我们丰富了对资源移动战略的理解，提出了4种资源优化战略，并强调社会资本是资源拼凑的核心要素。本研究对政府资助遗留影响、社会创业企业资源拼凑，及创业资源移动战略等领域做出了理论贡献。
2023,专利审查高速路与中国“技术出海”——基于谷歌专利云数据的分析,韩剑;王星媛;张中意,专利审查高速路;海外技术布局;谷歌专利云数据;多期DID,管理世界,0,新一轮科技革命背景下，如何助力国内创新技术“走出去”，在全球产业格局中建立竞争优势备受关注。本文在理论分析专利审查高速路协定影响中国“技术出海”内在机理的基础上，构建多时点双重差分模型，系统考察了签署专利审查高速路协定对中国海外技术布局的影响。研究发现：（1）协定签署能够有效推动中国“技术出海”，审查周期缩短、审查成本节省和授权概率提高是协定发挥促进效力的主要原因；（2）协定制度效力释放具有时间连续性，且相较于双边协定，多边审查合作协定的海外技术布局促进作用更明显；（3）对于知识产权体制机制相对健全的伙伴方，协定制度效力释放更为充分，对于“一带一路”沿线国家和地区，相关制度效力有待进一步发掘；（4）协定签署对于生物、高端装备制造等战略性新兴产业的海外技术布局具有明显促进作用，但对其他新兴领域的影响尚不明显；（5）更深层次的专利合作协定对于海外技术布局的带动作用整体强于常规协定。本文研究不仅系统评估了共建专利审查高速路的制度型成果，也为进一步优化知识产权领域国际合作提供了潜在的启示与方向。
2023,论新发展阶段与社会主义初级阶段,刘伟;刘守英,阶段划分;社会主义初级阶段;新发展阶段,经济研究,0,党的二十大擘画了以中国式现代化全面推进中华民族伟大复兴的宏伟蓝图，为新时代全面建设社会主义现代化国家、实现第二个百年奋斗目标指明了前进方向、确立了行动指南。从无产阶级取得政权到共产主义高级阶段到来之前，社会的发展要不要分阶段以及如何分阶段，在发展阶段确立后，是否划分不同小的阶段以及如何划分，不仅是具有重大意义的理论问题，而且是影响发展绩效的实践问题。阶段性认识与判定也一直是对中国社会主义制度变迁和现代化进程影响深远的重大问题。中国特色社会主义进入新时代，中国进入新发展阶段，正确认识新发展阶段与社会主义初级阶段的关系，明确新发展阶段在社会主义初级阶段的方位和历史地位，对于踏上现代化国家建设新征程的中国共产党实现第二个百年奋斗目标具有举足轻重的意义。本文从马恩经典著作和社会主义国家实践出发，提出了社会主义的阶段问题及其划分依据，强调了社会主义初级阶段的本质特征和重大意义，论述了新发展阶段是社会主义初级阶段的一个阶段，明确了新发展阶段建设社会主义现代化强国的任务、阶段性目标与实现路径，讨论了新发展阶段必须正确认识和把握的几个重大问题。
2023,财政补贴对医院经营行为的影响研究,岳阳;朱恒鹏;王誉霖,财政投入;医疗服务费用;医院运营,经济研究,0,本文以公立医院为例探讨公立机构的经济行为模式，聚焦财政补贴对公立医院行为模式和经营效率的影响机理。本文构建了一个涵盖财政补贴、医院投入和定价决策的理论模型，分析财政补贴对医院行为的影响机制。财政补贴的可得性，允许公立医院可以承受更高的经营亏损，使得医院可以通过扩张规模和提高技术水平，在吸引更多患者扩大市场规模的同时通过提高收费水平增加收益。模型预测财政补贴引致医院亏损运营，且补贴水平越高医院亏损规模越大。然后，使用十三个地市的医院微观数据，实证分析了财政补贴对医院支出行为的影响，并分析了财政补贴效应的异质性和因果机制。结果表明，增加财政补贴的确会提高医院亏损规模，进而降低其经营效率。
2023,家庭养老与社会养老融合对居民储蓄率的影响研究,曹伟;刘桂岭;曾利飞;冯颖姣,养老方式融合;居民储蓄率;生育率;人口老龄化;OLG拓展模型,经济研究,0,面对日趋严重的人口老龄化问题，我国亟需通过完善养老体系等举措来降低居民部门预防性储蓄，以提振居民部门的消费需求。伴随着社会养老方式对家庭养老方式的替代，部分研究认为，居民部门储蓄率将明显下降，消费率也将随之升高。当前国家政策和民意调查均表明，未来在我国，家庭养老方式不会被替代，家庭养老方式与社会养老方式可能长期互补并趋于融合，因此需要重新评估养老体系转型对储蓄率的影响。本文在经典的OLG模型中引入家庭养老和社会养老两种养老方式并研究两种养老方式融合对居民储蓄率的影响。研究发现：(1)完善社会养老体系有利于降低居民储蓄率，但长期看，由于人口老龄化的存在，其降低居民储蓄率的效果有限，而家庭养老与社会养老融合，能更有效降低居民储蓄率。(2)上述结论背后的机制在于，伴随着两种养老方式融合，居民生育意愿增强，子女对父辈的代际转移支出可以长久维持，从而有利于降低居民储蓄率。(3)数值模拟和实证分析证实了以上结论。实证分析还发现，我国老年人数量越多的家庭，子女的生育率越高，这得益于老年人帮子女看护孩子而降低了子女养育孩子的时间成本，因而家庭养老方式回归更能有效降低储蓄率。由此认为，在实施积极应对人口老龄化国家战略背景下，尤其需要家庭养老方式回归，建立家庭养老与社会养老融合的可持续的养老体系，才能更好地降低居民储蓄率，扩大消费需求。
2023,全国大市场中贸易流量的省际行政边界效应——来自地级市增值税发票的证据,才国伟;陈思含;李兵,行政边界效应;因果推断;增值税发票;全国大市场,经济研究,0,建设全国统一大市场是构建现代经济体系、推动高质量发展的必然要求，而行政边界效应则是造成市场分割的重要原因。与现有文献不同，本文基于2017年中国地级市间增值税发票计算的城市间贸易流量数据，在因果推断框架下对我国省际行政边界效应进行了估计和分解。结果显示，我国省际行政边界效应平均约为4.45倍，即省内相对贸易份额约为省际相对贸易份额的4.45倍。这个结果明显小于欧盟内部的国家间的行政边界效应。中我国东中西部的省际行政边界效应逐次递增，并且相比于商品市场，劳务、服务等要素市场的边界效应更大。本文也用现有文献的主流方法进行了估计，并与文献中已有的估计结果对比。本文采用的数据和估计方法在一定程度上缓解了使用省际贸易流量数据和引力模型估计可能存在的偏误，有助于科学评价我国统一大市场建设进展和经济体制改革成效。
2023,平台接入、线上声誉与市场竞争格局,刘诚;王世强;叶光亮,平台接入;酒店入住率;市场竞争格局;线上声誉,经济研究,0,随着数字化进程的深入，企业普遍选择平台接入，并积累形成线上声誉，影响市场竞争格局。本文基于酒店行业进行理论与实证分析，研究平台接入如何通过线上声誉影响入住率及市场竞争格局。理论模型表明，较高平台接入程度可优化酒店线上声誉，弱化信息不对称，提高入住率；非连锁酒店相比连锁酒店可获得更大收益，行业竞争格局因此改变。实证方面，通过使用1716万个样本点的酒店日度面板数据进行检验发现：(1)平台接入程度较高的酒店比其他酒店入住率高4.5个百分点；(2)非连锁酒店入住率的提高程度比连锁酒店高2.3个百分点，其行业市场份额也显著提升；(3)线上声誉机制作用显著。本文研究结论对各行各业以平台接入方式有效推进数字化转型，建立合理有序线上评分系统以及公平竞争线上营商环境，具有一定现实意义和政策启示。
2023,数字技术创新与中国企业高质量发展——来自企业数字专利的证据,黄勃;李海彤;刘俊岐;雷敬华,数字技术;全要素生产率;企业创新;高质量发展;文本分析,经济研究,0,在当前数字经济时代，数字技术创新已成为驱动中国经济发展的核心要素。本文以中国上市公司为研究样本，通过文本分析识别企业数字专利以刻画数字技术创新水平，进而从企业全要素生产率的角度考察了数字技术创新的经济后果。研究发现，数字技术创新显著促进了企业全要素生产率提升，赋能了中国企业高质量发展，这一结论在控制内生性和进行稳健性检验后依然成立。在作用机制方面，数字技术创新发挥了管理赋能、投资赋能、营运赋能与劳动赋能功能，有助于企业降低内部管控成本，提高投资决策质量与资产营运效率，改善劳动力资源结构，从而推动企业全要素生产率增长。进一步分析发现，完善的知识产权保护体系与数字基础设施将会增大数字技术创新对企业生产率的积极影响；同时，对于高新技术企业以及劳动密集型企业，数字技术创新的生产率效应更为显著。此外，底层技术与实践应用层面的数字技术创新对企业生产率均有提升作用。本研究验证了数字技术创新对实体经济高质量发展的赋能作用，为我国数字技术创新的政策制定以及企业数字化发展的战略决策提供了启示。
2023,县域创业活动、农民增收与共同富裕——基于中国县级数据的实证研究,林嵩;谷承应;斯晓夫;严雨姗,县域创业;农民收入;共同富裕;政府规模,经济研究,0,共同富裕是中国特色社会主义的根本原则，是全体人民为之奋斗的目标和矢志不渝的追求。在我国，农村人口占低收入群体的比例较高，并且农民收入普遍偏低。在此背景下，提升农民收入是实现共同富裕的基础条件和物质保障。本文利用2000—2017年中国1749个县级行政区的数据，对县域创业活动与农村居民可支配收入的关系进行了实证分析。研究发现，首先，县域创业有利于农民增收，特别表现为小微型及公司制的创业活动。进一步研究发现，县域创业有利于缩小城乡收入差距。此外，政府规模对创业的减贫效果具有“倒U型”的调节作用，这一作用主要体现在中西部地区。本文通过进一步分析县域之间在基础设施建设和数字经济建设方面的特征差异，发现在未开通高铁的县域和非电子商务示范县域，县域创业与政府规模的共同作用更加明显。最后，本文结合案例分析，进一步探索了特定区域的特色化创业增收道路，为提升农民收入提供了可行路径。
2023,新冠疫情下国有企业的经济稳定器作用——基于供应链扶持的视角,曾嶒;唐松,新冠疫情;国有企业;供应链;经济稳定,经济研究,0,"在新冠疫情给经济运行带来严重负面冲击的背景下，作为国民经济的“顶梁柱”和“压舱石”,国有企业如何发挥经济稳定器的作用是一个非常值得研究的重要问题。本文从供应链扶持的视角对此进行探讨。研究发现，新冠疫情发生后，相较于供应链上不包含国有企业的民营企业，供应链上包含国有企业的民营企业的经营活动净现金流更高，即国有企业对供应链上下游企业进行了帮扶而稳定了其生产经营活动。并且，当民营企业的经营不确定性越大以及所在地区疫情越严重时，国有企业对供应链上企业的帮扶作用越大。机制分析显示，供应链上的国有企业通过保障民营企业的商品流转效率以及提供更多商业信用的方式稳定其经营活动净现金流。经济后果分析表明，相较于供应链上不包含国有企业的民营企业，供应链上包含国有企业的民营企业在疫情期间的经营业绩增长率和市场价值均更高；并且，在供应链上包含国有企业的民营企业数量越多的地区，疫情冲击后的地区经济复苏越快。总之，本文的研究结果表明，当经济受到严重外部冲击时，国有企业通过扶持供应链上下游的民营企业而发挥了经济稳定器的重要作用。"
2023,走向共同富裕：再分配政策对收入分布的影响分析,唐高洁;闫东艺;冯帅章,再分配政策;收入分布;城乡居民养老保险;公共转移支付;共同富裕,经济研究,0,本文基于微观数据并构建反事实分解模型研究2010—2018年中国再分配政策的变化对收入分布的影响。研究发现，党的十八大以来，政府再分配调节职能进一步强化，城乡居民基本养老保险和公共转移支付政策的改革在提升中低收入家庭收入增长率、缩小收入分配差距方面取得了显著成果。机制分析发现，这一时期居民养老保险的再分配效果主要来自于其覆盖面的扩大，其次是养老金水平的提高。公共转移支付政策变化的效果则主要来自于对低收入群体更好的瞄准和支付水平的提升。政策模拟显示，若进一步增加居民养老保险和公共转移支付支出，提高覆盖面比增加给付水平具有更强的再分配效果。
2023,无形资本、资本—技能互补与技能溢价,段巍;舒欣;吴福象;刘彤彤,无形资本;替代弹性;生产函数;资本—技能互补;技能溢价,经济研究,0,"为解释资本结构与劳动力结构的协同变迁，以及技能溢价不断上升的现象，本文首先提出了无形资本与技能劳动力互补这一修正的资本—技能互补假说，并通过估计中国城镇部门1995—2020年的总量生产函数对该假说进行检验；其次，基于估计结果，对技能溢价的变动进行了因素分解；最后，构建了包含无形资本的动态一般均衡模型，探讨无形资本深化的原因及其对经济的长期影响。研究发现：第一，技能劳动力与无形资本的替代弹性(1.275)要小于其与物质资本的替代弹性(1.908),证实了无形资本与技能劳动力具有相对互补性。第二，驱动技能溢价上升的动力中，61.98%来源于技能偏向型技术进步，33.76%来源于无形资本深化效应。第三，无形资本不断深化的原因，在于技能劳动力的数量与生产率不断增加。技能劳动力与无形资本的持续深化将引致技能偏向型结构转型，并使得无形资本深化效应对技能溢价的影响逐渐减弱。"
2023,中国细分行业技能资本替代弹性与技术偏向性,柏培文;王亚文,技能资本替代弹性;技术进步水平;技术进步偏向性,经济研究,0,本文基于多要素投入框架系统考察了资本、三种技能劳动和不同技能劳动内部之间的替代弹性、行业技术进步水平及其偏向性。研究发现：一是我国细分行业的资本—高技能劳动表现为互补关系，资本—中低技能劳动在多数行业中表现为替代关系，并且资本—低技能劳动替代弹性呈现先上升后小幅下降的倒“U”型趋势，本文测算的要素替代弹性时变特征可以为解释我国经济增速放缓提供理论依据；同时，高技能—中低技能劳动在多数行业中表现为互补关系，意味着相比于高技能劳动，资本对中低技能劳动的替代性更强。二是我国细分行业的全部技术水平及国内技术进步水平呈现出明显上升趋势，多数行业的国内技术进步水平与全部技术进步水平增长率的差距在2007年之后逐渐缩小，部分行业甚至出现国内技术进步水平增长率赶超全部技术进步水平增长率的趋势，这一特征在劳动密集型行业中表现尤为突出，说明我国参与全球价值链分工体系的程度不断提高，技术进步有向发达国家收敛的趋势。三是我国细分行业的技术进步偏向于资本和高技能劳动，技术进步增加了资本与高技能劳动收入份额，同时降低了中低技能劳动收入份额，并通过提高高技能劳动收入份额的相对增长率削弱了收入分配偏向资本的程度，该结果验证了近年来我国劳动力组合的收入份额呈现“U”型变化规律的事实。
2023,中国式现代化的方向路径和重点任务,宁吉喆,党的二十大报告;中国式现代化;高质量发展,管理世界,0,科学阐明中国式现代化的理论观点对于深入学习领会党的二十大精神十分重要。本文系统阐述了中国式现代化的特色、本质要求、重大原则和战略安排，探讨了中国式现代化各方面内容的意义、思路和方针，重点分析了经济、社会、生态文明、科技教育人才建设的主要任务。文章指出，中国的问题必须从中国基本国情岀发由中国人自己来解答。要坚持自信自立，推动高质量发展，提高人民生活品质，逐步把我国建设成为社会主义现代化强国。本文分析对读者全面理解和准确把握中国式现代化的立场、观点和方法有重要启示。
2023,人与自然和谐共生的现代化：历史成就、矛盾挑战与实现路径,王茹,人与自然和谐共生的现代化;中国式现代化;历史成就;矛盾挑战;实现路径,管理世界,0,中国式现代化是人与自然和谐共生的现代化。中国共产党根据不同历史时期的特点和需求，适时调整发展模式，推动人与自然关系走向更加和谐的新阶段。进入新时代以来，生态文明战略地位实现历史性提升，制度和法治体系日趋完善，生态系统安全性和稳定性大幅提升，环境质量实现历史性改善，绿色低碳发展迈出坚实步伐。但仍存在不少深层次矛盾，主要表现在自然基础性地位与认识水平不足之间的矛盾，人民日益增长的优美生态环境需要与生态系统服务能力之间的矛盾，绿色发展要求与粗放发展方式之间的矛盾，生态系统性与治理碎片化之间的矛盾，生态文明公共性与主体参与不足之间的矛盾。实现人与自然和谐共生的现代化要坚持党的全面领导，体现以人民为中心的宗旨要求，从人与自然和谐共生的高度谋划发展，促进科技创新与制度创新良性互动，牢牢抓住结构绿色优化这个牛鼻子，构建激励共容、多元参与的生态环境治理体系。
2023,公共政策评估与随机控制实验——基于“规模化”视角的经验启示与中国实践,陈叶烽;刘莹;杨雯渊,公共政策评估;随机控制实验;规模化;中国实践;政策试点,管理世界,0,科学有效的公共政策评估方法对于提升政府决策水平、推进治理体系与治理能力现代化至关重要。本文认为，相较于“准实验”方法，随机控制实验因其评估主体的多样性、实验设计的随机性、评估政策的广泛性、评估政策的实时性、评估数据的创造性而在公共政策评估领域独具优势。尽管随机控制实验用于公共政策评估面临着最初小规模实验干预效果在规模扩大后未必有效的可推广性问题，但从“规模化（scalability）”视角出发，通过增进政府主导下的评估主体多元化、提高评估对象代表性、提高评估情境代表性、提高评估成本效益，能够有效增强政策评估结论的可推广性。就我国的公共政策评估实践而言，将独具中国特色的“试点”经验与随机控制实验方法相融合是提高我国政策试点评估科学性的有效途径；“试点”中充分融入随机控制实验的“随机化”思想、提高试点对象选择的代表性、根据试点过程不同阶段采取不同的试点地区选择策略、基于行为科学视角提高试点评估的成本效益，将显著提升我国公共政策评估的科学性与有效性，从而为我国未来公共政策制定与政策决策提供适合中国国情的合理依据。
2023,价格笼子、流动性与价格发现效率——基于创业板注册制改革的证据,李松楠;刘玉珍;胡聪慧,价格笼子;流动性;价格发现效率;市场微观结构;注册制改革,管理世界,0,价格笼子是创业板注册制改革配套的重要交易制度创新，旨在维护瞬时价格稳定、防范异常波动。本文采用双重差分法，探讨引入价格笼子对市场微观结构特征的影响。基于深交所的股票逐笔委托订单和高频价量数据，本文发现引入价格笼子减少了有效报价范围外的订单，降低了价格冲击和买卖价差，但同时增加了买卖订单不平衡的持续性，且订单不平衡对未来价格变动的预测能力也显著增强。这些证据表明，价格笼子的实施既有改善交易流动性的好处，但也带来了价格发现效率降低的成本。异质性分析的结果显示，价格笼子实施的市场微观结构效应在股票流动性和信息环境两个维度存在显著的截面差异。未来可按股票特征实施差异化的交易规则，从而降低价格笼子实施的成本，更好地发挥其价格稳定的作用。
2023,企业家成长30年：企业家精神引领企业迈向高质量发展——中国企业家队伍成长与发展30年调查综合报告,李兰;王锐;彭泗清,企业家成长;外部环境;高质量发展;政策建议,管理世界,0,本文以中国企业家调查系统课题组自1993年到2022年的问卷追踪调查内容和主要发现为基础，以近30年的经济社会变迁和企业发展为背景，从企业家队伍的成长历程、企业发展面临的挑战与企业家引领企业高质量发展3个方面，回顾总结了中国企业家队伍的成长轨迹与历史阶段，分析了其中影响因素及变化规律、取得的进步和存在的问题，提出了以不断丰富升华的企业家精神引领企业高质量发展的政策建议。
2023,我国高档数控机床技术追赶的特征、机制与发展策略——基于复杂产品系统的视角,刘云;郭栋;黄祖广,高档数控机床;高端装备制造业;复杂产品系统;创新生态系统;技术追赶,管理世界,0,高档数控机床作为“工业母机”是高端装备制造业的基石。本文基于复杂产品系统的视角，对改革开放以来我国高档数控机床技术追赶特征进行了系统分析，探讨了重点领域加快技术追赶的主要机制，提出了优化创新生态系统的发展策略。本文发现：（1）我国高档数控机床技术追赶历经3个阶段，即以“引进—消化—吸收”为主导的技术学习、自主创新与开放创新相结合、创新链与产业链加快融合，创新生态系统由初创到不断优化，关键核心技术实现从无到有的突破，产业创新能力明显增强，国产化率和市场竞争力明显提升；（2）我国高档数控机床重点领域加快技术追赶的主要机制是：围绕战略性新兴产业重大应用需求，实施重大专项加大对关键核心技术攻关的引导和支持、主机牵引推动关键核心技术协同攻关、用户参与并主导新技术新产品应用示范、打造共性技术创新平台促进产学研用协同创新；（3）为适应新形势下高水平科技自立自强和高质量发展的战略需求，需要加强以“双链融合”为切入点，进一步优化创新生态系统、提高主机企业前沿技术研发能力、培育大批专精特新中小企业、改进重大专项组织实施方式、加强协同创新平台建设，以加快技术追赶，解决“卡脖子”问题，提高原始创新能力和国际竞争力，实现跨越式发展。研究结果为开放市场环境下我国高端装备制造业加快技术追赶、推进跨越式发展提供了理论与实践参鉴。
2023,政府与市场心理因素的经济影响及其测度,洪永淼;刘俸奇;薛涧坡,政府与市场关系;心理因素;文本数据;非结构化大数据;政策传导机制,管理世界,0,政府与市场关系是经济学的世界性难题，也是中国特色社会主义市场经济的核心问题。在政府政策制定与实施过程中，经济主体会基于自己掌握的信息和认知能力，学习、解读政策含义，形成对政策影响的预期，并基于自身利益最大化原则做出最优决策，从而影响宏观经济运行。因此，研究政府政策背景下各类经济主体的预期等心理因素的产生原因与形成过程，以及经济主体心理因素对经济运行与政策效应的影响机制，是深刻认识政府与市场关系的一个重要视角。本文提出利用人工智能特别是机器学习方法，从海量非结构化大数据提取政府政策变化与各类经济主体对政策变化的反应等信息，从理论和实证两个层面分析经济政策与经济主体的互动关系，以及经济主体心理因素如何影响经济运行与政策效应，并探讨发展非结构化大数据计量经济学，推动形成分析经济政策背景下经济主体心理因素及其影响的实证研究范式，以深入研究政府与市场关系。
2023,中国自主的市场监管知识体系：比较特征、情境因素与分析框架,刘鹏;刘高宁,自主知识体系;市场监管;监管认知;监管理论;监管哲学,管理世界,0,市场监管是我国社会主义市场经济条件下的政府基本职能，也是建设高标准市场体系的重要支撑。中国独特而丰富的市场监管改革实践，需要具有自主的市场监管知识体系来加以诠释和指导。依据知识体系构建的一般原理，结合中国市场监管丰富实践和国外市场监管理论，本文指出了中国市场监管现代化道路跟其它4种不同类型国家的差异，总结了中国市场监管现代化面临七大情境因素，从微观监管认知、中观监管理论和宏观监管哲学提出了中国自主的市场监管知识体系的分析框架，对中国社会主义市场经济体制下的中央—地方、政府—市场以及国家—社会3个方面的重大特征进行了归纳，回答了中国市场监管的一系列重大问题，为下一阶段继续深入推进中国自主的市场监管知识体系提出了总体的研究方向。最后，本文总结了未来需要推进的基础性研究和工作，从而为推进中国市场监管治理体系与能力现代化，讲好中国监管故事，让中国监管实践更好地为充实和丰富人类社会的监管知识体系建设做出贡献。
2023,中国式现代化理论是马克思主义的创新发展——党的二十大精神学习中的思考,裴长洪;倪江飞,中国式现代化理论;马克思主义中国化时代化;现代化的中国答案,经济研究,0,党的二十大报告系统论述了中国式现代化理论，这是马克思主义中国化时代化的重大创新发展。中国的现代化实践是马克思主义现代化理论创新发展的最重要依据。它的理论内涵包括：中国式现代化与社会主义道路结合的必然性、建立社会主义制度基础与中国工业化实践结合的客观规律性。在社会主义初级阶段，建设小康社会，改革不适应生产力发展的生产关系，建立社会主义初级阶段基本经济制度，对外开放，是走向现代化的必由之路。中国式现代化对时代之问世界之问的答案是：不存在单一的现代化模式，现代化不是生产总值崇拜，它具有的多面性，决定了现代化文明的多样性和人类命运共同体的必然性；它要求坚强的政治核心领导并实行独立自主、自力更生的方针；它要求驾驭和利用资本；中国和非西方国家实现现代化必然壮大维护世界和平的力量。
2025,数字时代的财政货币政策协同效应,姜婷凤;李明浩;汤珂,货币政策;财政政策;协同效应;价格粘性;数字时代,中国社会科学,0,在数字时代，财政货币政策协同的微观基础——价格粘性正在发生变化，系统评估其对财政货币政策协同效应的影响，具有重要的理论价值与现实意义。结合线上和线下市场的微观价格大数据测度价格粘性，构建融合线上线下市场的一般均衡调价模型，研究财政货币政策协同对消费的刺激作用，可以发现：随着线上占比提高、价格粘性减弱，货币政策有效性下降，但包含消费补贴的财政政策效果会增强，二者协同可以显著增强消费刺激效果；不同部门的价格粘性存在显著差异，对不同部门进行消费补贴，其与货币政策协同作用的效果也不同。以上发现为充分利用大数据与人工智能技术赋能宏观政策制定，将线上价格变化纳入通胀度量与货币政策框架，基于不同部门的差异性加强财政货币政策的协同配合，提供了有益借鉴。
2025,引入技术外溢视角的中国创新政策,陈斌开;吴楠;戴若尘,技术外溢;研发资源配置;创新政策;内生增长,中国社会科学,0,由技术外溢引致的外部性，是创新活动相对于其他经济活动最重要的经济学属性之一，但创新政策的理论研究和实践设计常常将之排除在外。采用生产网络和创新网络分析方法可将技术外溢问题引入经济学分析，进而提升研发资源有效配置和最优创新政策设计的理论完整性与现实相关性。研究发现：我国在“区域—行业”维度的技术外溢显著存在，但企业的市场化决策未能将其纳入考量，引致研发资源错配，这为创新政策介入提供了合理性；中国研发资源配置效率自2010年后明显提升，创新政策在其中发挥重要作用。中国创新政策应更多关注技术外溢效应和细化政策工具组合，以更好发挥有效市场和有为政府的协同作用。
2025,马克思国家学说的演进逻辑,程广云,马克思国家学说;法哲学批判;人类学批判;历史唯物主义;政治经济学批判,中国社会科学,0,马克思从法哲学对国家问题的研究中发现了更为基础的市民社会问题，同时从哲学人类学研究中发现了市民社会中现实的人，以之为历史哲学批判的基点，创立了历史唯物主义的国家学说。马克思将其落实在具体历史研究中，在通过政治经济学研究资本主义社会后，试图以此为基点进一步研究资产阶级国家。此后政治经济学批判标志着马克思完成从思辨哲学到实证科学的总体演进。马克思显然已经准备进行实证人类学和历史科学批判，至于实证法学批判，事实上也在进行中。从系统的角度来说，马克思的国家学说经历了市民社会、现实的人、经济基础、资本主义社会四个基点的演进，同时经历了法哲学批判、哲学人类学批判、历史哲学批判、政治经济学批判四个基本阶段的演进，概括起来就是经历了从思辨哲学批判到实证科学批判的演进。
2025,经济法中的时间秩序,靳文辉,经济法;时间秩序;时间性政策;时间性法律;时间性特征,中国社会科学,0,时间是经济法存在的构成性要素，时间影响、决定、规范着经济法的整个运行过程。经济法具有突出的时间性特征，需要根据经济发展的具体情势因时而立、适时更新，需要将有关时间的观念、功能、规范等要素纳入考量范围并形成规范的时间秩序。经济法应通过线性时间观来塑造其动态性、积极促进性、系统性，通过标准时间和弹性时间相结合的时间观来维护其同步性、协调性、灵活性、回应性。时间在经济法实施中承担着干预语境确定、干预制度联结和干预行为协调等功能。经济法中的时间规范通过时间性政策和时间性法律来呈现，包括时间效力规范、时限期间规范、时间压缩规范和时间延展规范。以信赖利益、当下利益和未来利益的联动保护为目标，以效率提升为价值引领实现时间的科学配置，是经济法中时间秩序建构的法治原理。
2025,职业任务结构变迁视角下的数字化转型与收入分配,吴愈晓;葛霆;贺光烨,数字化转型;职业任务属性;部门差异;教育水平;收入分配,中国社会科学,0,在数字技术加速扩散应用的背景下，职业任务属性可以更加微观、动态地刻画劳动分工变动的特征，成为重塑收入差异和社会分层的重要机制。基于新的文本信息处理和测度方法构建中文语境下的任务属性与职业数字化水平指标，并结合微观个体数据发现，2012—2022年间，城镇职业数字化水平提升，同时抽象任务需求增加；职业数字化水平和抽象任务的收入优势逐渐凸显，且二者交互强化工资溢价，但数字化水平的提升压缩了常规与手工任务的收入空间；职业数字化水平和任务属性的收入回报在不同所有制部门和不同受教育群体之间存在差异：民营部门在吸纳技术红利、兑现任务回报方面更具灵活性，高学历群体更易获得更高的数字化与抽象任务回报，低学历群体则面临技术错配与收入边缘化风险。数字时代的人才政策要把握数字化转型的战略机遇，识别各种职业群体面临的差异化条件，为实现人才引领驱动高质量发展作出相应的资源配置优化与结构升级。
2025,中国农业起源与早期农业文化格局的形成,戴向明,农业起源;南稻北粟;中间型经济;农业依赖型社会;农业文化格局,中国社会科学,0,迄今为止，中国南稻、北粟（黍）农业遗存的最早考古证据分别见于距今一万年前后钱塘江流域的上山文化和华北北部的东胡林文化。在此基础上，还应该关注环境条件相似、地域范围更广的长江中下游平原南端和华北平原北端的两个“侧翼丘陵区”，这两个狭长地带都有可能是农业的最初发源地。经过新石器时代早期农业缓慢的发展，到新石器时代中期前段，随着全新世大暖期降临、气候转暖，南、北方农业迅速发展、传播，有农业经济的文化很快遍布北起辽河、南抵南岭—武夷山北麓连片的平原丘陵地带，到中期后段又扩散到西侧的黄土高原和两湖地区西侧的山地，初步形成网络状的中国早期农业文化的基本格局。在这些早期农业文化中，种植农业大多尚未成为主导性经济，但在较成熟的定居聚落中往往已是较为重要甚至不可或缺的生业资源，这样的社会可称为“农业依赖型社会”。
2025,大国贸易博弈与全球气候治理,徐奇渊;李春顶;李萌,中美贸易博弈;关税博弈;非关税博弈;碳排放;全球气候治理,中国社会科学,0,气候变化是全球性挑战，但是大国博弈给全球气候治理蒙上了阴影，尤其是由美国挑起的中美贸易博弈可能导致世界碳排放增加。聚焦于该问题，将碳排放和贸易博弈行为纳入全球一般均衡模型中进行研究，结果发现：美国挑起的中美贸易博弈因抑制增长减少了碳排放，但其结构效应增加了更多碳排放。基准情形下，中美相互征收60%的关税将使世界碳排放增加约4.1亿吨。若考虑环境库兹涅茨曲线所对应的技术效应，则其对世界碳排放的影响将更严重。因此，由美国挑起的中美贸易博弈是增加世界碳排放的“污染”型竞争，各国应重新审视大国博弈对全球治理失灵带来的影响，并将构建“绿色大国关系”作为改善全球气候治理的关键。
2025,清代的“双轨财政”与国家财政能力:可信承诺视角的分析,郝煜;刘正铖,政府间财政关系;可信承诺;双轨财政;国家财政能力,中国社会科学,0,清代政府间财政关系体现为“预算内”的中央正式财政与“预算外”的地方非正式财政并存的双轨财政体制。从动态博弈的视角来看，由于上级政府无法可置信地承诺不会侵蚀下级的“预算内”财权，因而这一体制可视为清代中央和地方政府间博弈的一种“制度均衡”。长期来看，那些建立“预算内”正式财政分权的改革都走向失败，并最终回到双轨财政的均衡状态。双轨财政体制阻碍了清代国家财政能力的扩张和财政金融制度的近代化转型。基于经济学理论，系统探究清代政府间财政关系及其博弈机制，为理解中国历史上的财政制度变迁提供了一个新的分析框架。
2025,制度型开放的竞争法实现,孙晋,制度型开放;竞争法;包容性开放;公平竞争理念;规则内化与外化,中国社会科学,0,竞争法是改革开放的制度结晶。作为我国高水平开放的法治化表达，制度型开放蕴含深刻的竞争法哲理，体现了公平竞争理念及其规则不断深化的演进规律。当前竞争法的制度供给尚不足以有效支撑深化改革与扩大开放的双重需求。制度型开放具有竞争法属性、公平竞争特质及其竞争法运行逻辑。在理论层面，推进制度型开放的竞争法实现有两个维度：一是承接国际竞争规则，二是引领国际竞争规则。在实践层面，以竞争法治为核心的包容性开放方案更符合我国国情和发展趋势，竞争法治需要在治理规则、工具和机制诸方面进一步健全。在公平竞争原则基础上，通过国际竞争规则内化与国内竞争规则外化，完善竞争规则体系，优化竞争规制方法和管理工具，健全竞争标准体系，推动实现制度型开放。
2025,宋代农商观念下财政与市场的关系,黄纯艳,宋代;财政思想;农商观念;财政性市场;市场二元结构,中国社会科学,0,在“四民分业”的语境中，理解财政与市场关系及工商业财政政策合法性解说，实质即农商观念问题。宋代农商观念并未出现由“农本工商末”向“工商皆本”的变革。宋代基于“王土王民”原理，以“崇本抑末”和“抑兼并”解说工商业财政政策合法性，使工商业财政征收可“合法”增长。宋代官营禁榷发展和财政收支广泛采取市场化手段，产生了规模空前的财政性市场。与汉武帝以国家完全独占的方式“权轻重”不同，宋代以“权商贾”的方式，在国家与商人共利分利机制下运行财政性市场。财政性市场有其缺乏有效利益分配机制、成为工商业发展樊篱的局限性，同时与制度和结构发生显著新变并达到高峰的自发性市场互动并行，形成宋代市场的二元结构。宋代市场结构及其运行逻辑与汉唐、明清相比，既有历史共性，也有时代环境和政策取向所致的特殊性。
2025,货币创造与中西方货币制度分流,燕红忠;庄砚,货币创造;地域性货币体系;货币本位;货币分流,中国社会科学,0,货币对于东西方文明发展来说都很重要，但对中国的意义则更加重大。宋代国家纸币的发明，形成了中西方货币制度发展的第一次分流。从明代中叶起，随着政府货币主导权的消退，货币发行逐渐由民间机构主导，货币形态和信用层级多样，形成了一种地域性货币体系，通过记账转账、划拨冲销、信用支付、对账清算、异地汇兑等机制，实现伸缩性的货币供给和信用扩展。而西方则通过从金银复本位到金本位制的演进及银行制度的发展，逐步形成并强化以银行体系为核心的纸币发行和存款创造货币的方式，构成了中西方货币制度发展的第二次分流。明清至近代时期中国独特的货币制度发展路径和货币文化，高度市场化的多层次货币和短期信贷体系以及多样化的货币和信用工具创新等，导致中西方在货币金融体系动态演进过程中呈现不同的发展路径。关于中西方货币制度两次分流的考察，为深入认识中西方历史发展道路和文明特性提供了新的视角。
2025,财政补贴面向家庭还是面向企业——基于存量—流量一致模型的系统评估,姚东旻;董鸿儒;徐傲晗,财政补贴对象;存量—流量一致模型;政策目标;政策环境复杂性,中国社会科学,0,面对复杂多变的政策环境与政策目标，选择合适的财政补贴对象成为健全宏观经济治理体系的关键。基于存量—流量一致模型，系统评估家庭补贴和企业补贴的政策效果差异。研究发现，家庭补贴对于人均工资水平及财政可持续性的提升效果更优，企业补贴则更有助于改善企业利润；政策实施周期、家庭边际消费倾向以及财政支出增长的变化，会改变两类补贴的比较优势；提升家庭边际消费倾向有助于提升财政补贴的短期政策效果；家庭补贴与企业补贴的政策优势具有互补性。当前，我国应明晰补贴政策核心目标，灵活调整补贴对象及其方式，实现短期需求拉动和长期可持续供给之间的动态平衡。
2025,理顺央地财政关系——基于中央转移支付的理论与实证分析,贾俊雪;张珂玮;刘文彬,央地财政关系;中央转移支付;现代财政制度,中国社会科学,0,基于一个中央—地方整体分析框架，对分税制改革后中央转移支付制度中蕴含的中央与地方目标导向型策略互动行为进行理论和实证分析，可以发现，在经济增长目标管理体系下，地方政府通过更多中央转移支付，在提高投资水平的同时部分地承担经济发展成本，中央政府通过调整优化中央转移支付制度，有限支持了地方政府这一行为。这种中央与地方的目标导向型策略互动，实现了中央政府对地方政府积极性的有效约束与引导激励，有利于贯彻落实国家发展战略，有利于市场发展和经济增长，从而某种程度上实现了央地关系的良性互动。这为理解分税制改革后央地财政关系的制度逻辑提供了一个新视角，也为进一步理顺央地财政关系、健全与中国式现代化相适应的现代财政制度，提供了有益借鉴。
2025,从生产网络变迁看中国产业结构转型,郭凯明,产业结构转型;技术进步;生产网络;有偏技术;劳动收入份额,中国社会科学,0,客观认识中国生产网络变迁特征，有助于准确把握产业结构转型的经济动因。在生产网络变迁内生于技术进步的视角下，全面评估1995—2022年技术进步对中国产业结构转型的影响。研究发现：第二产业中性技术进步显著推动了产业结构转型和生产网络变迁；第二产业中性技术进步和第三产业资本偏向型技术进步的影响，分别主要源于高技术制造业和生产性服务业的贡献；通过加快要素结构转变，产业中性技术进步对冲了资本偏向型技术进步的影响，使劳动收入份额发生U型转变；第二产业资本偏向型技术进步或将成为今后推动产业结构转型的主导因素。当前，推动中国产业深度转型升级，应着力发挥生产网络传播效应，提高人力资源供需匹配程度，充分释放创新活力与人才红利。
2025,智能时代的社会基本矛盾与社会发展动力,孙伟平,智能社会;智能生产力;社会基本矛盾;社会发展动力;共产主义社会,中国社会科学,0,"人工智能作为一种革命性、颠覆性的高新技术，正在快速发展并广泛应用于经济、社会各个领域，掀起了一场空前的产业革命和社会变革，彻底改造、重塑了整个社会的基本面貌和形态。智能生产力的快速创新发展，驱动新型技术社会形态——智能社会——加速成型，但建基于工业社会的资本主义生产关系日益落后于智能生产力的发展水平，并进一步导致上层建筑体系越来越不适应经济基础的发展状况，反过来又严重地阻碍了智能生产力和智能社会的发展。解决智能时代的社会基本矛盾，需要在大力发展智能生产力的基础上，建立新型生产关系使之适应智能生产力的发展水平，变革上层建筑使之适应经济基础的发展状况，从而将智能社会的社会基本矛盾转化为强大的社会发展动力，推动智能社会的发展走上“快车道”,为新型的经济社会形态——共产主义社会——的到来奠定基础、创造条件。"
2025,产业链风险与中国企业自主创新突破,郑世林;张容嘉,产业链风险;技术封锁;企业自主创新;关键核心技术,中国社会科学,0,产业链风险冲击是仅仅阻碍中国企业技术进步，还是进一步倒逼中国企业实现自主创新突破?以美国实施《出口管制改革法案》为外部冲击，分析技术封锁引发的产业链风险对中国上游企业自主创新突破的影响及其作用机制。研究发现，产业链风险冲击倒逼中国上游企业提高自主创新能力，其作用机制源于国内市场空缺激励和倒逼效应与政府扶持效应，上游企业自主创新还对下游企业产生创新溢出效应。面对日趋激烈的中美科技博弈，应加大重点领域国产化替代力度，完善支持企业自主创新的配套政策，推动产业链供应链国际合作，加快形成开放创新生态。
2025,工业化背景下农业欠发达地区的跨越式发展——基于对农牧交错地带农业转型的考察,王娟,农业地理;农牧交错地带;农业现代化;工业化;蔬菜产业,中国社会科学,0,"中国是一个幅员辽阔的国家，自然地理的多样性决定了农业形态的多样性和区域性。在传统农业中，以400毫米等降水量线和青藏高原东缘为中心的农牧交错地带属“欠发达地区”,由于水、热条件有限和劳动力不足，农作物以旱地杂粮为主，生产方式粗放。从20世纪90年代后期起，该地带逐渐发展起资本、劳动密集的蔬菜产业，并在全国性蔬菜产业布局中占据一席之地。这一变化并非地方性农业的延续性增长，其动力主要来自工业化带来的宏观技术环境升级、大规模人口流动和全国性大市场的发展，体现了工业化为传统农业欠发达地区带来的跨越式发展契机。这一变化也带来了地方性农业生产方式的全面变革，以外地雇工和高度劳动分工为特征的农业生产模式，为“人力农业”的现代化提供了一条可能路径。"
2025,技术标准引领与中国贸易新优势构建,孙浦阳,技术引领;国际技术标准;制度型开放;标准对接;贸易竞争优势,中国社会科学,0,标准作为重要的基础性制度，是我国推进制度型开放的重要内容，技术标准引领则在我国构建贸易新优势中发挥着关键作用。采用文本分析和关键词匹配技术，搭建中国主导的技术标准对接数据库，在引入消费外部性和贸易规则对接的理论框架下，利用多期双重差分模型，对中国引领技术标准释放贸易潜力的作用机制进行实证检验。研究发现，中国引领技术标准通过促进需求转移和节约技术协调成本，显著扩大了本土企业出口规模，对制造业中的高技术行业、处于高价值链地位的行业影响更为突出，整体出口集约边际、数量和质量也有明显提高。加快开放条件下的技术标准引领，必须进一步提升我国自主标准研制水平，让更多中国标准“走出去”。
2025,超越项目制：中央倡导型政策试点的运行逻辑及制度基础,邱毅;郁建兴;叶志鹏,政策试点;倡导制;项目制;预算分配权;跨层级协同治理,中国社会科学,0,党的十八大以来，中央不断完善现代财政体制并严格控制专项转移支付项目，以专项财政资金纵向配置为核心的项目制受到限制。在直接预算分配权受到约束的背景下，商务部等中央部门积极探索出一种不同于项目制的倡导型政策试点模式。该模式通过跨层级条块动员、全过程试点督导、诱致型创新支持等治理机制，成功解决地方试点激励不足、中央和地方试点信息不对称及试点创新能力不足问题，推动跨层级协同治理并顺利完成试点任务。倡导制对项目制的超越，是党的十八大以来国家治理模式重塑的结果，其最终成型，离不开中央有效调动地方政府与市场主体的积极性，实现“有效市场和有为政府”相结合。未来，中央倡导型试点或将与项目制并列共存、混合使用，并形成“中央倡导+省市项目制+基层治理”的纵向府际分工新形态。
2025,对“具体的总体”的前提性批判——论马克思社会研究方法的深层结构与科学性特征,王时中,现实的具体;抽象的规定;具体的总体;马克思社会研究方法;科学性,中国社会科学,0,马克思从“抽象的规定”上升到“思想的具体”的社会研究方法，长期受到“实证主义”与“唯心主义”的多重误读。其根本原因在于马克思的社会研究成果是以“具体的总体”的形式表现出来的，而从“现实的具体”蒸发到“抽象的规定”的研究形式却无法同时显示出来。因此，需要在区分“现实的具体”“抽象的规定”“具体的总体”的基础上，批判性地揭示“具体的总体”的前提、形式与限度，以提炼与论证马克思社会研究方法的深层结构及其科学性特征。马克思的社会研究方法既是解构“资产阶级社会”的理论武器，又对中国式现代化道路具有不可替代的指导意义。
2024,中国经济发展中的“实体—虚拟”关系——基于马克思社会总资本再生产理论的拓展,李帮喜;刘充;陈亮,社会总资本再生产;资本循环;虚拟资本;虚拟经济,中国社会科学,0,"在新一轮科技革命特别是数字技术驱动下，经济发展中实体与虚拟的边界日趋模糊。虽然部门划分根据实际情况不断调整，但是部类划分相对稳定，可以更好揭示长期的经济发展规律。为了理解虚拟经济相较于实体经济的运行规律，拓展马克思的社会总资本再生产理论，把虚拟资本作为与生产资料和消费资料并列的部类，用流量层面的资本运动规律解析其存量变化，进而构建“实体—虚拟”三大部类资本循环的流量分析框架；使用投入产出数据，构建三大部类表以及反映结构信息和关联信息的指标体系，对中国经济发展中的“实体—虚拟”关系进行经验分析。结果表明：我国经济发展中“实体—虚拟”紧密交织，共同形塑着当前的经济结构，但虚拟经济尚处在“扩而未深”的阶段，总体来讲，实体经济一直是我国经济发展的根基；虚拟经济“脱实”并不等于“向虚”,当前我国虚拟资本回流实体经济的规模较好但结构不协调风险较大。未来，优化虚拟资本回流实体经济两大部类的结构、“以虚促实”的系统性治理方案，是经济高质量发展的关键。"
2024,城市更新与共享社会发展,黄晓星,城市更新;社会动力;社群机制;社会互动结构;共享社会发展,中国社会科学,0,随着城市快速发展，原有以推动经济增长为主导的发展模式出现较多问题。城市高质量发展是新发展格局的必然要求，城市更新是对既有城市区域、社区的干预和改造。一方面，城市更新被视为对城市发展出现的衰退或破败等问题的回应，有利于城市空间和经济的改善；另一方面，城市更新是对文化的传承和再造，是对社会关系的重整、修复和提升。城市更新的二元论视角存在局限，需转变为系统论视角，以多层次、多维度的动力和社群机制推动城市发展。城市容量不应只是空间和经济的改进，还应包括社会的全方位提升，以更好回应人民对美好生活的向往，推进人民城市建设。我国城市更新基于纵横交错的社会互动，以共享社会发展为根本目标，逐步形成立体的、多尺度的城市空间。
2024,“南下”还是“西进”——外部冲击下的企业区位选择,李芳华;王丽媛,中美贸易摩擦;贸易壁垒;产业外迁;战略腹地,中国社会科学,0,"面对全球产业链供应链加速重构，准确理解外部冲击下企业空间布局的调整及其决定因素，对于我国有效推动产业向战略腹地转移，提升产业链供应链韧性和安全水平具有重要意义。构建结合贸易成本和生产成本的企业跨期选址决策理论模型，并以2018年中美贸易摩擦作为准自然实验，使用微观层面的上市公司数据进行实证研究。研究结果验证了单边贸易成本的上升同时推动我国企业的对外转移(“南下”)和向国内腹地转移(“西进”),但贸易成本对前者的影响规模和持续时间显著小于后者。企业的贴现率与预期、对美进口的依赖度以及对美出口的依赖度是决定企业空间布局的主要因素。从长期经营绩效来看，“西进”策略比“南下”策略在抵御外部冲击方面更具优势。"
2024,生态产品及其价值实现探析——基于政治经济学的思考,庄贵阳;丁斐;王思博,生态产品;生态劳动;价值实现;政治经济学;公有制,中国社会科学,0,面对日益严峻的全球生态危机，人类社会必须采取自觉行动进行生态治理，以维系人与自然物质变换扩大再生产的一般生产条件。提高地球生态系统的自净化能力，这一社会使用价值的生产是生态劳动及其产品生产的根本目的，体现了生态产品的公共属性和社会属性。不同于资本主义工业文明发展范式，社会主义生态文明建设进程在生产关系上呈现向共产主义社会演进的萌芽状态。在社会主义市场经济条件下，生态治理应以政府为主导，同时发挥价值规律的积极作用，最终体现为其社会使用价值生产的新质态。
2023,国家数字能力：数字革命中的国家治理能力建设,高奇琦,国家数字能力;创新能力;赋权;自主性,中国社会科学,0,国家治理能力主要由国家秩序能力、国家赋权能力和国家创新能力构成。数字革命对于包括数字秩序能力、数字赋权能力与数字创新能力在内的国家数字能力建设提出了新的要求。基于自主性和嵌入性的评价体系，国家数字能力可区分为双强平衡型、国家强力型、社会灵活型、双重脆弱型四种类型。当前，加强国家数字能力建设已成为一个全球性问题。中国的国家数字能力表现出社会灵活型的特征，主要通过平台型企业的委托治理以及激发社会大众的数字参与来实现数字领域的治理目标，因此也面临委托治理的危机。朝向双强平衡型的国家数字能力建设，要注重自主性与嵌入性的动态平衡。
2022,全球价值链对国际权力的形塑及影响,余南平,马克思主义政治经济学;全球经济基础;全球价值链;国际权力,中国社会科学,0,国际权力是国际政治的核心议题。西方传统国际关系理论由于缺乏全球经济基础这一分析框架，难以对全球价值链背景下的国际权力变化做出具有说服力的理论解释。从马克思主义政治经济学理论出发可以发现，全球价值链体现了世界各国生产力的分工组合，承载了全球经济基础(生产关系总和)的表达。全球价值链的生产与分工推动了迥异于“国家全产业链”时代的国际关系和权力结构的形成。具有巴拉巴西复杂网络理论特征的全球价值链网络结构，充分体现了以规模、枢纽、位置、参与度、关键节点和链主等要素构成的国际权力形态。通过实证观察研究可以发现，全球价值链网络结构变化动态地以网络适应度来形塑国际权力，大国将为争夺全球价值链枢纽与链接而博弈和竞争。
2022,财政金融统一框架下的金融风险测度与分析——基于非线性网络关联的方法,杨子晖;陈雨恬,财政金融统一框架;金融风险;非线性网络关联,中国社会科学,0,"当下既往仅考虑货币政策的框架下的金融风险防范与治理思路面临诸多挑战，亟须在系统观念指导下，增强货币政策与财政政策的协同配合。在财政金融统一框架下，引入非线性网络关联方法测度发现，存在由财政政策变量到货币政策变量、再到金融风险变量的网络关联关系；使用脉冲响应分析方法检验发现，财政支出规模与政府债务增加额存在正向冲击关系，而地方债、城投债增加额也会对货币供应量增额产生正向冲击；基于非线性网络关联方法检验发现，由货币政策变量到系统关联成分的网络关联系数(0.15)大于其到尾部风险成分的网络关联系数(0.04),且同时存在尾部风险成分到货币政策变量的网络关联关系。这些发现为坚持系统观念，统筹发挥货币政策与财政政策在防范重大风险中的作用提供了经验支持。"
2022,从财政视角看中国式现代化道路,吕炜;靳继东,中国式现代化道路;中国特色社会主义;国家治理;财政;改革与发展,中国社会科学,0,中国式现代化道路命题的提出和发展，既是对中国在中国共产党领导下推进社会主义现代化历史和实践的客观总结，也是对世界现代化一般进程在当代中国独特实现形式的精当刻画。以财政为视角理解中国式现代化道路的独特内涵，在剖析财政、国家治理与中国式现代化道路的逻辑关系的基础上，通过“财政与改革”和“财政与发展”两条关键线索，深入剖析中央政府顶层设计下财政对中国式现代化道路形成的独特作用，有助于明确中国共产党领导下中国式现代化道路的独有价值，并可能为丰富和发展世界现代化道路提供一定的经验和启示。
2022,晚清财税结构的转型,任智勇,财政;咸丰朝;商税;厘金;重农抑商,中国社会科学,0,"明清政府一再强调“重农抑商”。从税收角度而言，清前中期的主要财政来源是农业税，商业税主要落实在针对大额长途贸易的榷税，且仅占税收总额的十分之一。1843年户部银库案爆发后，盛京将军禧恩等官员为筹措经费，注意到“重农”之下对农业课以重税、“抑商”之下对商业课以轻税的“不公平”。及至太平天国运动爆发，清政府财政难以维续，户部于咸丰三年初试图推行以商铺为征税对象的营业税——“铺税”,终因遭到部分满洲贵族和汉族士大夫的反对而废弃。但反对意见主要集中在可能会造成社会混乱的实践层面，没有触及商业税征收的合理性。随着“重农抑商”传统政治秩序的动摇，商业税扩张的大趋势难以阻挡。由此，厘金出现并推行全国。商业税在国家财政中所占比例扩大，超过了农业税，晚清的财税结构发生转变。商人虽然无法从税收公平性角度反对以厘金为代表的商业税，但他们的抵制是困扰晚清政府的一个重大问题。"
2022,坚持问题导向的中国经济理论创新,刘守英;熊雪锋,问题导向;经济实践;经济理论创新;马克思主义政治经济学,中国社会科学,0,当前的中国经济理论创新滞后于伟大经济实践。围绕这一现状，以20世纪30—40年代和80—90年代中国经济理论繁荣发展的两个重要时期为例，论证问题导向的政治经济学方法在回应重大经济问题、为经济决策提供理论支撑的关键作用与基本内涵，由此形成回应时代重大关切、注重生产力与生产关系相互作用、进入真实世界、发现自身独特性的分析逻辑，以及准确认识国情和体制特征、从实践提炼理论、分析和解释经济社会变迁、以解决现实问题为目的的方法优势。开启全面建设社会主义现代化国家新征程，需要中国经济学界坚持问题导向的政治经济学方法，以回应并解决新时代重大经济理论和实践问题为出发点，积极推动彰显中国之路、中国之治、中国之理的经济理论创新与自主知识体系构建。
2022,封建时代的领主经济,黄春高,领主经济;庄园;城市;封君;封臣,中国社会科学,0,庄园是领主经济在农业生产领域的呈现，领主以封建权力役使农奴和自由农生产其生活所需。庄园经营体现领主经济谋生与谋利并重的二元特征。城市是领主经济在工商业领域的呈现；领主通过出租城市土地、市场，转让封建权力等方式，从城市中获取大量钱财；城市经营体现领主拓展市场与维持传统并存的经济特征。封建是领主经济在收入分配领域的呈现；围绕封建关系所滋生的各种权利和义务，如骑士役、盾牌钱、协助金、继承金、结婚金等，最终大都以货币方式来实现；领主之间的经济博弈是封建关系的外在显化。因此，封建时代的领主经济，因权力、道义、市场、货币等诸多要素相互嵌入，呈现出实质经济与形式经济共存的特征。
2022,财政金融政策的协同效应——基于小微贷款利息收入增值税减免的研究,刘冲;刘莉亚,财政金融政策协同;增值税;利率渠道;宏观金融调控,中国社会科学,0,"在我国传统货币政策框架下，过多使用结构性政策工具，可能会导致总量出问题，使货币政策面临稳增长与调结构的平衡难题。减免小微贷款利息收入增值税是财政金融政策协同的一种有益尝试，是“税收政策的利率渠道”。利用某大行逐笔贷款数据的实证分析发现，该政策工具显著降低了融资成本，且提高了信贷可得性。基于此，构建包含税收条件的银行信贷决策模型，刻画其作用的理论逻辑，可以发现，相比经由负债端向资产端传导的结构性货币政策，贷款利息收入减税直接作用于银行资产端，传导路径更直接，摩擦更小。这种不依赖中央银行流动性投放和利率操作的财政金融协同的“税收政策的利率渠道”,可以为宏观金融调控拓宽空间，从而缓和货币政策的多目标冲突。"
2022,财政金融协同视角下的地方政府债务治理——来自金融市场的证据,吴文锋;胡悦,财政金融协同;地方政府债务风险;金融担保;财政担保,中国社会科学,0,现有基于财政担保的理论，无法解释地方财力不断下降并没有显著增加地方政府融资成本的现象，也难以应对中央政府严监管下的地方政府债务不断增长问题。理论和实证两方面的研究表明，地方政府掌握的金融资源为其债务提供了隐性担保；这种金融担保在降低融资成本的同时，也会导致地方金融风险传导到财政部门。因此，仅仅从财政或金融单一角度，都不足以化解地方政府债务所带来的财政和金融的双边风险问题。中央政府需要在财政金融联合治理框架下进行财政和金融政策的协调，合理分散化解地方政府债务风险，避免单部门承担过高风险。同时密切关注地方金融机构的资产质量及其在货币市场的信誉，避免地方金融风险向地方财政传导。
2022,宋代的交通形势与制度,曹家齐,宋代交通;内外联动;漕运;驿传;信息沟通,中国社会科学,0,从整体上看，宋代交通重心先是东移，继而南移，并形成以京城为中心、连接边防重地的物资运输网络，以及偏重海上的对外交通形势，是国际政治格局与宋朝内部诸因素联动的结果。其中，受募兵制及军事驻防形势制约的财政需求，又导致征商规模的扩大，从而促进内外商业交通的发展，而这一需求，又正与欧亚国际局势，特别是十字军东征事件相因应，使宋朝出现空前的海上交通与贸易发达的局面。与此同时，国际国内复杂的形势，又导致宋代在中国历史上空前的信息沟通需求和信息增量。为控制庞大的信息流通，宋代因而出现了前所未有的多种信息渠道和新的信息传递制度。其中最为突出的是驿传制度的新格局、传递人员军事化，及允许官员私书利用驿传传送等。内外联动视野下，不仅可以显现宋代交通的整体形势和制度特征的深层次动因，同样可以看到宋代交通发展的历史实态。宋代交通管理的制度保守性及地区之差异，同样可见内外因素联动之影响。
2022,宋代生产力的发展水平,姜锡东,宋代;生产力;发展水平;局限性,中国社会科学,0,探讨社会历史的发展变革，应该首先研究生产力发展状况这个根基性问题。宋代的生产技术和生产对象、生产工具至少有45项发展，其中农业至少有15项，手工业至少有30项。宋代生产力整体发展水平超过前代，但也存在不少局限性。制约宋代生产力进一步发展的瓶颈有7项，明清时期只有农业技术和热兵器2项超过宋代，其余5项没有重大突破。明清虽然在生产力总量、在技术上，特别是在种植作物引进上超过宋代，但因生产工具没有重大突破、甚至在重要工具上倒退，人口剧增，导致人均生产率和发展质量低于宋代，整个社会陷入停滞和保守状态。无论与以前各朝代还是与后来的明清相比较，宋代的生产力发展水平都处在最高峰。宋代社会的发展，明清的停滞，欧洲的崛起，第一位的原因是生产力发展水平的高低。
2022,宋代的财经政策与社会经济,李华瑞,宋朝;财经政策;工商税收;刺激消费;功利思想,中国社会科学,0,宋代的工商税收大大超过农业税，为历代所不及。宋政府以工商税收为主体，善于利用市场关系和商品经济的规律和特点进行经营，积极刺激消费并带有明显功利色彩的财经政策是促成这一现象的主要原因之一。在这一政策主导下，统治者为追逐巨额财利，利用国家权力，调动各种资源，实行专卖制度和征商制度，能动地反作用于商品货币经济发展，扩大市场交换规模，推动当时的商品经济高度发展。宋代的财经政策显示出帝制国家干预经济的独特优势，这也是宋代商品货币经济繁荣有别于其他朝代的特质所在。
2022,迈向共同富裕之路：社会建设与民生支出的崛起,焦长权;董磊明,社会建设;民生支出;大转型;中央和地方关系,中国社会科学,0,2000年以来，中国经历了一个与西方工业化国家20世纪60—80年代相似的民生保障建设的“黄金时代”。目前，中国建成了世界上规模最大的社会保障和住房保障体系，义务教育普及程度达到世界高收入国家平均水平，主要健康指标总体上优于中高收入国家平均水平。中国已明显跨过了“低福利”国家的门槛，民生支出占GDP的比重已接近发达国家1980年左右的水平，成为公共支出的绝对主体。中央政府在民生保障方面发挥的作用也日益显著，中国正在构建一个多层级政府共同负责的新型民生保障体制。
2022,证券中介机构法律责任配置,邢会强,市场看门人;追首恶;独立专家顾问;连带责任,中国社会科学,0,随着我国股票发行体制改革的深入，我国引入了美国学者提出的看门人理论，并以此作为不断加重中介机构责任的理论依据，试图通过严厉的法律责任促进资本市场中介机构“看门”职能的实现。但责任轻重亦有限度，如果责任过重，有违“过责相当”原则，将不利于资本市场生态平衡。中介机构法律责任的配置，应考虑分配正义、激励相容、商业逻辑和国家竞争等诸多因素，以实现各方利益均衡。看门人理论与制度存在根本缺陷，应以“追首恶”理论与制度取代之，以合理分配风险，科学配置法律责任，强化“追首恶”与精准打击；在区分故意与过失的基础上，限缩连带责任之适用；在区分公开发行市场责任与公开交易市场责任的基础上，分别设置不同的责任限额，以促进资本市场健康、理性、协调发展。
2022,中国经济增长的状态跃迁(1979—2020)——基于复杂系统视角的研究,方毅;孟佶贤;张屹山,经济增长;李雅普诺夫指数;状态跃迁;稳态均衡,中国社会科学,0,从整体性和历史性的视角刻画宏观经济增长过程，有利于从增长路径、增长阶段等方面，拨开短期扰动，更客观地把握中国经济的未来前景。从复杂系统视角，将总体经济增长与地区经济增长的敛散性相结合，提出一种检验经济增长状态变化的新方法，采用1979—2020年中国31个省市自治区和全国的年度实际经济增长率数据，研究表明：改革开放以来，中国经济共出现了两次状态跃迁；2003年中国经济开始第二次跃迁，在2006年之后中国经济一直在新增长路径上发展，从2013年开始，中国经济增长正趋向于新增长路径上的均衡。
2022,社会诚信建设与基层治理能力的再造,陈柏峰,社会诚信;基层治理能力;国家能力;治权;话语权,中国社会科学,0,面对社会公德违反行为和轻微违法行为，基层治理缺乏合法有效的制约方法，治理能力面临挑战。以家庭诚信档案为基础的社会诚信建设，将基层群众在治理事务中的行为纳入诚信评价，在不同的治理事务、不同的家庭成员之间建立责任连带性，化解了基层治理难题，再造了基层治理能力。将基层治理与其可以调动的资源及背后的话语结合起来，可以从治权和话语权两个方面进行理论解释。因财政能力限制而缺乏配置性资源，因社会转型和治理变迁而缺乏权威性资源，导致基层治权相对不足，而社会诚信机制通过建立责任连带性，为基层治理创设新的权威性资源，弥补了基层治权的不足。因人民话语的转型和权利话语的兴起，基层治权缺乏话语权支持，而社会诚信机制通过对接“自治、法治、德治相结合”的话语，为基层治理重建了话语权。基层治理能力的再造，实质是不同维度国家能力的建设和重组。
2022,中国特色财政激励体制:基于统一市场的视角,吕冰洋;贺颖,财政体制;两个积极性;统一市场,中国社会科学,0,"中国历次财政体制变迁重在“发挥中央和地方两个积极性”,中央政府在对地方财政“赋权—控权”过程中，始终主导着财政体制演变形式，因时制变、因地制宜，寻求处理建设统一市场与调动地方政府积极性这一对矛盾的最佳途径，由此形成具有中国特色的财政激励制度：在“统一领导、分级管理”的指导原则下，中央政府一方面赋予地方财政权力来调动地方发展经济积极性，另一方面通过政府间事权调整、税收改革、非税收入管理改革、基础设施建设以及交通和通信领域事权的集中，缓解地方积极性发挥所带来的市场分割问题，在更大范围内推动统一大市场建设。在中央政府与地方政府两个积极性共同发挥下，很好地解决了建立统一开放、竞争有序的市场体系与调动地方积极性的矛盾，有效地推动了中国经济增长。"
2022,区域协调发展的国家保障义务,李海平,区域协调发展;国家目标条款;国家义务;共同富裕;实质平等,中国社会科学,0,区域协调发展的国家保障义务既有宪法指导思想的根本依据，也有贯彻新发展理念国家目标条款和社会主义原则的规范基础。区域协调发展国家保障义务的本质是区域实质平等，属性为客观法义务，内容由目的性义务和手段性义务构成。目的性义务体现为国家对欠发达地区在基本生活保障、基本公共服务、基础设施建设方面的给付；手段性义务体现为区域协调发展国家目标对立法、行政和监督行为的约束。应当根据比例原则和效能原则划定目的性义务的限度。建构区域协调发展法律体系，倾斜配置地方立法权，适度干预地方人才、产业补贴政策，实施多元化综合监督，是手段性义务的主要内容。作为国家目标条款确定的国家义务范例，区域协调发展国家保障义务的基本原理可普遍化为国家目标条款的一般理论。
2022,秦汉乡里社会演变与国家治理的历史考察,卜宪群,乡里社会;国家治理;社会流动;社会结构,中国社会科学,0,乡里是秦汉国家的社会基础，也是国家治理的重要对象。在四百多年的历程中，秦汉国家在乡里治理上多有创新，开创了我国封建社会大一统中央集权国家乡里治理模式之先河。社会演变是国家治理方式转变的根本动因，国家治理方式的转变又是社会演变在政治领域里的反映。春秋战国以降的社会变革，推动了秦汉国家治理的革新，也推动了国家在乡里治理上的积极探索。在乡里社会演变过程中，国家通过对社会流动的控制与治理、对乡里社会结构变化所带来的社会问题的治理、对宗族组织兴起的管控与治理，体现了秦汉乡里社会治理的主要特点，既积累了丰富经验，也留下深刻教训。
2022,贫困治理的渐进平衡模式:基于中国经验的理论建构与检验,郑宇,贫困治理;中国经验;渐进平衡模式;国际发展,中国社会科学,0,中国的减贫成就获得了国际社会的广泛认同，但中国的贫困治理不是一个单维度的减贫政策，而是一个以消除贫困为目标的国家主导的系统治理工程。贫困治理的渐进平衡模式发轫于中国的发展减贫经验，通过联动、协同和演进三重机制的共同影响，推动中国经济从不平衡增长过渡到平衡发展。这个模式既有鲜明的中国特色，也反映了发展中国家经济发展的普遍性逻辑。通过对埃塞俄比亚、加纳和尼日利亚三个非洲国家减贫实践的分析可以发现，渐进平衡模式为理解发展中国家贫困治理效果提供了一般性分析框架，揭示了政府、社会和市场在经济增长和减贫之间的互动关系，有助于拓展现有的国际反贫困理论。同时，这个模式也强调同一性和多样性发展知识的结合。可持续的贫困治理需要发展中国家因地制宜进行政策实践，注重政策实施次序，不断扩大受益群体和减少社会阻力，使发展减贫成为自我强化的过程。
2022,中国经济为什么能够增长,路风,经济增长;高增长;工业体系;递增报酬;大国基础结构,中国社会科学,0,中国经济在21世纪最初十几年的高增长是一个重大的世界历史事件。但这场高增长的原因迄今没有得到充分讨论。研究表明，中国长期经济增长的主动力是在中华人民共和国的大国基础结构之下，以工业体系为载体的有用知识体系和社会能力的累积性成长。这个累积性的演进过程从新中国成立至今一直没有中断过，而在21世纪初出现高增长的主要原因是在一系列有利的条件下，蕴藏在中国工业体系和中国人民之中的能量得以迸发。这种能量的内在经济机制可以由递增报酬来解释，而使其得以充分发挥的社会条件则是改革开放带来的人民广泛参与。因此，对于中国经济还能不能继续以较高速度增长的问题，答案是肯定的和确定的。中国经济增长的“黄金时代”仍然可期。
2022,人口负增长与长期停滞——基于日本的理论探讨及对中国的启示,殷剑峰,人口负增长;长期停滞;货币政策;财政政策,中国社会科学,0,有关人口问题与长期停滞的文献认为，人口老龄化使得意愿储蓄过多，意愿投资过少，进而导致经济陷入长期停滞，因此需要通过扩张的财政和货币政策来刺激投资。不过，这些文献忽略了人口负增长这一关键现象。日本被看作长期停滞的典型案例，同时也是最早进入人口负增长的主要经济体。以日本为例，在一个简单的世代交叠模型中引入非负投资约束和零利率下限，探讨在人口负增长的情况下，资本产出比不断上升，资本边际产品和资本品相对价格不断下降，乃至整个经济陷入持久下滑的非均衡态的机制。由于无法阻止资本品相对价格的下跌，货币政策失灵，而旨在刺激投资需求的扩张性财政政策将进一步加剧资本过剩。在人口负增长的过程中，提升资本边际产品使经济恢复均衡态的可行办法，只能是增加相对于过多资本存量的过少的劳动力，基于此，财政政策可以通过补贴生育、扩大教育科研和医疗卫生开支发挥作用。
2021,平台技术赋能、公共博弈与复杂适应性治理,范如国,平台治理;技术赋能;公共博弈;复杂适应性理论,中国社会科学,0,"平台是一个由多主体交互作用、数据与技术驱动的复杂适应性网络生态系统,具有结构复杂、行为复杂、功能复杂、治理复杂等特征,存在边界的开放性与价值分配的闭环性悖论。作为一种新型的社会资本,平台具有赋能、赋权与控制三种能力,平台赋能与平台规模之间满足""幂律法则"",并通过增量式赋权与外部整合重构等机制实现赋能。平台发展带来诸多""创造性破坏"",存在责任异化、技术滥用、算法控制、公共博弈、数据安全等问题。平台治理需要从复杂性理论出发对平台结构、渠道、算法、规则、权责等进行复杂适应性治理,在盈利性与社会责任、专属性与公共性、创新与安全等方面实现动态平衡,提升平台的技术赋能与公共服务能力,防止平台异化。从技术赋能、公共博弈与复杂适应性治理几个方面,对平台治理的逻辑进行系统思考,提出平台治理的科学模式和有效机制。"
2021,作为文明研究的社会学,渠敬东,现代化;文明研究;经典视域;社会学,中国社会科学,0,"社会学的开创者,无不以现代性的文明化进程为入手点,对社会构造的总体特征给出既具有实证基础又具有整全视野的分析和判断。中国社会学的兴起以及在学术进步中所坚持的发问方式,始终与中国文明的思想基质、制度形态、文化模式、民族属性和政治框架之总体结构紧密联系在一起,也始终与中国同整个世界交往、沟通甚至相互塑造的方式紧密联系在一起。就此而言,西方经典社会学家的思想方法和问题视域,与其说给了我们值得效仿的路径,规定了我们的思考轨迹,不如说正是他们在思想上的非凡努力,激发了中国社会学面向自身文明与现代世界接壤和碰撞处所展现的蔚为壮观的思想图景。当前,中国社会的发展正面临着世界历史前所未有的大时代,社会学应以时代赋予的使命,将古今中外仍在发挥着活的社会演变效应的文明要素纳入自身的视野内,以长远的眼光来审视中国与世界正在发生的一切。若要将中国的现代化探索从学理层面上升到人类根本处境的高度,创造人类文明的新形态,社会学需要开拓出全新领地,返回经典的视域。"
2021,中国共产党百年财政思想与实践,闫坤;史卫,中国共产党;财政思想;财政实践;以人民为中心,中国社会科学,0,"以人民为中心、统筹人民长期利益与当前利益,是中国共产党百年财政思想与实践的主线。它贯彻于革命根据地财政建设的实践,促进了新中国独立完整工业体系和国民经济体系的确立。改革开放以来,我国经济快速稳定发展,农村完全摆脱绝对贫困,如期全面建成小康社会,社会主义财政体制改革发挥了重要作用。新时代以人民为中心的现代财政制度建设,需要有序加大社会主义公共产品供给,实现基本公共服务均等化。"
2021,中国数字经济增加值规模测算及结构分析,蔡跃洲;牛新星,数字产业化;产业数字化;渗透效应;替代效应;协同效应,中国社会科学,0,"基于数字技术/ICT渗透性、替代性、协同性特征,厘清""替代效应""""协同效应""等数字经济价值创造机制,将数字经济划分为""数字产业化""和""产业数字化""两部分,使用国民经济核算、增长核算和计量分析等工具,测算中国数字经济增加值规模并分析其结构特征。结果表明:(1)1993—2018年,中国数字经济增加值年均增长17.72%,2018年达157761.53亿元,占全年GDP的17.16%,是中国经济增长的重要支撑;(2)1993年以来,""数字产业化""和""产业数字化""两部分贡献的增加值均保持快速增长,2018年两部分规模分别为7.3万亿元和8.5万亿元;(3)数字产业化方面,""ICT制造业""""软件和信息技术服务业""作为数字经济的基础将长期处于主体地位并保持高速增长;以电子商务、数字媒体等为代表的新兴部门快速增长,是未来发展的重点;(4)ICT渗透效应总体发挥还很不充分,""产业数字化""在传统行业增加值中平均占比仅为9.74%,17个细分行业有6个占比在5%以下,仅4个占比超过平均水平,加大ICT对传统行业渗透应成为加快数字经济发展的重要方向。"
2021,分享经济的社会建构,王宁,分享经济;剩余使用容量;技术革命;数字集市;跨距直接互动结构,中国社会科学,0,"分享经济的兴起让我们目睹了一场存量资源的消费革命。随着当代环境问题和社会不平等问题的日益突出,新公地观念和共享观念兴起。于是,以往被财产观念所正常化的私人财物剩余使用容量的闲置问题日益凸显。在一定程度上,分享经济是对环境危机和社会不平等问题的回应。一方面,剩余使用容量闲置被看作消费主义所鼓励的大量占有、大量消费的结果之一,导致负面的环境后果。对剩余使用容量的日常化和社会化利用,可以让人们以租代购,减少商品购买量,从而缓解环境压力。另一方面,对剩余使用容量的""分享"",也让中低收入群体获得了把私人财物剩余使用容量商品化,从而获得额外收入的机会。数字与通信技术革命所促生的数字集市及其新型社会互动结构,则为私人财物剩余容量的日常化和规模化分享,提供了必要条件。"
2021,企业项目制与生产型治理的实践——基于两家企业扶贫案例的调研,吕鹏;刘学,生产型治理;企业项目制;企业扶贫;社会治理,中国社会科学,0,"近年来,一些企业动员大量的人力、技术、管理、数据等要素下乡,努力将提供公共产品和服务供给与企业的主营业务优势紧密结合,客观上打造了一种可复制、可造血、可持续的协同治理模式。强调国家与社会视角的治理理论因为缺乏""市场的视角""而未能有效回答这一新现象背后的机制和后果。选取两家企业跨界社会治理的实践作为个案研究发现,这些企业通过""企业项目制""的资源动员方式,缓和了生产目标和治理责任的张力。它们像组织产品生产一样经营乡村,在组织化乡村公共生活的过程中形塑了所在地区""生产型治理""的特征。生产型治理对社会治理能力的现代化具有积极的效应,也有潜藏的风险。"
2021,虚拟经济与实体经济的关联性——主要资本主义国家比较研究,刘晓欣;田恒,马克思;虚拟经济;实体经济;自我循环;投入产出,中国社会科学,0,"虚拟经济脱离实体经济独立运行,已致当今全球经济频发金融危机。马克思虚拟资本理论揭示了这种现象背后的资本主义经济规律。构建""虚拟经济—实体经济""投入产出模型,测度虚拟经济对实体经济前向与后向关联度,解析虚拟经济自我循环对GDP构成的影响,实证分析总体表明,2001—2016年主要资本主义国家虚拟经济自我循环的规模仍在扩张,须对国际金融风险保持高度警惕。"
2021,探究政策机制的类型匹配与运用,赵静;薛澜,治理现代化;政策机制;权变策略;国家治理,中国社会科学,0,"从现代化角度审视,总结与归纳改革开放进程中的政策机制与模式匹配,有助于当前国家治理体系现代化建设,也为更长时段的国家治理调整提供思考。长期以来,我国在重大体制机制改革或新型政策体系的决策实施中,形成了国家治理中的行政主导机制,实现了较高的治理效率。新时代的政策环境发生了显著改变,公众对政策问题解决、决策科学性、政府治理能力都有了更高的要求。在以精准施政为支撑的高质量发展阶段,我国公共政策过程也正在配合着政策对象的多元趋势,演化出了多方博弈机制和影响网络机制,契合了宏观政策环境的变化。政策机制的运用从单一走向多元意味着治理形态呈现权变特征,而政策机制运用的转型体现了时代发展的历史必然性。在重大政策改革中,公共政策类型的分化与行政主导机制不匹配带来的施政挑战亟须关注。通过灵活协调使用各类政策机制,能够减少模式匹配带来的经济社会成本,保障全面深化改革效果。"
2021,空间正义实现的公共规制,靳文辉,空间正义;公共规制;市场失灵;空间权益;协调发展,中国社会科学,0,"在经济场域,空间正义主要表现为国土空间开发利用中公众的空间权利配置充分、资本的空间分布均衡、公共资源的空间分配合理和空间经济结构的规范有序。公共规制在保障空间正义目标达致中具有重要功能,在空间正义实现中应科学运用。我国空间正义实现中的公共规制制度体系已相对完备。经济自由权、社会保障权、财产权的社会义务以及国民经济和社会发展规划国家战略,是我国公共规制保障空间正义在宪法层面的依据。税收优惠、金融服务、财政分配、空间经济规划等制度,是我国公共规制保障空间正义的实践基点。通过优化公共规制实现空间正义,需构建以公众经济权利充分实现为中心的公共规制基础机制,以系统化实施为中心的公共规制实施机制,以绩效评估为中心的公共规制运行保障机制。"
2021,缩小数字鸿沟:中国特色数字金融发展,张勋;万广华;吴海涛,数字鸿沟;数字金融;发展不平衡;社会主义制度;农村脱贫攻坚,中国社会科学,0,"全球新一轮技术革命对生产关系的重大影响之一,是由此产生的数字鸿沟普遍拉大了社会贫富差距,但数字鸿沟问题在中国的影响及其填补和克服,具有社会主义制度下的特殊性。利用中国家庭追踪调查(CFPS)数据的实证分析发现,由于农村脱贫攻坚的全面胜利,数字金融的发展带来了中国居民收入和消费的显著增加,特别是对于那些无法接触到互联网的家庭。因为数字金融主要通过促进农业向非农业的就业结构转型,提升工资性收入和农业经营性收入,促进消费,进而抑制数字鸿沟扩大。数字金融发展必须同时防范化解系统性金融风险。"
2021,财政分权、金融分权与宏观经济治理,何德旭;苗文龙,财政分权;金融分权;宏观经济治理,中国社会科学,0,"宏观经济治理体系是国家治理体系的重要组成部分,完善宏观经济治理体系是解决新时代主要经济问题的关键举措。财政政策和货币政策作为宏观经济治理的主要手段,其协调程度和经济调控效果受到财政分权和金融分权制度安排的影响。分析表明:财政收入分权与财政支出分权的不匹配,金融显性集权隐性分权以及政府层级间金融分权和政府市场间金融分权不一致,在一定程度上影响了财政资源和金融资源的配置效率、财政风险和金融风险的防范化解、财政政策和货币政策的协调配合,进而影响宏观经济治理的有效性。因此,明晰中央政府和地方政府的主要职责,在提高地方财政收入比例的同时降低地方支出比例,廓清财政政策和货币政策的定位与救助边界,推进适度的金融分权,更加充分地发挥地方政府对提高经济发展质量、控制重大风险的作用,是构建科学有效的宏观经济治理体系的必然选择。"
2021,制造业在中国新发展阶段的战略地位和作用,郭克莎;彭继宗,制造业;中高速增长;高质量发展;中等收入阶段,中国社会科学,0,"在中国新发展阶段,工业化阶段的演进使制造业进入了高质量发展的阶段。在中等收入阶段,制造业增加值和TFP较快增长,促进了GDP增长和整个经济TFP增长,成为大国经济顺利进入高收入阶段的重要原因。参考高收入大国在中等收入阶段结束时的制造业平均比重以及经济发展质量较高的历史经验,同时考虑到制造业与服务业融合发展对产业结构变动所具有的一定调节作用,中国在进入高收入阶段前后的一段时期,制造业占GDP比重应保持在28%至30%之间。借鉴其他大国在中等收入阶段普遍实施制造业发展战略和促进政策的经验,中国""十四五""时期应加强对制造业发展的政策导向,研究制定促进制造业发展的中长期战略规划,依靠推动制造业高质量发展带动制造业中高速增长。"
2021,中国近代经济思想研究在西方的反响,邹进文,经济思想;全球视野;近代中国,中国社会科学,0,"19世纪中叶,随着中国被迫纳入西方主导的经济全球化体系之中,中国经济思想亦开启了""西学东渐""的进程。伴随着中国近代经济思想的发展,中国经济思想也开始影响西方,对西方经济理论和经济政策的制定产生一定程度的影响。由此,近代中国在经济学""西学东渐""过程中,呈现出中西互鉴的局面。基于英文文献,在全球视野下考察中国近代经济思想,可以扩展研究内涵,展示中国近代经济思想对世界经济思想优秀成果的吸纳和对世界经济思想发展的贡献,凸显对人类文明互鉴的关注与思考。"
2021,国际法的守正与创新——以全球治理体系变革的规范需求为视角,赵骏,两个大局;国际法治;守正创新;全球治理;规范需求,中国社会科学,0,"国际法的理论与实践创新是内在于国际秩序演进史的历史性议题,也是全球治理时代亟待回应的现实性命题。在全球治理视野下,国际法守正与创新呈现出对立统一的辩证关系。国际法创新的起点是守正,即遵从国际法的现代性、崇尚国际法的价值性、遵循国际法的规律性。现阶段国际社会的动态发展促生新的规范需求,从而为国际法的创造性发展创造空间。推动国际法创新符合国际法发展的客观需求,也是我国维护国家利益的可行路径。国际法创新的思维模式应处理好时空联结、新旧传承和内外互动,国际法创新的路径应注重领域与层次的识别、规范模式的选择以及时机和成本的考量等维度。作为新兴大国,中国可在国际法创新中形成规范话语,引领规则创新,直面国际社会新生的规范需求,通过激活规则的有效性推进国际法治深入发展,展示中国的法治成就,通过推动中国国际法的理论和实践创新,为国际法治提供中国立场和方案。"
2021,数字平台的反垄断监管,孙晋,数字平台;反垄断监管;谦抑性理念;积极的包容审慎监管原则;数字竞争规则,中国社会科学,0,"数字平台的动态竞争、跨界经营、网络效应、寡头竞争等特征,使得垄断问题严重且复杂,破坏竞争,损害消费者利益,抑制创新活力,阻碍高质量发展,需要加强反垄断监管。传统监管""一管就死一放就乱""的治乱循环是我国市场监管的痼疾,平台反垄断监管需要避免这一监管悖论。数字平台的双边性市场、动态性竞争和颠覆性创新也需要适配的反垄断监管理论创新——秉持谦抑性理念确立积极的包容审慎监管原则。当下语境的强化监管,并非片面强调从严监管加重责罚,重点在于监管转型,实质在于监管创新,旨在通过监管转型和创新切实改进监管。良法乃善治前提,需要与时俱进加快修订《反垄断法》并配套相关规定渐进健全数字竞争规则,为监管提供高质量制度供给;依据良法积极推进高效的包容审慎监管、公平公正监管、协同整体监管、激励性监管、信用监管和智慧监管,技术赋能监管,是实现平台反垄断监管的善治之道。"
2021,从“权能分离”到“权利行使”,蔡立东,权能分离;权利行使;多层级用益物权体系,中国社会科学,0,"用益物权的生成机制关涉物权制度的架构和容量,蕴含着物权法理论创新的巨大潜能。就解释民法典颁行前的我国用益物权制度而言,""嫁接式具体权能分离说""进行了有益的理论探索,但其未能超越既成""权能分离说""的固有范式,亦无法摆脱该范式的内在缺陷。民法典丰富了用益物权的种类,提供了以坚持社会主义公有制为前提,通过市场机制配置和共享土地等要素资源的法实现方案。基于制度实践的转型升级,以""权利行使""为逻辑线索架构用益物权的生成机制,有益于弥合既有理论与中国实践的罅隙,提升理论的解释力,为多层级用益物权体系的建立奠定学理基础。"
2021,中国的包容性财政体制——基于非规范性收入的考察,吕炜;王伟同,包容性财政体制;激励相容;中央和地方关系;财政分权;非规范性收入,中国社会科学,0,"中国经济增长奇迹是一个有待解释的理论命题。合理解释地方财政非规范行为与中央和地方激励相容之间的逻辑悖论,是深刻理解中国经济改革逻辑的关键。基于地方自主财力长期依赖非规范性财政收入的特征事实,一个包含中央和地方双重行为视角的包容性财政体制分析框架,可以阐释改革进程中长期存在的以非规范性收入为载体的隐性分权合约,刻画在中央财政容忍和地方财政自主的行为动机下中央和地方财政互动的制度空间和动态过程,阐明非规范性收入、中央和地方激励相容与经济增长及市场化改革之间的逻辑一致性。在包容性财政体制分析框架下,普遍内生于中国工业化和城市化进程中的非规范性收入,不仅弥补了正式预算制度下地方事权、支出责任与财力间的不适应,而且在保障体制平稳运行的同时实现了地方行为与经济增长目标的激励相容。包容性财政体制分析框架,兼顾了地方活力与中央驾驭能力,是中国能够兼顾经济快速增长和市场化改革双重目标的重要制度逻辑。"
2021,平台经济发展再审视:垄断与数字税新挑战,周文;韩文龙,平台经济;垄断;生产的国际关系;数字税,中国社会科学,0,"平台经济加速生产与流通及消费的有效对接,提高生产效率,缩短流通时间,促进社会生产力的大发展;同时也面临国际资本垄断数字技术的发展瓶颈,以及国际数字税挑战新问题。平台经济垄断以及国际税收利益分配争端,是全球产业链资本积累过程中基本矛盾深化的新表现。中国是数字经济大国,平台经济发展具有规模优势。在新发展格局下,需要积极治理数字技术垄断问题,主动应对数字税新挑战。"
2021,“两个一百年”奋斗目标之间的经济发展:任务、挑战与应对方略,刘伟;陈彦斌,“两个一百年”奋斗目标;社会主义现代化;中等收入陷阱;高质量发展,中国社会科学,0,"新中国成立之后尤其是改革开放以来,中国取得了举世瞩目的增长奇迹,全面建成小康社会的第一个百年奋斗目标取得伟大历史性成就。面对迈向第二个百年奋斗目标的新征程,中国需要明确经济发展的四大阶段性任务:""十四五""时期末真正跨越""中等收入陷阱"",跻身高收入国家行列;到2035年人均实际GDP较2020年翻一番,达到中等发达国家水平;到2050年人均实际GDP较2020年翻两番,达到发达国家平均水平;持续扩大中等收入群体规模,基本实现全体人民共同富裕。不过在此过程中,中国将面临经济增长动力减弱、增长速度与增长质量之间存在矛盾、中等收入群体收入增速较快下滑以及外部环境趋于复杂四大挑战。为此,中国需要从充分发挥特色优势、合理规划发展路径、贯彻新发展理念与构建新发展格局,以及加快推进中国经济学理论体系建设等四个维度构建迈向第二个百年奋斗目标的新方略。"
2021,生育转变的多重推动力:从亚洲看中国,郑真真,生育转变;低生育率;生育政策;生育意愿,中国社会科学,0,"中国在半个世纪内完成了生育率从高到低的转变,低生育率已持续多年。中国的生育转变和亚洲诸多国家/地区相似,社会经济发展和政府主导的计划生育都起到了重要作用。中国的生育率下降虽起步相对较晚,但速度反超多数亚洲国家。回顾中国生育转变进程和主要推动力,反思政府主导的政策干预在生育转变不同阶段所发挥的作用,可充分认识低生育率时代更为错综复杂的生育影响因素,有助于把握应对低生育率的政策导向。"
2021,中国城市劳动力市场中教育匹配的变迁趋势——基于年龄、时期和世代效应的动态分析,吴晓刚;李晓光,教育匹配;过度教育;职业结构;教育扩招;APC模型,中国社会科学,0,"劳动力市场""就业难""日渐成为一个现实而紧迫的问题。伴随着过去半个世纪全球性的教育扩张,教育匹配问题(特别是其中的过度教育问题)已出现在不同国家的劳动力市场中。聚焦中国城市劳动力市场的教育不匹配现象,基于2003—2017年中国综合社会调查数据,使用年龄—时期—世代模型评估教育匹配的变迁趋势,分析发现:首先,伴随中国职业结构的升级,过度教育整体呈现下降趋势(时期效应)。其次,伴随着义务教育的普及和高等教育的扩招,过度教育随着出生世代呈现快速上升趋势(世代效应)。最后,一旦个体的教育与劳动力市场的岗位形成错配,将会成为个体职业生涯中的一种长期性现象。这些发现对大力推进教育强国、建设与高质量发展相协调的教育体系、加强教育与劳动力市场的连接与匹配、实现""人尽其才"",具有重要的理论价值和政策启示。"
2021,中国宏观经济韧性测度——基于系统性风险的视角,刘晓星;张旭;李守伟,经济韧性;系统性风险;吸收强度;吸收持续期,中国社会科学,0,"在外部不确定性冲击加剧和内部新旧动能转换背景下,准确识别金融市场系统性风险冲击下的中国宏观经济韧性成为一个重要话题。利用117种金融指数测度金融市场系统性风险,使用151种宏观经济指标估计时变脉冲响应,采用风险吸收强度和吸收持续期定量测度宏观经济韧性,通过区制转换模型考察其影响因素,结果表明:中国宏观经济韧性稳步提升,特别是进出口子系统的韧性提升更加明显;宏观经济韧性在产业、行业、地区、城—乡层面存在显著异质性;宏观经济韧性受到经济状况、货币周期、全要素生产率影响,呈现出区制转换特征。识别经济系统的风险吸收能力、探索提升宏观经济韧性的路径,对形成以国内大循环为主体、国内国际双循环相互促进的新发展格局和实现高质量发展战略目标,具有重要意义。"
2021,“一带一路”倡议与国际法——基于国际公共产品供给视角的分析,石静霞,“一带一路”倡议;国际公共产品;“一带一路”法治化;全球经济治理;国际法保障,中国社会科学,0,"由于经济危机深层影响显现、贸易保护主义加重、全球治理体系变革和新冠肺炎疫情影响等多种力量和因素的共同作用,国际社会面临公共产品供给不足的困境。""一带一路""倡议是中国在新的历史发展时期,作为负责任大国向国际社会提供的公共产品,符合非竞争性和非排他性特点。国际法在国际公共产品的供给方面有重要的促进和保障作用。""一带一路""倡议实施以来面临国际治理环境的急剧变迁,法治化是倡议长久和顺畅实施的基础前提和重要保障。""一带一路""法治化一方面应注意国际软法和硬法结合的多元化治理,妥善利用现有双边、区域和多边国际法律机制,另一方面须密切关注国际经贸规则最新发展,创新性提高我国的投资和贸易自由化等规则供给能力。""一带一路""的国际法保障,既要重视近期贸易和投资自由化的具体举措,亦需着眼于制度供给的长远规划和可持续发展,以此实现共建""一带一路""倡议的愿景和目标。"
2020,金融市场与宏观经济的风险传染关系——基于混合频率的实证研究,杨子晖,金融市场;宏观经济混合频率;高频信息,中国社会科学,0,"为实体经济服务是金融的重要宗旨,也是防范化解金融风险的根本举措。以共频方法展开的传统研究因无法处理金融市场数据与宏观经济数据存在的频次不匹配问题,可能导致忽略重要风险传染途径、严重低估金融风险外溢冲击,以及误判风险传染角色的重大失误。混频因果检验以及混频溢出方法,可以有效克服这一不足。基于此,对中国金融市场与宏观经济间的风险传染关系展开研究,并进一步基于因子增广向量自回归模型克服""维度诅咒""问题,实证检验金融风险对宏观部门信息集的具体影响,刻画金融风险对不同经济部门的冲击力度与传导机制,结果表明:中国金融市场均为风险冲击的净输出方,所有宏观经济部门均为风险冲击的净输入方;金融风险是导致消费、利率、货币和消费者信心等出现明显变动的原因,进而对宏观经济部门产生显著冲击;利率、货币等宏观部门的变动,也会经由信贷渠道、""观望""理论阐释的传导途径等,对金融市场产生明显的反馈作用。这将有助于完善与高质量发展要求相适应的宏观调控体系。"
2020,清末民初遗产税的引入,雷家琼,遗产税;郭嵩焘;税制改革;印花税,中国社会科学,0,"""遗产税""原为海外税制,于清末民初引入中国,以新知识与新税种交缠的形式传播。它最初附属在印花税项下,清末由驻外使节引介给清政府,并通过报刊等媒介在社会上传播。聚焦于丰厚的财政收入设想,遗产税的引入契合了严峻的财政困境,但由于半殖民地半封建的社会状况,当时落后的中国并不具备开征遗产税的条件,筹设者意图以遗产税等新税解决财政问题的设想,最终不了了之。史实表明,不考虑具体国情,盲目而硬性地搬用外国制度,在中国是不能成功的。"
2020,防范化解系统性金融风险——西方金融经济周期理论货币政策规则分析,陈昆亭;周炎,,中国社会科学,0,"<正>引言习近平总书记多次指出,金融是现代经济的核心,是实体经济的血脉;金融活经济活,金融稳经济稳;金融安全是国家安全的重要组成部分,维护金融安全是关系我国经济社会发展全局的一件带有战略性、根本性的大事。（1）他还说:""我们坚持马克思主义政治经济学基本原理和方法论,并不排斥国外经济理论的合理成分。西方经济学关于金融、价格、货币、市场、竞争、贸易、汇率、产业、企业、增长、管理等方面的知识,有反映社会化大生产和市场经济一般规律的一面,"
2020,中国产业结构转型与潜在经济增长率,朱民;张龙梅;彭道菊,潜在经济增长率;产业结构转型;劳动生产率;无条件收敛,中国社会科学,0,"为深化供给侧结构性改革、推动高质量发展,基于中国40多年经济结构转型和跨国历史经验,对中国未来的产业结构转型和细分行业的生产率收敛进行估计,预测2030年不同场景下的中国经济增长率。结果显示,2030年中国经济增长率预计将保持在3.9%—4.5%的健康水平。随着中国进入后工业化时期,劳动力从工业持续流入服务业,将削弱部门间结构转型对经济增长的贡献,但较高的高技能服务业和高技术制造业收敛速度将成为新增长动能,有助于提高经济增长率。这为中国积极应对当下世界经济形势的不确定性,推动经济持续健康发展,提供了新的政策视野和框架。"
2020,论数据用益权,申卫星,数据用益权;数据所有权;数据财产权;权利分割;数字经济,中国社会科学,0,"数据权属及其分配规则不清,已成为数字经济发展的最大制度障碍。未来应根据数据要素市场对数据积极利用的巨大需求,借助自物权—他物权和著作权—邻接权的权利分割思想,容纳作为现代新兴权利客体的数据。根据不同主体对数据形成的贡献来源和程度的不同,应当设定数据原发者拥有数据所有权与数据处理者拥有数据用益权的二元权利结构,以实现数据财产权益分配的均衡。数据用益权既可以基于数据所有权人授权和数据采集、加工等事实行为取得,也可以通过共享、交易等方式继受取得。数据需要依托具有公信力的公共数据平台、数据中间商进行交易与共享。数据用益权包括控制、开发、许可、转让四项积极权能和相应的消极防御权能,在公平、合理、非歧视原则下行使各项权能可以平衡数据财产权保护与数据充分利用两种价值,推动数据要素市场快速健康发展。"
2020,十六至十九世纪中日货币流通制度演进路径的分流,仲伟民;邱永志,中国;日本;货币;分流,中国社会科学,0,"16—19世纪中日两国货币流通制度的演进路径发生两次重要分流。第一次分流发生在16世纪中下叶以降,从货币发行管理权的视角看,中国是""主导权下移"",表现为自下而上的货币称量银化,以及政府货币发行权动摇、弱化了对核心货币的管理干预能力;日本则是""主导权上移"",表现为幕府建立了政府主导的金银铜三货制度,有能力多次改铸货币、调节货币流通市场。19世纪下半叶,中日两国在建立近代货币金融体制的过程中呈现出更明显的分流。中国货币金融制度不但发展迟缓,而且呈现出混乱不堪的局面,货币主权遭遇严重侵蚀;日本较早且较顺利地建立起近代货币金融制度,确立了国家货币主权。这不仅影响了中日两国的历史命运,也彰显了国家金融能力的传统特质对构建近代金融体制的深层次作用,折射出历史遗产的路径依赖对于制度变迁的深层影响。"
2020,中国贫困治理的政治逻辑——兼论对西方福利国家理论的超越,谢岳,贫困治理;福利分配;精准脱贫;中国模式,中国社会科学,0,"中国贫困治理特别是""精准脱贫""取得的巨大成就,为我们深刻理解""中国模式""并发展国家理论提供了重要的契机。中国的贫困治理模式成功地将执政党的政治领导力转换为一种现代化的国家治理能力,将贫困人口的个人福利上升到国家战略的高度,发挥了中央权威的理性化优势,激发了地方政府与社会协同治理的活力。中国特色社会主义制度的本质决定了中国贫困治理的政治逻辑:以福利分配为导向的贫困治理,是一种普遍的""人民福利"",而不是排他的少数人的特权;是一种基于""共同富裕""和""全面实现小康社会""的国家目标,而不是为赢得选举而安抚选民的功利手段;是一种旨在帮助贫困人口形成致富能力的发展意义上的分配制度,而不是""托底式""的功利性社会救济。中国的贫困治理用事实证明了社会主义制度在福利分配方面的政治优势,有力挑战了西方传统的福利国家理论。同时,为帮助发展中国家摆脱以西方为师的理论贫乏与制度枯竭的困境,提供了具有参考性的替代方案。"
2020,乡村建设与全面小康社会的实践逻辑,王春光,全面小康社会;乡村建设;现代化;美好生活,中国社会科学,0,"在全面小康社会建设实践中,乡村建设承担着重要的角色,也是需用力解决的短板、难点和重点。从现代化和现代性理论视角出发,可以在价值、制度和结构、主体性自觉和美好生活追求三个维度上,深入探讨乡村建设推进的实践逻辑。研究表明,小康价值引领着乡村建设从经济发展逐渐向社会、经济、文化、生态和治理五个方面推进,融入国家整体性现代化发展进程;推进城乡制度和政策改革与创新,破除区隔城乡的不平等和不合理体制机制障碍,构建城乡一体化和均等化的社会权利和机会体制,是乡村建设实践的核心内涵;而村民主体性自觉以及对美好生活的追求,则成为乡村建设的动力机制和最根本的目标追求。乡村建设在价值引领、制度和政策改革及创新、村民主体性自觉和对美好生活的追求之间存在着相互影响的复杂关联,只有三者之间达成良性循环,乡村建设才可能取得明显进展和成功。这样的实践逻辑为后续的乡村振兴以及后小康社会的现代化建设奠定了可以因循的社会经济和文化基础。"
2020,中国国民经济核算核心指标的变迁——从MPS的国民收入向SNA的国内生产总值的转变,许宪春,MPS;SNA;国民收入;国内生产总值,中国社会科学,0,"新中国成立初期,中国国民经济核算采用产生于高度集中的计划经济国家苏联的物质产品平衡表体系(MPS),中国国民经济核算的核心指标采用MPS的国民收入。改革开放以后,适应从计划经济体制向社会主义市场经济体制的转变,中国国民经济核算体系转变为产生于市场经济国家的国民账户体系(SNA),相应地,中国国民经济核算的核心指标从MPS的国民收入转变为SNA的国内生产总值(GDP)。归纳中国MPS的国民收入核算的主要内容,阐述从MPS的国民收入核算向SNA的GDP核算的转变过程、转变方法和国际可比性的不断提升,这不仅有利于经济研究工作者深入了解中国国民经济核算核心指标的发展变化情况,更能够为准确把握中国经济增长数据变迁,从而更为客观地研究中国中长期经济发展变化,提供坚实基础。"
2020,财政转移支付与人力资本的代际流动性,范子英,财政转移支付;人力资本;代际流动性,中国社会科学,0,"财政转移支付的主要目标是基本公共服务的均等化,特别是受教育的机会均等化,进而有利于提升人力资本的代际流动性。基于一个简单的理论模型,在地区竞争的框架内讨论纵向转移支付的作用,发现转移支付能够有效促进人力资本在代际间的流动性。将2010年人口普查微观数据与县级财政转移支付数据进行匹配,基于出生年份群组和地区两个维度的差异,考察转移支付能否提升人力资本在代际间的流动性,验证了以上理论结论,且一般性转移支付与专项转移支付内部的教育类转移支付的作用更为明显。基于此,为促进人力资本获得的公平性,需要完善转移支付制度,特别是提高教育类转移支付的占比。"
2020,马克思唯物史观叙事中的劳动正义,刘同舫,唯物史观;劳动正义;劳动关系;劳动生产形态,中国社会科学,0,"寻求和探明劳动正义的本真内涵与现实表征贯穿于马克思唯物史观叙事的始终。马克思立足于人的存在方式和自由解放的本质需要,在审视人类劳动与人类历史的相互关系中阐明了劳动正义与生产正义、社会正义之间的层级结构,确立了劳动正义在这一结构中的逻辑先在性,并确立了作为劳动正义前提的自由向度和解放维度。唯物史观与现代性批判的叙事方式是马克思论述劳动和正义命题时的基本遵循,他从劳动异化和私有制角度对劳动的""非正义性""进行历史解构与前提批判,批判了""资本正义""""经济正义""的非正义性实质。马克思揭示了劳动与资本及其衍生的劳动内部关系的悖论,从""劳动自由""的高度破解了理论谬误。马克思劳动正义思想内蕴的叙事力量以及批判向度在21世纪经济全球化论域之中可被重新激活并启发新知。"
2020,财政规则与国家治理能力建设——以环境治理为例,张莉,财政收支结构;环境治理;财政规则,中国社会科学,0,"财政是国家治理的基础和重要支柱,改革财政规则以提升国家治理能力具有重要的政策意义,环境治理是当下国家治理能力建设中的重要内容。""环境库兹涅茨曲线""假说忽略了政府在改善环境质量上的作用,自上而下的行政命令则忽略了地方政府的积极性。从地方政府追求可支配财政收入最大化角度出发,提出财政规则与地方政府治理绩效之间的假说,并利用地级市数据进行实证检验,结果可以发现,财政规则可以影响财政收支结构,进而解释不同地区的异质性环境治理激励。据此,财政规则改革可以促进国家治理能力提升,中央通过改变财政规则可以促使地方政府自主承担环境治理的职责。"
2020,银行、票号兴替与清末民初金融变革,周建波;曾江,金融创新;金融业态;银行;票号,中国社会科学,0,"金融发展与创新过程通常包括新金融业态的产生、发展以及替代旧金融业态的完整周期。清末民初,上述周期在银行进入中国并逐渐与票号展开竞争、最终完全替代票号的过程中得到明确体现。近代银行首先以外资银行形式进入晚清金融市场,在甲午战争后对票号形成巨大的竞争压力。本国银行于19世纪末20世纪初在外资银行的诱致下产生,至辛亥革命后迎来繁荣发展期,抢占了票号的大量市场,并最终完全替代了票号的金融功能,迫使票号彻底退出历史舞台。银行对票号的替代本质上是金融创新的结果,是近代新的社会生产条件下新金融业态相对于旧金融业态所具备的制度优势在竞争中发挥作用的结果,是金融近代化转型的重要表现。"
2020,经济决定论的历史唯物主义评判,沈江平,经济决定论;历史唯物主义;人类命运共同体,中国社会科学,0,"""经济决定论""或""经济唯物主义""思潮始于第二国际,时下仍存有类似观点。""经济决定论""几乎成了历史唯物主义挥之不去的""误读""。理论上,""经济决定论""作为一种基于传统哲学进路理解人类历史的理论模式,诉诸""基础主义""和""还原论""的思维方式,机械地解读经济基础和上层建筑的关系,强调经济因素的唯一决定性。实践中,""经济决定论""的教条主义倾向,切割理论和实践,将历史唯物主义异化为一种""旁观的实证科学"",遮蔽了历史唯物主义的价值立场,妨碍革命实践甚至走向革命运动的反面。因此,有必要从学理上反思和揭示""经济决定论""的本质,澄清历史唯物主义理论的真实原貌。"
2020,社会符号论的批判向度与力度——基于唯物史观的一种考察,方军,社会符号论;历史唯物主义;符号学,中国社会科学,0,"通过马克思对商品、货币、资本等社会符号的深刻分析,可发现社会符号的颠倒与否定性质是社会符号普遍的有规律性的特质,是社会符号在一定社会形态下获得的历史规定性,其根源于人类实践的基本矛盾即对象化与非对象化的矛盾运动,由实践的辩证本质即以否定性为媒介的关系所规定,是否定性辩证法在符号上的具体表达。唯物史观视野中的社会符号论的批判是基于实践、基于现实、指向未来的,是具有革命性又具有建设性的批判。在当代,构建科学的社会符号论,不仅可以推动符号学的发展,而且是深化历史唯物主义的重要方面。"
2020,全球价值链嵌入对贸易保护的抑制效应:基于经济波动视角的研究,唐宜红;张鹏杨,全球价值链嵌入;经济波动;贸易保护;最优关税模型,中国社会科学,0,"贸易保护总是伴随着经济波动产生和蔓延,平抑经济波动成为抑制贸易保护的重要途径,而全球价值链(GVC)形成的利益关联使得GVC降低全球经济波动的作用备受关注。基于包含经济波动参数的最优关税模型,从经济波动视角探究GVC嵌入对贸易保护的抑制效应并进行实证检验,可以发现:GVC嵌入对贸易保护存在抑制效应,平抑经济波动是GVC嵌入抑制贸易保护的重要机制,且GVC主导型国家的GVC嵌入通过平抑经济波动对贸易保护具有抑制作用,而GVC跟随型国家通过该机制对抑制贸易保护效果不显著,甚至还可能会加剧经济不稳定,引致贸易保护。随着一国GVC主导能力提升,GVC嵌入通过平抑经济波动,抑制贸易保护的作用逐渐明显。"
2020,农民与土地渐行渐远——土地流转与“三权分置”制度实践,朱冬亮,土地流转;“三权分置”制度实践;市场集体经济体制,中国社会科学,0,"改革开放40年至今,中国农村土地制度实践经历了从""两权分离""到""三权分置""的重大变革。考察当前""三权分置""实践历程,必须落地于土地流转这一关键场域。通过对全国不同农村地区的田野调查发现,工业化、城镇化的快速推进使得土地规模化集约化流转迅速上升,传统小农经济结构因之趋于解体,农民与土地的关系渐行渐远。""三权分置""制度实践呈现出土地集体所有权实践实体化、承包权实践股份化资产化和经营权实践市场化的新发展特征,同时显现出土地所有权和经营权主体实践地位强化而农户承包权主体实践地位弱化的新演变态势。未来农村土地制度变革,须基于实现乡村全面振兴目标,努力建构新型市场集体经济体制。"
2020,营利概念与中国法人法的体系效应,宋亚辉,营利;营利法人;非营利法人;利润分配,中国社会科学,0,"""营利""这一概念是贯穿中国法人法的一条主线,其含义由二要素构成:一是以追逐利润为目的;二是将利润分配给出资人。以此为标准,《民法典》区分了营利与非营利法人,并将法人性质与其组织形式捆绑,采用特定的组织形式意味着只能从事特定性质的行为,法人""身份""直接决定了其""能力""。此举旨在遵从公法上的法人区分登记管理体制,维持了公私法体系的融贯性,但却束缚了营利法人的权利能力与社会活力,在私法上的体系效应不佳。这一问题在大陆法系由来已久。作为两大立法例之一,日本法较早采用的营利与公益法人分类经历了艰难的改革过程,但始终受到营利概念二要素的困扰。德国法采用的社团与财团法人分类摆脱了营利概念之束缚,将利润分配完全留给经济性社团自治,允许以社团法人的组织形式从事任何法不禁止之事业。这种法人组织法中立的技术构造,充分释放了社团法人的权利能力与社会活力。立足中国国情,中国法人的私法构造应妥善处理与公法上的社团管制之关系,逐步放松利润分配要素对营利法人的不当限制,有步骤地推动法人组织法与行为法的脱钩,释放营利法人参与公益事业的权利能力。"
2020,对置盐定理的批判性解构,张衔;薛宇峰,马克思;一般利润率趋于下降规律;置盐定理,中国社会科学,0,"在否定马克思一般利润率趋于下降规律的文献中,置盐定理用严谨的数学方法,证明资本主义基本品部门引进先进技术必然使一般利润率上升,因而影响广泛。批评置盐定理的文献存在两个缺陷:未追究作为该定理论证基础的生产价格说是否成立;未深入考察定理所隐含的经济理论基础之真伪。分析表明,置盐的生产价格完全背离马克思的定义,是商品流通加价的产物,定理遵循的是斯密价值论和李嘉图转形论的庸俗成分。置盐不理解一般利润率趋于下降恰恰是单个资本追求超额利润的复合结果,这是资本家的""囚徒困境""。"
2020,深化体制改革中的产业创新体系演进——以中国高铁技术赶超为例,黄阳华;吕铁,高铁;产业创新体系;产业分权;技术赶超;工业强国,中国社会科学,0,"立足于中国经济体制改革和高铁产业创新发展的实践,利用对业内18家核心机构、300余人次的调研资料,采用产业创新体系的分析框架,对高铁行业技术赶超现象进行历史与逻辑相统一的解释。研究发现:铁路制度的调整塑造了微观主体的技术创新激励,是解释中国高铁技术赶超的关键;市场需求的升级在高铁技术赶超中发挥了基础性乃至决定性作用,同时也是产业政策有效发挥作用的必要条件;产品开发平台对高铁装备制造业技术能力的提升至关重要,而引进创新与自主创新都是完善产品开发平台的手段,二者是互补的关系。高铁技术赶超经验的一般性与特殊性,为建设制造强国提供了有针对性的理论和经验启示。"
2020,中国民营企业成长路径与机制,朱斌;吕鹏,创业者;企业成长;企业规模;市场转型,中国社会科学,0,"改革开放40年来,中国经济发展取得了举世瞩目的成就,民营经济部门的成长尤为引人关注。其中,创业者是我国民营经济发展的重要参与者。将创业的组织过程引入新兴市场的精英流动研究,进而探究创业者的社会出身与其创业结果之间的关系。研究发现,初始企业规模与企业成长本质上是资源汇聚与整合的结果,而这取决于创业者特征。精英型创业者的初始企业规模、企业成长速度以及当前企业规模均要高于草根型创业者。随着经济改革的深入和民营经济的增长,大企业主的社会来源总体上趋于精英化,精英型创业者特别是内源型创业者的企业规模优势越来越突出。这种优势的扩大主要是因为其企业的初始规模优势在扩大,而创业以后的企业成长速度优势并未同步扩大。政府在民营企业发展中发挥重要作用,为促进民营经济进一步发展,释放其创新潜力,需发挥政府监督市场运行与纠正市场失灵的职能,积极创造良好的营商环境。"
2020,劳动所有权原则的实践效应,李志,劳动所有权;劳动价值论;实践效应,中国社会科学,0,"马克思在所有权问题上展开的批判,并非直接针对劳动所有权原则本身,而是针对这一原则在当时的社会实践中所触发的消极效应。这包括古典政治经济学家从道德上对无产者的责难以及将雇佣劳动混同于一般劳动所带来的资本主义辩护;也包括当时欧洲工人运动受其影响而过分关注工资问题却忽视雇佣关系与剩余价值的实质。作为一种理论原则,劳动所有权并非只能带来负面的实践效应。这一原则在社会主义实践中的确立与贯彻,将赋予劳动以崇高性,赋予劳动者占有和保护自身财产不可辩驳的权利。由此劳动所有权原则的轴心将从所有权转向劳动本身,最终完成劳动所有与劳动所有权在事实和价值上的统一。"
2020,中国行政体制改革的价值显现,何艳玲,行政体制改革;市场化;互联网;以人民为中心;开放治理,中国社会科学,0,"中国行政体制改革进程基本与市场化进程吻合,并在不同阶段先后呈现出适应市场(高效政府)、稳定社会(服务型政府)与人民满意(人民满意的服务型政府)的基本逻辑和价值取向,而其共同之处则在于回应主要由市场化所塑造的社会差异性。随着全球化、信息化与市场化进程的高度交织,特别是互联网社会对社会结构的影响日益深化,塑造了社会多元性并对行政体制改革带来了新挑战。新时代的中国行政体制改革,既要继续回应社会差异性,又要回应社会多元性,即双向回应。""以人民为中心""的提出,在理论层面是行政体制改革双向回应的价值表达,在实践层面是行政体制改革双向回应的中国方案。未来行政体制改革的要义在于:应对多元性,转变政策制定方式;利用多元性,确认并重新理解社会分歧;建构多元性,以此拓展解决公共问题的路径。"
2020,再分配政策对农村收入分配的影响——基于税费体制改革的经验研究,陈斌开;李银银,收入不平等;再分配;农村税费改革,中国社会科学,0,"财税政策对促进经济增长和改善收入分配都至关重要,其核心职能在不同发展阶段存在差异。基于农业部固定观察点数据,研究税费体制改革对农村收入分配的影响,探讨财税政策在调节收入分配中的作用。研究发现,削减税费显著改善了农村收入分配,解释了1997—2000年与2005—2008年收入不平等下降的43%—49%。在经济发展初期,财税政策的着力点在于经济增长,地方政府缺乏改善收入分配的激励,低收入阶层税费负担较重,在公共支出中获益较少,因此财税政策的再分配功能有限。随着中国经济社会进入新时代,通过再分配降低不平等、促进经济社会平衡充分发展,将成为财税政策的重要功能。"
2020,论数字货币的法律属性,杨延超,数字货币;比特币;法律属性;监管制度;金融监管,中国社会科学,0,"自提出比特币概念至今,数字货币已被广泛应用。数字货币是以区块链作为底层技术支持,具有去中心化、可编程性、以密码学原理实现安全验证等特征。关于数字货币的法律属性,总体上有非货币财产说和货币说,其中非货币财产说又有商品说、证券说、数据说等学说。具有代表性的商品说、证券说、数据说等均具有无法逾越的理论困局和现实障碍。回归货币的本质,其作为普遍认可的记账符号,国家或私人银行发行仅是构建货币信用的手段,而非必要条件。相比较传统货币,数字货币正是依赖区块链技术,完成了去中心化的货币信用构建。如此,在数字货币货币说的基础上产生了新货币说,一方面,它为建构数字货币的准货币属性提供法理依据;另一方面,也为渐进完善数字货币立法提供理论基础。可以先确定其为准货币的法律属性,在时机成熟时再确认其货币的法律地位。有必要在立法中确认数字货币作为准货币的法律地位,以此作为逻辑起点建构其作为准货币的系列法律制度。数字货币容易被用于犯罪或者逃避金融管制的工具,必须确定监管主体,构建监管规则。"
2020,经济结构转型期的内需扩展:基于服务业供给抑制的视角,徐朝阳;张斌,结构转型;服务业;供给抑制;内需不足;总需求管理政策,中国社会科学,0,"中国正处在从制造业向服务业的经济结构转型过程中,但服务业仍存在各种因素造成的供给抑制现象。构建包含这两个特征的结构转型模型,可以证明这两个特征的结合将造成供求错配、产能过剩和内需不足等问题,使得经济增速低于潜在水平。基于理论模型和数值模拟的分析表明,逐步消除服务业供给抑制现象,扩大服务业有效供给,实施有利于扩大消费的总需求管理政策,推动积极财政政策从支持生产为主向支持消费为主转变,不仅可以有效扩展内需,提高经济增速,而且不会危及公共债务的可持续性。"
2024,中国企业协同创新中的金融角色——基于供应链关联的视角,郭晔;姚若琪,协同创新;金融;供应链;创新链,中国社会科学,0,"随着技术发展和经济结构变迁,以供应链为纽带的大中小企业协同创新已经成为中国企业互联式创新的重要形式。供应链企业间的协同创新能够进一步促进专业化和复杂性知识的转移与传播,从而实现创新链和供应链的深度融合。然而,传统金融模式难以充分激发企业的创新潜力。基于供应链关联的金融因兼具融资和供应链管理功能,将促进企业间协同创新。当供应商具有较强的自主创新能力且掌握关键技术时,金融具有明显的协同创新效应。一方面,供应商加入核心企业供应链后能够分享核心企业的信用,从而缓解金融对创新支持不足的问题。另一方面,基于供应链关联的金融将提升供应链上信息交流的程度和质量,优化创新成本的配置,促进企业协同创新。供应链企业间协同创新是供应链核心竞争力建构的关键因素,赋予了金融在强化创新链、支持高质量发展中更丰富的意义。"
2024,农村金融市场的中介化治理——基于两个农村金融改革案例的社会学分析,李英飞,农村金融;中介化治理;组织中介;普惠金融,中国社会科学,0,中介化治理是近十年来中国政府为优化金融资源配置、激励商业金融支农探索出的新型治理机制。通过组建各类组织中介形成的地方市场部门化、信用优势汇聚、结构力量转化三个相互关联和协作联动的制度机制，中国政府得以推动农村普惠金融高质量发展，并走出了一条中国特色普惠金融发展道路。中介化治理作为中国政府推动经济社会诸领域转型发展而形成的一种具有共识性生产和价值统合作用的总体性治理机制，不仅在农村金融领域发挥重要作用，也是亟待深入研究的新型政府治理形式。
2024,高质量发展阶段中国城镇居民劳动收入分配格局的变迁(2012—2021),朱斌;李路路,高质量发展阶段;经济增长动能转型;创新驱动增长;收入分配,中国社会科学,0,"进入高质量发展阶段，中国开启了“第二次大转型”,即经济增长动能转型，从要素驱动为主转向创新驱动为主。这次转型同样对收入分配机制与格局产生深刻影响。随着市场体制的完善，以及互联网等信息技术的发展，市场交易成本大大降低，显著加快了各种生产要素的市场流动。这既有利于生产要素的重新组合与创新，也推动了市场形态的转变：过去高度组织化的市场形态转向个体化的市场形态，工作组织与就业者原本的紧密联系出现弱化，更多的社会资源通过多样化的市场参与者直接分配而不再通过高度组织化的体系间接分配。使用CGSS2012—2021年的调查数据对城镇居民劳动收入进行分析，研究证实，一方面，工作组织在收入分配中的作用开始下降；另一方面，资源分配权力将越来越多地在劳动者之间直接进行纵向转移，那些在创新过程中发挥重要作用的个人与群体的收入回报将提高。"
2024,国家治理的空间建构——行政区划调整的时空逻辑与新时代的关键议题,赵聚军,国家治理;行政区划;政府职能;自主知识体系,中国社会科学,0,行政区划型构了国家治理的空间载体。基于职能导向论的基本立场归纳新中国行政区划的调整逻辑，可以发现：鉴于政府职能的动态性和相对稳定性，调整逻辑表现出鲜明的时代分布；政府职能的纵向分异和政区属性差异，又使得调整逻辑呈现出明显的空间分布；时代与空间的交织构成了锚定新中国行政区划调整逻辑的时空坐标体系。以新时代行政区划调整的时空逻辑为分析起点，结合政策转向和宏观环境变化，助推超大特大城市高质量发展、推动收缩型城市转型发展与“小县”重组、助力基层治理现代化构成了新时代持续优化行政区划设置的关键议题。
2024,授权资本制的中国运行机理,傅穹,授权资本制;股份有限公司;董事会决策;类别股份,中国社会科学,0,从认缴制到授权资本制，是我国公司资本制度改革的重大理论飞跃，标志着股份有限公司融资法治现代化时代的来临。授权资本制的关注重心在于公司融资自主权与新旧股东利益平衡。公司章程或股东会授权董事会发行股份，既方便公司设立，又重塑公司融资治理的权力分工，突出董事会的决策者地位。授权资本制与类别股、实缴制相结合，既满足不同偏好的投资者需求，打开公司与股东间的新型资本类交易通道，又减少公司注册资本虚化等问题。对于新旧股东的利益平衡与救济之道，在股东优先认购权章程选入模式下，须以强化董事受信义务作为支撑，辅以新股发行主要目的审查与瑕疵之诉的司法救济。
2024,大国竞争中的技术遏制与反遏制,王勇;赵昌文;江深哲,大国竞争;技术遏制;产业政策;国防战略型产业,中国社会科学,0,后发追赶国家应该如何动态有效地应对来自领先大国的技术遏制？现有相关经济理论缺乏对国际关系的考量，而现有国际关系理论则对企业等微观主体的市场行为研究不足。构建一个包含国际关系动态博弈的一般均衡经济学理论框架可以发现：当领先大国出于内生的霸权利益考虑而选择对后发追赶国家进行技术遏制时，后者可以通过补贴本国生产和研发进行反遏制，且最优补贴率随着所受技术遏制程度的增加而提高。虽然补贴政策在短期可能引发更严苛的技术遏制，但会缩短技术遏制的时长，并在中长期实现更高的福利水平。而考虑到现实中补贴政策可能引发的企业“道德风险”等问题，后发追赶国家还需采取包括竞争政策在内的其他可行性策略。此外，通过增强国防战略型产业对民用产业技术溢出的效率，亦可提升后发追赶国家的反遏制能力与效果。
2024,美债减持与国际货币体系多元化路径,刘东民;宋爽,美债减持;货币国际化;国际货币体系;美元霸权,中国社会科学,0,以美元为中心的国际货币体系作为一种霸权体系具有内在不稳定性，而国际货币体系一直未能形成真正的多元格局。通过对霸权稳定论、均势理论和国际货币权力理论的批判，结合国际金融理论的定性与定量分析，从美国政府债务压力与美元国际信用的相互影响这一视角出发开展研究，可以发现国际货币体系变革存在一条和平、渐进的市场演化路径。在市场条件下，美国政府不断加重的公共债务成为导致美元国际信用下降的重要因素之一，而美元国际信用下降与其他国际货币的持续崛起将推动各国官方减持美国国债、降低美元储备，从而引起美国中长期国债利率上升、财政压力增大，最终形成国际货币体系从霸权走向多元的自我增强型循环。情景模拟即展现了市场条件下美债减持对美国财政产生的潜在冲击及其推动国际货币体系多元化的动态路径。
2024,中国区域协调发展战略的增长贡献——兼论区域政策路径之争,年猛;张海鹏;王垚,区域协调发展战略;增长贡献;“基于地”;“基于人”;区域政策路径,中国社会科学,0,兼顾宏观经济增长与区域平衡发展两大目标，是中国以区域协调发展推进中国式现代化的本质要求。基于宏观总产出视角，通过构造反事实框架，评估中国实施“基于地”和“基于人”的区域政策所产生的经济增长效果，并探讨不同市场环境影响下，两类政策的未来实施效果及其最优组合方式。鉴于“基于人”政策无法解决空间维度的市场失灵，学术界关于区域政策路径之争的本质在于对政府与市场关系的不同认识。为扎实推进共同富裕，中国的区域协调发展战略应继续以“基于地”政策为重点，在资源统筹与区域布局等方面充分发挥政府作用，同时辅以“基于人”政策，深化劳动力要素市场化配置改革，着力提升欠发达地区内生增长动力。
2024,状态跃迁下中国经济增长的复杂动力学分析,方毅;高丽媛;张屹山,政府推动;状态跃迁;复杂动力学;协同机制,中国社会科学,0,在状态跃迁视域下，建立经济增长非均衡分析框架，研究经济在不同增长路径跳跃的复杂动力学特征以及政府的影响，可以发现：在满足初始成本和动态成本的条件下，政府推动可实现状态跃迁，而且存在政府与市场的动态协同机制；潜在均衡的吸引作用来自市场机制，而潜在均衡动态变动的吸引作用来自政府。政府与市场的动态协同机制可实现状态跃迁，而且在整个状态跃迁过程中，人均经济增长率持续高增长，使得政府的短期行为与长期目标兼容，实现增长速度与发展质量相统一。当前以长期发展政策破解短期问题，可能使经济企稳后迅速转入增长路径跃迁，这对于中国经济长期持续发展具有重要意义。
2024,“利益—权利”双元共生:“数据要素×”的价值创造,黄尹旭;杨东,数据要素×;新质生产力;权利范式;利益范式;共票,中国社会科学,0,作为新质生产力的数据要素是数字经济发展的新动能，其区别于以产权交易为主的工业经济形态，形成有效激励、分配机制是“数据要素×”价值创造的根本保障。权利范式推动了工业社会的进步，但数字经济时代数据要素的非排他性等特性急需建构实质分配的利益范式。以中国原创数据理论“共票”为基础，创设数据要素“利益—权利”双元共生新模式，实现从公正价格形成到数据价值创造的转换，建立多方主体参与数据要素流通的激励、分配机制，推进共同富裕。
2024,贸易、权力与福利:大国博弈的国际经济政治学分析,张宇燕;夏广涛,大国博弈;贸易;权力;福利;双重效率,中国社会科学,0,传统国际贸易理论对于国家间博弈过程中保持、扩大自身相对实力的权力追求缺乏考量。而在大国博弈背景下，权力在先发国家与后发国家间贸易中的重要性则更加凸显。基于此，在经典的两国贸易理论中引入权力要素，将经济学注重的绝对福利和政治学注重的相对福利视作行为体的双重目标，运用博弈论方法，可以为大国博弈建立一个简洁、方便、贴近现实、适用广泛的国际经济政治学分析框架。由此可以发现，在一个由先发国家和后发国家组成的两国博弈中，后发国家更加偏好“扬己长补己短”战略；先发国家更加偏好于“压彼短扬彼长”战略，而一旦决定比较优势的技术差距由大变小，先发国家则更倾向于全面打压后发国家甚至“脱钩”。
2024,何以全球化：明代中国与世界,万明,全球化起源;中国大航海;白银之路;市场经济;全球贸易网络,中国社会科学,0,以明代中国为主体，从全球视野重新审视梳理明代以来全球化的历史起源及其真实进程十分必要。15世纪初，以郑和七下西洋为代表的中国大航海奠定了人类交往从陆地到海洋发展的基础，成为人类文明发展史的一大转折。以郑和为代表的中国大航海促使处于印度洋与太平洋咽喉之地的满剌加王国兴起，这是人类交往重心从陆地向海洋转移的重要标志，这一转移是实现全球化的前提和路径。全球化不是西方大航海带来的，明代中国的白银需求带动亚洲、欧洲、美洲进入全球贸易体系，在全球化起源中扮演了重要角色，作出了重大历史性贡献。
2024,明代家族社会转型及其观念变迁,陈支平,明代;家族;社会;变迁,中国社会科学,0,宋代是中国家族制度及家族社会发展的关键时期，宋代的儒者为后世家族制度及家族社会的建构，设计出一种较为符合宋代社会现实的方案。到了明代，随着社会与经济的不断变迁，家族制度及家族社会的建构朝着更加贴近社会现实的方向演变。明代以来民间家族在血缘传承上的变通与拟制，与宋儒设计的纯洁血缘传承的理念相去甚远。明代家族逐渐走出本家族的畛域，进入地方社会的竞争与协作的事务之中。经过一二百年社会实践的调试，明代家族形成了一个多种矛盾同时存在并且相互结合的“多元”结构。明代家族制度及家族组织的这一变迁，适应了明代社会变迁的整体趋势。清代至民国时期，中国的家族制度及家族社会基本在明代的影响下运行。
2024,中国结构性货币政策规则——基于制造业中长期贷款的理论分析与实证检验,曹廷求;庞念伟;彭江波,结构性货币政策;直接冲击;溢出效应,中国社会科学,0,结构性货币政策是中国特色宏观经济治理体系的重要构成。近年来其重要性明显提升，政策规则不断演进。政策定位从前期的弥补总量货币政策失衡拓展为服务高质量发展，政策目标由前期的关注信贷投放精准性转化为关注政策结构性效果。将我国2019年以来实施的扩大制造业中长期贷款政策视为准自然实验，构建双重差分模型，在模型中纳入产业关联关系，对政策效果进行全过程、系统性检验，可以发现：该政策对制造业投资有促进作用，具有很强的精准性，产生了明显的结构性效果；该政策在制造业内部的上下游企业间具有溢出效应，溢出效应不仅不会显著影响政策结构性效果的实现，在政策作用于下游行业时，反而能够强化政策效果，发挥加速器作用。系统考察结构性货币政策的过程特征及制约因素，对于优化政策设计，提升金融服务高质量发展能力，具有重要意义。
2024,十四至十九世纪家产继承制的中西比较,龙登高;赵亮;陈月圆,分家析产;长子继承;产权制度;经济主体;中西比较,中国社会科学,0,明清中国普遍的诸子均分制与同时期西欧较多的长子继承制，其差异源自中西土地产权与经济主体特性的不同。明清多层次的土地产权与多样化的交易形式，以及具有较强生命力的独立个体家庭农庄，成为分家析产赖以运行且长期延续的制度保障。西欧庄园产权的身份性及整体性则使财产继承与身份继承不可分割，农牧结合型庄园的经营方式与自成一体的生产生活秩序强化了其整体性，长子继承成为合乎逻辑和具有适应性的制度选择。家产继承制度对中西经济模式与发展方向都产生了影响。西欧的长子继承制本身并不具备制度优势，而是间接地在原有体制之外催生出新的异质因素，进而推动制度变革，长子继承制自身随之衰落；中国的诸子均分制则与个体家庭农庄经营相互强化，在维系传统社会稳定的同时也抑制了变革。
2023,基于二元结构的中国增长核算——引入劳动就业率的理论和经验分析,赵文,增长核算;劳动就业率;人口转变;二元结构;就业扩容,中国社会科学,0,二元结构对经济增长的作用，往往由于使用新古典增长模型而被弱化，从而产生了理论强实证弱的缺陷。将劳动就业率作为二元阶段的抽象属性，构建增长核算方程，使之能够对处于不同发展阶段的经济体之间、同一个经济体的不同发展阶段之间进行统一的增长核算，通过国际数据进行检验得到了逻辑与经验相一致的结果。在此基础上，测算未来提高劳动就业率对经济增长的贡献潜力，结果显示，中长期来看，消除二元结构仍然是中国经济增长的重要来源。
2023,中国结构性货币政策的有效性——基于金融加速器边际效应的理论和实证研究,战明华;李帅;吴周恒,金融加速器边际效应;结构性货币政策;双重目标,中国社会科学,0,以发达国家为研究对象的传统理论不支持货币政策进行结构调控，认为结构问题由价格信号自动调整，无需外部政策干预。中国市场体系还在完善之中，大小企业应对外来冲击的风险分散能力存在差异。基于金融加速器边际效应的非对称视角，构建一个包含异质性企业特征的理论模型，使用宏观与微观上市公司数据进行实证研究发现：金融加速器边际效应对大小企业的差异性会导致经济结构进一步扭曲并恶化银行资产负债表，结构性货币政策通过风险补贴可以校正这种结构扭曲并提高银行资产负债表质量，从而在调结构的同时，实现促增长和弱化系统性风险的双重目标。
2023,数字社会发展与中国政府治理新模式,向静林;艾云,数字社会;政府治理;数实相融;上下共治,中国社会科学,0,"数字时代的中国政府治理正在发生深刻变化，超出了既有国家治理理论的解释边界，对“行政发包制”“上下分治的治理体制”“国家治理的制度逻辑”等理论都构成挑战。通过建构数字社会发展与政府治理变革的分析框架，并用其解读数字金融领域的政府治理现象，可以发现，数字技术的广泛应用在实体空间之上创造了数字空间，产生“数实相融”的新型治理情境，给多层级政府治理带来三个关键性变化，即信息优势的上下分化、属地原则的效能衰减、社会风险的规模放大。这些变化成为驱动当代中国政府治理变革的重要因素，使得多层级政府出现“上下共治”的治理模式，它既不同于“行政发包”“上下分治”,也不同于“垂直管理”“高度关联”,是一种亟待深入研究的政府治理变革新趋势。"
2023,工业化以来西欧的“乡村城市化”,刘景华,工业化;西欧;乡村城市化;城乡关系,中国社会科学,0,"对于工业化以来西欧的“乡村城市化”,应当按照马克思相关论述从三个维度予以认识：其一是马克思所强调的乡村从属于城市、城市实现对乡村的支配；其二是马克思曾亲历的乡村地区城镇化、乡村人口日益城市化，包括乡村人口向城市大规模集中和转移的现象；其三是乡村城市化也蕴含乡村生活方式和经济社会关系等“类”城市化、城乡平等融合并一体化发展的走向。对西欧“乡村城市化”的认识不能停留于字面，应在领会马克思论述之精髓的基础上，深刻认识工业化时代乡村从属于城市的实质，切实吸取乡村受到冲击和损害的教训，充分肯定乡村城市化对于推进城市化的意义，积极把握城乡平等融合且一体化发展的走向。"
2023,中国劳动力市场结构变迁——基于任务偏向型技术进步的视角,王永钦;董雯,劳动力市场;任务偏向型技术进步;任务内容,中国社会科学,0,在新技术革命带动下，中国劳动力市场正处于深刻转型之中，出现了一些新特征。任务内容成为理解技术进步对劳动力市场影响的重要视角，基于此构建衡量中国劳动力市场任务结构、任务密集度和新工作创造的关键指标，并进行实证研究发现：2010年以来，中国劳动力市场呈现出“就业极化”、新职业分布不对称和职业技能溢价等新特征；任务偏向型技术进步是推动我国劳动力市场结构变迁的重要原因。基于任务内容视角的任务偏向型技术进步，拓展了技术进步在传统技能溢价之外的解释力，有助于在人工智能时代推动劳动力市场高质量发展。
2023,清末民初中国的币制改革,熊昌锟,币制改革;财政;汇率;国际因素,中国社会科学,0,清末民初中国的币制改革深受资本主义全球化及国际金本位体系的裹挟，由各方势力共谋促成。国际金本位体系建立后，中国在偿付外债、赔款时承受巨额镑亏，对外贸易遭受巨大逆差，中国意图通过币制改革解决财政和贸易问题。为了消除关税摩擦、便利通商，扩大在华利益，英、美、日等国要求中国统一币制。清政府希望借助外部势力，收归货币发行权。币制改革正式开启后，中国向美国、日本寻求帮助并向国际银行团借款。然而在引入外国势力后，币制改革逐渐丧失了独立性。各国企图利用币制借款及附加条件，主导中国币制改革进程，干预中国内政。清末民初的币制改革均试图建立中央权威的货币制度，但受制于国力及国际因素，最终未能成功。
2023,数字财富的创造、分配与共同富裕,周文;韩文龙,数字经济;数字财富;共同富裕;马克思主义财富论;数据要素,中国社会科学,0,作为社会财富的新形态，数字财富正在成为推进共同富裕的重要力量。数字经济时代，数字劳动和数据要素是创造数字财富的重要源泉。数字商品财富的创造，既体现在数字商品价值形成和价值增殖过程中，也反映在数据生产资料扩大再生产过程中；数字非商品财富的创造则需要依靠政府、企业、社会和平台等多元供给体系协同实现。社会主义市场经济中的数字财富分配，必须坚持按劳分配为主体、多种分配方式并存的基本分配制度，充分体现数据要素的价值贡献，也要重视和解决好数字财富分配可能引致的极化效应。立足新发展阶段，我国要在不断做强做优做大数字经济的基础上，稳步推进数字财富创造与积累，科学规范数字财富分配，以此扎实推进全体人民共同富裕。
2023,数据资本估算及对中国经济增长的贡献——基于数据价值链的视角,刘涛雄;戎珂;张亚迪,数据资本;数据价值链;增值法;经济增长,中国社会科学,0,随着数字经济的蓬勃发展，数据资本对中国经济增长的重要性日益显现。数据经过采集、清洗、存储、加工等各环节，不断积累价值形成数据资本。基于数据价值链的视角，使用成本法和增值法估算价值层面的数据资本形成额与数据资本存量，用存储规模法估算物理层面的数据规模，基于数据资本估算结果利用省级面板模型估计其对经济增长的贡献，可以发现：2003—2020年间，我国数据资本形成额、数据资本存量在总量和人均上均实现大幅度增长，增速明显快于GDP增速；2011年后，数据资本对经济增长的产出弹性和对经济增长率的贡献均明显超过之前阶段，已成为中国经济增长重要动能之一。
2023,新自由主义对英美等国收入不平等的影响,黄平;李奇泽,新自由主义;教育市场化;经济金融化;资本全球化;财政紧缩化;收入不平等,中国社会科学,0,"通过梳理20世纪70年代以来新自由主义扩大英美等国收入不平等的主要影响渠道，从新自由主义理论和经济政策层面分析其加剧收入不平等程度的内在作用机制，揭示新自由主义理论和经济政策如何通过教育市场化、经济金融化、资本全球化和财政紧缩化等渠道扩大英美等国收入不平等程度。有鉴于此，我国在实现共同富裕的过程中，需要引导资本有序发展，防止私人资本在教育、养老和基础设施等公共品领域野蛮扩张；遏制经济发展的“脱实向虚”,尤其需要防范非金融企业的金融化经营倾向；合理调节资本的收入分配权，提升劳动的收入分配份额；利用税收、社会保障和转移支付等财政手段完善再分配调节机制，为实现共同富裕提供体制和政策保障。"
2023,私法中的分配层次,谢鸿飞,私法;初次分配;再分配;分配正义;牺牲责任,中国社会科学,0,比照经济学中的三次分配理论，私法内蕴了两个半分配层次。初次分配赋予所有私主体以平等的客观权利，私主体通过事实行为和法律行为获得主观权利。法律环境应有利于释放主体能量和创造力，扶持企业家，捍卫竞争中性，促进生产要素流动，以夯实共同富裕的物质基础。再分配是对初次分配规则的变更，是私法固有的和应有的功能。它通过均衡私主体在互动关系中的强弱格局，比公法再分配方式更能增进主体自决、捍卫人格尊严，且能使私法实现提升社会福利的国家目标，减少权力运行中的对抗。私法还存在介于再分配与第三次分配之间的第2.5次分配，以牺牲责任为典型，还包括营利法人社会责任的扩张、侵权责任的膨胀以及受益返还的限制。分配正义可作为私法分配各层次的共同基础，它可以纳入私法中的不同价值，并依据情形赋予其不同权重，也有助于将全部私法规则转化为自然规则，更凸显私法的中立性。
2023,摩尔根多重意义下的“文明”及其与“国家”的关系,易建平,摩尔根;文明;国家;逻辑检验;实证检验,中国社会科学,0,在“文明”及其与“国家”的关系问题上长期未能取得共识，根本原因在于，学术界一直简单化地理解和沿用了摩尔根的相关界说。实际上，摩尔根的“文明”至少拥有三重含义：某种特殊的狭义文化，某种特殊的经济、社会和政治等方面意义上的发展状态，以及包括前两者在内的概括言之的人类社会某个特殊的发展阶段。以“国家”的出现为坐标，摩尔根“文明”的产生又至少拥有三种不同的时间：狭义文化意义上的“文明”在前，“国家”在后，两者相差数百年；经济、社会和政治等方面意义上的“文明”早于“国家”数百年而出现；后一种“文明”与“国家”几乎同时产生，或者稍晚出现。摩尔根关于“文明”及其与“国家”关系复杂的多重界说，在逻辑上存在严重缺陷。自摩尔根以来流行的用以判别“文明”的狭义文化标志或标准，验之以历史学、考古学和人类学的实证材料，也都不具有普遍性。
2023,从金融视角看中国式现代化道路,何德旭;张雪兰,中国特色金融发展;金融供给侧结构性改革;金融与经济共生共荣;金融安全,中国社会科学,0,金融是现代经济的核心，关系发展和安全。在剖析金融支持中国式现代化道路的逻辑机理的基础上，从系统循环的视角讨论金融与经济共生共荣的思想根源；解构金融改革如何以制度创新减少信息不对称、降低交易成本，有效缓解融资约束、促进资源优化配置、防范化解金融风险；刻画如何统筹金融发展与金融安全，以恰当的政府干预与制度约束阻遏宏观金融内生不稳定状态、抑制渐进性改革进程中的结构性套利机会，以内外兼顾、激励相容的“大禹改进”策略设计，构筑中国式现代化道路的金融安全屏障，为理解并推进中国式现代化提供了经验与启示。
2023,发展型财税法的理念跃迁与制度构造,刘剑文;侯卓,新发展理念;财税法;个体发展权;社会经济发展权;公共财产权力,中国社会科学,0,发展权包括个体发展权与社会经济发展权，作为新兴领域法的财税法兼顾二者的实现。现代财税法经历着由保障型财税法向发展型财税法的理念跃迁，赋予公共财产权力和纳税人权利两大核心范畴全新内涵，运用积极促进与消极限制两种调整方法。针对个体发展权，财税法以“两权分离”为核心保障个体自由发展的空间，通过法律赋能改善个体发展状况、提高个体发展能力。针对社会经济发展权，财税法对创新发展、协调发展、绿色发展、开放发展与共享发展的实现皆有制度助益。此间，财税法采用直接介入和间接引导两种做法，建立促进社会经济发展的长效制度机制。
2023,社会主义现代化远景目标下的经济增长展望——基于潜在经济增长率的测算,张晓晶;汪勇,社会主义现代化;潜在经济增长率;人口老龄化;新冠疫情;技术脱钩,中国社会科学,0,"实现社会主义现代化远景目标，经济增长的重要性进一步凸显。在附加人力资本的增长核算框架内，考察人口老龄化加速、新冠疫情冲击与中美技术脱钩“三大新因素”对中国潜在经济增长率的影响，并评估供给侧结构性改革政策的“改革红利”,结果显示：基准情景下，中国“十四五”时期年均增速在5%以上，2035年人均GDP为2.43万美元，达到中等发达国家人均GDP 2.42万美元的水平；考虑“三大新因素”后，“十四五”时期潜在增长率相较基准情景年均下降1个百分点，2035年中国人均GDP为2.28万美元，比基准情景减少0.15万美元，低于中等发达国家水平；加入供给侧结构性改革，未来30年潜在经济增长率每年提升1个百分点左右，有效对冲“三大新因素”的不利影响，中国稳步实现社会主义现代化远景目标。"
2023,论作为新型财产权的数据财产权,张新宝,数据财产权;数据;数字经济;个人信息权益;“人财两分”,中国社会科学,0,财产权发达史表明，财产权客体的扩充是由生产力发展、生产生活资源形态的扩张所决定的，财产权的效力与保护方法是由财产权客体的性质所决定的。随着信息时代的到来和数字经济的兴起，我国在国家政策层面、立法层面和司法层面均存在数据确权的需求。在理论上，应当将数据财产权确立为与物权、知识产权相并列的第三类具有对世性的财产权利，而不应采取非确权保护模式、个人信息权保护模式或者将数据财产权确立为既有财产权的用益权新形式。构筑数据财产权制度是保护数据处理者合法劳动成果的必要举措，中央关于数据资源分类和数据权利分置的意见为数据确权指明了方向，劳动价值论的原理为数据确权奠定了理论基础，而“人财两分”理论则为解决确权的难点问题提供了制度安排思路。数据财产权作为民事主体基于数据享有的权利，具有财产性、对世性、有限支配和有限排他的基本属性。权利人享有包括利用、收益、占有和处分在内的各项权能。
2023,从结构失衡到结构优化——建立现代税收制度的理论分析,高培勇,现代税收制度;优化税制结构;现代税收职能;税收公平正义,中国社会科学,0,"建立现代税收制度实质是实现现代税收体系及其所支撑的现代税收职能的统一。在税制结构失衡表象的背后，实质是现代税收职能的“短板”“弱项”。建立现代税收制度的核心或灵魂，在于以现代税收职能为标准，通过税制结构优化行动，打造一个融“优化资源配置、维护市场统一、促进社会公平和实现国家长治久安”于一身的“职能均衡”的税收制度形态——现代税收体系。从结构失衡走向结构优化，是建立现代税收制度的一条基本线索。在保持宏观税负水平基本稳定的前提下“补足”和“强化”现代税收职能“短板”“弱项”,主要是“补足”和“强化”现行税收体系中处于“缺失”或“体弱”状态的直接税“短板”“弱项”。增加直接税、提高直接税比重，就是增加居民个人缴纳的税收，提高居民个人缴纳的税收收入占全部税收收入的比重，这是税制结构优化行动的最重要、最具核心意义的方面。"
2023,“宏观结构”的隐身与重塑：一个消费分析框架,朱迪,宏观结构;供给;文化习俗;社会共享;可持续消费,中国社会科学,0,在新发展阶段，消费对经济的拉动作用日益凸显，宏观的外部环境对消费行为的影响也更为显著。不同学科都在探讨如何扩大消费并转向更为可持续的生活方式，但传统研究往往囿于“社会经济地位”或“态度—行为”等范式，缺少对宏观外部环境影响的系统思考。“双重结构”框架强调，宏观外部环境对消费具有结构性约束：物质供给和文化习俗基于其社会共享性、通过多种机制影响消费行为。消费作为复杂结构约束下的产物，可以在供给—习俗—消费的动态系统中进行理解。理论和实证分析指向多元主体多重实践协同的行动框架，强调以改善消费的宏观外部环境来促进消费转型。重塑对消费的宏观结构分析，在拓展消费社会学经验研究视野、推动高质量发展方面都有重要启示。
2023,积极财政政策：中国实践的新逻辑,邢丽;陈龙,积极财政政策;财政观;潜在增长率,中国社会科学,0,中国积极财政政策贯彻以人民为中心的发展思想，不同于传统的西方宏观财政政策逻辑，带有鲜明的中国特色，是中国式现代化进程中一项重大的宏观经济治理政策创新。尽管“凯恩斯传统”和“非凯恩斯传统”观点差异很大，但其政策基本目标和方法论基础大致相同，构成了传统的西方宏观财政政策逻辑。当前，这一逻辑面临越来越多的现实困境。而中国积极财政政策，在恢复供求平衡和潜在增长水平的同时，更注重提升未来潜在增长率，实现了由西方传统逻辑到新逻辑的转变。需要强调的是，在新逻辑下，形成财政政策新范式需要重新认识财政赤字的性质与合理规模、政府债务的作用及风险衡量标准、减税降费的空间及作用、需求管理的方式和重心、政策成本和效率等基本范畴。
2023,基于多场景的数字经济微观理论及其应用,黄阳华,数字经济;数据要素;数据交易;数据治理体系;实体经济,中国社会科学,0,把握数字经济发展趋势和规律，促进数字经济和实体经济深度融合，是我国建设现代化经济体系、构筑国家竞争新优势的战略选择。通过对电商成长的案例研究，提炼出数据要素区别于传统生产要素的微观经济学特征，并推导了数字企业最优决策、“数据+平台”架构、数据交易治理、数字基础设施供给等五个理论命题。将这些理论命题与无人驾驶、制造业数字化等应用场景中的企业创新实践相结合，可以为解析数字经济商业模式创新，从制度层面推动数字经济和实体经济融合发展，提供系统且一致的理论思路。加强数字经济理论研究，应深化数字企业创新实践的跨应用场景分析，同时注重区分全球共性规律与本国发展实际，进而为完善我国数字经济治理体系提供学理支撑。
